run_tag,text_file,pattern_len,max_results,found_total,returned_indices,overflow,preprocessing_ms,search_ms,index_order,index_value
"benchmark-example:dna-extra-8-cpu","bd/dna.100MB",8,1000000,3211,3211,0,0.000,292.299,0,70787
"benchmark-example:dna-extra-8-cpu","bd/dna.100MB",8,1000000,3211,3211,0,0.000,292.299,1,99117
"benchmark-example:dna-extra-8-cpu","bd/dna.100MB",8,1000000,3211,3211,0,0.000,292.299,2,214539
"benchmark-example:dna-extra-8-cpu","bd/dna.100MB",8,1000000,3211,3211,0,0.000,292.299,3,282154
"benchmark-example:dna-extra-8-cpu","bd/dna.100MB",8,1000000,3211,3211,0,0.000,292.299,4,294959
"benchmark-example:dna-extra-8-cpu","bd/dna.100MB",8,1000000,3211,3211,0,0.000,292.299,5,403969
"benchmark-example:dna-extra-8-cpu","bd/dna.100MB",8,1000000,3211,3211,0,0.000,292.299,6,435830
"benchmark-example:dna-extra-8-cpu","bd/dna.100MB",8,1000000,3211,3211,0,0.000,292.299,7,469042
"benchmark-example:dna-extra-8-cpu","bd/dna.100MB",8,1000000,3211,3211,0,0.000,292.299,8,484846
"benchmark-example:dna-extra-8-cpu","bd/dna.100MB",8,1000000,3211,3211,0,0.000,292.299,9,500352
"benchmark-example:dna-extra-8-cpu","bd/dna.100MB",8,1000000,3211,3211,0,0.000,292.299,10,528366
"benchmark-example:dna-extra-8-cpu","bd/dna.100MB",8,1000000,3211,3211,0,0.000,292.299,11,569243
"benchmark-example:dna-extra-8-cpu","bd/dna.100MB",8,1000000,3211,3211,0,0.000,292.299,12,575771
"benchmark-example:dna-extra-8-cpu","bd/dna.100MB",8,1000000,3211,3211,0,0.000,292.299,13,593358
"benchmark-example:dna-extra-8-cpu","bd/dna.100MB",8,1000000,3211,3211,0,0.000,292.299,14,748624
"benchmark-example:dna-extra-8-cpu","bd/dna.100MB",8,1000000,3211,3211,0,0.000,292.299,15,752841
"benchmark-example:dna-extra-8-cpu","bd/dna.100MB",8,1000000,3211,3211,0,0.000,292.299,16,786399
"benchmark-example:dna-extra-8-cpu","bd/dna.100MB",8,1000000,3211,3211,0,0.000,292.299,17,852236
"benchmark-example:dna-extra-8-cpu","bd/dna.100MB",8,1000000,3211,3211,0,0.000,292.299,18,859966
"benchmark-example:dna-extra-8-cpu","bd/dna.100MB",8,1000000,3211,3211,0,0.000,292.299,19,863752
"benchmark-example:dna-extra-8-cpu","bd/dna.100MB",8,1000000,3211,3211,0,0.000,292.299,20,884692
"benchmark-example:dna-extra-8-cpu","bd/dna.100MB",8,1000000,3211,3211,0,0.000,292.299,21,897890
"benchmark-example:dna-extra-8-cpu","bd/dna.100MB",8,1000000,3211,3211,0,0.000,292.299,22,902612
"benchmark-example:dna-extra-8-cpu","bd/dna.100MB",8,1000000,3211,3211,0,0.000,292.299,23,1087207
"benchmark-example:dna-extra-8-cpu","bd/dna.100MB",8,1000000,3211,3211,0,0.000,292.299,24,1118220
"benchmark-example:dna-extra-8-cpu","bd/dna.100MB",8,1000000,3211,3211,0,0.000,292.299,25,1158459
"benchmark-example:dna-extra-8-cpu","bd/dna.100MB",8,1000000,3211,3211,0,0.000,292.299,26,1233932
"benchmark-example:dna-extra-8-cpu","bd/dna.100MB",8,1000000,3211,3211,0,0.000,292.299,27,1233989
"benchmark-example:dna-extra-8-cpu","bd/dna.100MB",8,1000000,3211,3211,0,0.000,292.299,28,1243390
"benchmark-example:dna-extra-8-cpu","bd/dna.100MB",8,1000000,3211,3211,0,0.000,292.299,29,1249055
"benchmark-example:dna-extra-8-cpu","bd/dna.100MB",8,1000000,3211,3211,0,0.000,292.299,30,1250770
"benchmark-example:dna-extra-8-cpu","bd/dna.100MB",8,1000000,3211,3211,0,0.000,292.299,31,1270032
"benchmark-example:dna-extra-8-cpu","bd/dna.100MB",8,1000000,3211,3211,0,0.000,292.299,32,1272229
"benchmark-example:dna-extra-8-cpu","bd/dna.100MB",8,1000000,3211,3211,0,0.000,292.299,33,1372167
"benchmark-example:dna-extra-8-cpu","bd/dna.100MB",8,1000000,3211,3211,0,0.000,292.299,34,1409270
"benchmark-example:dna-extra-8-cpu","bd/dna.100MB",8,1000000,3211,3211,0,0.000,292.299,35,1427752
"benchmark-example:dna-extra-8-cpu","bd/dna.100MB",8,1000000,3211,3211,0,0.000,292.299,36,1500000
"benchmark-example:dna-extra-8-cpu","bd/dna.100MB",8,1000000,3211,3211,0,0.000,292.299,37,1540423
"benchmark-example:dna-extra-8-cpu","bd/dna.100MB",8,1000000,3211,3211,0,0.000,292.299,38,1698455
"benchmark-example:dna-extra-8-cpu","bd/dna.100MB",8,1000000,3211,3211,0,0.000,292.299,39,1736702
"benchmark-example:dna-extra-8-cpu","bd/dna.100MB",8,1000000,3211,3211,0,0.000,292.299,40,1755744
"benchmark-example:dna-extra-8-cpu","bd/dna.100MB",8,1000000,3211,3211,0,0.000,292.299,41,1776187
"benchmark-example:dna-extra-8-cpu","bd/dna.100MB",8,1000000,3211,3211,0,0.000,292.299,42,1786540
"benchmark-example:dna-extra-8-cpu","bd/dna.100MB",8,1000000,3211,3211,0,0.000,292.299,43,1801578
"benchmark-example:dna-extra-8-cpu","bd/dna.100MB",8,1000000,3211,3211,0,0.000,292.299,44,1860360
"benchmark-example:dna-extra-8-cpu","bd/dna.100MB",8,1000000,3211,3211,0,0.000,292.299,45,1921247
"benchmark-example:dna-extra-8-cpu","bd/dna.100MB",8,1000000,3211,3211,0,0.000,292.299,46,2117733
"benchmark-example:dna-extra-8-cpu","bd/dna.100MB",8,1000000,3211,3211,0,0.000,292.299,47,2135863
"benchmark-example:dna-extra-8-cpu","bd/dna.100MB",8,1000000,3211,3211,0,0.000,292.299,48,2176338
"benchmark-example:dna-extra-8-cpu","bd/dna.100MB",8,1000000,3211,3211,0,0.000,292.299,49,2227565
"benchmark-example:dna-extra-8-cpu","bd/dna.100MB",8,1000000,3211,3211,0,0.000,292.299,50,2261714
"benchmark-example:dna-extra-8-cpu","bd/dna.100MB",8,1000000,3211,3211,0,0.000,292.299,51,2301990
"benchmark-example:dna-extra-8-cpu","bd/dna.100MB",8,1000000,3211,3211,0,0.000,292.299,52,2337290
"benchmark-example:dna-extra-8-cpu","bd/dna.100MB",8,1000000,3211,3211,0,0.000,292.299,53,2364333
"benchmark-example:dna-extra-8-cpu","bd/dna.100MB",8,1000000,3211,3211,0,0.000,292.299,54,2384597
"benchmark-example:dna-extra-8-cpu","bd/dna.100MB",8,1000000,3211,3211,0,0.000,292.299,55,2389433
"benchmark-example:dna-extra-8-cpu","bd/dna.100MB",8,1000000,3211,3211,0,0.000,292.299,56,2389467
"benchmark-example:dna-extra-8-cpu","bd/dna.100MB",8,1000000,3211,3211,0,0.000,292.299,57,2413673
"benchmark-example:dna-extra-8-cpu","bd/dna.100MB",8,1000000,3211,3211,0,0.000,292.299,58,2517177
"benchmark-example:dna-extra-8-cpu","bd/dna.100MB",8,1000000,3211,3211,0,0.000,292.299,59,2533826
"benchmark-example:dna-extra-8-cpu","bd/dna.100MB",8,1000000,3211,3211,0,0.000,292.299,60,2670081
"benchmark-example:dna-extra-8-cpu","bd/dna.100MB",8,1000000,3211,3211,0,0.000,292.299,61,2709941
"benchmark-example:dna-extra-8-cpu","bd/dna.100MB",8,1000000,3211,3211,0,0.000,292.299,62,2739529
"benchmark-example:dna-extra-8-cpu","bd/dna.100MB",8,1000000,3211,3211,0,0.000,292.299,63,2762019
"benchmark-example:dna-extra-8-cpu","bd/dna.100MB",8,1000000,3211,3211,0,0.000,292.299,64,2778771
"benchmark-example:dna-extra-8-cpu","bd/dna.100MB",8,1000000,3211,3211,0,0.000,292.299,65,2779845
"benchmark-example:dna-extra-8-cpu","bd/dna.100MB",8,1000000,3211,3211,0,0.000,292.299,66,2822555
"benchmark-example:dna-extra-8-cpu","bd/dna.100MB",8,1000000,3211,3211,0,0.000,292.299,67,2826886
"benchmark-example:dna-extra-8-cpu","bd/dna.100MB",8,1000000,3211,3211,0,0.000,292.299,68,2830519
"benchmark-example:dna-extra-8-cpu","bd/dna.100MB",8,1000000,3211,3211,0,0.000,292.299,69,2842865
"benchmark-example:dna-extra-8-cpu","bd/dna.100MB",8,1000000,3211,3211,0,0.000,292.299,70,2927138
"benchmark-example:dna-extra-8-cpu","bd/dna.100MB",8,1000000,3211,3211,0,0.000,292.299,71,2932010
"benchmark-example:dna-extra-8-cpu","bd/dna.100MB",8,1000000,3211,3211,0,0.000,292.299,72,3018051
"benchmark-example:dna-extra-8-cpu","bd/dna.100MB",8,1000000,3211,3211,0,0.000,292.299,73,3138283
"benchmark-example:dna-extra-8-cpu","bd/dna.100MB",8,1000000,3211,3211,0,0.000,292.299,74,3192822
"benchmark-example:dna-extra-8-cpu","bd/dna.100MB",8,1000000,3211,3211,0,0.000,292.299,75,3203869
"benchmark-example:dna-extra-8-cpu","bd/dna.100MB",8,1000000,3211,3211,0,0.000,292.299,76,3320241
"benchmark-example:dna-extra-8-cpu","bd/dna.100MB",8,1000000,3211,3211,0,0.000,292.299,77,3367137
"benchmark-example:dna-extra-8-cpu","bd/dna.100MB",8,1000000,3211,3211,0,0.000,292.299,78,3503454
"benchmark-example:dna-extra-8-cpu","bd/dna.100MB",8,1000000,3211,3211,0,0.000,292.299,79,3578428
"benchmark-example:dna-extra-8-cpu","bd/dna.100MB",8,1000000,3211,3211,0,0.000,292.299,80,3585435
"benchmark-example:dna-extra-8-cpu","bd/dna.100MB",8,1000000,3211,3211,0,0.000,292.299,81,3598150
"benchmark-example:dna-extra-8-cpu","bd/dna.100MB",8,1000000,3211,3211,0,0.000,292.299,82,3614955
"benchmark-example:dna-extra-8-cpu","bd/dna.100MB",8,1000000,3211,3211,0,0.000,292.299,83,3658673
"benchmark-example:dna-extra-8-cpu","bd/dna.100MB",8,1000000,3211,3211,0,0.000,292.299,84,3659404
"benchmark-example:dna-extra-8-cpu","bd/dna.100MB",8,1000000,3211,3211,0,0.000,292.299,85,3663612
"benchmark-example:dna-extra-8-cpu","bd/dna.100MB",8,1000000,3211,3211,0,0.000,292.299,86,3684644
"benchmark-example:dna-extra-8-cpu","bd/dna.100MB",8,1000000,3211,3211,0,0.000,292.299,87,3706472
"benchmark-example:dna-extra-8-cpu","bd/dna.100MB",8,1000000,3211,3211,0,0.000,292.299,88,3760094
"benchmark-example:dna-extra-8-cpu","bd/dna.100MB",8,1000000,3211,3211,0,0.000,292.299,89,3778539
"benchmark-example:dna-extra-8-cpu","bd/dna.100MB",8,1000000,3211,3211,0,0.000,292.299,90,3915669
"benchmark-example:dna-extra-8-cpu","bd/dna.100MB",8,1000000,3211,3211,0,0.000,292.299,91,3952120
"benchmark-example:dna-extra-8-cpu","bd/dna.100MB",8,1000000,3211,3211,0,0.000,292.299,92,4002582
"benchmark-example:dna-extra-8-cpu","bd/dna.100MB",8,1000000,3211,3211,0,0.000,292.299,93,4003910
"benchmark-example:dna-extra-8-cpu","bd/dna.100MB",8,1000000,3211,3211,0,0.000,292.299,94,4010835
"benchmark-example:dna-extra-8-cpu","bd/dna.100MB",8,1000000,3211,3211,0,0.000,292.299,95,4061423
"benchmark-example:dna-extra-8-cpu","bd/dna.100MB",8,1000000,3211,3211,0,0.000,292.299,96,4103398
"benchmark-example:dna-extra-8-cpu","bd/dna.100MB",8,1000000,3211,3211,0,0.000,292.299,97,4241157
"benchmark-example:dna-extra-8-cpu","bd/dna.100MB",8,1000000,3211,3211,0,0.000,292.299,98,4258449
"benchmark-example:dna-extra-8-cpu","bd/dna.100MB",8,1000000,3211,3211,0,0.000,292.299,99,4421622
"benchmark-example:dna-extra-8-cpu","bd/dna.100MB",8,1000000,3211,3211,0,0.000,292.299,100,4423752
"benchmark-example:dna-extra-8-cpu","bd/dna.100MB",8,1000000,3211,3211,0,0.000,292.299,101,4459281
"benchmark-example:dna-extra-8-cpu","bd/dna.100MB",8,1000000,3211,3211,0,0.000,292.299,102,4492430
"benchmark-example:dna-extra-8-cpu","bd/dna.100MB",8,1000000,3211,3211,0,0.000,292.299,103,4619043
"benchmark-example:dna-extra-8-cpu","bd/dna.100MB",8,1000000,3211,3211,0,0.000,292.299,104,4658198
"benchmark-example:dna-extra-8-cpu","bd/dna.100MB",8,1000000,3211,3211,0,0.000,292.299,105,4662272
"benchmark-example:dna-extra-8-cpu","bd/dna.100MB",8,1000000,3211,3211,0,0.000,292.299,106,4662306
"benchmark-example:dna-extra-8-cpu","bd/dna.100MB",8,1000000,3211,3211,0,0.000,292.299,107,4691166
"benchmark-example:dna-extra-8-cpu","bd/dna.100MB",8,1000000,3211,3211,0,0.000,292.299,108,4709315
"benchmark-example:dna-extra-8-cpu","bd/dna.100MB",8,1000000,3211,3211,0,0.000,292.299,109,4736387
"benchmark-example:dna-extra-8-cpu","bd/dna.100MB",8,1000000,3211,3211,0,0.000,292.299,110,4739379
"benchmark-example:dna-extra-8-cpu","bd/dna.100MB",8,1000000,3211,3211,0,0.000,292.299,111,4764224
"benchmark-example:dna-extra-8-cpu","bd/dna.100MB",8,1000000,3211,3211,0,0.000,292.299,112,4863184
"benchmark-example:dna-extra-8-cpu","bd/dna.100MB",8,1000000,3211,3211,0,0.000,292.299,113,4882219
"benchmark-example:dna-extra-8-cpu","bd/dna.100MB",8,1000000,3211,3211,0,0.000,292.299,114,4897421
"benchmark-example:dna-extra-8-cpu","bd/dna.100MB",8,1000000,3211,3211,0,0.000,292.299,115,4934172
"benchmark-example:dna-extra-8-cpu","bd/dna.100MB",8,1000000,3211,3211,0,0.000,292.299,116,4941078
"benchmark-example:dna-extra-8-cpu","bd/dna.100MB",8,1000000,3211,3211,0,0.000,292.299,117,5011843
"benchmark-example:dna-extra-8-cpu","bd/dna.100MB",8,1000000,3211,3211,0,0.000,292.299,118,5028596
"benchmark-example:dna-extra-8-cpu","bd/dna.100MB",8,1000000,3211,3211,0,0.000,292.299,119,5066564
"benchmark-example:dna-extra-8-cpu","bd/dna.100MB",8,1000000,3211,3211,0,0.000,292.299,120,5204451
"benchmark-example:dna-extra-8-cpu","bd/dna.100MB",8,1000000,3211,3211,0,0.000,292.299,121,5218697
"benchmark-example:dna-extra-8-cpu","bd/dna.100MB",8,1000000,3211,3211,0,0.000,292.299,122,5280792
"benchmark-example:dna-extra-8-cpu","bd/dna.100MB",8,1000000,3211,3211,0,0.000,292.299,123,5305877
"benchmark-example:dna-extra-8-cpu","bd/dna.100MB",8,1000000,3211,3211,0,0.000,292.299,124,5310638
"benchmark-example:dna-extra-8-cpu","bd/dna.100MB",8,1000000,3211,3211,0,0.000,292.299,125,5381191
"benchmark-example:dna-extra-8-cpu","bd/dna.100MB",8,1000000,3211,3211,0,0.000,292.299,126,5395725
"benchmark-example:dna-extra-8-cpu","bd/dna.100MB",8,1000000,3211,3211,0,0.000,292.299,127,5455642
"benchmark-example:dna-extra-8-cpu","bd/dna.100MB",8,1000000,3211,3211,0,0.000,292.299,128,5463155
"benchmark-example:dna-extra-8-cpu","bd/dna.100MB",8,1000000,3211,3211,0,0.000,292.299,129,5491678
"benchmark-example:dna-extra-8-cpu","bd/dna.100MB",8,1000000,3211,3211,0,0.000,292.299,130,5492328
"benchmark-example:dna-extra-8-cpu","bd/dna.100MB",8,1000000,3211,3211,0,0.000,292.299,131,5510124
"benchmark-example:dna-extra-8-cpu","bd/dna.100MB",8,1000000,3211,3211,0,0.000,292.299,132,5513251
"benchmark-example:dna-extra-8-cpu","bd/dna.100MB",8,1000000,3211,3211,0,0.000,292.299,133,5547130
"benchmark-example:dna-extra-8-cpu","bd/dna.100MB",8,1000000,3211,3211,0,0.000,292.299,134,5638652
"benchmark-example:dna-extra-8-cpu","bd/dna.100MB",8,1000000,3211,3211,0,0.000,292.299,135,5645871
"benchmark-example:dna-extra-8-cpu","bd/dna.100MB",8,1000000,3211,3211,0,0.000,292.299,136,5692172
"benchmark-example:dna-extra-8-cpu","bd/dna.100MB",8,1000000,3211,3211,0,0.000,292.299,137,5697000
"benchmark-example:dna-extra-8-cpu","bd/dna.100MB",8,1000000,3211,3211,0,0.000,292.299,138,5708338
"benchmark-example:dna-extra-8-cpu","bd/dna.100MB",8,1000000,3211,3211,0,0.000,292.299,139,5708925
"benchmark-example:dna-extra-8-cpu","bd/dna.100MB",8,1000000,3211,3211,0,0.000,292.299,140,5736057
"benchmark-example:dna-extra-8-cpu","bd/dna.100MB",8,1000000,3211,3211,0,0.000,292.299,141,5793979
"benchmark-example:dna-extra-8-cpu","bd/dna.100MB",8,1000000,3211,3211,0,0.000,292.299,142,5825105
"benchmark-example:dna-extra-8-cpu","bd/dna.100MB",8,1000000,3211,3211,0,0.000,292.299,143,5828010
"benchmark-example:dna-extra-8-cpu","bd/dna.100MB",8,1000000,3211,3211,0,0.000,292.299,144,5875337
"benchmark-example:dna-extra-8-cpu","bd/dna.100MB",8,1000000,3211,3211,0,0.000,292.299,145,5985735
"benchmark-example:dna-extra-8-cpu","bd/dna.100MB",8,1000000,3211,3211,0,0.000,292.299,146,5996332
"benchmark-example:dna-extra-8-cpu","bd/dna.100MB",8,1000000,3211,3211,0,0.000,292.299,147,6004697
"benchmark-example:dna-extra-8-cpu","bd/dna.100MB",8,1000000,3211,3211,0,0.000,292.299,148,6022273
"benchmark-example:dna-extra-8-cpu","bd/dna.100MB",8,1000000,3211,3211,0,0.000,292.299,149,6024394
"benchmark-example:dna-extra-8-cpu","bd/dna.100MB",8,1000000,3211,3211,0,0.000,292.299,150,6058979
"benchmark-example:dna-extra-8-cpu","bd/dna.100MB",8,1000000,3211,3211,0,0.000,292.299,151,6120963
"benchmark-example:dna-extra-8-cpu","bd/dna.100MB",8,1000000,3211,3211,0,0.000,292.299,152,6228432
"benchmark-example:dna-extra-8-cpu","bd/dna.100MB",8,1000000,3211,3211,0,0.000,292.299,153,6246166
"benchmark-example:dna-extra-8-cpu","bd/dna.100MB",8,1000000,3211,3211,0,0.000,292.299,154,6258841
"benchmark-example:dna-extra-8-cpu","bd/dna.100MB",8,1000000,3211,3211,0,0.000,292.299,155,6280010
"benchmark-example:dna-extra-8-cpu","bd/dna.100MB",8,1000000,3211,3211,0,0.000,292.299,156,6307892
"benchmark-example:dna-extra-8-cpu","bd/dna.100MB",8,1000000,3211,3211,0,0.000,292.299,157,6382775
"benchmark-example:dna-extra-8-cpu","bd/dna.100MB",8,1000000,3211,3211,0,0.000,292.299,158,6402849
"benchmark-example:dna-extra-8-cpu","bd/dna.100MB",8,1000000,3211,3211,0,0.000,292.299,159,6405063
"benchmark-example:dna-extra-8-cpu","bd/dna.100MB",8,1000000,3211,3211,0,0.000,292.299,160,6442647
"benchmark-example:dna-extra-8-cpu","bd/dna.100MB",8,1000000,3211,3211,0,0.000,292.299,161,6474916
"benchmark-example:dna-extra-8-cpu","bd/dna.100MB",8,1000000,3211,3211,0,0.000,292.299,162,6490336
"benchmark-example:dna-extra-8-cpu","bd/dna.100MB",8,1000000,3211,3211,0,0.000,292.299,163,6499606
"benchmark-example:dna-extra-8-cpu","bd/dna.100MB",8,1000000,3211,3211,0,0.000,292.299,164,6513112
"benchmark-example:dna-extra-8-cpu","bd/dna.100MB",8,1000000,3211,3211,0,0.000,292.299,165,6539629
"benchmark-example:dna-extra-8-cpu","bd/dna.100MB",8,1000000,3211,3211,0,0.000,292.299,166,6580905
"benchmark-example:dna-extra-8-cpu","bd/dna.100MB",8,1000000,3211,3211,0,0.000,292.299,167,6581815
"benchmark-example:dna-extra-8-cpu","bd/dna.100MB",8,1000000,3211,3211,0,0.000,292.299,168,6587766
"benchmark-example:dna-extra-8-cpu","bd/dna.100MB",8,1000000,3211,3211,0,0.000,292.299,169,6612455
"benchmark-example:dna-extra-8-cpu","bd/dna.100MB",8,1000000,3211,3211,0,0.000,292.299,170,6635974
"benchmark-example:dna-extra-8-cpu","bd/dna.100MB",8,1000000,3211,3211,0,0.000,292.299,171,6653940
"benchmark-example:dna-extra-8-cpu","bd/dna.100MB",8,1000000,3211,3211,0,0.000,292.299,172,6661051
"benchmark-example:dna-extra-8-cpu","bd/dna.100MB",8,1000000,3211,3211,0,0.000,292.299,173,6671388
"benchmark-example:dna-extra-8-cpu","bd/dna.100MB",8,1000000,3211,3211,0,0.000,292.299,174,6714170
"benchmark-example:dna-extra-8-cpu","bd/dna.100MB",8,1000000,3211,3211,0,0.000,292.299,175,6762972
"benchmark-example:dna-extra-8-cpu","bd/dna.100MB",8,1000000,3211,3211,0,0.000,292.299,176,6777512
"benchmark-example:dna-extra-8-cpu","bd/dna.100MB",8,1000000,3211,3211,0,0.000,292.299,177,6782913
"benchmark-example:dna-extra-8-cpu","bd/dna.100MB",8,1000000,3211,3211,0,0.000,292.299,178,6792851
"benchmark-example:dna-extra-8-cpu","bd/dna.100MB",8,1000000,3211,3211,0,0.000,292.299,179,6793810
"benchmark-example:dna-extra-8-cpu","bd/dna.100MB",8,1000000,3211,3211,0,0.000,292.299,180,6811316
"benchmark-example:dna-extra-8-cpu","bd/dna.100MB",8,1000000,3211,3211,0,0.000,292.299,181,6821914
"benchmark-example:dna-extra-8-cpu","bd/dna.100MB",8,1000000,3211,3211,0,0.000,292.299,182,6841563
"benchmark-example:dna-extra-8-cpu","bd/dna.100MB",8,1000000,3211,3211,0,0.000,292.299,183,6859318
"benchmark-example:dna-extra-8-cpu","bd/dna.100MB",8,1000000,3211,3211,0,0.000,292.299,184,6863780
"benchmark-example:dna-extra-8-cpu","bd/dna.100MB",8,1000000,3211,3211,0,0.000,292.299,185,6865551
"benchmark-example:dna-extra-8-cpu","bd/dna.100MB",8,1000000,3211,3211,0,0.000,292.299,186,6922290
"benchmark-example:dna-extra-8-cpu","bd/dna.100MB",8,1000000,3211,3211,0,0.000,292.299,187,6997343
"benchmark-example:dna-extra-8-cpu","bd/dna.100MB",8,1000000,3211,3211,0,0.000,292.299,188,7034743
"benchmark-example:dna-extra-8-cpu","bd/dna.100MB",8,1000000,3211,3211,0,0.000,292.299,189,7054296
"benchmark-example:dna-extra-8-cpu","bd/dna.100MB",8,1000000,3211,3211,0,0.000,292.299,190,7118706
"benchmark-example:dna-extra-8-cpu","bd/dna.100MB",8,1000000,3211,3211,0,0.000,292.299,191,7142126
"benchmark-example:dna-extra-8-cpu","bd/dna.100MB",8,1000000,3211,3211,0,0.000,292.299,192,7162187
"benchmark-example:dna-extra-8-cpu","bd/dna.100MB",8,1000000,3211,3211,0,0.000,292.299,193,7186742
"benchmark-example:dna-extra-8-cpu","bd/dna.100MB",8,1000000,3211,3211,0,0.000,292.299,194,7241057
"benchmark-example:dna-extra-8-cpu","bd/dna.100MB",8,1000000,3211,3211,0,0.000,292.299,195,7245768
"benchmark-example:dna-extra-8-cpu","bd/dna.100MB",8,1000000,3211,3211,0,0.000,292.299,196,7256021
"benchmark-example:dna-extra-8-cpu","bd/dna.100MB",8,1000000,3211,3211,0,0.000,292.299,197,7271014
"benchmark-example:dna-extra-8-cpu","bd/dna.100MB",8,1000000,3211,3211,0,0.000,292.299,198,7274976
"benchmark-example:dna-extra-8-cpu","bd/dna.100MB",8,1000000,3211,3211,0,0.000,292.299,199,7316924
"benchmark-example:dna-extra-8-cpu","bd/dna.100MB",8,1000000,3211,3211,0,0.000,292.299,200,7347797
"benchmark-example:dna-extra-8-cpu","bd/dna.100MB",8,1000000,3211,3211,0,0.000,292.299,201,7430262
"benchmark-example:dna-extra-8-cpu","bd/dna.100MB",8,1000000,3211,3211,0,0.000,292.299,202,7470056
"benchmark-example:dna-extra-8-cpu","bd/dna.100MB",8,1000000,3211,3211,0,0.000,292.299,203,7644555
"benchmark-example:dna-extra-8-cpu","bd/dna.100MB",8,1000000,3211,3211,0,0.000,292.299,204,7664765
"benchmark-example:dna-extra-8-cpu","bd/dna.100MB",8,1000000,3211,3211,0,0.000,292.299,205,7694500
"benchmark-example:dna-extra-8-cpu","bd/dna.100MB",8,1000000,3211,3211,0,0.000,292.299,206,7738543
"benchmark-example:dna-extra-8-cpu","bd/dna.100MB",8,1000000,3211,3211,0,0.000,292.299,207,7831059
"benchmark-example:dna-extra-8-cpu","bd/dna.100MB",8,1000000,3211,3211,0,0.000,292.299,208,7862966
"benchmark-example:dna-extra-8-cpu","bd/dna.100MB",8,1000000,3211,3211,0,0.000,292.299,209,7917749
"benchmark-example:dna-extra-8-cpu","bd/dna.100MB",8,1000000,3211,3211,0,0.000,292.299,210,7990285
"benchmark-example:dna-extra-8-cpu","bd/dna.100MB",8,1000000,3211,3211,0,0.000,292.299,211,8038835
"benchmark-example:dna-extra-8-cpu","bd/dna.100MB",8,1000000,3211,3211,0,0.000,292.299,212,8047553
"benchmark-example:dna-extra-8-cpu","bd/dna.100MB",8,1000000,3211,3211,0,0.000,292.299,213,8063198
"benchmark-example:dna-extra-8-cpu","bd/dna.100MB",8,1000000,3211,3211,0,0.000,292.299,214,8080057
"benchmark-example:dna-extra-8-cpu","bd/dna.100MB",8,1000000,3211,3211,0,0.000,292.299,215,8093769
"benchmark-example:dna-extra-8-cpu","bd/dna.100MB",8,1000000,3211,3211,0,0.000,292.299,216,8102807
"benchmark-example:dna-extra-8-cpu","bd/dna.100MB",8,1000000,3211,3211,0,0.000,292.299,217,8128651
"benchmark-example:dna-extra-8-cpu","bd/dna.100MB",8,1000000,3211,3211,0,0.000,292.299,218,8138798
"benchmark-example:dna-extra-8-cpu","bd/dna.100MB",8,1000000,3211,3211,0,0.000,292.299,219,8139796
"benchmark-example:dna-extra-8-cpu","bd/dna.100MB",8,1000000,3211,3211,0,0.000,292.299,220,8167234
"benchmark-example:dna-extra-8-cpu","bd/dna.100MB",8,1000000,3211,3211,0,0.000,292.299,221,8217354
"benchmark-example:dna-extra-8-cpu","bd/dna.100MB",8,1000000,3211,3211,0,0.000,292.299,222,8218304
"benchmark-example:dna-extra-8-cpu","bd/dna.100MB",8,1000000,3211,3211,0,0.000,292.299,223,8231298
"benchmark-example:dna-extra-8-cpu","bd/dna.100MB",8,1000000,3211,3211,0,0.000,292.299,224,8280725
"benchmark-example:dna-extra-8-cpu","bd/dna.100MB",8,1000000,3211,3211,0,0.000,292.299,225,8297644
"benchmark-example:dna-extra-8-cpu","bd/dna.100MB",8,1000000,3211,3211,0,0.000,292.299,226,8327918
"benchmark-example:dna-extra-8-cpu","bd/dna.100MB",8,1000000,3211,3211,0,0.000,292.299,227,8361907
"benchmark-example:dna-extra-8-cpu","bd/dna.100MB",8,1000000,3211,3211,0,0.000,292.299,228,8408724
"benchmark-example:dna-extra-8-cpu","bd/dna.100MB",8,1000000,3211,3211,0,0.000,292.299,229,8428080
"benchmark-example:dna-extra-8-cpu","bd/dna.100MB",8,1000000,3211,3211,0,0.000,292.299,230,8437471
"benchmark-example:dna-extra-8-cpu","bd/dna.100MB",8,1000000,3211,3211,0,0.000,292.299,231,8446495
"benchmark-example:dna-extra-8-cpu","bd/dna.100MB",8,1000000,3211,3211,0,0.000,292.299,232,8456555
"benchmark-example:dna-extra-8-cpu","bd/dna.100MB",8,1000000,3211,3211,0,0.000,292.299,233,8460926
"benchmark-example:dna-extra-8-cpu","bd/dna.100MB",8,1000000,3211,3211,0,0.000,292.299,234,8464965
"benchmark-example:dna-extra-8-cpu","bd/dna.100MB",8,1000000,3211,3211,0,0.000,292.299,235,8481090
"benchmark-example:dna-extra-8-cpu","bd/dna.100MB",8,1000000,3211,3211,0,0.000,292.299,236,8512386
"benchmark-example:dna-extra-8-cpu","bd/dna.100MB",8,1000000,3211,3211,0,0.000,292.299,237,8519072
"benchmark-example:dna-extra-8-cpu","bd/dna.100MB",8,1000000,3211,3211,0,0.000,292.299,238,8527662
"benchmark-example:dna-extra-8-cpu","bd/dna.100MB",8,1000000,3211,3211,0,0.000,292.299,239,8571835
"benchmark-example:dna-extra-8-cpu","bd/dna.100MB",8,1000000,3211,3211,0,0.000,292.299,240,8609277
"benchmark-example:dna-extra-8-cpu","bd/dna.100MB",8,1000000,3211,3211,0,0.000,292.299,241,8615596
"benchmark-example:dna-extra-8-cpu","bd/dna.100MB",8,1000000,3211,3211,0,0.000,292.299,242,8729438
"benchmark-example:dna-extra-8-cpu","bd/dna.100MB",8,1000000,3211,3211,0,0.000,292.299,243,8826134
"benchmark-example:dna-extra-8-cpu","bd/dna.100MB",8,1000000,3211,3211,0,0.000,292.299,244,8834573
"benchmark-example:dna-extra-8-cpu","bd/dna.100MB",8,1000000,3211,3211,0,0.000,292.299,245,8883743
"benchmark-example:dna-extra-8-cpu","bd/dna.100MB",8,1000000,3211,3211,0,0.000,292.299,246,8929303
"benchmark-example:dna-extra-8-cpu","bd/dna.100MB",8,1000000,3211,3211,0,0.000,292.299,247,9000965
"benchmark-example:dna-extra-8-cpu","bd/dna.100MB",8,1000000,3211,3211,0,0.000,292.299,248,9046845
"benchmark-example:dna-extra-8-cpu","bd/dna.100MB",8,1000000,3211,3211,0,0.000,292.299,249,9050267
"benchmark-example:dna-extra-8-cpu","bd/dna.100MB",8,1000000,3211,3211,0,0.000,292.299,250,9104483
"benchmark-example:dna-extra-8-cpu","bd/dna.100MB",8,1000000,3211,3211,0,0.000,292.299,251,9109773
"benchmark-example:dna-extra-8-cpu","bd/dna.100MB",8,1000000,3211,3211,0,0.000,292.299,252,9148667
"benchmark-example:dna-extra-8-cpu","bd/dna.100MB",8,1000000,3211,3211,0,0.000,292.299,253,9149817
"benchmark-example:dna-extra-8-cpu","bd/dna.100MB",8,1000000,3211,3211,0,0.000,292.299,254,9182825
"benchmark-example:dna-extra-8-cpu","bd/dna.100MB",8,1000000,3211,3211,0,0.000,292.299,255,9186507
"benchmark-example:dna-extra-8-cpu","bd/dna.100MB",8,1000000,3211,3211,0,0.000,292.299,256,9307707
"benchmark-example:dna-extra-8-cpu","bd/dna.100MB",8,1000000,3211,3211,0,0.000,292.299,257,9351047
"benchmark-example:dna-extra-8-cpu","bd/dna.100MB",8,1000000,3211,3211,0,0.000,292.299,258,9400446
"benchmark-example:dna-extra-8-cpu","bd/dna.100MB",8,1000000,3211,3211,0,0.000,292.299,259,9416401
"benchmark-example:dna-extra-8-cpu","bd/dna.100MB",8,1000000,3211,3211,0,0.000,292.299,260,9529767
"benchmark-example:dna-extra-8-cpu","bd/dna.100MB",8,1000000,3211,3211,0,0.000,292.299,261,9571032
"benchmark-example:dna-extra-8-cpu","bd/dna.100MB",8,1000000,3211,3211,0,0.000,292.299,262,9575534
"benchmark-example:dna-extra-8-cpu","bd/dna.100MB",8,1000000,3211,3211,0,0.000,292.299,263,9613045
"benchmark-example:dna-extra-8-cpu","bd/dna.100MB",8,1000000,3211,3211,0,0.000,292.299,264,9712569
"benchmark-example:dna-extra-8-cpu","bd/dna.100MB",8,1000000,3211,3211,0,0.000,292.299,265,9804918
"benchmark-example:dna-extra-8-cpu","bd/dna.100MB",8,1000000,3211,3211,0,0.000,292.299,266,9843138
"benchmark-example:dna-extra-8-cpu","bd/dna.100MB",8,1000000,3211,3211,0,0.000,292.299,267,9867952
"benchmark-example:dna-extra-8-cpu","bd/dna.100MB",8,1000000,3211,3211,0,0.000,292.299,268,9908488
"benchmark-example:dna-extra-8-cpu","bd/dna.100MB",8,1000000,3211,3211,0,0.000,292.299,269,9914219
"benchmark-example:dna-extra-8-cpu","bd/dna.100MB",8,1000000,3211,3211,0,0.000,292.299,270,9936448
"benchmark-example:dna-extra-8-cpu","bd/dna.100MB",8,1000000,3211,3211,0,0.000,292.299,271,10004645
"benchmark-example:dna-extra-8-cpu","bd/dna.100MB",8,1000000,3211,3211,0,0.000,292.299,272,10034905
"benchmark-example:dna-extra-8-cpu","bd/dna.100MB",8,1000000,3211,3211,0,0.000,292.299,273,10044622
"benchmark-example:dna-extra-8-cpu","bd/dna.100MB",8,1000000,3211,3211,0,0.000,292.299,274,10081831
"benchmark-example:dna-extra-8-cpu","bd/dna.100MB",8,1000000,3211,3211,0,0.000,292.299,275,10144348
"benchmark-example:dna-extra-8-cpu","bd/dna.100MB",8,1000000,3211,3211,0,0.000,292.299,276,10276486
"benchmark-example:dna-extra-8-cpu","bd/dna.100MB",8,1000000,3211,3211,0,0.000,292.299,277,10389014
"benchmark-example:dna-extra-8-cpu","bd/dna.100MB",8,1000000,3211,3211,0,0.000,292.299,278,10400832
"benchmark-example:dna-extra-8-cpu","bd/dna.100MB",8,1000000,3211,3211,0,0.000,292.299,279,10453443
"benchmark-example:dna-extra-8-cpu","bd/dna.100MB",8,1000000,3211,3211,0,0.000,292.299,280,10478030
"benchmark-example:dna-extra-8-cpu","bd/dna.100MB",8,1000000,3211,3211,0,0.000,292.299,281,10499083
"benchmark-example:dna-extra-8-cpu","bd/dna.100MB",8,1000000,3211,3211,0,0.000,292.299,282,10528125
"benchmark-example:dna-extra-8-cpu","bd/dna.100MB",8,1000000,3211,3211,0,0.000,292.299,283,10532771
"benchmark-example:dna-extra-8-cpu","bd/dna.100MB",8,1000000,3211,3211,0,0.000,292.299,284,10583587
"benchmark-example:dna-extra-8-cpu","bd/dna.100MB",8,1000000,3211,3211,0,0.000,292.299,285,10647568
"benchmark-example:dna-extra-8-cpu","bd/dna.100MB",8,1000000,3211,3211,0,0.000,292.299,286,10658576
"benchmark-example:dna-extra-8-cpu","bd/dna.100MB",8,1000000,3211,3211,0,0.000,292.299,287,10672147
"benchmark-example:dna-extra-8-cpu","bd/dna.100MB",8,1000000,3211,3211,0,0.000,292.299,288,10739202
"benchmark-example:dna-extra-8-cpu","bd/dna.100MB",8,1000000,3211,3211,0,0.000,292.299,289,10788225
"benchmark-example:dna-extra-8-cpu","bd/dna.100MB",8,1000000,3211,3211,0,0.000,292.299,290,10796913
"benchmark-example:dna-extra-8-cpu","bd/dna.100MB",8,1000000,3211,3211,0,0.000,292.299,291,10803819
"benchmark-example:dna-extra-8-cpu","bd/dna.100MB",8,1000000,3211,3211,0,0.000,292.299,292,10825029
"benchmark-example:dna-extra-8-cpu","bd/dna.100MB",8,1000000,3211,3211,0,0.000,292.299,293,10830748
"benchmark-example:dna-extra-8-cpu","bd/dna.100MB",8,1000000,3211,3211,0,0.000,292.299,294,10980007
"benchmark-example:dna-extra-8-cpu","bd/dna.100MB",8,1000000,3211,3211,0,0.000,292.299,295,11042881
"benchmark-example:dna-extra-8-cpu","bd/dna.100MB",8,1000000,3211,3211,0,0.000,292.299,296,11062435
"benchmark-example:dna-extra-8-cpu","bd/dna.100MB",8,1000000,3211,3211,0,0.000,292.299,297,11083317
"benchmark-example:dna-extra-8-cpu","bd/dna.100MB",8,1000000,3211,3211,0,0.000,292.299,298,11101314
"benchmark-example:dna-extra-8-cpu","bd/dna.100MB",8,1000000,3211,3211,0,0.000,292.299,299,11106224
"benchmark-example:dna-extra-8-cpu","bd/dna.100MB",8,1000000,3211,3211,0,0.000,292.299,300,11112810
"benchmark-example:dna-extra-8-cpu","bd/dna.100MB",8,1000000,3211,3211,0,0.000,292.299,301,11118056
"benchmark-example:dna-extra-8-cpu","bd/dna.100MB",8,1000000,3211,3211,0,0.000,292.299,302,11132214
"benchmark-example:dna-extra-8-cpu","bd/dna.100MB",8,1000000,3211,3211,0,0.000,292.299,303,11151949
"benchmark-example:dna-extra-8-cpu","bd/dna.100MB",8,1000000,3211,3211,0,0.000,292.299,304,11255744
"benchmark-example:dna-extra-8-cpu","bd/dna.100MB",8,1000000,3211,3211,0,0.000,292.299,305,11280812
"benchmark-example:dna-extra-8-cpu","bd/dna.100MB",8,1000000,3211,3211,0,0.000,292.299,306,11303023
"benchmark-example:dna-extra-8-cpu","bd/dna.100MB",8,1000000,3211,3211,0,0.000,292.299,307,11308086
"benchmark-example:dna-extra-8-cpu","bd/dna.100MB",8,1000000,3211,3211,0,0.000,292.299,308,11482909
"benchmark-example:dna-extra-8-cpu","bd/dna.100MB",8,1000000,3211,3211,0,0.000,292.299,309,11549619
"benchmark-example:dna-extra-8-cpu","bd/dna.100MB",8,1000000,3211,3211,0,0.000,292.299,310,11561276
"benchmark-example:dna-extra-8-cpu","bd/dna.100MB",8,1000000,3211,3211,0,0.000,292.299,311,11664328
"benchmark-example:dna-extra-8-cpu","bd/dna.100MB",8,1000000,3211,3211,0,0.000,292.299,312,11671021
"benchmark-example:dna-extra-8-cpu","bd/dna.100MB",8,1000000,3211,3211,0,0.000,292.299,313,11675641
"benchmark-example:dna-extra-8-cpu","bd/dna.100MB",8,1000000,3211,3211,0,0.000,292.299,314,11699836
"benchmark-example:dna-extra-8-cpu","bd/dna.100MB",8,1000000,3211,3211,0,0.000,292.299,315,11714370
"benchmark-example:dna-extra-8-cpu","bd/dna.100MB",8,1000000,3211,3211,0,0.000,292.299,316,11746498
"benchmark-example:dna-extra-8-cpu","bd/dna.100MB",8,1000000,3211,3211,0,0.000,292.299,317,11781816
"benchmark-example:dna-extra-8-cpu","bd/dna.100MB",8,1000000,3211,3211,0,0.000,292.299,318,11918164
"benchmark-example:dna-extra-8-cpu","bd/dna.100MB",8,1000000,3211,3211,0,0.000,292.299,319,11942108
"benchmark-example:dna-extra-8-cpu","bd/dna.100MB",8,1000000,3211,3211,0,0.000,292.299,320,11969067
"benchmark-example:dna-extra-8-cpu","bd/dna.100MB",8,1000000,3211,3211,0,0.000,292.299,321,11980400
"benchmark-example:dna-extra-8-cpu","bd/dna.100MB",8,1000000,3211,3211,0,0.000,292.299,322,11993030
"benchmark-example:dna-extra-8-cpu","bd/dna.100MB",8,1000000,3211,3211,0,0.000,292.299,323,12021011
"benchmark-example:dna-extra-8-cpu","bd/dna.100MB",8,1000000,3211,3211,0,0.000,292.299,324,12046575
"benchmark-example:dna-extra-8-cpu","bd/dna.100MB",8,1000000,3211,3211,0,0.000,292.299,325,12058523
"benchmark-example:dna-extra-8-cpu","bd/dna.100MB",8,1000000,3211,3211,0,0.000,292.299,326,12077647
"benchmark-example:dna-extra-8-cpu","bd/dna.100MB",8,1000000,3211,3211,0,0.000,292.299,327,12085570
"benchmark-example:dna-extra-8-cpu","bd/dna.100MB",8,1000000,3211,3211,0,0.000,292.299,328,12125310
"benchmark-example:dna-extra-8-cpu","bd/dna.100MB",8,1000000,3211,3211,0,0.000,292.299,329,12225536
"benchmark-example:dna-extra-8-cpu","bd/dna.100MB",8,1000000,3211,3211,0,0.000,292.299,330,12241431
"benchmark-example:dna-extra-8-cpu","bd/dna.100MB",8,1000000,3211,3211,0,0.000,292.299,331,12247808
"benchmark-example:dna-extra-8-cpu","bd/dna.100MB",8,1000000,3211,3211,0,0.000,292.299,332,12286773
"benchmark-example:dna-extra-8-cpu","bd/dna.100MB",8,1000000,3211,3211,0,0.000,292.299,333,12306955
"benchmark-example:dna-extra-8-cpu","bd/dna.100MB",8,1000000,3211,3211,0,0.000,292.299,334,12312599
"benchmark-example:dna-extra-8-cpu","bd/dna.100MB",8,1000000,3211,3211,0,0.000,292.299,335,12322952
"benchmark-example:dna-extra-8-cpu","bd/dna.100MB",8,1000000,3211,3211,0,0.000,292.299,336,12323609
"benchmark-example:dna-extra-8-cpu","bd/dna.100MB",8,1000000,3211,3211,0,0.000,292.299,337,12432671
"benchmark-example:dna-extra-8-cpu","bd/dna.100MB",8,1000000,3211,3211,0,0.000,292.299,338,12507694
"benchmark-example:dna-extra-8-cpu","bd/dna.100MB",8,1000000,3211,3211,0,0.000,292.299,339,12593500
"benchmark-example:dna-extra-8-cpu","bd/dna.100MB",8,1000000,3211,3211,0,0.000,292.299,340,12596152
"benchmark-example:dna-extra-8-cpu","bd/dna.100MB",8,1000000,3211,3211,0,0.000,292.299,341,12608856
"benchmark-example:dna-extra-8-cpu","bd/dna.100MB",8,1000000,3211,3211,0,0.000,292.299,342,12609755
"benchmark-example:dna-extra-8-cpu","bd/dna.100MB",8,1000000,3211,3211,0,0.000,292.299,343,12622518
"benchmark-example:dna-extra-8-cpu","bd/dna.100MB",8,1000000,3211,3211,0,0.000,292.299,344,12679101
"benchmark-example:dna-extra-8-cpu","bd/dna.100MB",8,1000000,3211,3211,0,0.000,292.299,345,12781478
"benchmark-example:dna-extra-8-cpu","bd/dna.100MB",8,1000000,3211,3211,0,0.000,292.299,346,12781536
"benchmark-example:dna-extra-8-cpu","bd/dna.100MB",8,1000000,3211,3211,0,0.000,292.299,347,12787533
"benchmark-example:dna-extra-8-cpu","bd/dna.100MB",8,1000000,3211,3211,0,0.000,292.299,348,12809438
"benchmark-example:dna-extra-8-cpu","bd/dna.100MB",8,1000000,3211,3211,0,0.000,292.299,349,12886485
"benchmark-example:dna-extra-8-cpu","bd/dna.100MB",8,1000000,3211,3211,0,0.000,292.299,350,12900888
"benchmark-example:dna-extra-8-cpu","bd/dna.100MB",8,1000000,3211,3211,0,0.000,292.299,351,12923848
"benchmark-example:dna-extra-8-cpu","bd/dna.100MB",8,1000000,3211,3211,0,0.000,292.299,352,12945173
"benchmark-example:dna-extra-8-cpu","bd/dna.100MB",8,1000000,3211,3211,0,0.000,292.299,353,12980964
"benchmark-example:dna-extra-8-cpu","bd/dna.100MB",8,1000000,3211,3211,0,0.000,292.299,354,12998568
"benchmark-example:dna-extra-8-cpu","bd/dna.100MB",8,1000000,3211,3211,0,0.000,292.299,355,13072747
"benchmark-example:dna-extra-8-cpu","bd/dna.100MB",8,1000000,3211,3211,0,0.000,292.299,356,13139029
"benchmark-example:dna-extra-8-cpu","bd/dna.100MB",8,1000000,3211,3211,0,0.000,292.299,357,13174304
"benchmark-example:dna-extra-8-cpu","bd/dna.100MB",8,1000000,3211,3211,0,0.000,292.299,358,13254124
"benchmark-example:dna-extra-8-cpu","bd/dna.100MB",8,1000000,3211,3211,0,0.000,292.299,359,13271509
"benchmark-example:dna-extra-8-cpu","bd/dna.100MB",8,1000000,3211,3211,0,0.000,292.299,360,13309627
"benchmark-example:dna-extra-8-cpu","bd/dna.100MB",8,1000000,3211,3211,0,0.000,292.299,361,13344038
"benchmark-example:dna-extra-8-cpu","bd/dna.100MB",8,1000000,3211,3211,0,0.000,292.299,362,13356198
"benchmark-example:dna-extra-8-cpu","bd/dna.100MB",8,1000000,3211,3211,0,0.000,292.299,363,13376559
"benchmark-example:dna-extra-8-cpu","bd/dna.100MB",8,1000000,3211,3211,0,0.000,292.299,364,13383769
"benchmark-example:dna-extra-8-cpu","bd/dna.100MB",8,1000000,3211,3211,0,0.000,292.299,365,13386350
"benchmark-example:dna-extra-8-cpu","bd/dna.100MB",8,1000000,3211,3211,0,0.000,292.299,366,13387935
"benchmark-example:dna-extra-8-cpu","bd/dna.100MB",8,1000000,3211,3211,0,0.000,292.299,367,13477430
"benchmark-example:dna-extra-8-cpu","bd/dna.100MB",8,1000000,3211,3211,0,0.000,292.299,368,13560533
"benchmark-example:dna-extra-8-cpu","bd/dna.100MB",8,1000000,3211,3211,0,0.000,292.299,369,13581566
"benchmark-example:dna-extra-8-cpu","bd/dna.100MB",8,1000000,3211,3211,0,0.000,292.299,370,13592216
"benchmark-example:dna-extra-8-cpu","bd/dna.100MB",8,1000000,3211,3211,0,0.000,292.299,371,13671970
"benchmark-example:dna-extra-8-cpu","bd/dna.100MB",8,1000000,3211,3211,0,0.000,292.299,372,13734416
"benchmark-example:dna-extra-8-cpu","bd/dna.100MB",8,1000000,3211,3211,0,0.000,292.299,373,13762352
"benchmark-example:dna-extra-8-cpu","bd/dna.100MB",8,1000000,3211,3211,0,0.000,292.299,374,13840869
"benchmark-example:dna-extra-8-cpu","bd/dna.100MB",8,1000000,3211,3211,0,0.000,292.299,375,13843724
"benchmark-example:dna-extra-8-cpu","bd/dna.100MB",8,1000000,3211,3211,0,0.000,292.299,376,13883107
"benchmark-example:dna-extra-8-cpu","bd/dna.100MB",8,1000000,3211,3211,0,0.000,292.299,377,13886162
"benchmark-example:dna-extra-8-cpu","bd/dna.100MB",8,1000000,3211,3211,0,0.000,292.299,378,13899320
"benchmark-example:dna-extra-8-cpu","bd/dna.100MB",8,1000000,3211,3211,0,0.000,292.299,379,13951334
"benchmark-example:dna-extra-8-cpu","bd/dna.100MB",8,1000000,3211,3211,0,0.000,292.299,380,13979764
"benchmark-example:dna-extra-8-cpu","bd/dna.100MB",8,1000000,3211,3211,0,0.000,292.299,381,14019419
"benchmark-example:dna-extra-8-cpu","bd/dna.100MB",8,1000000,3211,3211,0,0.000,292.299,382,14025178
"benchmark-example:dna-extra-8-cpu","bd/dna.100MB",8,1000000,3211,3211,0,0.000,292.299,383,14031748
"benchmark-example:dna-extra-8-cpu","bd/dna.100MB",8,1000000,3211,3211,0,0.000,292.299,384,14054748
"benchmark-example:dna-extra-8-cpu","bd/dna.100MB",8,1000000,3211,3211,0,0.000,292.299,385,14069985
"benchmark-example:dna-extra-8-cpu","bd/dna.100MB",8,1000000,3211,3211,0,0.000,292.299,386,14084459
"benchmark-example:dna-extra-8-cpu","bd/dna.100MB",8,1000000,3211,3211,0,0.000,292.299,387,14089778
"benchmark-example:dna-extra-8-cpu","bd/dna.100MB",8,1000000,3211,3211,0,0.000,292.299,388,14104560
"benchmark-example:dna-extra-8-cpu","bd/dna.100MB",8,1000000,3211,3211,0,0.000,292.299,389,14133636
"benchmark-example:dna-extra-8-cpu","bd/dna.100MB",8,1000000,3211,3211,0,0.000,292.299,390,14155418
"benchmark-example:dna-extra-8-cpu","bd/dna.100MB",8,1000000,3211,3211,0,0.000,292.299,391,14186182
"benchmark-example:dna-extra-8-cpu","bd/dna.100MB",8,1000000,3211,3211,0,0.000,292.299,392,14210206
"benchmark-example:dna-extra-8-cpu","bd/dna.100MB",8,1000000,3211,3211,0,0.000,292.299,393,14232778
"benchmark-example:dna-extra-8-cpu","bd/dna.100MB",8,1000000,3211,3211,0,0.000,292.299,394,14246308
"benchmark-example:dna-extra-8-cpu","bd/dna.100MB",8,1000000,3211,3211,0,0.000,292.299,395,14284435
"benchmark-example:dna-extra-8-cpu","bd/dna.100MB",8,1000000,3211,3211,0,0.000,292.299,396,14325612
"benchmark-example:dna-extra-8-cpu","bd/dna.100MB",8,1000000,3211,3211,0,0.000,292.299,397,14334111
"benchmark-example:dna-extra-8-cpu","bd/dna.100MB",8,1000000,3211,3211,0,0.000,292.299,398,14363601
"benchmark-example:dna-extra-8-cpu","bd/dna.100MB",8,1000000,3211,3211,0,0.000,292.299,399,14533329
"benchmark-example:dna-extra-8-cpu","bd/dna.100MB",8,1000000,3211,3211,0,0.000,292.299,400,14537735
"benchmark-example:dna-extra-8-cpu","bd/dna.100MB",8,1000000,3211,3211,0,0.000,292.299,401,14570142
"benchmark-example:dna-extra-8-cpu","bd/dna.100MB",8,1000000,3211,3211,0,0.000,292.299,402,14582022
"benchmark-example:dna-extra-8-cpu","bd/dna.100MB",8,1000000,3211,3211,0,0.000,292.299,403,14670420
"benchmark-example:dna-extra-8-cpu","bd/dna.100MB",8,1000000,3211,3211,0,0.000,292.299,404,14681193
"benchmark-example:dna-extra-8-cpu","bd/dna.100MB",8,1000000,3211,3211,0,0.000,292.299,405,14681568
"benchmark-example:dna-extra-8-cpu","bd/dna.100MB",8,1000000,3211,3211,0,0.000,292.299,406,14742007
"benchmark-example:dna-extra-8-cpu","bd/dna.100MB",8,1000000,3211,3211,0,0.000,292.299,407,14753280
"benchmark-example:dna-extra-8-cpu","bd/dna.100MB",8,1000000,3211,3211,0,0.000,292.299,408,14842822
"benchmark-example:dna-extra-8-cpu","bd/dna.100MB",8,1000000,3211,3211,0,0.000,292.299,409,14866333
"benchmark-example:dna-extra-8-cpu","bd/dna.100MB",8,1000000,3211,3211,0,0.000,292.299,410,14898172
"benchmark-example:dna-extra-8-cpu","bd/dna.100MB",8,1000000,3211,3211,0,0.000,292.299,411,14946469
"benchmark-example:dna-extra-8-cpu","bd/dna.100MB",8,1000000,3211,3211,0,0.000,292.299,412,14947883
"benchmark-example:dna-extra-8-cpu","bd/dna.100MB",8,1000000,3211,3211,0,0.000,292.299,413,14965699
"benchmark-example:dna-extra-8-cpu","bd/dna.100MB",8,1000000,3211,3211,0,0.000,292.299,414,15025584
"benchmark-example:dna-extra-8-cpu","bd/dna.100MB",8,1000000,3211,3211,0,0.000,292.299,415,15057506
"benchmark-example:dna-extra-8-cpu","bd/dna.100MB",8,1000000,3211,3211,0,0.000,292.299,416,15083574
"benchmark-example:dna-extra-8-cpu","bd/dna.100MB",8,1000000,3211,3211,0,0.000,292.299,417,15084083
"benchmark-example:dna-extra-8-cpu","bd/dna.100MB",8,1000000,3211,3211,0,0.000,292.299,418,15143485
"benchmark-example:dna-extra-8-cpu","bd/dna.100MB",8,1000000,3211,3211,0,0.000,292.299,419,15156041
"benchmark-example:dna-extra-8-cpu","bd/dna.100MB",8,1000000,3211,3211,0,0.000,292.299,420,15157937
"benchmark-example:dna-extra-8-cpu","bd/dna.100MB",8,1000000,3211,3211,0,0.000,292.299,421,15209912
"benchmark-example:dna-extra-8-cpu","bd/dna.100MB",8,1000000,3211,3211,0,0.000,292.299,422,15285387
"benchmark-example:dna-extra-8-cpu","bd/dna.100MB",8,1000000,3211,3211,0,0.000,292.299,423,15341222
"benchmark-example:dna-extra-8-cpu","bd/dna.100MB",8,1000000,3211,3211,0,0.000,292.299,424,15381420
"benchmark-example:dna-extra-8-cpu","bd/dna.100MB",8,1000000,3211,3211,0,0.000,292.299,425,15429002
"benchmark-example:dna-extra-8-cpu","bd/dna.100MB",8,1000000,3211,3211,0,0.000,292.299,426,15479519
"benchmark-example:dna-extra-8-cpu","bd/dna.100MB",8,1000000,3211,3211,0,0.000,292.299,427,15538242
"benchmark-example:dna-extra-8-cpu","bd/dna.100MB",8,1000000,3211,3211,0,0.000,292.299,428,15549468
"benchmark-example:dna-extra-8-cpu","bd/dna.100MB",8,1000000,3211,3211,0,0.000,292.299,429,15553201
"benchmark-example:dna-extra-8-cpu","bd/dna.100MB",8,1000000,3211,3211,0,0.000,292.299,430,15571774
"benchmark-example:dna-extra-8-cpu","bd/dna.100MB",8,1000000,3211,3211,0,0.000,292.299,431,15603628
"benchmark-example:dna-extra-8-cpu","bd/dna.100MB",8,1000000,3211,3211,0,0.000,292.299,432,15711550
"benchmark-example:dna-extra-8-cpu","bd/dna.100MB",8,1000000,3211,3211,0,0.000,292.299,433,15739496
"benchmark-example:dna-extra-8-cpu","bd/dna.100MB",8,1000000,3211,3211,0,0.000,292.299,434,15833245
"benchmark-example:dna-extra-8-cpu","bd/dna.100MB",8,1000000,3211,3211,0,0.000,292.299,435,16153235
"benchmark-example:dna-extra-8-cpu","bd/dna.100MB",8,1000000,3211,3211,0,0.000,292.299,436,16182467
"benchmark-example:dna-extra-8-cpu","bd/dna.100MB",8,1000000,3211,3211,0,0.000,292.299,437,16210160
"benchmark-example:dna-extra-8-cpu","bd/dna.100MB",8,1000000,3211,3211,0,0.000,292.299,438,16277779
"benchmark-example:dna-extra-8-cpu","bd/dna.100MB",8,1000000,3211,3211,0,0.000,292.299,439,16378032
"benchmark-example:dna-extra-8-cpu","bd/dna.100MB",8,1000000,3211,3211,0,0.000,292.299,440,16379105
"benchmark-example:dna-extra-8-cpu","bd/dna.100MB",8,1000000,3211,3211,0,0.000,292.299,441,16411296
"benchmark-example:dna-extra-8-cpu","bd/dna.100MB",8,1000000,3211,3211,0,0.000,292.299,442,16413622
"benchmark-example:dna-extra-8-cpu","bd/dna.100MB",8,1000000,3211,3211,0,0.000,292.299,443,16433201
"benchmark-example:dna-extra-8-cpu","bd/dna.100MB",8,1000000,3211,3211,0,0.000,292.299,444,16481335
"benchmark-example:dna-extra-8-cpu","bd/dna.100MB",8,1000000,3211,3211,0,0.000,292.299,445,16536037
"benchmark-example:dna-extra-8-cpu","bd/dna.100MB",8,1000000,3211,3211,0,0.000,292.299,446,16545292
"benchmark-example:dna-extra-8-cpu","bd/dna.100MB",8,1000000,3211,3211,0,0.000,292.299,447,16608529
"benchmark-example:dna-extra-8-cpu","bd/dna.100MB",8,1000000,3211,3211,0,0.000,292.299,448,16624498
"benchmark-example:dna-extra-8-cpu","bd/dna.100MB",8,1000000,3211,3211,0,0.000,292.299,449,16695834
"benchmark-example:dna-extra-8-cpu","bd/dna.100MB",8,1000000,3211,3211,0,0.000,292.299,450,16768067
"benchmark-example:dna-extra-8-cpu","bd/dna.100MB",8,1000000,3211,3211,0,0.000,292.299,451,16813250
"benchmark-example:dna-extra-8-cpu","bd/dna.100MB",8,1000000,3211,3211,0,0.000,292.299,452,16827553
"benchmark-example:dna-extra-8-cpu","bd/dna.100MB",8,1000000,3211,3211,0,0.000,292.299,453,16853377
"benchmark-example:dna-extra-8-cpu","bd/dna.100MB",8,1000000,3211,3211,0,0.000,292.299,454,16897072
"benchmark-example:dna-extra-8-cpu","bd/dna.100MB",8,1000000,3211,3211,0,0.000,292.299,455,16897803
"benchmark-example:dna-extra-8-cpu","bd/dna.100MB",8,1000000,3211,3211,0,0.000,292.299,456,16902010
"benchmark-example:dna-extra-8-cpu","bd/dna.100MB",8,1000000,3211,3211,0,0.000,292.299,457,16923034
"benchmark-example:dna-extra-8-cpu","bd/dna.100MB",8,1000000,3211,3211,0,0.000,292.299,458,16944853
"benchmark-example:dna-extra-8-cpu","bd/dna.100MB",8,1000000,3211,3211,0,0.000,292.299,459,16976998
"benchmark-example:dna-extra-8-cpu","bd/dna.100MB",8,1000000,3211,3211,0,0.000,292.299,460,16991190
"benchmark-example:dna-extra-8-cpu","bd/dna.100MB",8,1000000,3211,3211,0,0.000,292.299,461,17051464
"benchmark-example:dna-extra-8-cpu","bd/dna.100MB",8,1000000,3211,3211,0,0.000,292.299,462,17067789
"benchmark-example:dna-extra-8-cpu","bd/dna.100MB",8,1000000,3211,3211,0,0.000,292.299,463,17160578
"benchmark-example:dna-extra-8-cpu","bd/dna.100MB",8,1000000,3211,3211,0,0.000,292.299,464,17177802
"benchmark-example:dna-extra-8-cpu","bd/dna.100MB",8,1000000,3211,3211,0,0.000,292.299,465,17213568
"benchmark-example:dna-extra-8-cpu","bd/dna.100MB",8,1000000,3211,3211,0,0.000,292.299,466,17230195
"benchmark-example:dna-extra-8-cpu","bd/dna.100MB",8,1000000,3211,3211,0,0.000,292.299,467,17259426
"benchmark-example:dna-extra-8-cpu","bd/dna.100MB",8,1000000,3211,3211,0,0.000,292.299,468,17278031
"benchmark-example:dna-extra-8-cpu","bd/dna.100MB",8,1000000,3211,3211,0,0.000,292.299,469,17321139
"benchmark-example:dna-extra-8-cpu","bd/dna.100MB",8,1000000,3211,3211,0,0.000,292.299,470,17333598
"benchmark-example:dna-extra-8-cpu","bd/dna.100MB",8,1000000,3211,3211,0,0.000,292.299,471,17350521
"benchmark-example:dna-extra-8-cpu","bd/dna.100MB",8,1000000,3211,3211,0,0.000,292.299,472,17352551
"benchmark-example:dna-extra-8-cpu","bd/dna.100MB",8,1000000,3211,3211,0,0.000,292.299,473,17365085
"benchmark-example:dna-extra-8-cpu","bd/dna.100MB",8,1000000,3211,3211,0,0.000,292.299,474,17375553
"benchmark-example:dna-extra-8-cpu","bd/dna.100MB",8,1000000,3211,3211,0,0.000,292.299,475,17388476
"benchmark-example:dna-extra-8-cpu","bd/dna.100MB",8,1000000,3211,3211,0,0.000,292.299,476,17441068
"benchmark-example:dna-extra-8-cpu","bd/dna.100MB",8,1000000,3211,3211,0,0.000,292.299,477,17447216
"benchmark-example:dna-extra-8-cpu","bd/dna.100MB",8,1000000,3211,3211,0,0.000,292.299,478,17490937
"benchmark-example:dna-extra-8-cpu","bd/dna.100MB",8,1000000,3211,3211,0,0.000,292.299,479,17521083
"benchmark-example:dna-extra-8-cpu","bd/dna.100MB",8,1000000,3211,3211,0,0.000,292.299,480,17534722
"benchmark-example:dna-extra-8-cpu","bd/dna.100MB",8,1000000,3211,3211,0,0.000,292.299,481,17600718
"benchmark-example:dna-extra-8-cpu","bd/dna.100MB",8,1000000,3211,3211,0,0.000,292.299,482,17615870
"benchmark-example:dna-extra-8-cpu","bd/dna.100MB",8,1000000,3211,3211,0,0.000,292.299,483,17659634
"benchmark-example:dna-extra-8-cpu","bd/dna.100MB",8,1000000,3211,3211,0,0.000,292.299,484,17718043
"benchmark-example:dna-extra-8-cpu","bd/dna.100MB",8,1000000,3211,3211,0,0.000,292.299,485,17801525
"benchmark-example:dna-extra-8-cpu","bd/dna.100MB",8,1000000,3211,3211,0,0.000,292.299,486,17969784
"benchmark-example:dna-extra-8-cpu","bd/dna.100MB",8,1000000,3211,3211,0,0.000,292.299,487,18166862
"benchmark-example:dna-extra-8-cpu","bd/dna.100MB",8,1000000,3211,3211,0,0.000,292.299,488,18170524
"benchmark-example:dna-extra-8-cpu","bd/dna.100MB",8,1000000,3211,3211,0,0.000,292.299,489,18202952
"benchmark-example:dna-extra-8-cpu","bd/dna.100MB",8,1000000,3211,3211,0,0.000,292.299,490,18217764
"benchmark-example:dna-extra-8-cpu","bd/dna.100MB",8,1000000,3211,3211,0,0.000,292.299,491,18245350
"benchmark-example:dna-extra-8-cpu","bd/dna.100MB",8,1000000,3211,3211,0,0.000,292.299,492,18282778
"benchmark-example:dna-extra-8-cpu","bd/dna.100MB",8,1000000,3211,3211,0,0.000,292.299,493,18303077
"benchmark-example:dna-extra-8-cpu","bd/dna.100MB",8,1000000,3211,3211,0,0.000,292.299,494,18393672
"benchmark-example:dna-extra-8-cpu","bd/dna.100MB",8,1000000,3211,3211,0,0.000,292.299,495,18395708
"benchmark-example:dna-extra-8-cpu","bd/dna.100MB",8,1000000,3211,3211,0,0.000,292.299,496,18442187
"benchmark-example:dna-extra-8-cpu","bd/dna.100MB",8,1000000,3211,3211,0,0.000,292.299,497,18471601
"benchmark-example:dna-extra-8-cpu","bd/dna.100MB",8,1000000,3211,3211,0,0.000,292.299,498,18473349
"benchmark-example:dna-extra-8-cpu","bd/dna.100MB",8,1000000,3211,3211,0,0.000,292.299,499,18497163
"benchmark-example:dna-extra-8-cpu","bd/dna.100MB",8,1000000,3211,3211,0,0.000,292.299,500,18610867
"benchmark-example:dna-extra-8-cpu","bd/dna.100MB",8,1000000,3211,3211,0,0.000,292.299,501,18683871
"benchmark-example:dna-extra-8-cpu","bd/dna.100MB",8,1000000,3211,3211,0,0.000,292.299,502,18763488
"benchmark-example:dna-extra-8-cpu","bd/dna.100MB",8,1000000,3211,3211,0,0.000,292.299,503,18786830
"benchmark-example:dna-extra-8-cpu","bd/dna.100MB",8,1000000,3211,3211,0,0.000,292.299,504,18853681
"benchmark-example:dna-extra-8-cpu","bd/dna.100MB",8,1000000,3211,3211,0,0.000,292.299,505,18863072
"benchmark-example:dna-extra-8-cpu","bd/dna.100MB",8,1000000,3211,3211,0,0.000,292.299,506,18867539
"benchmark-example:dna-extra-8-cpu","bd/dna.100MB",8,1000000,3211,3211,0,0.000,292.299,507,18873282
"benchmark-example:dna-extra-8-cpu","bd/dna.100MB",8,1000000,3211,3211,0,0.000,292.299,508,18881637
"benchmark-example:dna-extra-8-cpu","bd/dna.100MB",8,1000000,3211,3211,0,0.000,292.299,509,18956540
"benchmark-example:dna-extra-8-cpu","bd/dna.100MB",8,1000000,3211,3211,0,0.000,292.299,510,18988237
"benchmark-example:dna-extra-8-cpu","bd/dna.100MB",8,1000000,3211,3211,0,0.000,292.299,511,19017078
"benchmark-example:dna-extra-8-cpu","bd/dna.100MB",8,1000000,3211,3211,0,0.000,292.299,512,19052589
"benchmark-example:dna-extra-8-cpu","bd/dna.100MB",8,1000000,3211,3211,0,0.000,292.299,513,19069839
"benchmark-example:dna-extra-8-cpu","bd/dna.100MB",8,1000000,3211,3211,0,0.000,292.299,514,19074391
"benchmark-example:dna-extra-8-cpu","bd/dna.100MB",8,1000000,3211,3211,0,0.000,292.299,515,19094341
"benchmark-example:dna-extra-8-cpu","bd/dna.100MB",8,1000000,3211,3211,0,0.000,292.299,516,19133589
"benchmark-example:dna-extra-8-cpu","bd/dna.100MB",8,1000000,3211,3211,0,0.000,292.299,517,19156622
"benchmark-example:dna-extra-8-cpu","bd/dna.100MB",8,1000000,3211,3211,0,0.000,292.299,518,19188349
"benchmark-example:dna-extra-8-cpu","bd/dna.100MB",8,1000000,3211,3211,0,0.000,292.299,519,19214502
"benchmark-example:dna-extra-8-cpu","bd/dna.100MB",8,1000000,3211,3211,0,0.000,292.299,520,19250469
"benchmark-example:dna-extra-8-cpu","bd/dna.100MB",8,1000000,3211,3211,0,0.000,292.299,521,19292214
"benchmark-example:dna-extra-8-cpu","bd/dna.100MB",8,1000000,3211,3211,0,0.000,292.299,522,19315804
"benchmark-example:dna-extra-8-cpu","bd/dna.100MB",8,1000000,3211,3211,0,0.000,292.299,523,19345777
"benchmark-example:dna-extra-8-cpu","bd/dna.100MB",8,1000000,3211,3211,0,0.000,292.299,524,19352176
"benchmark-example:dna-extra-8-cpu","bd/dna.100MB",8,1000000,3211,3211,0,0.000,292.299,525,19370491
"benchmark-example:dna-extra-8-cpu","bd/dna.100MB",8,1000000,3211,3211,0,0.000,292.299,526,19480764
"benchmark-example:dna-extra-8-cpu","bd/dna.100MB",8,1000000,3211,3211,0,0.000,292.299,527,19499006
"benchmark-example:dna-extra-8-cpu","bd/dna.100MB",8,1000000,3211,3211,0,0.000,292.299,528,19499203
"benchmark-example:dna-extra-8-cpu","bd/dna.100MB",8,1000000,3211,3211,0,0.000,292.299,529,19556157
"benchmark-example:dna-extra-8-cpu","bd/dna.100MB",8,1000000,3211,3211,0,0.000,292.299,530,19596861
"benchmark-example:dna-extra-8-cpu","bd/dna.100MB",8,1000000,3211,3211,0,0.000,292.299,531,19627858
"benchmark-example:dna-extra-8-cpu","bd/dna.100MB",8,1000000,3211,3211,0,0.000,292.299,532,19661477
"benchmark-example:dna-extra-8-cpu","bd/dna.100MB",8,1000000,3211,3211,0,0.000,292.299,533,19751915
"benchmark-example:dna-extra-8-cpu","bd/dna.100MB",8,1000000,3211,3211,0,0.000,292.299,534,19788171
"benchmark-example:dna-extra-8-cpu","bd/dna.100MB",8,1000000,3211,3211,0,0.000,292.299,535,19791777
"benchmark-example:dna-extra-8-cpu","bd/dna.100MB",8,1000000,3211,3211,0,0.000,292.299,536,19809043
"benchmark-example:dna-extra-8-cpu","bd/dna.100MB",8,1000000,3211,3211,0,0.000,292.299,537,19826431
"benchmark-example:dna-extra-8-cpu","bd/dna.100MB",8,1000000,3211,3211,0,0.000,292.299,538,19827027
"benchmark-example:dna-extra-8-cpu","bd/dna.100MB",8,1000000,3211,3211,0,0.000,292.299,539,19876465
"benchmark-example:dna-extra-8-cpu","bd/dna.100MB",8,1000000,3211,3211,0,0.000,292.299,540,19877951
"benchmark-example:dna-extra-8-cpu","bd/dna.100MB",8,1000000,3211,3211,0,0.000,292.299,541,19915728
"benchmark-example:dna-extra-8-cpu","bd/dna.100MB",8,1000000,3211,3211,0,0.000,292.299,542,19918281
"benchmark-example:dna-extra-8-cpu","bd/dna.100MB",8,1000000,3211,3211,0,0.000,292.299,543,19937427
"benchmark-example:dna-extra-8-cpu","bd/dna.100MB",8,1000000,3211,3211,0,0.000,292.299,544,19989614
"benchmark-example:dna-extra-8-cpu","bd/dna.100MB",8,1000000,3211,3211,0,0.000,292.299,545,20034109
"benchmark-example:dna-extra-8-cpu","bd/dna.100MB",8,1000000,3211,3211,0,0.000,292.299,546,20118008
"benchmark-example:dna-extra-8-cpu","bd/dna.100MB",8,1000000,3211,3211,0,0.000,292.299,547,20160130
"benchmark-example:dna-extra-8-cpu","bd/dna.100MB",8,1000000,3211,3211,0,0.000,292.299,548,20179171
"benchmark-example:dna-extra-8-cpu","bd/dna.100MB",8,1000000,3211,3211,0,0.000,292.299,549,20208329
"benchmark-example:dna-extra-8-cpu","bd/dna.100MB",8,1000000,3211,3211,0,0.000,292.299,550,20245649
"benchmark-example:dna-extra-8-cpu","bd/dna.100MB",8,1000000,3211,3211,0,0.000,292.299,551,20256522
"benchmark-example:dna-extra-8-cpu","bd/dna.100MB",8,1000000,3211,3211,0,0.000,292.299,552,20289063
"benchmark-example:dna-extra-8-cpu","bd/dna.100MB",8,1000000,3211,3211,0,0.000,292.299,553,20289416
"benchmark-example:dna-extra-8-cpu","bd/dna.100MB",8,1000000,3211,3211,0,0.000,292.299,554,20340261
"benchmark-example:dna-extra-8-cpu","bd/dna.100MB",8,1000000,3211,3211,0,0.000,292.299,555,20382392
"benchmark-example:dna-extra-8-cpu","bd/dna.100MB",8,1000000,3211,3211,0,0.000,292.299,556,20480438
"benchmark-example:dna-extra-8-cpu","bd/dna.100MB",8,1000000,3211,3211,0,0.000,292.299,557,20489810
"benchmark-example:dna-extra-8-cpu","bd/dna.100MB",8,1000000,3211,3211,0,0.000,292.299,558,20517758
"benchmark-example:dna-extra-8-cpu","bd/dna.100MB",8,1000000,3211,3211,0,0.000,292.299,559,20575943
"benchmark-example:dna-extra-8-cpu","bd/dna.100MB",8,1000000,3211,3211,0,0.000,292.299,560,20611663
"benchmark-example:dna-extra-8-cpu","bd/dna.100MB",8,1000000,3211,3211,0,0.000,292.299,561,20671544
"benchmark-example:dna-extra-8-cpu","bd/dna.100MB",8,1000000,3211,3211,0,0.000,292.299,562,20704217
"benchmark-example:dna-extra-8-cpu","bd/dna.100MB",8,1000000,3211,3211,0,0.000,292.299,563,20743632
"benchmark-example:dna-extra-8-cpu","bd/dna.100MB",8,1000000,3211,3211,0,0.000,292.299,564,20743739
"benchmark-example:dna-extra-8-cpu","bd/dna.100MB",8,1000000,3211,3211,0,0.000,292.299,565,20755898
"benchmark-example:dna-extra-8-cpu","bd/dna.100MB",8,1000000,3211,3211,0,0.000,292.299,566,20787123
"benchmark-example:dna-extra-8-cpu","bd/dna.100MB",8,1000000,3211,3211,0,0.000,292.299,567,20842457
"benchmark-example:dna-extra-8-cpu","bd/dna.100MB",8,1000000,3211,3211,0,0.000,292.299,568,20861714
"benchmark-example:dna-extra-8-cpu","bd/dna.100MB",8,1000000,3211,3211,0,0.000,292.299,569,20890685
"benchmark-example:dna-extra-8-cpu","bd/dna.100MB",8,1000000,3211,3211,0,0.000,292.299,570,20899767
"benchmark-example:dna-extra-8-cpu","bd/dna.100MB",8,1000000,3211,3211,0,0.000,292.299,571,20900096
"benchmark-example:dna-extra-8-cpu","bd/dna.100MB",8,1000000,3211,3211,0,0.000,292.299,572,20918879
"benchmark-example:dna-extra-8-cpu","bd/dna.100MB",8,1000000,3211,3211,0,0.000,292.299,573,20962119
"benchmark-example:dna-extra-8-cpu","bd/dna.100MB",8,1000000,3211,3211,0,0.000,292.299,574,21066664
"benchmark-example:dna-extra-8-cpu","bd/dna.100MB",8,1000000,3211,3211,0,0.000,292.299,575,21090644
"benchmark-example:dna-extra-8-cpu","bd/dna.100MB",8,1000000,3211,3211,0,0.000,292.299,576,21101049
"benchmark-example:dna-extra-8-cpu","bd/dna.100MB",8,1000000,3211,3211,0,0.000,292.299,577,21137063
"benchmark-example:dna-extra-8-cpu","bd/dna.100MB",8,1000000,3211,3211,0,0.000,292.299,578,21167540
"benchmark-example:dna-extra-8-cpu","bd/dna.100MB",8,1000000,3211,3211,0,0.000,292.299,579,21172908
"benchmark-example:dna-extra-8-cpu","bd/dna.100MB",8,1000000,3211,3211,0,0.000,292.299,580,21176759
"benchmark-example:dna-extra-8-cpu","bd/dna.100MB",8,1000000,3211,3211,0,0.000,292.299,581,21268334
"benchmark-example:dna-extra-8-cpu","bd/dna.100MB",8,1000000,3211,3211,0,0.000,292.299,582,21298527
"benchmark-example:dna-extra-8-cpu","bd/dna.100MB",8,1000000,3211,3211,0,0.000,292.299,583,21315977
"benchmark-example:dna-extra-8-cpu","bd/dna.100MB",8,1000000,3211,3211,0,0.000,292.299,584,21322702
"benchmark-example:dna-extra-8-cpu","bd/dna.100MB",8,1000000,3211,3211,0,0.000,292.299,585,21324126
"benchmark-example:dna-extra-8-cpu","bd/dna.100MB",8,1000000,3211,3211,0,0.000,292.299,586,21330372
"benchmark-example:dna-extra-8-cpu","bd/dna.100MB",8,1000000,3211,3211,0,0.000,292.299,587,21331427
"benchmark-example:dna-extra-8-cpu","bd/dna.100MB",8,1000000,3211,3211,0,0.000,292.299,588,21349655
"benchmark-example:dna-extra-8-cpu","bd/dna.100MB",8,1000000,3211,3211,0,0.000,292.299,589,21357023
"benchmark-example:dna-extra-8-cpu","bd/dna.100MB",8,1000000,3211,3211,0,0.000,292.299,590,21401679
"benchmark-example:dna-extra-8-cpu","bd/dna.100MB",8,1000000,3211,3211,0,0.000,292.299,591,21410809
"benchmark-example:dna-extra-8-cpu","bd/dna.100MB",8,1000000,3211,3211,0,0.000,292.299,592,21445513
"benchmark-example:dna-extra-8-cpu","bd/dna.100MB",8,1000000,3211,3211,0,0.000,292.299,593,21476649
"benchmark-example:dna-extra-8-cpu","bd/dna.100MB",8,1000000,3211,3211,0,0.000,292.299,594,21480281
"benchmark-example:dna-extra-8-cpu","bd/dna.100MB",8,1000000,3211,3211,0,0.000,292.299,595,21490845
"benchmark-example:dna-extra-8-cpu","bd/dna.100MB",8,1000000,3211,3211,0,0.000,292.299,596,21493100
"benchmark-example:dna-extra-8-cpu","bd/dna.100MB",8,1000000,3211,3211,0,0.000,292.299,597,21500921
"benchmark-example:dna-extra-8-cpu","bd/dna.100MB",8,1000000,3211,3211,0,0.000,292.299,598,21578146
"benchmark-example:dna-extra-8-cpu","bd/dna.100MB",8,1000000,3211,3211,0,0.000,292.299,599,21581819
"benchmark-example:dna-extra-8-cpu","bd/dna.100MB",8,1000000,3211,3211,0,0.000,292.299,600,21592183
"benchmark-example:dna-extra-8-cpu","bd/dna.100MB",8,1000000,3211,3211,0,0.000,292.299,601,21601326
"benchmark-example:dna-extra-8-cpu","bd/dna.100MB",8,1000000,3211,3211,0,0.000,292.299,602,21611581
"benchmark-example:dna-extra-8-cpu","bd/dna.100MB",8,1000000,3211,3211,0,0.000,292.299,603,21664452
"benchmark-example:dna-extra-8-cpu","bd/dna.100MB",8,1000000,3211,3211,0,0.000,292.299,604,21669803
"benchmark-example:dna-extra-8-cpu","bd/dna.100MB",8,1000000,3211,3211,0,0.000,292.299,605,21676252
"benchmark-example:dna-extra-8-cpu","bd/dna.100MB",8,1000000,3211,3211,0,0.000,292.299,606,21678217
"benchmark-example:dna-extra-8-cpu","bd/dna.100MB",8,1000000,3211,3211,0,0.000,292.299,607,21687236
"benchmark-example:dna-extra-8-cpu","bd/dna.100MB",8,1000000,3211,3211,0,0.000,292.299,608,21726636
"benchmark-example:dna-extra-8-cpu","bd/dna.100MB",8,1000000,3211,3211,0,0.000,292.299,609,21741706
"benchmark-example:dna-extra-8-cpu","bd/dna.100MB",8,1000000,3211,3211,0,0.000,292.299,610,21754362
"benchmark-example:dna-extra-8-cpu","bd/dna.100MB",8,1000000,3211,3211,0,0.000,292.299,611,21771570
"benchmark-example:dna-extra-8-cpu","bd/dna.100MB",8,1000000,3211,3211,0,0.000,292.299,612,21782234
"benchmark-example:dna-extra-8-cpu","bd/dna.100MB",8,1000000,3211,3211,0,0.000,292.299,613,21910428
"benchmark-example:dna-extra-8-cpu","bd/dna.100MB",8,1000000,3211,3211,0,0.000,292.299,614,21934978
"benchmark-example:dna-extra-8-cpu","bd/dna.100MB",8,1000000,3211,3211,0,0.000,292.299,615,21959312
"benchmark-example:dna-extra-8-cpu","bd/dna.100MB",8,1000000,3211,3211,0,0.000,292.299,616,21967851
"benchmark-example:dna-extra-8-cpu","bd/dna.100MB",8,1000000,3211,3211,0,0.000,292.299,617,21984813
"benchmark-example:dna-extra-8-cpu","bd/dna.100MB",8,1000000,3211,3211,0,0.000,292.299,618,21992860
"benchmark-example:dna-extra-8-cpu","bd/dna.100MB",8,1000000,3211,3211,0,0.000,292.299,619,22008964
"benchmark-example:dna-extra-8-cpu","bd/dna.100MB",8,1000000,3211,3211,0,0.000,292.299,620,22076256
"benchmark-example:dna-extra-8-cpu","bd/dna.100MB",8,1000000,3211,3211,0,0.000,292.299,621,22086345
"benchmark-example:dna-extra-8-cpu","bd/dna.100MB",8,1000000,3211,3211,0,0.000,292.299,622,22150959
"benchmark-example:dna-extra-8-cpu","bd/dna.100MB",8,1000000,3211,3211,0,0.000,292.299,623,22157039
"benchmark-example:dna-extra-8-cpu","bd/dna.100MB",8,1000000,3211,3211,0,0.000,292.299,624,22165495
"benchmark-example:dna-extra-8-cpu","bd/dna.100MB",8,1000000,3211,3211,0,0.000,292.299,625,22200170
"benchmark-example:dna-extra-8-cpu","bd/dna.100MB",8,1000000,3211,3211,0,0.000,292.299,626,22214556
"benchmark-example:dna-extra-8-cpu","bd/dna.100MB",8,1000000,3211,3211,0,0.000,292.299,627,22278805
"benchmark-example:dna-extra-8-cpu","bd/dna.100MB",8,1000000,3211,3211,0,0.000,292.299,628,22452167
"benchmark-example:dna-extra-8-cpu","bd/dna.100MB",8,1000000,3211,3211,0,0.000,292.299,629,22497162
"benchmark-example:dna-extra-8-cpu","bd/dna.100MB",8,1000000,3211,3211,0,0.000,292.299,630,22534730
"benchmark-example:dna-extra-8-cpu","bd/dna.100MB",8,1000000,3211,3211,0,0.000,292.299,631,22574192
"benchmark-example:dna-extra-8-cpu","bd/dna.100MB",8,1000000,3211,3211,0,0.000,292.299,632,22576423
"benchmark-example:dna-extra-8-cpu","bd/dna.100MB",8,1000000,3211,3211,0,0.000,292.299,633,22587842
"benchmark-example:dna-extra-8-cpu","bd/dna.100MB",8,1000000,3211,3211,0,0.000,292.299,634,22604415
"benchmark-example:dna-extra-8-cpu","bd/dna.100MB",8,1000000,3211,3211,0,0.000,292.299,635,22624204
"benchmark-example:dna-extra-8-cpu","bd/dna.100MB",8,1000000,3211,3211,0,0.000,292.299,636,22626551
"benchmark-example:dna-extra-8-cpu","bd/dna.100MB",8,1000000,3211,3211,0,0.000,292.299,637,22700749
"benchmark-example:dna-extra-8-cpu","bd/dna.100MB",8,1000000,3211,3211,0,0.000,292.299,638,22725893
"benchmark-example:dna-extra-8-cpu","bd/dna.100MB",8,1000000,3211,3211,0,0.000,292.299,639,22743912
"benchmark-example:dna-extra-8-cpu","bd/dna.100MB",8,1000000,3211,3211,0,0.000,292.299,640,22783914
"benchmark-example:dna-extra-8-cpu","bd/dna.100MB",8,1000000,3211,3211,0,0.000,292.299,641,22955707
"benchmark-example:dna-extra-8-cpu","bd/dna.100MB",8,1000000,3211,3211,0,0.000,292.299,642,22975841
"benchmark-example:dna-extra-8-cpu","bd/dna.100MB",8,1000000,3211,3211,0,0.000,292.299,643,22977515
"benchmark-example:dna-extra-8-cpu","bd/dna.100MB",8,1000000,3211,3211,0,0.000,292.299,644,22983493
"benchmark-example:dna-extra-8-cpu","bd/dna.100MB",8,1000000,3211,3211,0,0.000,292.299,645,22991626
"benchmark-example:dna-extra-8-cpu","bd/dna.100MB",8,1000000,3211,3211,0,0.000,292.299,646,23003638
"benchmark-example:dna-extra-8-cpu","bd/dna.100MB",8,1000000,3211,3211,0,0.000,292.299,647,23087880
"benchmark-example:dna-extra-8-cpu","bd/dna.100MB",8,1000000,3211,3211,0,0.000,292.299,648,23211163
"benchmark-example:dna-extra-8-cpu","bd/dna.100MB",8,1000000,3211,3211,0,0.000,292.299,649,23249919
"benchmark-example:dna-extra-8-cpu","bd/dna.100MB",8,1000000,3211,3211,0,0.000,292.299,650,23266253
"benchmark-example:dna-extra-8-cpu","bd/dna.100MB",8,1000000,3211,3211,0,0.000,292.299,651,23269224
"benchmark-example:dna-extra-8-cpu","bd/dna.100MB",8,1000000,3211,3211,0,0.000,292.299,652,23316086
"benchmark-example:dna-extra-8-cpu","bd/dna.100MB",8,1000000,3211,3211,0,0.000,292.299,653,23371795
"benchmark-example:dna-extra-8-cpu","bd/dna.100MB",8,1000000,3211,3211,0,0.000,292.299,654,23413323
"benchmark-example:dna-extra-8-cpu","bd/dna.100MB",8,1000000,3211,3211,0,0.000,292.299,655,23419564
"benchmark-example:dna-extra-8-cpu","bd/dna.100MB",8,1000000,3211,3211,0,0.000,292.299,656,23428697
"benchmark-example:dna-extra-8-cpu","bd/dna.100MB",8,1000000,3211,3211,0,0.000,292.299,657,23431819
"benchmark-example:dna-extra-8-cpu","bd/dna.100MB",8,1000000,3211,3211,0,0.000,292.299,658,23436268
"benchmark-example:dna-extra-8-cpu","bd/dna.100MB",8,1000000,3211,3211,0,0.000,292.299,659,23520256
"benchmark-example:dna-extra-8-cpu","bd/dna.100MB",8,1000000,3211,3211,0,0.000,292.299,660,23567121
"benchmark-example:dna-extra-8-cpu","bd/dna.100MB",8,1000000,3211,3211,0,0.000,292.299,661,23608828
"benchmark-example:dna-extra-8-cpu","bd/dna.100MB",8,1000000,3211,3211,0,0.000,292.299,662,23643580
"benchmark-example:dna-extra-8-cpu","bd/dna.100MB",8,1000000,3211,3211,0,0.000,292.299,663,23679403
"benchmark-example:dna-extra-8-cpu","bd/dna.100MB",8,1000000,3211,3211,0,0.000,292.299,664,23729186
"benchmark-example:dna-extra-8-cpu","bd/dna.100MB",8,1000000,3211,3211,0,0.000,292.299,665,23797023
"benchmark-example:dna-extra-8-cpu","bd/dna.100MB",8,1000000,3211,3211,0,0.000,292.299,666,23825800
"benchmark-example:dna-extra-8-cpu","bd/dna.100MB",8,1000000,3211,3211,0,0.000,292.299,667,23876724
"benchmark-example:dna-extra-8-cpu","bd/dna.100MB",8,1000000,3211,3211,0,0.000,292.299,668,23914449
"benchmark-example:dna-extra-8-cpu","bd/dna.100MB",8,1000000,3211,3211,0,0.000,292.299,669,23948887
"benchmark-example:dna-extra-8-cpu","bd/dna.100MB",8,1000000,3211,3211,0,0.000,292.299,670,23949098
"benchmark-example:dna-extra-8-cpu","bd/dna.100MB",8,1000000,3211,3211,0,0.000,292.299,671,23957314
"benchmark-example:dna-extra-8-cpu","bd/dna.100MB",8,1000000,3211,3211,0,0.000,292.299,672,23966506
"benchmark-example:dna-extra-8-cpu","bd/dna.100MB",8,1000000,3211,3211,0,0.000,292.299,673,23974194
"benchmark-example:dna-extra-8-cpu","bd/dna.100MB",8,1000000,3211,3211,0,0.000,292.299,674,24004103
"benchmark-example:dna-extra-8-cpu","bd/dna.100MB",8,1000000,3211,3211,0,0.000,292.299,675,24050056
"benchmark-example:dna-extra-8-cpu","bd/dna.100MB",8,1000000,3211,3211,0,0.000,292.299,676,24139420
"benchmark-example:dna-extra-8-cpu","bd/dna.100MB",8,1000000,3211,3211,0,0.000,292.299,677,24158943
"benchmark-example:dna-extra-8-cpu","bd/dna.100MB",8,1000000,3211,3211,0,0.000,292.299,678,24190226
"benchmark-example:dna-extra-8-cpu","bd/dna.100MB",8,1000000,3211,3211,0,0.000,292.299,679,24213635
"benchmark-example:dna-extra-8-cpu","bd/dna.100MB",8,1000000,3211,3211,0,0.000,292.299,680,24245499
"benchmark-example:dna-extra-8-cpu","bd/dna.100MB",8,1000000,3211,3211,0,0.000,292.299,681,24274804
"benchmark-example:dna-extra-8-cpu","bd/dna.100MB",8,1000000,3211,3211,0,0.000,292.299,682,24282763
"benchmark-example:dna-extra-8-cpu","bd/dna.100MB",8,1000000,3211,3211,0,0.000,292.299,683,24309197
"benchmark-example:dna-extra-8-cpu","bd/dna.100MB",8,1000000,3211,3211,0,0.000,292.299,684,24374355
"benchmark-example:dna-extra-8-cpu","bd/dna.100MB",8,1000000,3211,3211,0,0.000,292.299,685,24392683
"benchmark-example:dna-extra-8-cpu","bd/dna.100MB",8,1000000,3211,3211,0,0.000,292.299,686,24400531
"benchmark-example:dna-extra-8-cpu","bd/dna.100MB",8,1000000,3211,3211,0,0.000,292.299,687,24405651
"benchmark-example:dna-extra-8-cpu","bd/dna.100MB",8,1000000,3211,3211,0,0.000,292.299,688,24429827
"benchmark-example:dna-extra-8-cpu","bd/dna.100MB",8,1000000,3211,3211,0,0.000,292.299,689,24438481
"benchmark-example:dna-extra-8-cpu","bd/dna.100MB",8,1000000,3211,3211,0,0.000,292.299,690,24521822
"benchmark-example:dna-extra-8-cpu","bd/dna.100MB",8,1000000,3211,3211,0,0.000,292.299,691,24535408
"benchmark-example:dna-extra-8-cpu","bd/dna.100MB",8,1000000,3211,3211,0,0.000,292.299,692,24546377
"benchmark-example:dna-extra-8-cpu","bd/dna.100MB",8,1000000,3211,3211,0,0.000,292.299,693,24550183
"benchmark-example:dna-extra-8-cpu","bd/dna.100MB",8,1000000,3211,3211,0,0.000,292.299,694,24555129
"benchmark-example:dna-extra-8-cpu","bd/dna.100MB",8,1000000,3211,3211,0,0.000,292.299,695,24577628
"benchmark-example:dna-extra-8-cpu","bd/dna.100MB",8,1000000,3211,3211,0,0.000,292.299,696,24609242
"benchmark-example:dna-extra-8-cpu","bd/dna.100MB",8,1000000,3211,3211,0,0.000,292.299,697,24636118
"benchmark-example:dna-extra-8-cpu","bd/dna.100MB",8,1000000,3211,3211,0,0.000,292.299,698,24648753
"benchmark-example:dna-extra-8-cpu","bd/dna.100MB",8,1000000,3211,3211,0,0.000,292.299,699,24653704
"benchmark-example:dna-extra-8-cpu","bd/dna.100MB",8,1000000,3211,3211,0,0.000,292.299,700,24672853
"benchmark-example:dna-extra-8-cpu","bd/dna.100MB",8,1000000,3211,3211,0,0.000,292.299,701,24678399
"benchmark-example:dna-extra-8-cpu","bd/dna.100MB",8,1000000,3211,3211,0,0.000,292.299,702,24743960
"benchmark-example:dna-extra-8-cpu","bd/dna.100MB",8,1000000,3211,3211,0,0.000,292.299,703,24750912
"benchmark-example:dna-extra-8-cpu","bd/dna.100MB",8,1000000,3211,3211,0,0.000,292.299,704,24762783
"benchmark-example:dna-extra-8-cpu","bd/dna.100MB",8,1000000,3211,3211,0,0.000,292.299,705,24774245
"benchmark-example:dna-extra-8-cpu","bd/dna.100MB",8,1000000,3211,3211,0,0.000,292.299,706,24797025
"benchmark-example:dna-extra-8-cpu","bd/dna.100MB",8,1000000,3211,3211,0,0.000,292.299,707,24797478
"benchmark-example:dna-extra-8-cpu","bd/dna.100MB",8,1000000,3211,3211,0,0.000,292.299,708,24823816
"benchmark-example:dna-extra-8-cpu","bd/dna.100MB",8,1000000,3211,3211,0,0.000,292.299,709,24836738
"benchmark-example:dna-extra-8-cpu","bd/dna.100MB",8,1000000,3211,3211,0,0.000,292.299,710,24859313
"benchmark-example:dna-extra-8-cpu","bd/dna.100MB",8,1000000,3211,3211,0,0.000,292.299,711,24875487
"benchmark-example:dna-extra-8-cpu","bd/dna.100MB",8,1000000,3211,3211,0,0.000,292.299,712,24894290
"benchmark-example:dna-extra-8-cpu","bd/dna.100MB",8,1000000,3211,3211,0,0.000,292.299,713,24949619
"benchmark-example:dna-extra-8-cpu","bd/dna.100MB",8,1000000,3211,3211,0,0.000,292.299,714,25011432
"benchmark-example:dna-extra-8-cpu","bd/dna.100MB",8,1000000,3211,3211,0,0.000,292.299,715,25050577
"benchmark-example:dna-extra-8-cpu","bd/dna.100MB",8,1000000,3211,3211,0,0.000,292.299,716,25068136
"benchmark-example:dna-extra-8-cpu","bd/dna.100MB",8,1000000,3211,3211,0,0.000,292.299,717,25086793
"benchmark-example:dna-extra-8-cpu","bd/dna.100MB",8,1000000,3211,3211,0,0.000,292.299,718,25156779
"benchmark-example:dna-extra-8-cpu","bd/dna.100MB",8,1000000,3211,3211,0,0.000,292.299,719,25167984
"benchmark-example:dna-extra-8-cpu","bd/dna.100MB",8,1000000,3211,3211,0,0.000,292.299,720,25177876
"benchmark-example:dna-extra-8-cpu","bd/dna.100MB",8,1000000,3211,3211,0,0.000,292.299,721,25238628
"benchmark-example:dna-extra-8-cpu","bd/dna.100MB",8,1000000,3211,3211,0,0.000,292.299,722,25263388
"benchmark-example:dna-extra-8-cpu","bd/dna.100MB",8,1000000,3211,3211,0,0.000,292.299,723,25349958
"benchmark-example:dna-extra-8-cpu","bd/dna.100MB",8,1000000,3211,3211,0,0.000,292.299,724,25369083
"benchmark-example:dna-extra-8-cpu","bd/dna.100MB",8,1000000,3211,3211,0,0.000,292.299,725,25375419
"benchmark-example:dna-extra-8-cpu","bd/dna.100MB",8,1000000,3211,3211,0,0.000,292.299,726,25385125
"benchmark-example:dna-extra-8-cpu","bd/dna.100MB",8,1000000,3211,3211,0,0.000,292.299,727,25473304
"benchmark-example:dna-extra-8-cpu","bd/dna.100MB",8,1000000,3211,3211,0,0.000,292.299,728,25538104
"benchmark-example:dna-extra-8-cpu","bd/dna.100MB",8,1000000,3211,3211,0,0.000,292.299,729,25538170
"benchmark-example:dna-extra-8-cpu","bd/dna.100MB",8,1000000,3211,3211,0,0.000,292.299,730,25545936
"benchmark-example:dna-extra-8-cpu","bd/dna.100MB",8,1000000,3211,3211,0,0.000,292.299,731,25553587
"benchmark-example:dna-extra-8-cpu","bd/dna.100MB",8,1000000,3211,3211,0,0.000,292.299,732,25592083
"benchmark-example:dna-extra-8-cpu","bd/dna.100MB",8,1000000,3211,3211,0,0.000,292.299,733,25622404
"benchmark-example:dna-extra-8-cpu","bd/dna.100MB",8,1000000,3211,3211,0,0.000,292.299,734,25760834
"benchmark-example:dna-extra-8-cpu","bd/dna.100MB",8,1000000,3211,3211,0,0.000,292.299,735,25762264
"benchmark-example:dna-extra-8-cpu","bd/dna.100MB",8,1000000,3211,3211,0,0.000,292.299,736,25764946
"benchmark-example:dna-extra-8-cpu","bd/dna.100MB",8,1000000,3211,3211,0,0.000,292.299,737,25799053
"benchmark-example:dna-extra-8-cpu","bd/dna.100MB",8,1000000,3211,3211,0,0.000,292.299,738,25998229
"benchmark-example:dna-extra-8-cpu","bd/dna.100MB",8,1000000,3211,3211,0,0.000,292.299,739,26070809
"benchmark-example:dna-extra-8-cpu","bd/dna.100MB",8,1000000,3211,3211,0,0.000,292.299,740,26103315
"benchmark-example:dna-extra-8-cpu","bd/dna.100MB",8,1000000,3211,3211,0,0.000,292.299,741,26250156
"benchmark-example:dna-extra-8-cpu","bd/dna.100MB",8,1000000,3211,3211,0,0.000,292.299,742,26324778
"benchmark-example:dna-extra-8-cpu","bd/dna.100MB",8,1000000,3211,3211,0,0.000,292.299,743,26447837
"benchmark-example:dna-extra-8-cpu","bd/dna.100MB",8,1000000,3211,3211,0,0.000,292.299,744,26493374
"benchmark-example:dna-extra-8-cpu","bd/dna.100MB",8,1000000,3211,3211,0,0.000,292.299,745,26506866
"benchmark-example:dna-extra-8-cpu","bd/dna.100MB",8,1000000,3211,3211,0,0.000,292.299,746,26512873
"benchmark-example:dna-extra-8-cpu","bd/dna.100MB",8,1000000,3211,3211,0,0.000,292.299,747,26561124
"benchmark-example:dna-extra-8-cpu","bd/dna.100MB",8,1000000,3211,3211,0,0.000,292.299,748,26575827
"benchmark-example:dna-extra-8-cpu","bd/dna.100MB",8,1000000,3211,3211,0,0.000,292.299,749,26588368
"benchmark-example:dna-extra-8-cpu","bd/dna.100MB",8,1000000,3211,3211,0,0.000,292.299,750,26616950
"benchmark-example:dna-extra-8-cpu","bd/dna.100MB",8,1000000,3211,3211,0,0.000,292.299,751,26629175
"benchmark-example:dna-extra-8-cpu","bd/dna.100MB",8,1000000,3211,3211,0,0.000,292.299,752,26686866
"benchmark-example:dna-extra-8-cpu","bd/dna.100MB",8,1000000,3211,3211,0,0.000,292.299,753,26696096
"benchmark-example:dna-extra-8-cpu","bd/dna.100MB",8,1000000,3211,3211,0,0.000,292.299,754,26711232
"benchmark-example:dna-extra-8-cpu","bd/dna.100MB",8,1000000,3211,3211,0,0.000,292.299,755,26737493
"benchmark-example:dna-extra-8-cpu","bd/dna.100MB",8,1000000,3211,3211,0,0.000,292.299,756,26790028
"benchmark-example:dna-extra-8-cpu","bd/dna.100MB",8,1000000,3211,3211,0,0.000,292.299,757,26790222
"benchmark-example:dna-extra-8-cpu","bd/dna.100MB",8,1000000,3211,3211,0,0.000,292.299,758,26931678
"benchmark-example:dna-extra-8-cpu","bd/dna.100MB",8,1000000,3211,3211,0,0.000,292.299,759,26955931
"benchmark-example:dna-extra-8-cpu","bd/dna.100MB",8,1000000,3211,3211,0,0.000,292.299,760,26979004
"benchmark-example:dna-extra-8-cpu","bd/dna.100MB",8,1000000,3211,3211,0,0.000,292.299,761,27010745
"benchmark-example:dna-extra-8-cpu","bd/dna.100MB",8,1000000,3211,3211,0,0.000,292.299,762,27059033
"benchmark-example:dna-extra-8-cpu","bd/dna.100MB",8,1000000,3211,3211,0,0.000,292.299,763,27081357
"benchmark-example:dna-extra-8-cpu","bd/dna.100MB",8,1000000,3211,3211,0,0.000,292.299,764,27114923
"benchmark-example:dna-extra-8-cpu","bd/dna.100MB",8,1000000,3211,3211,0,0.000,292.299,765,27167806
"benchmark-example:dna-extra-8-cpu","bd/dna.100MB",8,1000000,3211,3211,0,0.000,292.299,766,27178642
"benchmark-example:dna-extra-8-cpu","bd/dna.100MB",8,1000000,3211,3211,0,0.000,292.299,767,27196953
"benchmark-example:dna-extra-8-cpu","bd/dna.100MB",8,1000000,3211,3211,0,0.000,292.299,768,27237659
"benchmark-example:dna-extra-8-cpu","bd/dna.100MB",8,1000000,3211,3211,0,0.000,292.299,769,27247695
"benchmark-example:dna-extra-8-cpu","bd/dna.100MB",8,1000000,3211,3211,0,0.000,292.299,770,27305121
"benchmark-example:dna-extra-8-cpu","bd/dna.100MB",8,1000000,3211,3211,0,0.000,292.299,771,27314851
"benchmark-example:dna-extra-8-cpu","bd/dna.100MB",8,1000000,3211,3211,0,0.000,292.299,772,27347414
"benchmark-example:dna-extra-8-cpu","bd/dna.100MB",8,1000000,3211,3211,0,0.000,292.299,773,27431544
"benchmark-example:dna-extra-8-cpu","bd/dna.100MB",8,1000000,3211,3211,0,0.000,292.299,774,27471508
"benchmark-example:dna-extra-8-cpu","bd/dna.100MB",8,1000000,3211,3211,0,0.000,292.299,775,27657937
"benchmark-example:dna-extra-8-cpu","bd/dna.100MB",8,1000000,3211,3211,0,0.000,292.299,776,27683808
"benchmark-example:dna-extra-8-cpu","bd/dna.100MB",8,1000000,3211,3211,0,0.000,292.299,777,27747589
"benchmark-example:dna-extra-8-cpu","bd/dna.100MB",8,1000000,3211,3211,0,0.000,292.299,778,27762691
"benchmark-example:dna-extra-8-cpu","bd/dna.100MB",8,1000000,3211,3211,0,0.000,292.299,779,27910017
"benchmark-example:dna-extra-8-cpu","bd/dna.100MB",8,1000000,3211,3211,0,0.000,292.299,780,27943024
"benchmark-example:dna-extra-8-cpu","bd/dna.100MB",8,1000000,3211,3211,0,0.000,292.299,781,27968137
"benchmark-example:dna-extra-8-cpu","bd/dna.100MB",8,1000000,3211,3211,0,0.000,292.299,782,27979684
"benchmark-example:dna-extra-8-cpu","bd/dna.100MB",8,1000000,3211,3211,0,0.000,292.299,783,27999754
"benchmark-example:dna-extra-8-cpu","bd/dna.100MB",8,1000000,3211,3211,0,0.000,292.299,784,28000202
"benchmark-example:dna-extra-8-cpu","bd/dna.100MB",8,1000000,3211,3211,0,0.000,292.299,785,28017609
"benchmark-example:dna-extra-8-cpu","bd/dna.100MB",8,1000000,3211,3211,0,0.000,292.299,786,28026904
"benchmark-example:dna-extra-8-cpu","bd/dna.100MB",8,1000000,3211,3211,0,0.000,292.299,787,28031769
"benchmark-example:dna-extra-8-cpu","bd/dna.100MB",8,1000000,3211,3211,0,0.000,292.299,788,28056580
"benchmark-example:dna-extra-8-cpu","bd/dna.100MB",8,1000000,3211,3211,0,0.000,292.299,789,28058026
"benchmark-example:dna-extra-8-cpu","bd/dna.100MB",8,1000000,3211,3211,0,0.000,292.299,790,28072494
"benchmark-example:dna-extra-8-cpu","bd/dna.100MB",8,1000000,3211,3211,0,0.000,292.299,791,28074728
"benchmark-example:dna-extra-8-cpu","bd/dna.100MB",8,1000000,3211,3211,0,0.000,292.299,792,28136805
"benchmark-example:dna-extra-8-cpu","bd/dna.100MB",8,1000000,3211,3211,0,0.000,292.299,793,28160025
"benchmark-example:dna-extra-8-cpu","bd/dna.100MB",8,1000000,3211,3211,0,0.000,292.299,794,28163600
"benchmark-example:dna-extra-8-cpu","bd/dna.100MB",8,1000000,3211,3211,0,0.000,292.299,795,28169185
"benchmark-example:dna-extra-8-cpu","bd/dna.100MB",8,1000000,3211,3211,0,0.000,292.299,796,28190352
"benchmark-example:dna-extra-8-cpu","bd/dna.100MB",8,1000000,3211,3211,0,0.000,292.299,797,28224314
"benchmark-example:dna-extra-8-cpu","bd/dna.100MB",8,1000000,3211,3211,0,0.000,292.299,798,28298763
"benchmark-example:dna-extra-8-cpu","bd/dna.100MB",8,1000000,3211,3211,0,0.000,292.299,799,28298786
"benchmark-example:dna-extra-8-cpu","bd/dna.100MB",8,1000000,3211,3211,0,0.000,292.299,800,28319818
"benchmark-example:dna-extra-8-cpu","bd/dna.100MB",8,1000000,3211,3211,0,0.000,292.299,801,28369740
"benchmark-example:dna-extra-8-cpu","bd/dna.100MB",8,1000000,3211,3211,0,0.000,292.299,802,28371893
"benchmark-example:dna-extra-8-cpu","bd/dna.100MB",8,1000000,3211,3211,0,0.000,292.299,803,28388058
"benchmark-example:dna-extra-8-cpu","bd/dna.100MB",8,1000000,3211,3211,0,0.000,292.299,804,28423737
"benchmark-example:dna-extra-8-cpu","bd/dna.100MB",8,1000000,3211,3211,0,0.000,292.299,805,28426246
"benchmark-example:dna-extra-8-cpu","bd/dna.100MB",8,1000000,3211,3211,0,0.000,292.299,806,28435014
"benchmark-example:dna-extra-8-cpu","bd/dna.100MB",8,1000000,3211,3211,0,0.000,292.299,807,28436853
"benchmark-example:dna-extra-8-cpu","bd/dna.100MB",8,1000000,3211,3211,0,0.000,292.299,808,28501443
"benchmark-example:dna-extra-8-cpu","bd/dna.100MB",8,1000000,3211,3211,0,0.000,292.299,809,28510931
"benchmark-example:dna-extra-8-cpu","bd/dna.100MB",8,1000000,3211,3211,0,0.000,292.299,810,28514419
"benchmark-example:dna-extra-8-cpu","bd/dna.100MB",8,1000000,3211,3211,0,0.000,292.299,811,28566204
"benchmark-example:dna-extra-8-cpu","bd/dna.100MB",8,1000000,3211,3211,0,0.000,292.299,812,28570836
"benchmark-example:dna-extra-8-cpu","bd/dna.100MB",8,1000000,3211,3211,0,0.000,292.299,813,28589216
"benchmark-example:dna-extra-8-cpu","bd/dna.100MB",8,1000000,3211,3211,0,0.000,292.299,814,28641894
"benchmark-example:dna-extra-8-cpu","bd/dna.100MB",8,1000000,3211,3211,0,0.000,292.299,815,28653280
"benchmark-example:dna-extra-8-cpu","bd/dna.100MB",8,1000000,3211,3211,0,0.000,292.299,816,28723734
"benchmark-example:dna-extra-8-cpu","bd/dna.100MB",8,1000000,3211,3211,0,0.000,292.299,817,28808229
"benchmark-example:dna-extra-8-cpu","bd/dna.100MB",8,1000000,3211,3211,0,0.000,292.299,818,28831568
"benchmark-example:dna-extra-8-cpu","bd/dna.100MB",8,1000000,3211,3211,0,0.000,292.299,819,28836344
"benchmark-example:dna-extra-8-cpu","bd/dna.100MB",8,1000000,3211,3211,0,0.000,292.299,820,28932976
"benchmark-example:dna-extra-8-cpu","bd/dna.100MB",8,1000000,3211,3211,0,0.000,292.299,821,28941918
"benchmark-example:dna-extra-8-cpu","bd/dna.100MB",8,1000000,3211,3211,0,0.000,292.299,822,29008884
"benchmark-example:dna-extra-8-cpu","bd/dna.100MB",8,1000000,3211,3211,0,0.000,292.299,823,29075217
"benchmark-example:dna-extra-8-cpu","bd/dna.100MB",8,1000000,3211,3211,0,0.000,292.299,824,29090990
"benchmark-example:dna-extra-8-cpu","bd/dna.100MB",8,1000000,3211,3211,0,0.000,292.299,825,29144057
"benchmark-example:dna-extra-8-cpu","bd/dna.100MB",8,1000000,3211,3211,0,0.000,292.299,826,29222668
"benchmark-example:dna-extra-8-cpu","bd/dna.100MB",8,1000000,3211,3211,0,0.000,292.299,827,29250336
"benchmark-example:dna-extra-8-cpu","bd/dna.100MB",8,1000000,3211,3211,0,0.000,292.299,828,29264360
"benchmark-example:dna-extra-8-cpu","bd/dna.100MB",8,1000000,3211,3211,0,0.000,292.299,829,29273196
"benchmark-example:dna-extra-8-cpu","bd/dna.100MB",8,1000000,3211,3211,0,0.000,292.299,830,29280898
"benchmark-example:dna-extra-8-cpu","bd/dna.100MB",8,1000000,3211,3211,0,0.000,292.299,831,29324750
"benchmark-example:dna-extra-8-cpu","bd/dna.100MB",8,1000000,3211,3211,0,0.000,292.299,832,29326824
"benchmark-example:dna-extra-8-cpu","bd/dna.100MB",8,1000000,3211,3211,0,0.000,292.299,833,29335982
"benchmark-example:dna-extra-8-cpu","bd/dna.100MB",8,1000000,3211,3211,0,0.000,292.299,834,29336597
"benchmark-example:dna-extra-8-cpu","bd/dna.100MB",8,1000000,3211,3211,0,0.000,292.299,835,29422023
"benchmark-example:dna-extra-8-cpu","bd/dna.100MB",8,1000000,3211,3211,0,0.000,292.299,836,29454692
"benchmark-example:dna-extra-8-cpu","bd/dna.100MB",8,1000000,3211,3211,0,0.000,292.299,837,29456736
"benchmark-example:dna-extra-8-cpu","bd/dna.100MB",8,1000000,3211,3211,0,0.000,292.299,838,29500005
"benchmark-example:dna-extra-8-cpu","bd/dna.100MB",8,1000000,3211,3211,0,0.000,292.299,839,29500867
"benchmark-example:dna-extra-8-cpu","bd/dna.100MB",8,1000000,3211,3211,0,0.000,292.299,840,29500998
"benchmark-example:dna-extra-8-cpu","bd/dna.100MB",8,1000000,3211,3211,0,0.000,292.299,841,29514531
"benchmark-example:dna-extra-8-cpu","bd/dna.100MB",8,1000000,3211,3211,0,0.000,292.299,842,29635864
"benchmark-example:dna-extra-8-cpu","bd/dna.100MB",8,1000000,3211,3211,0,0.000,292.299,843,29650336
"benchmark-example:dna-extra-8-cpu","bd/dna.100MB",8,1000000,3211,3211,0,0.000,292.299,844,29653949
"benchmark-example:dna-extra-8-cpu","bd/dna.100MB",8,1000000,3211,3211,0,0.000,292.299,845,29665255
"benchmark-example:dna-extra-8-cpu","bd/dna.100MB",8,1000000,3211,3211,0,0.000,292.299,846,29725794
"benchmark-example:dna-extra-8-cpu","bd/dna.100MB",8,1000000,3211,3211,0,0.000,292.299,847,29741441
"benchmark-example:dna-extra-8-cpu","bd/dna.100MB",8,1000000,3211,3211,0,0.000,292.299,848,29821680
"benchmark-example:dna-extra-8-cpu","bd/dna.100MB",8,1000000,3211,3211,0,0.000,292.299,849,29827571
"benchmark-example:dna-extra-8-cpu","bd/dna.100MB",8,1000000,3211,3211,0,0.000,292.299,850,29832760
"benchmark-example:dna-extra-8-cpu","bd/dna.100MB",8,1000000,3211,3211,0,0.000,292.299,851,29845393
"benchmark-example:dna-extra-8-cpu","bd/dna.100MB",8,1000000,3211,3211,0,0.000,292.299,852,29925417
"benchmark-example:dna-extra-8-cpu","bd/dna.100MB",8,1000000,3211,3211,0,0.000,292.299,853,29953699
"benchmark-example:dna-extra-8-cpu","bd/dna.100MB",8,1000000,3211,3211,0,0.000,292.299,854,29963531
"benchmark-example:dna-extra-8-cpu","bd/dna.100MB",8,1000000,3211,3211,0,0.000,292.299,855,30036958
"benchmark-example:dna-extra-8-cpu","bd/dna.100MB",8,1000000,3211,3211,0,0.000,292.299,856,30056889
"benchmark-example:dna-extra-8-cpu","bd/dna.100MB",8,1000000,3211,3211,0,0.000,292.299,857,30095935
"benchmark-example:dna-extra-8-cpu","bd/dna.100MB",8,1000000,3211,3211,0,0.000,292.299,858,30105572
"benchmark-example:dna-extra-8-cpu","bd/dna.100MB",8,1000000,3211,3211,0,0.000,292.299,859,30177776
"benchmark-example:dna-extra-8-cpu","bd/dna.100MB",8,1000000,3211,3211,0,0.000,292.299,860,30201530
"benchmark-example:dna-extra-8-cpu","bd/dna.100MB",8,1000000,3211,3211,0,0.000,292.299,861,30218004
"benchmark-example:dna-extra-8-cpu","bd/dna.100MB",8,1000000,3211,3211,0,0.000,292.299,862,30223856
"benchmark-example:dna-extra-8-cpu","bd/dna.100MB",8,1000000,3211,3211,0,0.000,292.299,863,30282938
"benchmark-example:dna-extra-8-cpu","bd/dna.100MB",8,1000000,3211,3211,0,0.000,292.299,864,30348094
"benchmark-example:dna-extra-8-cpu","bd/dna.100MB",8,1000000,3211,3211,0,0.000,292.299,865,30524514
"benchmark-example:dna-extra-8-cpu","bd/dna.100MB",8,1000000,3211,3211,0,0.000,292.299,866,30630446
"benchmark-example:dna-extra-8-cpu","bd/dna.100MB",8,1000000,3211,3211,0,0.000,292.299,867,30657881
"benchmark-example:dna-extra-8-cpu","bd/dna.100MB",8,1000000,3211,3211,0,0.000,292.299,868,30693122
"benchmark-example:dna-extra-8-cpu","bd/dna.100MB",8,1000000,3211,3211,0,0.000,292.299,869,30748903
"benchmark-example:dna-extra-8-cpu","bd/dna.100MB",8,1000000,3211,3211,0,0.000,292.299,870,30781429
"benchmark-example:dna-extra-8-cpu","bd/dna.100MB",8,1000000,3211,3211,0,0.000,292.299,871,30796041
"benchmark-example:dna-extra-8-cpu","bd/dna.100MB",8,1000000,3211,3211,0,0.000,292.299,872,30811730
"benchmark-example:dna-extra-8-cpu","bd/dna.100MB",8,1000000,3211,3211,0,0.000,292.299,873,30815941
"benchmark-example:dna-extra-8-cpu","bd/dna.100MB",8,1000000,3211,3211,0,0.000,292.299,874,30882974
"benchmark-example:dna-extra-8-cpu","bd/dna.100MB",8,1000000,3211,3211,0,0.000,292.299,875,30907092
"benchmark-example:dna-extra-8-cpu","bd/dna.100MB",8,1000000,3211,3211,0,0.000,292.299,876,30926127
"benchmark-example:dna-extra-8-cpu","bd/dna.100MB",8,1000000,3211,3211,0,0.000,292.299,877,30942275
"benchmark-example:dna-extra-8-cpu","bd/dna.100MB",8,1000000,3211,3211,0,0.000,292.299,878,30961299
"benchmark-example:dna-extra-8-cpu","bd/dna.100MB",8,1000000,3211,3211,0,0.000,292.299,879,30968088
"benchmark-example:dna-extra-8-cpu","bd/dna.100MB",8,1000000,3211,3211,0,0.000,292.299,880,30976119
"benchmark-example:dna-extra-8-cpu","bd/dna.100MB",8,1000000,3211,3211,0,0.000,292.299,881,30993385
"benchmark-example:dna-extra-8-cpu","bd/dna.100MB",8,1000000,3211,3211,0,0.000,292.299,882,31107418
"benchmark-example:dna-extra-8-cpu","bd/dna.100MB",8,1000000,3211,3211,0,0.000,292.299,883,31201928
"benchmark-example:dna-extra-8-cpu","bd/dna.100MB",8,1000000,3211,3211,0,0.000,292.299,884,31211369
"benchmark-example:dna-extra-8-cpu","bd/dna.100MB",8,1000000,3211,3211,0,0.000,292.299,885,31389258
"benchmark-example:dna-extra-8-cpu","bd/dna.100MB",8,1000000,3211,3211,0,0.000,292.299,886,31480942
"benchmark-example:dna-extra-8-cpu","bd/dna.100MB",8,1000000,3211,3211,0,0.000,292.299,887,31526981
"benchmark-example:dna-extra-8-cpu","bd/dna.100MB",8,1000000,3211,3211,0,0.000,292.299,888,31553052
"benchmark-example:dna-extra-8-cpu","bd/dna.100MB",8,1000000,3211,3211,0,0.000,292.299,889,31600368
"benchmark-example:dna-extra-8-cpu","bd/dna.100MB",8,1000000,3211,3211,0,0.000,292.299,890,31672804
"benchmark-example:dna-extra-8-cpu","bd/dna.100MB",8,1000000,3211,3211,0,0.000,292.299,891,31674662
"benchmark-example:dna-extra-8-cpu","bd/dna.100MB",8,1000000,3211,3211,0,0.000,292.299,892,31742739
"benchmark-example:dna-extra-8-cpu","bd/dna.100MB",8,1000000,3211,3211,0,0.000,292.299,893,31758725
"benchmark-example:dna-extra-8-cpu","bd/dna.100MB",8,1000000,3211,3211,0,0.000,292.299,894,31879070
"benchmark-example:dna-extra-8-cpu","bd/dna.100MB",8,1000000,3211,3211,0,0.000,292.299,895,31884185
"benchmark-example:dna-extra-8-cpu","bd/dna.100MB",8,1000000,3211,3211,0,0.000,292.299,896,31904999
"benchmark-example:dna-extra-8-cpu","bd/dna.100MB",8,1000000,3211,3211,0,0.000,292.299,897,31906722
"benchmark-example:dna-extra-8-cpu","bd/dna.100MB",8,1000000,3211,3211,0,0.000,292.299,898,31925280
"benchmark-example:dna-extra-8-cpu","bd/dna.100MB",8,1000000,3211,3211,0,0.000,292.299,899,31939660
"benchmark-example:dna-extra-8-cpu","bd/dna.100MB",8,1000000,3211,3211,0,0.000,292.299,900,32042073
"benchmark-example:dna-extra-8-cpu","bd/dna.100MB",8,1000000,3211,3211,0,0.000,292.299,901,32056932
"benchmark-example:dna-extra-8-cpu","bd/dna.100MB",8,1000000,3211,3211,0,0.000,292.299,902,32085718
"benchmark-example:dna-extra-8-cpu","bd/dna.100MB",8,1000000,3211,3211,0,0.000,292.299,903,32091185
"benchmark-example:dna-extra-8-cpu","bd/dna.100MB",8,1000000,3211,3211,0,0.000,292.299,904,32091769
"benchmark-example:dna-extra-8-cpu","bd/dna.100MB",8,1000000,3211,3211,0,0.000,292.299,905,32097295
"benchmark-example:dna-extra-8-cpu","bd/dna.100MB",8,1000000,3211,3211,0,0.000,292.299,906,32126344
"benchmark-example:dna-extra-8-cpu","bd/dna.100MB",8,1000000,3211,3211,0,0.000,292.299,907,32132207
"benchmark-example:dna-extra-8-cpu","bd/dna.100MB",8,1000000,3211,3211,0,0.000,292.299,908,32149120
"benchmark-example:dna-extra-8-cpu","bd/dna.100MB",8,1000000,3211,3211,0,0.000,292.299,909,32208993
"benchmark-example:dna-extra-8-cpu","bd/dna.100MB",8,1000000,3211,3211,0,0.000,292.299,910,32212389
"benchmark-example:dna-extra-8-cpu","bd/dna.100MB",8,1000000,3211,3211,0,0.000,292.299,911,32231381
"benchmark-example:dna-extra-8-cpu","bd/dna.100MB",8,1000000,3211,3211,0,0.000,292.299,912,32279850
"benchmark-example:dna-extra-8-cpu","bd/dna.100MB",8,1000000,3211,3211,0,0.000,292.299,913,32302736
"benchmark-example:dna-extra-8-cpu","bd/dna.100MB",8,1000000,3211,3211,0,0.000,292.299,914,32315120
"benchmark-example:dna-extra-8-cpu","bd/dna.100MB",8,1000000,3211,3211,0,0.000,292.299,915,32318446
"benchmark-example:dna-extra-8-cpu","bd/dna.100MB",8,1000000,3211,3211,0,0.000,292.299,916,32322608
"benchmark-example:dna-extra-8-cpu","bd/dna.100MB",8,1000000,3211,3211,0,0.000,292.299,917,32362526
"benchmark-example:dna-extra-8-cpu","bd/dna.100MB",8,1000000,3211,3211,0,0.000,292.299,918,32364788
"benchmark-example:dna-extra-8-cpu","bd/dna.100MB",8,1000000,3211,3211,0,0.000,292.299,919,32382790
"benchmark-example:dna-extra-8-cpu","bd/dna.100MB",8,1000000,3211,3211,0,0.000,292.299,920,32396462
"benchmark-example:dna-extra-8-cpu","bd/dna.100MB",8,1000000,3211,3211,0,0.000,292.299,921,32399963
"benchmark-example:dna-extra-8-cpu","bd/dna.100MB",8,1000000,3211,3211,0,0.000,292.299,922,32411918
"benchmark-example:dna-extra-8-cpu","bd/dna.100MB",8,1000000,3211,3211,0,0.000,292.299,923,32436006
"benchmark-example:dna-extra-8-cpu","bd/dna.100MB",8,1000000,3211,3211,0,0.000,292.299,924,32454724
"benchmark-example:dna-extra-8-cpu","bd/dna.100MB",8,1000000,3211,3211,0,0.000,292.299,925,32578097
"benchmark-example:dna-extra-8-cpu","bd/dna.100MB",8,1000000,3211,3211,0,0.000,292.299,926,32606412
"benchmark-example:dna-extra-8-cpu","bd/dna.100MB",8,1000000,3211,3211,0,0.000,292.299,927,32673407
"benchmark-example:dna-extra-8-cpu","bd/dna.100MB",8,1000000,3211,3211,0,0.000,292.299,928,32674118
"benchmark-example:dna-extra-8-cpu","bd/dna.100MB",8,1000000,3211,3211,0,0.000,292.299,929,32708573
"benchmark-example:dna-extra-8-cpu","bd/dna.100MB",8,1000000,3211,3211,0,0.000,292.299,930,32738728
"benchmark-example:dna-extra-8-cpu","bd/dna.100MB",8,1000000,3211,3211,0,0.000,292.299,931,32762552
"benchmark-example:dna-extra-8-cpu","bd/dna.100MB",8,1000000,3211,3211,0,0.000,292.299,932,32790076
"benchmark-example:dna-extra-8-cpu","bd/dna.100MB",8,1000000,3211,3211,0,0.000,292.299,933,32799693
"benchmark-example:dna-extra-8-cpu","bd/dna.100MB",8,1000000,3211,3211,0,0.000,292.299,934,32807753
"benchmark-example:dna-extra-8-cpu","bd/dna.100MB",8,1000000,3211,3211,0,0.000,292.299,935,32851425
"benchmark-example:dna-extra-8-cpu","bd/dna.100MB",8,1000000,3211,3211,0,0.000,292.299,936,32924613
"benchmark-example:dna-extra-8-cpu","bd/dna.100MB",8,1000000,3211,3211,0,0.000,292.299,937,32996939
"benchmark-example:dna-extra-8-cpu","bd/dna.100MB",8,1000000,3211,3211,0,0.000,292.299,938,33049097
"benchmark-example:dna-extra-8-cpu","bd/dna.100MB",8,1000000,3211,3211,0,0.000,292.299,939,33098857
"benchmark-example:dna-extra-8-cpu","bd/dna.100MB",8,1000000,3211,3211,0,0.000,292.299,940,33133948
"benchmark-example:dna-extra-8-cpu","bd/dna.100MB",8,1000000,3211,3211,0,0.000,292.299,941,33188482
"benchmark-example:dna-extra-8-cpu","bd/dna.100MB",8,1000000,3211,3211,0,0.000,292.299,942,33225603
"benchmark-example:dna-extra-8-cpu","bd/dna.100MB",8,1000000,3211,3211,0,0.000,292.299,943,33230086
"benchmark-example:dna-extra-8-cpu","bd/dna.100MB",8,1000000,3211,3211,0,0.000,292.299,944,33256924
"benchmark-example:dna-extra-8-cpu","bd/dna.100MB",8,1000000,3211,3211,0,0.000,292.299,945,33263159
"benchmark-example:dna-extra-8-cpu","bd/dna.100MB",8,1000000,3211,3211,0,0.000,292.299,946,33273101
"benchmark-example:dna-extra-8-cpu","bd/dna.100MB",8,1000000,3211,3211,0,0.000,292.299,947,33300026
"benchmark-example:dna-extra-8-cpu","bd/dna.100MB",8,1000000,3211,3211,0,0.000,292.299,948,33343900
"benchmark-example:dna-extra-8-cpu","bd/dna.100MB",8,1000000,3211,3211,0,0.000,292.299,949,33374889
"benchmark-example:dna-extra-8-cpu","bd/dna.100MB",8,1000000,3211,3211,0,0.000,292.299,950,33491472
"benchmark-example:dna-extra-8-cpu","bd/dna.100MB",8,1000000,3211,3211,0,0.000,292.299,951,33543906
"benchmark-example:dna-extra-8-cpu","bd/dna.100MB",8,1000000,3211,3211,0,0.000,292.299,952,33563139
"benchmark-example:dna-extra-8-cpu","bd/dna.100MB",8,1000000,3211,3211,0,0.000,292.299,953,33679073
"benchmark-example:dna-extra-8-cpu","bd/dna.100MB",8,1000000,3211,3211,0,0.000,292.299,954,33752751
"benchmark-example:dna-extra-8-cpu","bd/dna.100MB",8,1000000,3211,3211,0,0.000,292.299,955,33772513
"benchmark-example:dna-extra-8-cpu","bd/dna.100MB",8,1000000,3211,3211,0,0.000,292.299,956,33775630
"benchmark-example:dna-extra-8-cpu","bd/dna.100MB",8,1000000,3211,3211,0,0.000,292.299,957,33803089
"benchmark-example:dna-extra-8-cpu","bd/dna.100MB",8,1000000,3211,3211,0,0.000,292.299,958,33809824
"benchmark-example:dna-extra-8-cpu","bd/dna.100MB",8,1000000,3211,3211,0,0.000,292.299,959,33821072
"benchmark-example:dna-extra-8-cpu","bd/dna.100MB",8,1000000,3211,3211,0,0.000,292.299,960,33824515
"benchmark-example:dna-extra-8-cpu","bd/dna.100MB",8,1000000,3211,3211,0,0.000,292.299,961,33831768
"benchmark-example:dna-extra-8-cpu","bd/dna.100MB",8,1000000,3211,3211,0,0.000,292.299,962,33858688
"benchmark-example:dna-extra-8-cpu","bd/dna.100MB",8,1000000,3211,3211,0,0.000,292.299,963,33875482
"benchmark-example:dna-extra-8-cpu","bd/dna.100MB",8,1000000,3211,3211,0,0.000,292.299,964,33908804
"benchmark-example:dna-extra-8-cpu","bd/dna.100MB",8,1000000,3211,3211,0,0.000,292.299,965,33924086
"benchmark-example:dna-extra-8-cpu","bd/dna.100MB",8,1000000,3211,3211,0,0.000,292.299,966,33951149
"benchmark-example:dna-extra-8-cpu","bd/dna.100MB",8,1000000,3211,3211,0,0.000,292.299,967,33966098
"benchmark-example:dna-extra-8-cpu","bd/dna.100MB",8,1000000,3211,3211,0,0.000,292.299,968,33969685
"benchmark-example:dna-extra-8-cpu","bd/dna.100MB",8,1000000,3211,3211,0,0.000,292.299,969,34042808
"benchmark-example:dna-extra-8-cpu","bd/dna.100MB",8,1000000,3211,3211,0,0.000,292.299,970,34067140
"benchmark-example:dna-extra-8-cpu","bd/dna.100MB",8,1000000,3211,3211,0,0.000,292.299,971,34080833
"benchmark-example:dna-extra-8-cpu","bd/dna.100MB",8,1000000,3211,3211,0,0.000,292.299,972,34139759
"benchmark-example:dna-extra-8-cpu","bd/dna.100MB",8,1000000,3211,3211,0,0.000,292.299,973,34162075
"benchmark-example:dna-extra-8-cpu","bd/dna.100MB",8,1000000,3211,3211,0,0.000,292.299,974,34177854
"benchmark-example:dna-extra-8-cpu","bd/dna.100MB",8,1000000,3211,3211,0,0.000,292.299,975,34192678
"benchmark-example:dna-extra-8-cpu","bd/dna.100MB",8,1000000,3211,3211,0,0.000,292.299,976,34224725
"benchmark-example:dna-extra-8-cpu","bd/dna.100MB",8,1000000,3211,3211,0,0.000,292.299,977,34287463
"benchmark-example:dna-extra-8-cpu","bd/dna.100MB",8,1000000,3211,3211,0,0.000,292.299,978,34290254
"benchmark-example:dna-extra-8-cpu","bd/dna.100MB",8,1000000,3211,3211,0,0.000,292.299,979,34333495
"benchmark-example:dna-extra-8-cpu","bd/dna.100MB",8,1000000,3211,3211,0,0.000,292.299,980,34365609
"benchmark-example:dna-extra-8-cpu","bd/dna.100MB",8,1000000,3211,3211,0,0.000,292.299,981,34374231
"benchmark-example:dna-extra-8-cpu","bd/dna.100MB",8,1000000,3211,3211,0,0.000,292.299,982,34375916
"benchmark-example:dna-extra-8-cpu","bd/dna.100MB",8,1000000,3211,3211,0,0.000,292.299,983,34386557
"benchmark-example:dna-extra-8-cpu","bd/dna.100MB",8,1000000,3211,3211,0,0.000,292.299,984,34388699
"benchmark-example:dna-extra-8-cpu","bd/dna.100MB",8,1000000,3211,3211,0,0.000,292.299,985,34388886
"benchmark-example:dna-extra-8-cpu","bd/dna.100MB",8,1000000,3211,3211,0,0.000,292.299,986,34406903
"benchmark-example:dna-extra-8-cpu","bd/dna.100MB",8,1000000,3211,3211,0,0.000,292.299,987,34418753
"benchmark-example:dna-extra-8-cpu","bd/dna.100MB",8,1000000,3211,3211,0,0.000,292.299,988,34419420
"benchmark-example:dna-extra-8-cpu","bd/dna.100MB",8,1000000,3211,3211,0,0.000,292.299,989,34437984
"benchmark-example:dna-extra-8-cpu","bd/dna.100MB",8,1000000,3211,3211,0,0.000,292.299,990,34444007
"benchmark-example:dna-extra-8-cpu","bd/dna.100MB",8,1000000,3211,3211,0,0.000,292.299,991,34444277
"benchmark-example:dna-extra-8-cpu","bd/dna.100MB",8,1000000,3211,3211,0,0.000,292.299,992,34452587
"benchmark-example:dna-extra-8-cpu","bd/dna.100MB",8,1000000,3211,3211,0,0.000,292.299,993,34467485
"benchmark-example:dna-extra-8-cpu","bd/dna.100MB",8,1000000,3211,3211,0,0.000,292.299,994,34477082
"benchmark-example:dna-extra-8-cpu","bd/dna.100MB",8,1000000,3211,3211,0,0.000,292.299,995,34494318
"benchmark-example:dna-extra-8-cpu","bd/dna.100MB",8,1000000,3211,3211,0,0.000,292.299,996,34560540
"benchmark-example:dna-extra-8-cpu","bd/dna.100MB",8,1000000,3211,3211,0,0.000,292.299,997,34635077
"benchmark-example:dna-extra-8-cpu","bd/dna.100MB",8,1000000,3211,3211,0,0.000,292.299,998,34786370
"benchmark-example:dna-extra-8-cpu","bd/dna.100MB",8,1000000,3211,3211,0,0.000,292.299,999,34808639
"benchmark-example:dna-extra-8-cpu","bd/dna.100MB",8,1000000,3211,3211,0,0.000,292.299,1000,34853619
"benchmark-example:dna-extra-8-cpu","bd/dna.100MB",8,1000000,3211,3211,0,0.000,292.299,1001,34863402
"benchmark-example:dna-extra-8-cpu","bd/dna.100MB",8,1000000,3211,3211,0,0.000,292.299,1002,34868617
"benchmark-example:dna-extra-8-cpu","bd/dna.100MB",8,1000000,3211,3211,0,0.000,292.299,1003,34878863
"benchmark-example:dna-extra-8-cpu","bd/dna.100MB",8,1000000,3211,3211,0,0.000,292.299,1004,34901803
"benchmark-example:dna-extra-8-cpu","bd/dna.100MB",8,1000000,3211,3211,0,0.000,292.299,1005,34917621
"benchmark-example:dna-extra-8-cpu","bd/dna.100MB",8,1000000,3211,3211,0,0.000,292.299,1006,34922974
"benchmark-example:dna-extra-8-cpu","bd/dna.100MB",8,1000000,3211,3211,0,0.000,292.299,1007,34943721
"benchmark-example:dna-extra-8-cpu","bd/dna.100MB",8,1000000,3211,3211,0,0.000,292.299,1008,34976679
"benchmark-example:dna-extra-8-cpu","bd/dna.100MB",8,1000000,3211,3211,0,0.000,292.299,1009,35004766
"benchmark-example:dna-extra-8-cpu","bd/dna.100MB",8,1000000,3211,3211,0,0.000,292.299,1010,35007314
"benchmark-example:dna-extra-8-cpu","bd/dna.100MB",8,1000000,3211,3211,0,0.000,292.299,1011,35021184
"benchmark-example:dna-extra-8-cpu","bd/dna.100MB",8,1000000,3211,3211,0,0.000,292.299,1012,35094276
"benchmark-example:dna-extra-8-cpu","bd/dna.100MB",8,1000000,3211,3211,0,0.000,292.299,1013,35109182
"benchmark-example:dna-extra-8-cpu","bd/dna.100MB",8,1000000,3211,3211,0,0.000,292.299,1014,35217282
"benchmark-example:dna-extra-8-cpu","bd/dna.100MB",8,1000000,3211,3211,0,0.000,292.299,1015,35257195
"benchmark-example:dna-extra-8-cpu","bd/dna.100MB",8,1000000,3211,3211,0,0.000,292.299,1016,35271631
"benchmark-example:dna-extra-8-cpu","bd/dna.100MB",8,1000000,3211,3211,0,0.000,292.299,1017,35300914
"benchmark-example:dna-extra-8-cpu","bd/dna.100MB",8,1000000,3211,3211,0,0.000,292.299,1018,35336277
"benchmark-example:dna-extra-8-cpu","bd/dna.100MB",8,1000000,3211,3211,0,0.000,292.299,1019,35391434
"benchmark-example:dna-extra-8-cpu","bd/dna.100MB",8,1000000,3211,3211,0,0.000,292.299,1020,35395334
"benchmark-example:dna-extra-8-cpu","bd/dna.100MB",8,1000000,3211,3211,0,0.000,292.299,1021,35421476
"benchmark-example:dna-extra-8-cpu","bd/dna.100MB",8,1000000,3211,3211,0,0.000,292.299,1022,35445380
"benchmark-example:dna-extra-8-cpu","bd/dna.100MB",8,1000000,3211,3211,0,0.000,292.299,1023,35485360
"benchmark-example:dna-extra-8-cpu","bd/dna.100MB",8,1000000,3211,3211,0,0.000,292.299,1024,35486495
"benchmark-example:dna-extra-8-cpu","bd/dna.100MB",8,1000000,3211,3211,0,0.000,292.299,1025,35497351
"benchmark-example:dna-extra-8-cpu","bd/dna.100MB",8,1000000,3211,3211,0,0.000,292.299,1026,35564198
"benchmark-example:dna-extra-8-cpu","bd/dna.100MB",8,1000000,3211,3211,0,0.000,292.299,1027,35587690
"benchmark-example:dna-extra-8-cpu","bd/dna.100MB",8,1000000,3211,3211,0,0.000,292.299,1028,35589256
"benchmark-example:dna-extra-8-cpu","bd/dna.100MB",8,1000000,3211,3211,0,0.000,292.299,1029,35602890
"benchmark-example:dna-extra-8-cpu","bd/dna.100MB",8,1000000,3211,3211,0,0.000,292.299,1030,35616588
"benchmark-example:dna-extra-8-cpu","bd/dna.100MB",8,1000000,3211,3211,0,0.000,292.299,1031,35664689
"benchmark-example:dna-extra-8-cpu","bd/dna.100MB",8,1000000,3211,3211,0,0.000,292.299,1032,35671184
"benchmark-example:dna-extra-8-cpu","bd/dna.100MB",8,1000000,3211,3211,0,0.000,292.299,1033,35693626
"benchmark-example:dna-extra-8-cpu","bd/dna.100MB",8,1000000,3211,3211,0,0.000,292.299,1034,35700886
"benchmark-example:dna-extra-8-cpu","bd/dna.100MB",8,1000000,3211,3211,0,0.000,292.299,1035,35727090
"benchmark-example:dna-extra-8-cpu","bd/dna.100MB",8,1000000,3211,3211,0,0.000,292.299,1036,35727128
"benchmark-example:dna-extra-8-cpu","bd/dna.100MB",8,1000000,3211,3211,0,0.000,292.299,1037,35738374
"benchmark-example:dna-extra-8-cpu","bd/dna.100MB",8,1000000,3211,3211,0,0.000,292.299,1038,35783356
"benchmark-example:dna-extra-8-cpu","bd/dna.100MB",8,1000000,3211,3211,0,0.000,292.299,1039,35790631
"benchmark-example:dna-extra-8-cpu","bd/dna.100MB",8,1000000,3211,3211,0,0.000,292.299,1040,35815269
"benchmark-example:dna-extra-8-cpu","bd/dna.100MB",8,1000000,3211,3211,0,0.000,292.299,1041,35819734
"benchmark-example:dna-extra-8-cpu","bd/dna.100MB",8,1000000,3211,3211,0,0.000,292.299,1042,35819995
"benchmark-example:dna-extra-8-cpu","bd/dna.100MB",8,1000000,3211,3211,0,0.000,292.299,1043,35873748
"benchmark-example:dna-extra-8-cpu","bd/dna.100MB",8,1000000,3211,3211,0,0.000,292.299,1044,35878689
"benchmark-example:dna-extra-8-cpu","bd/dna.100MB",8,1000000,3211,3211,0,0.000,292.299,1045,35939995
"benchmark-example:dna-extra-8-cpu","bd/dna.100MB",8,1000000,3211,3211,0,0.000,292.299,1046,35951123
"benchmark-example:dna-extra-8-cpu","bd/dna.100MB",8,1000000,3211,3211,0,0.000,292.299,1047,35965991
"benchmark-example:dna-extra-8-cpu","bd/dna.100MB",8,1000000,3211,3211,0,0.000,292.299,1048,35998014
"benchmark-example:dna-extra-8-cpu","bd/dna.100MB",8,1000000,3211,3211,0,0.000,292.299,1049,36065440
"benchmark-example:dna-extra-8-cpu","bd/dna.100MB",8,1000000,3211,3211,0,0.000,292.299,1050,36067028
"benchmark-example:dna-extra-8-cpu","bd/dna.100MB",8,1000000,3211,3211,0,0.000,292.299,1051,36100996
"benchmark-example:dna-extra-8-cpu","bd/dna.100MB",8,1000000,3211,3211,0,0.000,292.299,1052,36109446
"benchmark-example:dna-extra-8-cpu","bd/dna.100MB",8,1000000,3211,3211,0,0.000,292.299,1053,36109684
"benchmark-example:dna-extra-8-cpu","bd/dna.100MB",8,1000000,3211,3211,0,0.000,292.299,1054,36132886
"benchmark-example:dna-extra-8-cpu","bd/dna.100MB",8,1000000,3211,3211,0,0.000,292.299,1055,36169065
"benchmark-example:dna-extra-8-cpu","bd/dna.100MB",8,1000000,3211,3211,0,0.000,292.299,1056,36179422
"benchmark-example:dna-extra-8-cpu","bd/dna.100MB",8,1000000,3211,3211,0,0.000,292.299,1057,36211460
"benchmark-example:dna-extra-8-cpu","bd/dna.100MB",8,1000000,3211,3211,0,0.000,292.299,1058,36235763
"benchmark-example:dna-extra-8-cpu","bd/dna.100MB",8,1000000,3211,3211,0,0.000,292.299,1059,36243296
"benchmark-example:dna-extra-8-cpu","bd/dna.100MB",8,1000000,3211,3211,0,0.000,292.299,1060,36264285
"benchmark-example:dna-extra-8-cpu","bd/dna.100MB",8,1000000,3211,3211,0,0.000,292.299,1061,36277498
"benchmark-example:dna-extra-8-cpu","bd/dna.100MB",8,1000000,3211,3211,0,0.000,292.299,1062,36312180
"benchmark-example:dna-extra-8-cpu","bd/dna.100MB",8,1000000,3211,3211,0,0.000,292.299,1063,36317012
"benchmark-example:dna-extra-8-cpu","bd/dna.100MB",8,1000000,3211,3211,0,0.000,292.299,1064,36352272
"benchmark-example:dna-extra-8-cpu","bd/dna.100MB",8,1000000,3211,3211,0,0.000,292.299,1065,36361717
"benchmark-example:dna-extra-8-cpu","bd/dna.100MB",8,1000000,3211,3211,0,0.000,292.299,1066,36361978
"benchmark-example:dna-extra-8-cpu","bd/dna.100MB",8,1000000,3211,3211,0,0.000,292.299,1067,36375049
"benchmark-example:dna-extra-8-cpu","bd/dna.100MB",8,1000000,3211,3211,0,0.000,292.299,1068,36386762
"benchmark-example:dna-extra-8-cpu","bd/dna.100MB",8,1000000,3211,3211,0,0.000,292.299,1069,36406748
"benchmark-example:dna-extra-8-cpu","bd/dna.100MB",8,1000000,3211,3211,0,0.000,292.299,1070,36422566
"benchmark-example:dna-extra-8-cpu","bd/dna.100MB",8,1000000,3211,3211,0,0.000,292.299,1071,36430925
"benchmark-example:dna-extra-8-cpu","bd/dna.100MB",8,1000000,3211,3211,0,0.000,292.299,1072,36440658
"benchmark-example:dna-extra-8-cpu","bd/dna.100MB",8,1000000,3211,3211,0,0.000,292.299,1073,36490356
"benchmark-example:dna-extra-8-cpu","bd/dna.100MB",8,1000000,3211,3211,0,0.000,292.299,1074,36551137
"benchmark-example:dna-extra-8-cpu","bd/dna.100MB",8,1000000,3211,3211,0,0.000,292.299,1075,36818046
"benchmark-example:dna-extra-8-cpu","bd/dna.100MB",8,1000000,3211,3211,0,0.000,292.299,1076,36854945
"benchmark-example:dna-extra-8-cpu","bd/dna.100MB",8,1000000,3211,3211,0,0.000,292.299,1077,36871642
"benchmark-example:dna-extra-8-cpu","bd/dna.100MB",8,1000000,3211,3211,0,0.000,292.299,1078,36885500
"benchmark-example:dna-extra-8-cpu","bd/dna.100MB",8,1000000,3211,3211,0,0.000,292.299,1079,36954384
"benchmark-example:dna-extra-8-cpu","bd/dna.100MB",8,1000000,3211,3211,0,0.000,292.299,1080,36986142
"benchmark-example:dna-extra-8-cpu","bd/dna.100MB",8,1000000,3211,3211,0,0.000,292.299,1081,37012085
"benchmark-example:dna-extra-8-cpu","bd/dna.100MB",8,1000000,3211,3211,0,0.000,292.299,1082,37056319
"benchmark-example:dna-extra-8-cpu","bd/dna.100MB",8,1000000,3211,3211,0,0.000,292.299,1083,37100311
"benchmark-example:dna-extra-8-cpu","bd/dna.100MB",8,1000000,3211,3211,0,0.000,292.299,1084,37104771
"benchmark-example:dna-extra-8-cpu","bd/dna.100MB",8,1000000,3211,3211,0,0.000,292.299,1085,37118266
"benchmark-example:dna-extra-8-cpu","bd/dna.100MB",8,1000000,3211,3211,0,0.000,292.299,1086,37178109
"benchmark-example:dna-extra-8-cpu","bd/dna.100MB",8,1000000,3211,3211,0,0.000,292.299,1087,37188990
"benchmark-example:dna-extra-8-cpu","bd/dna.100MB",8,1000000,3211,3211,0,0.000,292.299,1088,37217735
"benchmark-example:dna-extra-8-cpu","bd/dna.100MB",8,1000000,3211,3211,0,0.000,292.299,1089,37218440
"benchmark-example:dna-extra-8-cpu","bd/dna.100MB",8,1000000,3211,3211,0,0.000,292.299,1090,37229936
"benchmark-example:dna-extra-8-cpu","bd/dna.100MB",8,1000000,3211,3211,0,0.000,292.299,1091,37303152
"benchmark-example:dna-extra-8-cpu","bd/dna.100MB",8,1000000,3211,3211,0,0.000,292.299,1092,37327925
"benchmark-example:dna-extra-8-cpu","bd/dna.100MB",8,1000000,3211,3211,0,0.000,292.299,1093,37357236
"benchmark-example:dna-extra-8-cpu","bd/dna.100MB",8,1000000,3211,3211,0,0.000,292.299,1094,37363689
"benchmark-example:dna-extra-8-cpu","bd/dna.100MB",8,1000000,3211,3211,0,0.000,292.299,1095,37405916
"benchmark-example:dna-extra-8-cpu","bd/dna.100MB",8,1000000,3211,3211,0,0.000,292.299,1096,37406951
"benchmark-example:dna-extra-8-cpu","bd/dna.100MB",8,1000000,3211,3211,0,0.000,292.299,1097,37478866
"benchmark-example:dna-extra-8-cpu","bd/dna.100MB",8,1000000,3211,3211,0,0.000,292.299,1098,37481745
"benchmark-example:dna-extra-8-cpu","bd/dna.100MB",8,1000000,3211,3211,0,0.000,292.299,1099,37509886
"benchmark-example:dna-extra-8-cpu","bd/dna.100MB",8,1000000,3211,3211,0,0.000,292.299,1100,37518592
"benchmark-example:dna-extra-8-cpu","bd/dna.100MB",8,1000000,3211,3211,0,0.000,292.299,1101,37543913
"benchmark-example:dna-extra-8-cpu","bd/dna.100MB",8,1000000,3211,3211,0,0.000,292.299,1102,37556599
"benchmark-example:dna-extra-8-cpu","bd/dna.100MB",8,1000000,3211,3211,0,0.000,292.299,1103,37568379
"benchmark-example:dna-extra-8-cpu","bd/dna.100MB",8,1000000,3211,3211,0,0.000,292.299,1104,37573387
"benchmark-example:dna-extra-8-cpu","bd/dna.100MB",8,1000000,3211,3211,0,0.000,292.299,1105,37609018
"benchmark-example:dna-extra-8-cpu","bd/dna.100MB",8,1000000,3211,3211,0,0.000,292.299,1106,37643779
"benchmark-example:dna-extra-8-cpu","bd/dna.100MB",8,1000000,3211,3211,0,0.000,292.299,1107,37678909
"benchmark-example:dna-extra-8-cpu","bd/dna.100MB",8,1000000,3211,3211,0,0.000,292.299,1108,37714071
"benchmark-example:dna-extra-8-cpu","bd/dna.100MB",8,1000000,3211,3211,0,0.000,292.299,1109,37721069
"benchmark-example:dna-extra-8-cpu","bd/dna.100MB",8,1000000,3211,3211,0,0.000,292.299,1110,37760324
"benchmark-example:dna-extra-8-cpu","bd/dna.100MB",8,1000000,3211,3211,0,0.000,292.299,1111,37769507
"benchmark-example:dna-extra-8-cpu","bd/dna.100MB",8,1000000,3211,3211,0,0.000,292.299,1112,37791343
"benchmark-example:dna-extra-8-cpu","bd/dna.100MB",8,1000000,3211,3211,0,0.000,292.299,1113,37853803
"benchmark-example:dna-extra-8-cpu","bd/dna.100MB",8,1000000,3211,3211,0,0.000,292.299,1114,37856340
"benchmark-example:dna-extra-8-cpu","bd/dna.100MB",8,1000000,3211,3211,0,0.000,292.299,1115,37871823
"benchmark-example:dna-extra-8-cpu","bd/dna.100MB",8,1000000,3211,3211,0,0.000,292.299,1116,37878277
"benchmark-example:dna-extra-8-cpu","bd/dna.100MB",8,1000000,3211,3211,0,0.000,292.299,1117,37971113
"benchmark-example:dna-extra-8-cpu","bd/dna.100MB",8,1000000,3211,3211,0,0.000,292.299,1118,37985358
"benchmark-example:dna-extra-8-cpu","bd/dna.100MB",8,1000000,3211,3211,0,0.000,292.299,1119,38059368
"benchmark-example:dna-extra-8-cpu","bd/dna.100MB",8,1000000,3211,3211,0,0.000,292.299,1120,38084088
"benchmark-example:dna-extra-8-cpu","bd/dna.100MB",8,1000000,3211,3211,0,0.000,292.299,1121,38166170
"benchmark-example:dna-extra-8-cpu","bd/dna.100MB",8,1000000,3211,3211,0,0.000,292.299,1122,38166908
"benchmark-example:dna-extra-8-cpu","bd/dna.100MB",8,1000000,3211,3211,0,0.000,292.299,1123,38227034
"benchmark-example:dna-extra-8-cpu","bd/dna.100MB",8,1000000,3211,3211,0,0.000,292.299,1124,38252733
"benchmark-example:dna-extra-8-cpu","bd/dna.100MB",8,1000000,3211,3211,0,0.000,292.299,1125,38262188
"benchmark-example:dna-extra-8-cpu","bd/dna.100MB",8,1000000,3211,3211,0,0.000,292.299,1126,38268512
"benchmark-example:dna-extra-8-cpu","bd/dna.100MB",8,1000000,3211,3211,0,0.000,292.299,1127,38284879
"benchmark-example:dna-extra-8-cpu","bd/dna.100MB",8,1000000,3211,3211,0,0.000,292.299,1128,38285397
"benchmark-example:dna-extra-8-cpu","bd/dna.100MB",8,1000000,3211,3211,0,0.000,292.299,1129,38308153
"benchmark-example:dna-extra-8-cpu","bd/dna.100MB",8,1000000,3211,3211,0,0.000,292.299,1130,38312454
"benchmark-example:dna-extra-8-cpu","bd/dna.100MB",8,1000000,3211,3211,0,0.000,292.299,1131,38330799
"benchmark-example:dna-extra-8-cpu","bd/dna.100MB",8,1000000,3211,3211,0,0.000,292.299,1132,38364899
"benchmark-example:dna-extra-8-cpu","bd/dna.100MB",8,1000000,3211,3211,0,0.000,292.299,1133,38374048
"benchmark-example:dna-extra-8-cpu","bd/dna.100MB",8,1000000,3211,3211,0,0.000,292.299,1134,38382606
"benchmark-example:dna-extra-8-cpu","bd/dna.100MB",8,1000000,3211,3211,0,0.000,292.299,1135,38406441
"benchmark-example:dna-extra-8-cpu","bd/dna.100MB",8,1000000,3211,3211,0,0.000,292.299,1136,38425780
"benchmark-example:dna-extra-8-cpu","bd/dna.100MB",8,1000000,3211,3211,0,0.000,292.299,1137,38528664
"benchmark-example:dna-extra-8-cpu","bd/dna.100MB",8,1000000,3211,3211,0,0.000,292.299,1138,38537449
"benchmark-example:dna-extra-8-cpu","bd/dna.100MB",8,1000000,3211,3211,0,0.000,292.299,1139,38558957
"benchmark-example:dna-extra-8-cpu","bd/dna.100MB",8,1000000,3211,3211,0,0.000,292.299,1140,38572119
"benchmark-example:dna-extra-8-cpu","bd/dna.100MB",8,1000000,3211,3211,0,0.000,292.299,1141,38611452
"benchmark-example:dna-extra-8-cpu","bd/dna.100MB",8,1000000,3211,3211,0,0.000,292.299,1142,38612780
"benchmark-example:dna-extra-8-cpu","bd/dna.100MB",8,1000000,3211,3211,0,0.000,292.299,1143,38721318
"benchmark-example:dna-extra-8-cpu","bd/dna.100MB",8,1000000,3211,3211,0,0.000,292.299,1144,38723257
"benchmark-example:dna-extra-8-cpu","bd/dna.100MB",8,1000000,3211,3211,0,0.000,292.299,1145,38826035
"benchmark-example:dna-extra-8-cpu","bd/dna.100MB",8,1000000,3211,3211,0,0.000,292.299,1146,38842815
"benchmark-example:dna-extra-8-cpu","bd/dna.100MB",8,1000000,3211,3211,0,0.000,292.299,1147,38880899
"benchmark-example:dna-extra-8-cpu","bd/dna.100MB",8,1000000,3211,3211,0,0.000,292.299,1148,38887396
"benchmark-example:dna-extra-8-cpu","bd/dna.100MB",8,1000000,3211,3211,0,0.000,292.299,1149,38906947
"benchmark-example:dna-extra-8-cpu","bd/dna.100MB",8,1000000,3211,3211,0,0.000,292.299,1150,38981013
"benchmark-example:dna-extra-8-cpu","bd/dna.100MB",8,1000000,3211,3211,0,0.000,292.299,1151,39000767
"benchmark-example:dna-extra-8-cpu","bd/dna.100MB",8,1000000,3211,3211,0,0.000,292.299,1152,39022823
"benchmark-example:dna-extra-8-cpu","bd/dna.100MB",8,1000000,3211,3211,0,0.000,292.299,1153,39035970
"benchmark-example:dna-extra-8-cpu","bd/dna.100MB",8,1000000,3211,3211,0,0.000,292.299,1154,39059349
"benchmark-example:dna-extra-8-cpu","bd/dna.100MB",8,1000000,3211,3211,0,0.000,292.299,1155,39063194
"benchmark-example:dna-extra-8-cpu","bd/dna.100MB",8,1000000,3211,3211,0,0.000,292.299,1156,39185520
"benchmark-example:dna-extra-8-cpu","bd/dna.100MB",8,1000000,3211,3211,0,0.000,292.299,1157,39194500
"benchmark-example:dna-extra-8-cpu","bd/dna.100MB",8,1000000,3211,3211,0,0.000,292.299,1158,39209201
"benchmark-example:dna-extra-8-cpu","bd/dna.100MB",8,1000000,3211,3211,0,0.000,292.299,1159,39281131
"benchmark-example:dna-extra-8-cpu","bd/dna.100MB",8,1000000,3211,3211,0,0.000,292.299,1160,39302582
"benchmark-example:dna-extra-8-cpu","bd/dna.100MB",8,1000000,3211,3211,0,0.000,292.299,1161,39308442
"benchmark-example:dna-extra-8-cpu","bd/dna.100MB",8,1000000,3211,3211,0,0.000,292.299,1162,39321137
"benchmark-example:dna-extra-8-cpu","bd/dna.100MB",8,1000000,3211,3211,0,0.000,292.299,1163,39323441
"benchmark-example:dna-extra-8-cpu","bd/dna.100MB",8,1000000,3211,3211,0,0.000,292.299,1164,39391556
"benchmark-example:dna-extra-8-cpu","bd/dna.100MB",8,1000000,3211,3211,0,0.000,292.299,1165,39398090
"benchmark-example:dna-extra-8-cpu","bd/dna.100MB",8,1000000,3211,3211,0,0.000,292.299,1166,39445665
"benchmark-example:dna-extra-8-cpu","bd/dna.100MB",8,1000000,3211,3211,0,0.000,292.299,1167,39447641
"benchmark-example:dna-extra-8-cpu","bd/dna.100MB",8,1000000,3211,3211,0,0.000,292.299,1168,39496926
"benchmark-example:dna-extra-8-cpu","bd/dna.100MB",8,1000000,3211,3211,0,0.000,292.299,1169,39508588
"benchmark-example:dna-extra-8-cpu","bd/dna.100MB",8,1000000,3211,3211,0,0.000,292.299,1170,39548803
"benchmark-example:dna-extra-8-cpu","bd/dna.100MB",8,1000000,3211,3211,0,0.000,292.299,1171,39630588
"benchmark-example:dna-extra-8-cpu","bd/dna.100MB",8,1000000,3211,3211,0,0.000,292.299,1172,39680130
"benchmark-example:dna-extra-8-cpu","bd/dna.100MB",8,1000000,3211,3211,0,0.000,292.299,1173,39683551
"benchmark-example:dna-extra-8-cpu","bd/dna.100MB",8,1000000,3211,3211,0,0.000,292.299,1174,39710664
"benchmark-example:dna-extra-8-cpu","bd/dna.100MB",8,1000000,3211,3211,0,0.000,292.299,1175,39827666
"benchmark-example:dna-extra-8-cpu","bd/dna.100MB",8,1000000,3211,3211,0,0.000,292.299,1176,39842805
"benchmark-example:dna-extra-8-cpu","bd/dna.100MB",8,1000000,3211,3211,0,0.000,292.299,1177,39851844
"benchmark-example:dna-extra-8-cpu","bd/dna.100MB",8,1000000,3211,3211,0,0.000,292.299,1178,39889192
"benchmark-example:dna-extra-8-cpu","bd/dna.100MB",8,1000000,3211,3211,0,0.000,292.299,1179,39908078
"benchmark-example:dna-extra-8-cpu","bd/dna.100MB",8,1000000,3211,3211,0,0.000,292.299,1180,39915051
"benchmark-example:dna-extra-8-cpu","bd/dna.100MB",8,1000000,3211,3211,0,0.000,292.299,1181,39945035
"benchmark-example:dna-extra-8-cpu","bd/dna.100MB",8,1000000,3211,3211,0,0.000,292.299,1182,40005212
"benchmark-example:dna-extra-8-cpu","bd/dna.100MB",8,1000000,3211,3211,0,0.000,292.299,1183,40099375
"benchmark-example:dna-extra-8-cpu","bd/dna.100MB",8,1000000,3211,3211,0,0.000,292.299,1184,40142578
"benchmark-example:dna-extra-8-cpu","bd/dna.100MB",8,1000000,3211,3211,0,0.000,292.299,1185,40173610
"benchmark-example:dna-extra-8-cpu","bd/dna.100MB",8,1000000,3211,3211,0,0.000,292.299,1186,40207614
"benchmark-example:dna-extra-8-cpu","bd/dna.100MB",8,1000000,3211,3211,0,0.000,292.299,1187,40230404
"benchmark-example:dna-extra-8-cpu","bd/dna.100MB",8,1000000,3211,3211,0,0.000,292.299,1188,40241852
"benchmark-example:dna-extra-8-cpu","bd/dna.100MB",8,1000000,3211,3211,0,0.000,292.299,1189,40261208
"benchmark-example:dna-extra-8-cpu","bd/dna.100MB",8,1000000,3211,3211,0,0.000,292.299,1190,40290354
"benchmark-example:dna-extra-8-cpu","bd/dna.100MB",8,1000000,3211,3211,0,0.000,292.299,1191,40325427
"benchmark-example:dna-extra-8-cpu","bd/dna.100MB",8,1000000,3211,3211,0,0.000,292.299,1192,40410167
"benchmark-example:dna-extra-8-cpu","bd/dna.100MB",8,1000000,3211,3211,0,0.000,292.299,1193,40411664
"benchmark-example:dna-extra-8-cpu","bd/dna.100MB",8,1000000,3211,3211,0,0.000,292.299,1194,40458028
"benchmark-example:dna-extra-8-cpu","bd/dna.100MB",8,1000000,3211,3211,0,0.000,292.299,1195,40495916
"benchmark-example:dna-extra-8-cpu","bd/dna.100MB",8,1000000,3211,3211,0,0.000,292.299,1196,40509927
"benchmark-example:dna-extra-8-cpu","bd/dna.100MB",8,1000000,3211,3211,0,0.000,292.299,1197,40532753
"benchmark-example:dna-extra-8-cpu","bd/dna.100MB",8,1000000,3211,3211,0,0.000,292.299,1198,40533381
"benchmark-example:dna-extra-8-cpu","bd/dna.100MB",8,1000000,3211,3211,0,0.000,292.299,1199,40542719
"benchmark-example:dna-extra-8-cpu","bd/dna.100MB",8,1000000,3211,3211,0,0.000,292.299,1200,40549583
"benchmark-example:dna-extra-8-cpu","bd/dna.100MB",8,1000000,3211,3211,0,0.000,292.299,1201,40605296
"benchmark-example:dna-extra-8-cpu","bd/dna.100MB",8,1000000,3211,3211,0,0.000,292.299,1202,40627057
"benchmark-example:dna-extra-8-cpu","bd/dna.100MB",8,1000000,3211,3211,0,0.000,292.299,1203,40631647
"benchmark-example:dna-extra-8-cpu","bd/dna.100MB",8,1000000,3211,3211,0,0.000,292.299,1204,40705667
"benchmark-example:dna-extra-8-cpu","bd/dna.100MB",8,1000000,3211,3211,0,0.000,292.299,1205,40757139
"benchmark-example:dna-extra-8-cpu","bd/dna.100MB",8,1000000,3211,3211,0,0.000,292.299,1206,40786599
"benchmark-example:dna-extra-8-cpu","bd/dna.100MB",8,1000000,3211,3211,0,0.000,292.299,1207,40835708
"benchmark-example:dna-extra-8-cpu","bd/dna.100MB",8,1000000,3211,3211,0,0.000,292.299,1208,40865595
"benchmark-example:dna-extra-8-cpu","bd/dna.100MB",8,1000000,3211,3211,0,0.000,292.299,1209,40958388
"benchmark-example:dna-extra-8-cpu","bd/dna.100MB",8,1000000,3211,3211,0,0.000,292.299,1210,40982136
"benchmark-example:dna-extra-8-cpu","bd/dna.100MB",8,1000000,3211,3211,0,0.000,292.299,1211,41032787
"benchmark-example:dna-extra-8-cpu","bd/dna.100MB",8,1000000,3211,3211,0,0.000,292.299,1212,41040465
"benchmark-example:dna-extra-8-cpu","bd/dna.100MB",8,1000000,3211,3211,0,0.000,292.299,1213,41080943
"benchmark-example:dna-extra-8-cpu","bd/dna.100MB",8,1000000,3211,3211,0,0.000,292.299,1214,41109921
"benchmark-example:dna-extra-8-cpu","bd/dna.100MB",8,1000000,3211,3211,0,0.000,292.299,1215,41130777
"benchmark-example:dna-extra-8-cpu","bd/dna.100MB",8,1000000,3211,3211,0,0.000,292.299,1216,41198102
"benchmark-example:dna-extra-8-cpu","bd/dna.100MB",8,1000000,3211,3211,0,0.000,292.299,1217,41198150
"benchmark-example:dna-extra-8-cpu","bd/dna.100MB",8,1000000,3211,3211,0,0.000,292.299,1218,41198570
"benchmark-example:dna-extra-8-cpu","bd/dna.100MB",8,1000000,3211,3211,0,0.000,292.299,1219,41276180
"benchmark-example:dna-extra-8-cpu","bd/dna.100MB",8,1000000,3211,3211,0,0.000,292.299,1220,41309027
"benchmark-example:dna-extra-8-cpu","bd/dna.100MB",8,1000000,3211,3211,0,0.000,292.299,1221,41343424
"benchmark-example:dna-extra-8-cpu","bd/dna.100MB",8,1000000,3211,3211,0,0.000,292.299,1222,41343457
"benchmark-example:dna-extra-8-cpu","bd/dna.100MB",8,1000000,3211,3211,0,0.000,292.299,1223,41362815
"benchmark-example:dna-extra-8-cpu","bd/dna.100MB",8,1000000,3211,3211,0,0.000,292.299,1224,41385314
"benchmark-example:dna-extra-8-cpu","bd/dna.100MB",8,1000000,3211,3211,0,0.000,292.299,1225,41390118
"benchmark-example:dna-extra-8-cpu","bd/dna.100MB",8,1000000,3211,3211,0,0.000,292.299,1226,41446513
"benchmark-example:dna-extra-8-cpu","bd/dna.100MB",8,1000000,3211,3211,0,0.000,292.299,1227,41453162
"benchmark-example:dna-extra-8-cpu","bd/dna.100MB",8,1000000,3211,3211,0,0.000,292.299,1228,41473689
"benchmark-example:dna-extra-8-cpu","bd/dna.100MB",8,1000000,3211,3211,0,0.000,292.299,1229,41493100
"benchmark-example:dna-extra-8-cpu","bd/dna.100MB",8,1000000,3211,3211,0,0.000,292.299,1230,41494369
"benchmark-example:dna-extra-8-cpu","bd/dna.100MB",8,1000000,3211,3211,0,0.000,292.299,1231,41510155
"benchmark-example:dna-extra-8-cpu","bd/dna.100MB",8,1000000,3211,3211,0,0.000,292.299,1232,41556555
"benchmark-example:dna-extra-8-cpu","bd/dna.100MB",8,1000000,3211,3211,0,0.000,292.299,1233,41695727
"benchmark-example:dna-extra-8-cpu","bd/dna.100MB",8,1000000,3211,3211,0,0.000,292.299,1234,41773516
"benchmark-example:dna-extra-8-cpu","bd/dna.100MB",8,1000000,3211,3211,0,0.000,292.299,1235,41811365
"benchmark-example:dna-extra-8-cpu","bd/dna.100MB",8,1000000,3211,3211,0,0.000,292.299,1236,41823868
"benchmark-example:dna-extra-8-cpu","bd/dna.100MB",8,1000000,3211,3211,0,0.000,292.299,1237,41825122
"benchmark-example:dna-extra-8-cpu","bd/dna.100MB",8,1000000,3211,3211,0,0.000,292.299,1238,41833223
"benchmark-example:dna-extra-8-cpu","bd/dna.100MB",8,1000000,3211,3211,0,0.000,292.299,1239,41857358
"benchmark-example:dna-extra-8-cpu","bd/dna.100MB",8,1000000,3211,3211,0,0.000,292.299,1240,41893394
"benchmark-example:dna-extra-8-cpu","bd/dna.100MB",8,1000000,3211,3211,0,0.000,292.299,1241,41935546
"benchmark-example:dna-extra-8-cpu","bd/dna.100MB",8,1000000,3211,3211,0,0.000,292.299,1242,41946244
"benchmark-example:dna-extra-8-cpu","bd/dna.100MB",8,1000000,3211,3211,0,0.000,292.299,1243,42006315
"benchmark-example:dna-extra-8-cpu","bd/dna.100MB",8,1000000,3211,3211,0,0.000,292.299,1244,42033206
"benchmark-example:dna-extra-8-cpu","bd/dna.100MB",8,1000000,3211,3211,0,0.000,292.299,1245,42087161
"benchmark-example:dna-extra-8-cpu","bd/dna.100MB",8,1000000,3211,3211,0,0.000,292.299,1246,42149098
"benchmark-example:dna-extra-8-cpu","bd/dna.100MB",8,1000000,3211,3211,0,0.000,292.299,1247,42171640
"benchmark-example:dna-extra-8-cpu","bd/dna.100MB",8,1000000,3211,3211,0,0.000,292.299,1248,42194339
"benchmark-example:dna-extra-8-cpu","bd/dna.100MB",8,1000000,3211,3211,0,0.000,292.299,1249,42220712
"benchmark-example:dna-extra-8-cpu","bd/dna.100MB",8,1000000,3211,3211,0,0.000,292.299,1250,42221150
"benchmark-example:dna-extra-8-cpu","bd/dna.100MB",8,1000000,3211,3211,0,0.000,292.299,1251,42281113
"benchmark-example:dna-extra-8-cpu","bd/dna.100MB",8,1000000,3211,3211,0,0.000,292.299,1252,42319718
"benchmark-example:dna-extra-8-cpu","bd/dna.100MB",8,1000000,3211,3211,0,0.000,292.299,1253,42393542
"benchmark-example:dna-extra-8-cpu","bd/dna.100MB",8,1000000,3211,3211,0,0.000,292.299,1254,42396854
"benchmark-example:dna-extra-8-cpu","bd/dna.100MB",8,1000000,3211,3211,0,0.000,292.299,1255,42428059
"benchmark-example:dna-extra-8-cpu","bd/dna.100MB",8,1000000,3211,3211,0,0.000,292.299,1256,42449963
"benchmark-example:dna-extra-8-cpu","bd/dna.100MB",8,1000000,3211,3211,0,0.000,292.299,1257,42457009
"benchmark-example:dna-extra-8-cpu","bd/dna.100MB",8,1000000,3211,3211,0,0.000,292.299,1258,42481656
"benchmark-example:dna-extra-8-cpu","bd/dna.100MB",8,1000000,3211,3211,0,0.000,292.299,1259,42505186
"benchmark-example:dna-extra-8-cpu","bd/dna.100MB",8,1000000,3211,3211,0,0.000,292.299,1260,42552419
"benchmark-example:dna-extra-8-cpu","bd/dna.100MB",8,1000000,3211,3211,0,0.000,292.299,1261,42567667
"benchmark-example:dna-extra-8-cpu","bd/dna.100MB",8,1000000,3211,3211,0,0.000,292.299,1262,42578840
"benchmark-example:dna-extra-8-cpu","bd/dna.100MB",8,1000000,3211,3211,0,0.000,292.299,1263,42599029
"benchmark-example:dna-extra-8-cpu","bd/dna.100MB",8,1000000,3211,3211,0,0.000,292.299,1264,42626847
"benchmark-example:dna-extra-8-cpu","bd/dna.100MB",8,1000000,3211,3211,0,0.000,292.299,1265,42646562
"benchmark-example:dna-extra-8-cpu","bd/dna.100MB",8,1000000,3211,3211,0,0.000,292.299,1266,42658022
"benchmark-example:dna-extra-8-cpu","bd/dna.100MB",8,1000000,3211,3211,0,0.000,292.299,1267,42659730
"benchmark-example:dna-extra-8-cpu","bd/dna.100MB",8,1000000,3211,3211,0,0.000,292.299,1268,42730925
"benchmark-example:dna-extra-8-cpu","bd/dna.100MB",8,1000000,3211,3211,0,0.000,292.299,1269,42734034
"benchmark-example:dna-extra-8-cpu","bd/dna.100MB",8,1000000,3211,3211,0,0.000,292.299,1270,42767236
"benchmark-example:dna-extra-8-cpu","bd/dna.100MB",8,1000000,3211,3211,0,0.000,292.299,1271,42771658
"benchmark-example:dna-extra-8-cpu","bd/dna.100MB",8,1000000,3211,3211,0,0.000,292.299,1272,42777617
"benchmark-example:dna-extra-8-cpu","bd/dna.100MB",8,1000000,3211,3211,0,0.000,292.299,1273,42841263
"benchmark-example:dna-extra-8-cpu","bd/dna.100MB",8,1000000,3211,3211,0,0.000,292.299,1274,42843978
"benchmark-example:dna-extra-8-cpu","bd/dna.100MB",8,1000000,3211,3211,0,0.000,292.299,1275,42851503
"benchmark-example:dna-extra-8-cpu","bd/dna.100MB",8,1000000,3211,3211,0,0.000,292.299,1276,42852877
"benchmark-example:dna-extra-8-cpu","bd/dna.100MB",8,1000000,3211,3211,0,0.000,292.299,1277,42914532
"benchmark-example:dna-extra-8-cpu","bd/dna.100MB",8,1000000,3211,3211,0,0.000,292.299,1278,42916093
"benchmark-example:dna-extra-8-cpu","bd/dna.100MB",8,1000000,3211,3211,0,0.000,292.299,1279,42930305
"benchmark-example:dna-extra-8-cpu","bd/dna.100MB",8,1000000,3211,3211,0,0.000,292.299,1280,42971796
"benchmark-example:dna-extra-8-cpu","bd/dna.100MB",8,1000000,3211,3211,0,0.000,292.299,1281,43012929
"benchmark-example:dna-extra-8-cpu","bd/dna.100MB",8,1000000,3211,3211,0,0.000,292.299,1282,43056352
"benchmark-example:dna-extra-8-cpu","bd/dna.100MB",8,1000000,3211,3211,0,0.000,292.299,1283,43066609
"benchmark-example:dna-extra-8-cpu","bd/dna.100MB",8,1000000,3211,3211,0,0.000,292.299,1284,43071620
"benchmark-example:dna-extra-8-cpu","bd/dna.100MB",8,1000000,3211,3211,0,0.000,292.299,1285,43071637
"benchmark-example:dna-extra-8-cpu","bd/dna.100MB",8,1000000,3211,3211,0,0.000,292.299,1286,43111256
"benchmark-example:dna-extra-8-cpu","bd/dna.100MB",8,1000000,3211,3211,0,0.000,292.299,1287,43134138
"benchmark-example:dna-extra-8-cpu","bd/dna.100MB",8,1000000,3211,3211,0,0.000,292.299,1288,43136047
"benchmark-example:dna-extra-8-cpu","bd/dna.100MB",8,1000000,3211,3211,0,0.000,292.299,1289,43140779
"benchmark-example:dna-extra-8-cpu","bd/dna.100MB",8,1000000,3211,3211,0,0.000,292.299,1290,43248385
"benchmark-example:dna-extra-8-cpu","bd/dna.100MB",8,1000000,3211,3211,0,0.000,292.299,1291,43259847
"benchmark-example:dna-extra-8-cpu","bd/dna.100MB",8,1000000,3211,3211,0,0.000,292.299,1292,43263882
"benchmark-example:dna-extra-8-cpu","bd/dna.100MB",8,1000000,3211,3211,0,0.000,292.299,1293,43276574
"benchmark-example:dna-extra-8-cpu","bd/dna.100MB",8,1000000,3211,3211,0,0.000,292.299,1294,43324605
"benchmark-example:dna-extra-8-cpu","bd/dna.100MB",8,1000000,3211,3211,0,0.000,292.299,1295,43325465
"benchmark-example:dna-extra-8-cpu","bd/dna.100MB",8,1000000,3211,3211,0,0.000,292.299,1296,43345999
"benchmark-example:dna-extra-8-cpu","bd/dna.100MB",8,1000000,3211,3211,0,0.000,292.299,1297,43349660
"benchmark-example:dna-extra-8-cpu","bd/dna.100MB",8,1000000,3211,3211,0,0.000,292.299,1298,43361309
"benchmark-example:dna-extra-8-cpu","bd/dna.100MB",8,1000000,3211,3211,0,0.000,292.299,1299,43400029
"benchmark-example:dna-extra-8-cpu","bd/dna.100MB",8,1000000,3211,3211,0,0.000,292.299,1300,43403273
"benchmark-example:dna-extra-8-cpu","bd/dna.100MB",8,1000000,3211,3211,0,0.000,292.299,1301,43410836
"benchmark-example:dna-extra-8-cpu","bd/dna.100MB",8,1000000,3211,3211,0,0.000,292.299,1302,43448478
"benchmark-example:dna-extra-8-cpu","bd/dna.100MB",8,1000000,3211,3211,0,0.000,292.299,1303,43488877
"benchmark-example:dna-extra-8-cpu","bd/dna.100MB",8,1000000,3211,3211,0,0.000,292.299,1304,43494730
"benchmark-example:dna-extra-8-cpu","bd/dna.100MB",8,1000000,3211,3211,0,0.000,292.299,1305,43542231
"benchmark-example:dna-extra-8-cpu","bd/dna.100MB",8,1000000,3211,3211,0,0.000,292.299,1306,43542461
"benchmark-example:dna-extra-8-cpu","bd/dna.100MB",8,1000000,3211,3211,0,0.000,292.299,1307,43571464
"benchmark-example:dna-extra-8-cpu","bd/dna.100MB",8,1000000,3211,3211,0,0.000,292.299,1308,43578923
"benchmark-example:dna-extra-8-cpu","bd/dna.100MB",8,1000000,3211,3211,0,0.000,292.299,1309,43645019
"benchmark-example:dna-extra-8-cpu","bd/dna.100MB",8,1000000,3211,3211,0,0.000,292.299,1310,43668519
"benchmark-example:dna-extra-8-cpu","bd/dna.100MB",8,1000000,3211,3211,0,0.000,292.299,1311,43672768
"benchmark-example:dna-extra-8-cpu","bd/dna.100MB",8,1000000,3211,3211,0,0.000,292.299,1312,43696174
"benchmark-example:dna-extra-8-cpu","bd/dna.100MB",8,1000000,3211,3211,0,0.000,292.299,1313,43718259
"benchmark-example:dna-extra-8-cpu","bd/dna.100MB",8,1000000,3211,3211,0,0.000,292.299,1314,43794054
"benchmark-example:dna-extra-8-cpu","bd/dna.100MB",8,1000000,3211,3211,0,0.000,292.299,1315,43795430
"benchmark-example:dna-extra-8-cpu","bd/dna.100MB",8,1000000,3211,3211,0,0.000,292.299,1316,43813296
"benchmark-example:dna-extra-8-cpu","bd/dna.100MB",8,1000000,3211,3211,0,0.000,292.299,1317,43844547
"benchmark-example:dna-extra-8-cpu","bd/dna.100MB",8,1000000,3211,3211,0,0.000,292.299,1318,43873001
"benchmark-example:dna-extra-8-cpu","bd/dna.100MB",8,1000000,3211,3211,0,0.000,292.299,1319,43889361
"benchmark-example:dna-extra-8-cpu","bd/dna.100MB",8,1000000,3211,3211,0,0.000,292.299,1320,43915052
"benchmark-example:dna-extra-8-cpu","bd/dna.100MB",8,1000000,3211,3211,0,0.000,292.299,1321,43923443
"benchmark-example:dna-extra-8-cpu","bd/dna.100MB",8,1000000,3211,3211,0,0.000,292.299,1322,43946957
"benchmark-example:dna-extra-8-cpu","bd/dna.100MB",8,1000000,3211,3211,0,0.000,292.299,1323,43976128
"benchmark-example:dna-extra-8-cpu","bd/dna.100MB",8,1000000,3211,3211,0,0.000,292.299,1324,43986336
"benchmark-example:dna-extra-8-cpu","bd/dna.100MB",8,1000000,3211,3211,0,0.000,292.299,1325,44026550
"benchmark-example:dna-extra-8-cpu","bd/dna.100MB",8,1000000,3211,3211,0,0.000,292.299,1326,44028061
"benchmark-example:dna-extra-8-cpu","bd/dna.100MB",8,1000000,3211,3211,0,0.000,292.299,1327,44038809
"benchmark-example:dna-extra-8-cpu","bd/dna.100MB",8,1000000,3211,3211,0,0.000,292.299,1328,44065051
"benchmark-example:dna-extra-8-cpu","bd/dna.100MB",8,1000000,3211,3211,0,0.000,292.299,1329,44076842
"benchmark-example:dna-extra-8-cpu","bd/dna.100MB",8,1000000,3211,3211,0,0.000,292.299,1330,44119066
"benchmark-example:dna-extra-8-cpu","bd/dna.100MB",8,1000000,3211,3211,0,0.000,292.299,1331,44130509
"benchmark-example:dna-extra-8-cpu","bd/dna.100MB",8,1000000,3211,3211,0,0.000,292.299,1332,44132592
"benchmark-example:dna-extra-8-cpu","bd/dna.100MB",8,1000000,3211,3211,0,0.000,292.299,1333,44143180
"benchmark-example:dna-extra-8-cpu","bd/dna.100MB",8,1000000,3211,3211,0,0.000,292.299,1334,44148420
"benchmark-example:dna-extra-8-cpu","bd/dna.100MB",8,1000000,3211,3211,0,0.000,292.299,1335,44185065
"benchmark-example:dna-extra-8-cpu","bd/dna.100MB",8,1000000,3211,3211,0,0.000,292.299,1336,44211685
"benchmark-example:dna-extra-8-cpu","bd/dna.100MB",8,1000000,3211,3211,0,0.000,292.299,1337,44230182
"benchmark-example:dna-extra-8-cpu","bd/dna.100MB",8,1000000,3211,3211,0,0.000,292.299,1338,44240228
"benchmark-example:dna-extra-8-cpu","bd/dna.100MB",8,1000000,3211,3211,0,0.000,292.299,1339,44260842
"benchmark-example:dna-extra-8-cpu","bd/dna.100MB",8,1000000,3211,3211,0,0.000,292.299,1340,44262421
"benchmark-example:dna-extra-8-cpu","bd/dna.100MB",8,1000000,3211,3211,0,0.000,292.299,1341,44264391
"benchmark-example:dna-extra-8-cpu","bd/dna.100MB",8,1000000,3211,3211,0,0.000,292.299,1342,44281789
"benchmark-example:dna-extra-8-cpu","bd/dna.100MB",8,1000000,3211,3211,0,0.000,292.299,1343,44284614
"benchmark-example:dna-extra-8-cpu","bd/dna.100MB",8,1000000,3211,3211,0,0.000,292.299,1344,44357520
"benchmark-example:dna-extra-8-cpu","bd/dna.100MB",8,1000000,3211,3211,0,0.000,292.299,1345,44358406
"benchmark-example:dna-extra-8-cpu","bd/dna.100MB",8,1000000,3211,3211,0,0.000,292.299,1346,44383548
"benchmark-example:dna-extra-8-cpu","bd/dna.100MB",8,1000000,3211,3211,0,0.000,292.299,1347,44389056
"benchmark-example:dna-extra-8-cpu","bd/dna.100MB",8,1000000,3211,3211,0,0.000,292.299,1348,44428292
"benchmark-example:dna-extra-8-cpu","bd/dna.100MB",8,1000000,3211,3211,0,0.000,292.299,1349,44464648
"benchmark-example:dna-extra-8-cpu","bd/dna.100MB",8,1000000,3211,3211,0,0.000,292.299,1350,44493450
"benchmark-example:dna-extra-8-cpu","bd/dna.100MB",8,1000000,3211,3211,0,0.000,292.299,1351,44504745
"benchmark-example:dna-extra-8-cpu","bd/dna.100MB",8,1000000,3211,3211,0,0.000,292.299,1352,44530862
"benchmark-example:dna-extra-8-cpu","bd/dna.100MB",8,1000000,3211,3211,0,0.000,292.299,1353,44531860
"benchmark-example:dna-extra-8-cpu","bd/dna.100MB",8,1000000,3211,3211,0,0.000,292.299,1354,44541849
"benchmark-example:dna-extra-8-cpu","bd/dna.100MB",8,1000000,3211,3211,0,0.000,292.299,1355,44547293
"benchmark-example:dna-extra-8-cpu","bd/dna.100MB",8,1000000,3211,3211,0,0.000,292.299,1356,44683246
"benchmark-example:dna-extra-8-cpu","bd/dna.100MB",8,1000000,3211,3211,0,0.000,292.299,1357,44752240
"benchmark-example:dna-extra-8-cpu","bd/dna.100MB",8,1000000,3211,3211,0,0.000,292.299,1358,44757511
"benchmark-example:dna-extra-8-cpu","bd/dna.100MB",8,1000000,3211,3211,0,0.000,292.299,1359,44760236
"benchmark-example:dna-extra-8-cpu","bd/dna.100MB",8,1000000,3211,3211,0,0.000,292.299,1360,44764015
"benchmark-example:dna-extra-8-cpu","bd/dna.100MB",8,1000000,3211,3211,0,0.000,292.299,1361,44853177
"benchmark-example:dna-extra-8-cpu","bd/dna.100MB",8,1000000,3211,3211,0,0.000,292.299,1362,44861669
"benchmark-example:dna-extra-8-cpu","bd/dna.100MB",8,1000000,3211,3211,0,0.000,292.299,1363,44868310
"benchmark-example:dna-extra-8-cpu","bd/dna.100MB",8,1000000,3211,3211,0,0.000,292.299,1364,45006916
"benchmark-example:dna-extra-8-cpu","bd/dna.100MB",8,1000000,3211,3211,0,0.000,292.299,1365,45033027
"benchmark-example:dna-extra-8-cpu","bd/dna.100MB",8,1000000,3211,3211,0,0.000,292.299,1366,45062516
"benchmark-example:dna-extra-8-cpu","bd/dna.100MB",8,1000000,3211,3211,0,0.000,292.299,1367,45105280
"benchmark-example:dna-extra-8-cpu","bd/dna.100MB",8,1000000,3211,3211,0,0.000,292.299,1368,45148967
"benchmark-example:dna-extra-8-cpu","bd/dna.100MB",8,1000000,3211,3211,0,0.000,292.299,1369,45196766
"benchmark-example:dna-extra-8-cpu","bd/dna.100MB",8,1000000,3211,3211,0,0.000,292.299,1370,45278974
"benchmark-example:dna-extra-8-cpu","bd/dna.100MB",8,1000000,3211,3211,0,0.000,292.299,1371,45298112
"benchmark-example:dna-extra-8-cpu","bd/dna.100MB",8,1000000,3211,3211,0,0.000,292.299,1372,45307367
"benchmark-example:dna-extra-8-cpu","bd/dna.100MB",8,1000000,3211,3211,0,0.000,292.299,1373,45319745
"benchmark-example:dna-extra-8-cpu","bd/dna.100MB",8,1000000,3211,3211,0,0.000,292.299,1374,45326395
"benchmark-example:dna-extra-8-cpu","bd/dna.100MB",8,1000000,3211,3211,0,0.000,292.299,1375,45356502
"benchmark-example:dna-extra-8-cpu","bd/dna.100MB",8,1000000,3211,3211,0,0.000,292.299,1376,45397224
"benchmark-example:dna-extra-8-cpu","bd/dna.100MB",8,1000000,3211,3211,0,0.000,292.299,1377,45419208
"benchmark-example:dna-extra-8-cpu","bd/dna.100MB",8,1000000,3211,3211,0,0.000,292.299,1378,45527074
"benchmark-example:dna-extra-8-cpu","bd/dna.100MB",8,1000000,3211,3211,0,0.000,292.299,1379,45564023
"benchmark-example:dna-extra-8-cpu","bd/dna.100MB",8,1000000,3211,3211,0,0.000,292.299,1380,45572430
"benchmark-example:dna-extra-8-cpu","bd/dna.100MB",8,1000000,3211,3211,0,0.000,292.299,1381,45624166
"benchmark-example:dna-extra-8-cpu","bd/dna.100MB",8,1000000,3211,3211,0,0.000,292.299,1382,45650015
"benchmark-example:dna-extra-8-cpu","bd/dna.100MB",8,1000000,3211,3211,0,0.000,292.299,1383,45669409
"benchmark-example:dna-extra-8-cpu","bd/dna.100MB",8,1000000,3211,3211,0,0.000,292.299,1384,45703228
"benchmark-example:dna-extra-8-cpu","bd/dna.100MB",8,1000000,3211,3211,0,0.000,292.299,1385,45709138
"benchmark-example:dna-extra-8-cpu","bd/dna.100MB",8,1000000,3211,3211,0,0.000,292.299,1386,45730889
"benchmark-example:dna-extra-8-cpu","bd/dna.100MB",8,1000000,3211,3211,0,0.000,292.299,1387,45752364
"benchmark-example:dna-extra-8-cpu","bd/dna.100MB",8,1000000,3211,3211,0,0.000,292.299,1388,45752810
"benchmark-example:dna-extra-8-cpu","bd/dna.100MB",8,1000000,3211,3211,0,0.000,292.299,1389,45772532
"benchmark-example:dna-extra-8-cpu","bd/dna.100MB",8,1000000,3211,3211,0,0.000,292.299,1390,45961580
"benchmark-example:dna-extra-8-cpu","bd/dna.100MB",8,1000000,3211,3211,0,0.000,292.299,1391,45999750
"benchmark-example:dna-extra-8-cpu","bd/dna.100MB",8,1000000,3211,3211,0,0.000,292.299,1392,46015513
"benchmark-example:dna-extra-8-cpu","bd/dna.100MB",8,1000000,3211,3211,0,0.000,292.299,1393,46027942
"benchmark-example:dna-extra-8-cpu","bd/dna.100MB",8,1000000,3211,3211,0,0.000,292.299,1394,46086847
"benchmark-example:dna-extra-8-cpu","bd/dna.100MB",8,1000000,3211,3211,0,0.000,292.299,1395,46282471
"benchmark-example:dna-extra-8-cpu","bd/dna.100MB",8,1000000,3211,3211,0,0.000,292.299,1396,46338798
"benchmark-example:dna-extra-8-cpu","bd/dna.100MB",8,1000000,3211,3211,0,0.000,292.299,1397,46403715
"benchmark-example:dna-extra-8-cpu","bd/dna.100MB",8,1000000,3211,3211,0,0.000,292.299,1398,46440342
"benchmark-example:dna-extra-8-cpu","bd/dna.100MB",8,1000000,3211,3211,0,0.000,292.299,1399,46486774
"benchmark-example:dna-extra-8-cpu","bd/dna.100MB",8,1000000,3211,3211,0,0.000,292.299,1400,46492998
"benchmark-example:dna-extra-8-cpu","bd/dna.100MB",8,1000000,3211,3211,0,0.000,292.299,1401,46499667
"benchmark-example:dna-extra-8-cpu","bd/dna.100MB",8,1000000,3211,3211,0,0.000,292.299,1402,46576962
"benchmark-example:dna-extra-8-cpu","bd/dna.100MB",8,1000000,3211,3211,0,0.000,292.299,1403,46636739
"benchmark-example:dna-extra-8-cpu","bd/dna.100MB",8,1000000,3211,3211,0,0.000,292.299,1404,46661691
"benchmark-example:dna-extra-8-cpu","bd/dna.100MB",8,1000000,3211,3211,0,0.000,292.299,1405,46764602
"benchmark-example:dna-extra-8-cpu","bd/dna.100MB",8,1000000,3211,3211,0,0.000,292.299,1406,46811182
"benchmark-example:dna-extra-8-cpu","bd/dna.100MB",8,1000000,3211,3211,0,0.000,292.299,1407,46846432
"benchmark-example:dna-extra-8-cpu","bd/dna.100MB",8,1000000,3211,3211,0,0.000,292.299,1408,46851690
"benchmark-example:dna-extra-8-cpu","bd/dna.100MB",8,1000000,3211,3211,0,0.000,292.299,1409,46920484
"benchmark-example:dna-extra-8-cpu","bd/dna.100MB",8,1000000,3211,3211,0,0.000,292.299,1410,46934742
"benchmark-example:dna-extra-8-cpu","bd/dna.100MB",8,1000000,3211,3211,0,0.000,292.299,1411,46934830
"benchmark-example:dna-extra-8-cpu","bd/dna.100MB",8,1000000,3211,3211,0,0.000,292.299,1412,47014550
"benchmark-example:dna-extra-8-cpu","bd/dna.100MB",8,1000000,3211,3211,0,0.000,292.299,1413,47040943
"benchmark-example:dna-extra-8-cpu","bd/dna.100MB",8,1000000,3211,3211,0,0.000,292.299,1414,47098198
"benchmark-example:dna-extra-8-cpu","bd/dna.100MB",8,1000000,3211,3211,0,0.000,292.299,1415,47124550
"benchmark-example:dna-extra-8-cpu","bd/dna.100MB",8,1000000,3211,3211,0,0.000,292.299,1416,47227271
"benchmark-example:dna-extra-8-cpu","bd/dna.100MB",8,1000000,3211,3211,0,0.000,292.299,1417,47258813
"benchmark-example:dna-extra-8-cpu","bd/dna.100MB",8,1000000,3211,3211,0,0.000,292.299,1418,47269788
"benchmark-example:dna-extra-8-cpu","bd/dna.100MB",8,1000000,3211,3211,0,0.000,292.299,1419,47284591
"benchmark-example:dna-extra-8-cpu","bd/dna.100MB",8,1000000,3211,3211,0,0.000,292.299,1420,47324233
"benchmark-example:dna-extra-8-cpu","bd/dna.100MB",8,1000000,3211,3211,0,0.000,292.299,1421,47377289
"benchmark-example:dna-extra-8-cpu","bd/dna.100MB",8,1000000,3211,3211,0,0.000,292.299,1422,47413258
"benchmark-example:dna-extra-8-cpu","bd/dna.100MB",8,1000000,3211,3211,0,0.000,292.299,1423,47493200
"benchmark-example:dna-extra-8-cpu","bd/dna.100MB",8,1000000,3211,3211,0,0.000,292.299,1424,47509907
"benchmark-example:dna-extra-8-cpu","bd/dna.100MB",8,1000000,3211,3211,0,0.000,292.299,1425,47573117
"benchmark-example:dna-extra-8-cpu","bd/dna.100MB",8,1000000,3211,3211,0,0.000,292.299,1426,47694328
"benchmark-example:dna-extra-8-cpu","bd/dna.100MB",8,1000000,3211,3211,0,0.000,292.299,1427,47720009
"benchmark-example:dna-extra-8-cpu","bd/dna.100MB",8,1000000,3211,3211,0,0.000,292.299,1428,47753871
"benchmark-example:dna-extra-8-cpu","bd/dna.100MB",8,1000000,3211,3211,0,0.000,292.299,1429,47802814
"benchmark-example:dna-extra-8-cpu","bd/dna.100MB",8,1000000,3211,3211,0,0.000,292.299,1430,47805273
"benchmark-example:dna-extra-8-cpu","bd/dna.100MB",8,1000000,3211,3211,0,0.000,292.299,1431,47820137
"benchmark-example:dna-extra-8-cpu","bd/dna.100MB",8,1000000,3211,3211,0,0.000,292.299,1432,47822986
"benchmark-example:dna-extra-8-cpu","bd/dna.100MB",8,1000000,3211,3211,0,0.000,292.299,1433,47840476
"benchmark-example:dna-extra-8-cpu","bd/dna.100MB",8,1000000,3211,3211,0,0.000,292.299,1434,47854169
"benchmark-example:dna-extra-8-cpu","bd/dna.100MB",8,1000000,3211,3211,0,0.000,292.299,1435,47894006
"benchmark-example:dna-extra-8-cpu","bd/dna.100MB",8,1000000,3211,3211,0,0.000,292.299,1436,47904647
"benchmark-example:dna-extra-8-cpu","bd/dna.100MB",8,1000000,3211,3211,0,0.000,292.299,1437,47924510
"benchmark-example:dna-extra-8-cpu","bd/dna.100MB",8,1000000,3211,3211,0,0.000,292.299,1438,47947986
"benchmark-example:dna-extra-8-cpu","bd/dna.100MB",8,1000000,3211,3211,0,0.000,292.299,1439,47994650
"benchmark-example:dna-extra-8-cpu","bd/dna.100MB",8,1000000,3211,3211,0,0.000,292.299,1440,48084912
"benchmark-example:dna-extra-8-cpu","bd/dna.100MB",8,1000000,3211,3211,0,0.000,292.299,1441,48126430
"benchmark-example:dna-extra-8-cpu","bd/dna.100MB",8,1000000,3211,3211,0,0.000,292.299,1442,48131982
"benchmark-example:dna-extra-8-cpu","bd/dna.100MB",8,1000000,3211,3211,0,0.000,292.299,1443,48161070
"benchmark-example:dna-extra-8-cpu","bd/dna.100MB",8,1000000,3211,3211,0,0.000,292.299,1444,48175523
"benchmark-example:dna-extra-8-cpu","bd/dna.100MB",8,1000000,3211,3211,0,0.000,292.299,1445,48192549
"benchmark-example:dna-extra-8-cpu","bd/dna.100MB",8,1000000,3211,3211,0,0.000,292.299,1446,48239135
"benchmark-example:dna-extra-8-cpu","bd/dna.100MB",8,1000000,3211,3211,0,0.000,292.299,1447,48250616
"benchmark-example:dna-extra-8-cpu","bd/dna.100MB",8,1000000,3211,3211,0,0.000,292.299,1448,48290834
"benchmark-example:dna-extra-8-cpu","bd/dna.100MB",8,1000000,3211,3211,0,0.000,292.299,1449,48295387
"benchmark-example:dna-extra-8-cpu","bd/dna.100MB",8,1000000,3211,3211,0,0.000,292.299,1450,48302178
"benchmark-example:dna-extra-8-cpu","bd/dna.100MB",8,1000000,3211,3211,0,0.000,292.299,1451,48308755
"benchmark-example:dna-extra-8-cpu","bd/dna.100MB",8,1000000,3211,3211,0,0.000,292.299,1452,48366522
"benchmark-example:dna-extra-8-cpu","bd/dna.100MB",8,1000000,3211,3211,0,0.000,292.299,1453,48379675
"benchmark-example:dna-extra-8-cpu","bd/dna.100MB",8,1000000,3211,3211,0,0.000,292.299,1454,48411277
"benchmark-example:dna-extra-8-cpu","bd/dna.100MB",8,1000000,3211,3211,0,0.000,292.299,1455,48420801
"benchmark-example:dna-extra-8-cpu","bd/dna.100MB",8,1000000,3211,3211,0,0.000,292.299,1456,48456673
"benchmark-example:dna-extra-8-cpu","bd/dna.100MB",8,1000000,3211,3211,0,0.000,292.299,1457,48458321
"benchmark-example:dna-extra-8-cpu","bd/dna.100MB",8,1000000,3211,3211,0,0.000,292.299,1458,48481145
"benchmark-example:dna-extra-8-cpu","bd/dna.100MB",8,1000000,3211,3211,0,0.000,292.299,1459,48488251
"benchmark-example:dna-extra-8-cpu","bd/dna.100MB",8,1000000,3211,3211,0,0.000,292.299,1460,48527358
"benchmark-example:dna-extra-8-cpu","bd/dna.100MB",8,1000000,3211,3211,0,0.000,292.299,1461,48571661
"benchmark-example:dna-extra-8-cpu","bd/dna.100MB",8,1000000,3211,3211,0,0.000,292.299,1462,48593549
"benchmark-example:dna-extra-8-cpu","bd/dna.100MB",8,1000000,3211,3211,0,0.000,292.299,1463,48628271
"benchmark-example:dna-extra-8-cpu","bd/dna.100MB",8,1000000,3211,3211,0,0.000,292.299,1464,48677547
"benchmark-example:dna-extra-8-cpu","bd/dna.100MB",8,1000000,3211,3211,0,0.000,292.299,1465,48692096
"benchmark-example:dna-extra-8-cpu","bd/dna.100MB",8,1000000,3211,3211,0,0.000,292.299,1466,48698809
"benchmark-example:dna-extra-8-cpu","bd/dna.100MB",8,1000000,3211,3211,0,0.000,292.299,1467,48704826
"benchmark-example:dna-extra-8-cpu","bd/dna.100MB",8,1000000,3211,3211,0,0.000,292.299,1468,48721941
"benchmark-example:dna-extra-8-cpu","bd/dna.100MB",8,1000000,3211,3211,0,0.000,292.299,1469,48757665
"benchmark-example:dna-extra-8-cpu","bd/dna.100MB",8,1000000,3211,3211,0,0.000,292.299,1470,48762055
"benchmark-example:dna-extra-8-cpu","bd/dna.100MB",8,1000000,3211,3211,0,0.000,292.299,1471,48762105
"benchmark-example:dna-extra-8-cpu","bd/dna.100MB",8,1000000,3211,3211,0,0.000,292.299,1472,48776472
"benchmark-example:dna-extra-8-cpu","bd/dna.100MB",8,1000000,3211,3211,0,0.000,292.299,1473,48782786
"benchmark-example:dna-extra-8-cpu","bd/dna.100MB",8,1000000,3211,3211,0,0.000,292.299,1474,48807420
"benchmark-example:dna-extra-8-cpu","bd/dna.100MB",8,1000000,3211,3211,0,0.000,292.299,1475,48835670
"benchmark-example:dna-extra-8-cpu","bd/dna.100MB",8,1000000,3211,3211,0,0.000,292.299,1476,48847963
"benchmark-example:dna-extra-8-cpu","bd/dna.100MB",8,1000000,3211,3211,0,0.000,292.299,1477,48886196
"benchmark-example:dna-extra-8-cpu","bd/dna.100MB",8,1000000,3211,3211,0,0.000,292.299,1478,48888799
"benchmark-example:dna-extra-8-cpu","bd/dna.100MB",8,1000000,3211,3211,0,0.000,292.299,1479,48928573
"benchmark-example:dna-extra-8-cpu","bd/dna.100MB",8,1000000,3211,3211,0,0.000,292.299,1480,48942142
"benchmark-example:dna-extra-8-cpu","bd/dna.100MB",8,1000000,3211,3211,0,0.000,292.299,1481,48947809
"benchmark-example:dna-extra-8-cpu","bd/dna.100MB",8,1000000,3211,3211,0,0.000,292.299,1482,49138166
"benchmark-example:dna-extra-8-cpu","bd/dna.100MB",8,1000000,3211,3211,0,0.000,292.299,1483,49165362
"benchmark-example:dna-extra-8-cpu","bd/dna.100MB",8,1000000,3211,3211,0,0.000,292.299,1484,49169145
"benchmark-example:dna-extra-8-cpu","bd/dna.100MB",8,1000000,3211,3211,0,0.000,292.299,1485,49173721
"benchmark-example:dna-extra-8-cpu","bd/dna.100MB",8,1000000,3211,3211,0,0.000,292.299,1486,49179474
"benchmark-example:dna-extra-8-cpu","bd/dna.100MB",8,1000000,3211,3211,0,0.000,292.299,1487,49196175
"benchmark-example:dna-extra-8-cpu","bd/dna.100MB",8,1000000,3211,3211,0,0.000,292.299,1488,49274078
"benchmark-example:dna-extra-8-cpu","bd/dna.100MB",8,1000000,3211,3211,0,0.000,292.299,1489,49283556
"benchmark-example:dna-extra-8-cpu","bd/dna.100MB",8,1000000,3211,3211,0,0.000,292.299,1490,49285654
"benchmark-example:dna-extra-8-cpu","bd/dna.100MB",8,1000000,3211,3211,0,0.000,292.299,1491,49295905
"benchmark-example:dna-extra-8-cpu","bd/dna.100MB",8,1000000,3211,3211,0,0.000,292.299,1492,49318573
"benchmark-example:dna-extra-8-cpu","bd/dna.100MB",8,1000000,3211,3211,0,0.000,292.299,1493,49373878
"benchmark-example:dna-extra-8-cpu","bd/dna.100MB",8,1000000,3211,3211,0,0.000,292.299,1494,49476913
"benchmark-example:dna-extra-8-cpu","bd/dna.100MB",8,1000000,3211,3211,0,0.000,292.299,1495,49573647
"benchmark-example:dna-extra-8-cpu","bd/dna.100MB",8,1000000,3211,3211,0,0.000,292.299,1496,49612850
"benchmark-example:dna-extra-8-cpu","bd/dna.100MB",8,1000000,3211,3211,0,0.000,292.299,1497,49662407
"benchmark-example:dna-extra-8-cpu","bd/dna.100MB",8,1000000,3211,3211,0,0.000,292.299,1498,49674067
"benchmark-example:dna-extra-8-cpu","bd/dna.100MB",8,1000000,3211,3211,0,0.000,292.299,1499,49684412
"benchmark-example:dna-extra-8-cpu","bd/dna.100MB",8,1000000,3211,3211,0,0.000,292.299,1500,49736772
"benchmark-example:dna-extra-8-cpu","bd/dna.100MB",8,1000000,3211,3211,0,0.000,292.299,1501,49784081
"benchmark-example:dna-extra-8-cpu","bd/dna.100MB",8,1000000,3211,3211,0,0.000,292.299,1502,49805531
"benchmark-example:dna-extra-8-cpu","bd/dna.100MB",8,1000000,3211,3211,0,0.000,292.299,1503,49875957
"benchmark-example:dna-extra-8-cpu","bd/dna.100MB",8,1000000,3211,3211,0,0.000,292.299,1504,49960315
"benchmark-example:dna-extra-8-cpu","bd/dna.100MB",8,1000000,3211,3211,0,0.000,292.299,1505,49969219
"benchmark-example:dna-extra-8-cpu","bd/dna.100MB",8,1000000,3211,3211,0,0.000,292.299,1506,50046072
"benchmark-example:dna-extra-8-cpu","bd/dna.100MB",8,1000000,3211,3211,0,0.000,292.299,1507,50120146
"benchmark-example:dna-extra-8-cpu","bd/dna.100MB",8,1000000,3211,3211,0,0.000,292.299,1508,50164955
"benchmark-example:dna-extra-8-cpu","bd/dna.100MB",8,1000000,3211,3211,0,0.000,292.299,1509,50232891
"benchmark-example:dna-extra-8-cpu","bd/dna.100MB",8,1000000,3211,3211,0,0.000,292.299,1510,50239944
"benchmark-example:dna-extra-8-cpu","bd/dna.100MB",8,1000000,3211,3211,0,0.000,292.299,1511,50288432
"benchmark-example:dna-extra-8-cpu","bd/dna.100MB",8,1000000,3211,3211,0,0.000,292.299,1512,50308451
"benchmark-example:dna-extra-8-cpu","bd/dna.100MB",8,1000000,3211,3211,0,0.000,292.299,1513,50430977
"benchmark-example:dna-extra-8-cpu","bd/dna.100MB",8,1000000,3211,3211,0,0.000,292.299,1514,50470315
"benchmark-example:dna-extra-8-cpu","bd/dna.100MB",8,1000000,3211,3211,0,0.000,292.299,1515,50480979
"benchmark-example:dna-extra-8-cpu","bd/dna.100MB",8,1000000,3211,3211,0,0.000,292.299,1516,50489390
"benchmark-example:dna-extra-8-cpu","bd/dna.100MB",8,1000000,3211,3211,0,0.000,292.299,1517,50493589
"benchmark-example:dna-extra-8-cpu","bd/dna.100MB",8,1000000,3211,3211,0,0.000,292.299,1518,50498329
"benchmark-example:dna-extra-8-cpu","bd/dna.100MB",8,1000000,3211,3211,0,0.000,292.299,1519,50530281
"benchmark-example:dna-extra-8-cpu","bd/dna.100MB",8,1000000,3211,3211,0,0.000,292.299,1520,50535697
"benchmark-example:dna-extra-8-cpu","bd/dna.100MB",8,1000000,3211,3211,0,0.000,292.299,1521,50537852
"benchmark-example:dna-extra-8-cpu","bd/dna.100MB",8,1000000,3211,3211,0,0.000,292.299,1522,50539119
"benchmark-example:dna-extra-8-cpu","bd/dna.100MB",8,1000000,3211,3211,0,0.000,292.299,1523,50558009
"benchmark-example:dna-extra-8-cpu","bd/dna.100MB",8,1000000,3211,3211,0,0.000,292.299,1524,50617507
"benchmark-example:dna-extra-8-cpu","bd/dna.100MB",8,1000000,3211,3211,0,0.000,292.299,1525,50698028
"benchmark-example:dna-extra-8-cpu","bd/dna.100MB",8,1000000,3211,3211,0,0.000,292.299,1526,50800345
"benchmark-example:dna-extra-8-cpu","bd/dna.100MB",8,1000000,3211,3211,0,0.000,292.299,1527,50838613
"benchmark-example:dna-extra-8-cpu","bd/dna.100MB",8,1000000,3211,3211,0,0.000,292.299,1528,50840034
"benchmark-example:dna-extra-8-cpu","bd/dna.100MB",8,1000000,3211,3211,0,0.000,292.299,1529,50863862
"benchmark-example:dna-extra-8-cpu","bd/dna.100MB",8,1000000,3211,3211,0,0.000,292.299,1530,50869695
"benchmark-example:dna-extra-8-cpu","bd/dna.100MB",8,1000000,3211,3211,0,0.000,292.299,1531,50877175
"benchmark-example:dna-extra-8-cpu","bd/dna.100MB",8,1000000,3211,3211,0,0.000,292.299,1532,50899215
"benchmark-example:dna-extra-8-cpu","bd/dna.100MB",8,1000000,3211,3211,0,0.000,292.299,1533,50922340
"benchmark-example:dna-extra-8-cpu","bd/dna.100MB",8,1000000,3211,3211,0,0.000,292.299,1534,50944536
"benchmark-example:dna-extra-8-cpu","bd/dna.100MB",8,1000000,3211,3211,0,0.000,292.299,1535,50992734
"benchmark-example:dna-extra-8-cpu","bd/dna.100MB",8,1000000,3211,3211,0,0.000,292.299,1536,51158261
"benchmark-example:dna-extra-8-cpu","bd/dna.100MB",8,1000000,3211,3211,0,0.000,292.299,1537,51179338
"benchmark-example:dna-extra-8-cpu","bd/dna.100MB",8,1000000,3211,3211,0,0.000,292.299,1538,51234513
"benchmark-example:dna-extra-8-cpu","bd/dna.100MB",8,1000000,3211,3211,0,0.000,292.299,1539,51307016
"benchmark-example:dna-extra-8-cpu","bd/dna.100MB",8,1000000,3211,3211,0,0.000,292.299,1540,51308338
"benchmark-example:dna-extra-8-cpu","bd/dna.100MB",8,1000000,3211,3211,0,0.000,292.299,1541,51331135
"benchmark-example:dna-extra-8-cpu","bd/dna.100MB",8,1000000,3211,3211,0,0.000,292.299,1542,51507821
"benchmark-example:dna-extra-8-cpu","bd/dna.100MB",8,1000000,3211,3211,0,0.000,292.299,1543,51558636
"benchmark-example:dna-extra-8-cpu","bd/dna.100MB",8,1000000,3211,3211,0,0.000,292.299,1544,51561964
"benchmark-example:dna-extra-8-cpu","bd/dna.100MB",8,1000000,3211,3211,0,0.000,292.299,1545,51574590
"benchmark-example:dna-extra-8-cpu","bd/dna.100MB",8,1000000,3211,3211,0,0.000,292.299,1546,51660940
"benchmark-example:dna-extra-8-cpu","bd/dna.100MB",8,1000000,3211,3211,0,0.000,292.299,1547,51706144
"benchmark-example:dna-extra-8-cpu","bd/dna.100MB",8,1000000,3211,3211,0,0.000,292.299,1548,51834538
"benchmark-example:dna-extra-8-cpu","bd/dna.100MB",8,1000000,3211,3211,0,0.000,292.299,1549,51924497
"benchmark-example:dna-extra-8-cpu","bd/dna.100MB",8,1000000,3211,3211,0,0.000,292.299,1550,51941947
"benchmark-example:dna-extra-8-cpu","bd/dna.100MB",8,1000000,3211,3211,0,0.000,292.299,1551,51943704
"benchmark-example:dna-extra-8-cpu","bd/dna.100MB",8,1000000,3211,3211,0,0.000,292.299,1552,51953446
"benchmark-example:dna-extra-8-cpu","bd/dna.100MB",8,1000000,3211,3211,0,0.000,292.299,1553,51992641
"benchmark-example:dna-extra-8-cpu","bd/dna.100MB",8,1000000,3211,3211,0,0.000,292.299,1554,51997854
"benchmark-example:dna-extra-8-cpu","bd/dna.100MB",8,1000000,3211,3211,0,0.000,292.299,1555,52010160
"benchmark-example:dna-extra-8-cpu","bd/dna.100MB",8,1000000,3211,3211,0,0.000,292.299,1556,52037639
"benchmark-example:dna-extra-8-cpu","bd/dna.100MB",8,1000000,3211,3211,0,0.000,292.299,1557,52039086
"benchmark-example:dna-extra-8-cpu","bd/dna.100MB",8,1000000,3211,3211,0,0.000,292.299,1558,52091511
"benchmark-example:dna-extra-8-cpu","bd/dna.100MB",8,1000000,3211,3211,0,0.000,292.299,1559,52109860
"benchmark-example:dna-extra-8-cpu","bd/dna.100MB",8,1000000,3211,3211,0,0.000,292.299,1560,52111553
"benchmark-example:dna-extra-8-cpu","bd/dna.100MB",8,1000000,3211,3211,0,0.000,292.299,1561,52111762
"benchmark-example:dna-extra-8-cpu","bd/dna.100MB",8,1000000,3211,3211,0,0.000,292.299,1562,52135439
"benchmark-example:dna-extra-8-cpu","bd/dna.100MB",8,1000000,3211,3211,0,0.000,292.299,1563,52184233
"benchmark-example:dna-extra-8-cpu","bd/dna.100MB",8,1000000,3211,3211,0,0.000,292.299,1564,52269410
"benchmark-example:dna-extra-8-cpu","bd/dna.100MB",8,1000000,3211,3211,0,0.000,292.299,1565,52277682
"benchmark-example:dna-extra-8-cpu","bd/dna.100MB",8,1000000,3211,3211,0,0.000,292.299,1566,52326368
"benchmark-example:dna-extra-8-cpu","bd/dna.100MB",8,1000000,3211,3211,0,0.000,292.299,1567,52345905
"benchmark-example:dna-extra-8-cpu","bd/dna.100MB",8,1000000,3211,3211,0,0.000,292.299,1568,52365251
"benchmark-example:dna-extra-8-cpu","bd/dna.100MB",8,1000000,3211,3211,0,0.000,292.299,1569,52395716
"benchmark-example:dna-extra-8-cpu","bd/dna.100MB",8,1000000,3211,3211,0,0.000,292.299,1570,52513152
"benchmark-example:dna-extra-8-cpu","bd/dna.100MB",8,1000000,3211,3211,0,0.000,292.299,1571,52565420
"benchmark-example:dna-extra-8-cpu","bd/dna.100MB",8,1000000,3211,3211,0,0.000,292.299,1572,52567771
"benchmark-example:dna-extra-8-cpu","bd/dna.100MB",8,1000000,3211,3211,0,0.000,292.299,1573,52577674
"benchmark-example:dna-extra-8-cpu","bd/dna.100MB",8,1000000,3211,3211,0,0.000,292.299,1574,52617180
"benchmark-example:dna-extra-8-cpu","bd/dna.100MB",8,1000000,3211,3211,0,0.000,292.299,1575,52621297
"benchmark-example:dna-extra-8-cpu","bd/dna.100MB",8,1000000,3211,3211,0,0.000,292.299,1576,52688321
"benchmark-example:dna-extra-8-cpu","bd/dna.100MB",8,1000000,3211,3211,0,0.000,292.299,1577,52709789
"benchmark-example:dna-extra-8-cpu","bd/dna.100MB",8,1000000,3211,3211,0,0.000,292.299,1578,52871794
"benchmark-example:dna-extra-8-cpu","bd/dna.100MB",8,1000000,3211,3211,0,0.000,292.299,1579,52916694
"benchmark-example:dna-extra-8-cpu","bd/dna.100MB",8,1000000,3211,3211,0,0.000,292.299,1580,52919684
"benchmark-example:dna-extra-8-cpu","bd/dna.100MB",8,1000000,3211,3211,0,0.000,292.299,1581,52958930
"benchmark-example:dna-extra-8-cpu","bd/dna.100MB",8,1000000,3211,3211,0,0.000,292.299,1582,52974821
"benchmark-example:dna-extra-8-cpu","bd/dna.100MB",8,1000000,3211,3211,0,0.000,292.299,1583,53003844
"benchmark-example:dna-extra-8-cpu","bd/dna.100MB",8,1000000,3211,3211,0,0.000,292.299,1584,53045945
"benchmark-example:dna-extra-8-cpu","bd/dna.100MB",8,1000000,3211,3211,0,0.000,292.299,1585,53096720
"benchmark-example:dna-extra-8-cpu","bd/dna.100MB",8,1000000,3211,3211,0,0.000,292.299,1586,53233435
"benchmark-example:dna-extra-8-cpu","bd/dna.100MB",8,1000000,3211,3211,0,0.000,292.299,1587,53267004
"benchmark-example:dna-extra-8-cpu","bd/dna.100MB",8,1000000,3211,3211,0,0.000,292.299,1588,53341868
"benchmark-example:dna-extra-8-cpu","bd/dna.100MB",8,1000000,3211,3211,0,0.000,292.299,1589,53355292
"benchmark-example:dna-extra-8-cpu","bd/dna.100MB",8,1000000,3211,3211,0,0.000,292.299,1590,53395078
"benchmark-example:dna-extra-8-cpu","bd/dna.100MB",8,1000000,3211,3211,0,0.000,292.299,1591,53399755
"benchmark-example:dna-extra-8-cpu","bd/dna.100MB",8,1000000,3211,3211,0,0.000,292.299,1592,53449499
"benchmark-example:dna-extra-8-cpu","bd/dna.100MB",8,1000000,3211,3211,0,0.000,292.299,1593,53488462
"benchmark-example:dna-extra-8-cpu","bd/dna.100MB",8,1000000,3211,3211,0,0.000,292.299,1594,53508839
"benchmark-example:dna-extra-8-cpu","bd/dna.100MB",8,1000000,3211,3211,0,0.000,292.299,1595,53512810
"benchmark-example:dna-extra-8-cpu","bd/dna.100MB",8,1000000,3211,3211,0,0.000,292.299,1596,53529824
"benchmark-example:dna-extra-8-cpu","bd/dna.100MB",8,1000000,3211,3211,0,0.000,292.299,1597,53549424
"benchmark-example:dna-extra-8-cpu","bd/dna.100MB",8,1000000,3211,3211,0,0.000,292.299,1598,53600218
"benchmark-example:dna-extra-8-cpu","bd/dna.100MB",8,1000000,3211,3211,0,0.000,292.299,1599,53609041
"benchmark-example:dna-extra-8-cpu","bd/dna.100MB",8,1000000,3211,3211,0,0.000,292.299,1600,53633356
"benchmark-example:dna-extra-8-cpu","bd/dna.100MB",8,1000000,3211,3211,0,0.000,292.299,1601,53671820
"benchmark-example:dna-extra-8-cpu","bd/dna.100MB",8,1000000,3211,3211,0,0.000,292.299,1602,53691249
"benchmark-example:dna-extra-8-cpu","bd/dna.100MB",8,1000000,3211,3211,0,0.000,292.299,1603,53710266
"benchmark-example:dna-extra-8-cpu","bd/dna.100MB",8,1000000,3211,3211,0,0.000,292.299,1604,53710483
"benchmark-example:dna-extra-8-cpu","bd/dna.100MB",8,1000000,3211,3211,0,0.000,292.299,1605,53711199
"benchmark-example:dna-extra-8-cpu","bd/dna.100MB",8,1000000,3211,3211,0,0.000,292.299,1606,53716073
"benchmark-example:dna-extra-8-cpu","bd/dna.100MB",8,1000000,3211,3211,0,0.000,292.299,1607,53843068
"benchmark-example:dna-extra-8-cpu","bd/dna.100MB",8,1000000,3211,3211,0,0.000,292.299,1608,53861232
"benchmark-example:dna-extra-8-cpu","bd/dna.100MB",8,1000000,3211,3211,0,0.000,292.299,1609,53861358
"benchmark-example:dna-extra-8-cpu","bd/dna.100MB",8,1000000,3211,3211,0,0.000,292.299,1610,53916504
"benchmark-example:dna-extra-8-cpu","bd/dna.100MB",8,1000000,3211,3211,0,0.000,292.299,1611,54000408
"benchmark-example:dna-extra-8-cpu","bd/dna.100MB",8,1000000,3211,3211,0,0.000,292.299,1612,54043958
"benchmark-example:dna-extra-8-cpu","bd/dna.100MB",8,1000000,3211,3211,0,0.000,292.299,1613,54078844
"benchmark-example:dna-extra-8-cpu","bd/dna.100MB",8,1000000,3211,3211,0,0.000,292.299,1614,54092436
"benchmark-example:dna-extra-8-cpu","bd/dna.100MB",8,1000000,3211,3211,0,0.000,292.299,1615,54126120
"benchmark-example:dna-extra-8-cpu","bd/dna.100MB",8,1000000,3211,3211,0,0.000,292.299,1616,54126559
"benchmark-example:dna-extra-8-cpu","bd/dna.100MB",8,1000000,3211,3211,0,0.000,292.299,1617,54132505
"benchmark-example:dna-extra-8-cpu","bd/dna.100MB",8,1000000,3211,3211,0,0.000,292.299,1618,54138006
"benchmark-example:dna-extra-8-cpu","bd/dna.100MB",8,1000000,3211,3211,0,0.000,292.299,1619,54173282
"benchmark-example:dna-extra-8-cpu","bd/dna.100MB",8,1000000,3211,3211,0,0.000,292.299,1620,54180577
"benchmark-example:dna-extra-8-cpu","bd/dna.100MB",8,1000000,3211,3211,0,0.000,292.299,1621,54181619
"benchmark-example:dna-extra-8-cpu","bd/dna.100MB",8,1000000,3211,3211,0,0.000,292.299,1622,54187117
"benchmark-example:dna-extra-8-cpu","bd/dna.100MB",8,1000000,3211,3211,0,0.000,292.299,1623,54207686
"benchmark-example:dna-extra-8-cpu","bd/dna.100MB",8,1000000,3211,3211,0,0.000,292.299,1624,54222492
"benchmark-example:dna-extra-8-cpu","bd/dna.100MB",8,1000000,3211,3211,0,0.000,292.299,1625,54226657
"benchmark-example:dna-extra-8-cpu","bd/dna.100MB",8,1000000,3211,3211,0,0.000,292.299,1626,54279599
"benchmark-example:dna-extra-8-cpu","bd/dna.100MB",8,1000000,3211,3211,0,0.000,292.299,1627,54288254
"benchmark-example:dna-extra-8-cpu","bd/dna.100MB",8,1000000,3211,3211,0,0.000,292.299,1628,54383039
"benchmark-example:dna-extra-8-cpu","bd/dna.100MB",8,1000000,3211,3211,0,0.000,292.299,1629,54444976
"benchmark-example:dna-extra-8-cpu","bd/dna.100MB",8,1000000,3211,3211,0,0.000,292.299,1630,54450057
"benchmark-example:dna-extra-8-cpu","bd/dna.100MB",8,1000000,3211,3211,0,0.000,292.299,1631,54472759
"benchmark-example:dna-extra-8-cpu","bd/dna.100MB",8,1000000,3211,3211,0,0.000,292.299,1632,54481775
"benchmark-example:dna-extra-8-cpu","bd/dna.100MB",8,1000000,3211,3211,0,0.000,292.299,1633,54482950
"benchmark-example:dna-extra-8-cpu","bd/dna.100MB",8,1000000,3211,3211,0,0.000,292.299,1634,54522108
"benchmark-example:dna-extra-8-cpu","bd/dna.100MB",8,1000000,3211,3211,0,0.000,292.299,1635,54542830
"benchmark-example:dna-extra-8-cpu","bd/dna.100MB",8,1000000,3211,3211,0,0.000,292.299,1636,54553997
"benchmark-example:dna-extra-8-cpu","bd/dna.100MB",8,1000000,3211,3211,0,0.000,292.299,1637,54572950
"benchmark-example:dna-extra-8-cpu","bd/dna.100MB",8,1000000,3211,3211,0,0.000,292.299,1638,54628442
"benchmark-example:dna-extra-8-cpu","bd/dna.100MB",8,1000000,3211,3211,0,0.000,292.299,1639,54656236
"benchmark-example:dna-extra-8-cpu","bd/dna.100MB",8,1000000,3211,3211,0,0.000,292.299,1640,54662544
"benchmark-example:dna-extra-8-cpu","bd/dna.100MB",8,1000000,3211,3211,0,0.000,292.299,1641,54716830
"benchmark-example:dna-extra-8-cpu","bd/dna.100MB",8,1000000,3211,3211,0,0.000,292.299,1642,54756744
"benchmark-example:dna-extra-8-cpu","bd/dna.100MB",8,1000000,3211,3211,0,0.000,292.299,1643,54767586
"benchmark-example:dna-extra-8-cpu","bd/dna.100MB",8,1000000,3211,3211,0,0.000,292.299,1644,54781627
"benchmark-example:dna-extra-8-cpu","bd/dna.100MB",8,1000000,3211,3211,0,0.000,292.299,1645,54790928
"benchmark-example:dna-extra-8-cpu","bd/dna.100MB",8,1000000,3211,3211,0,0.000,292.299,1646,54834476
"benchmark-example:dna-extra-8-cpu","bd/dna.100MB",8,1000000,3211,3211,0,0.000,292.299,1647,54836568
"benchmark-example:dna-extra-8-cpu","bd/dna.100MB",8,1000000,3211,3211,0,0.000,292.299,1648,54839030
"benchmark-example:dna-extra-8-cpu","bd/dna.100MB",8,1000000,3211,3211,0,0.000,292.299,1649,54842743
"benchmark-example:dna-extra-8-cpu","bd/dna.100MB",8,1000000,3211,3211,0,0.000,292.299,1650,54850646
"benchmark-example:dna-extra-8-cpu","bd/dna.100MB",8,1000000,3211,3211,0,0.000,292.299,1651,54899967
"benchmark-example:dna-extra-8-cpu","bd/dna.100MB",8,1000000,3211,3211,0,0.000,292.299,1652,54910444
"benchmark-example:dna-extra-8-cpu","bd/dna.100MB",8,1000000,3211,3211,0,0.000,292.299,1653,54935655
"benchmark-example:dna-extra-8-cpu","bd/dna.100MB",8,1000000,3211,3211,0,0.000,292.299,1654,54995704
"benchmark-example:dna-extra-8-cpu","bd/dna.100MB",8,1000000,3211,3211,0,0.000,292.299,1655,55048287
"benchmark-example:dna-extra-8-cpu","bd/dna.100MB",8,1000000,3211,3211,0,0.000,292.299,1656,55064343
"benchmark-example:dna-extra-8-cpu","bd/dna.100MB",8,1000000,3211,3211,0,0.000,292.299,1657,55080356
"benchmark-example:dna-extra-8-cpu","bd/dna.100MB",8,1000000,3211,3211,0,0.000,292.299,1658,55131385
"benchmark-example:dna-extra-8-cpu","bd/dna.100MB",8,1000000,3211,3211,0,0.000,292.299,1659,55145126
"benchmark-example:dna-extra-8-cpu","bd/dna.100MB",8,1000000,3211,3211,0,0.000,292.299,1660,55299929
"benchmark-example:dna-extra-8-cpu","bd/dna.100MB",8,1000000,3211,3211,0,0.000,292.299,1661,55352587
"benchmark-example:dna-extra-8-cpu","bd/dna.100MB",8,1000000,3211,3211,0,0.000,292.299,1662,55354166
"benchmark-example:dna-extra-8-cpu","bd/dna.100MB",8,1000000,3211,3211,0,0.000,292.299,1663,55354298
"benchmark-example:dna-extra-8-cpu","bd/dna.100MB",8,1000000,3211,3211,0,0.000,292.299,1664,55471738
"benchmark-example:dna-extra-8-cpu","bd/dna.100MB",8,1000000,3211,3211,0,0.000,292.299,1665,55480270
"benchmark-example:dna-extra-8-cpu","bd/dna.100MB",8,1000000,3211,3211,0,0.000,292.299,1666,55503207
"benchmark-example:dna-extra-8-cpu","bd/dna.100MB",8,1000000,3211,3211,0,0.000,292.299,1667,55594410
"benchmark-example:dna-extra-8-cpu","bd/dna.100MB",8,1000000,3211,3211,0,0.000,292.299,1668,55690028
"benchmark-example:dna-extra-8-cpu","bd/dna.100MB",8,1000000,3211,3211,0,0.000,292.299,1669,55724426
"benchmark-example:dna-extra-8-cpu","bd/dna.100MB",8,1000000,3211,3211,0,0.000,292.299,1670,55735216
"benchmark-example:dna-extra-8-cpu","bd/dna.100MB",8,1000000,3211,3211,0,0.000,292.299,1671,55777607
"benchmark-example:dna-extra-8-cpu","bd/dna.100MB",8,1000000,3211,3211,0,0.000,292.299,1672,55785832
"benchmark-example:dna-extra-8-cpu","bd/dna.100MB",8,1000000,3211,3211,0,0.000,292.299,1673,55797889
"benchmark-example:dna-extra-8-cpu","bd/dna.100MB",8,1000000,3211,3211,0,0.000,292.299,1674,55827552
"benchmark-example:dna-extra-8-cpu","bd/dna.100MB",8,1000000,3211,3211,0,0.000,292.299,1675,55866409
"benchmark-example:dna-extra-8-cpu","bd/dna.100MB",8,1000000,3211,3211,0,0.000,292.299,1676,55942391
"benchmark-example:dna-extra-8-cpu","bd/dna.100MB",8,1000000,3211,3211,0,0.000,292.299,1677,55977376
"benchmark-example:dna-extra-8-cpu","bd/dna.100MB",8,1000000,3211,3211,0,0.000,292.299,1678,55997809
"benchmark-example:dna-extra-8-cpu","bd/dna.100MB",8,1000000,3211,3211,0,0.000,292.299,1679,56074946
"benchmark-example:dna-extra-8-cpu","bd/dna.100MB",8,1000000,3211,3211,0,0.000,292.299,1680,56080145
"benchmark-example:dna-extra-8-cpu","bd/dna.100MB",8,1000000,3211,3211,0,0.000,292.299,1681,56159796
"benchmark-example:dna-extra-8-cpu","bd/dna.100MB",8,1000000,3211,3211,0,0.000,292.299,1682,56217620
"benchmark-example:dna-extra-8-cpu","bd/dna.100MB",8,1000000,3211,3211,0,0.000,292.299,1683,56342020
"benchmark-example:dna-extra-8-cpu","bd/dna.100MB",8,1000000,3211,3211,0,0.000,292.299,1684,56352754
"benchmark-example:dna-extra-8-cpu","bd/dna.100MB",8,1000000,3211,3211,0,0.000,292.299,1685,56383872
"benchmark-example:dna-extra-8-cpu","bd/dna.100MB",8,1000000,3211,3211,0,0.000,292.299,1686,56425565
"benchmark-example:dna-extra-8-cpu","bd/dna.100MB",8,1000000,3211,3211,0,0.000,292.299,1687,56511675
"benchmark-example:dna-extra-8-cpu","bd/dna.100MB",8,1000000,3211,3211,0,0.000,292.299,1688,56518310
"benchmark-example:dna-extra-8-cpu","bd/dna.100MB",8,1000000,3211,3211,0,0.000,292.299,1689,56527210
"benchmark-example:dna-extra-8-cpu","bd/dna.100MB",8,1000000,3211,3211,0,0.000,292.299,1690,56603457
"benchmark-example:dna-extra-8-cpu","bd/dna.100MB",8,1000000,3211,3211,0,0.000,292.299,1691,56674236
"benchmark-example:dna-extra-8-cpu","bd/dna.100MB",8,1000000,3211,3211,0,0.000,292.299,1692,56690767
"benchmark-example:dna-extra-8-cpu","bd/dna.100MB",8,1000000,3211,3211,0,0.000,292.299,1693,56757048
"benchmark-example:dna-extra-8-cpu","bd/dna.100MB",8,1000000,3211,3211,0,0.000,292.299,1694,56763954
"benchmark-example:dna-extra-8-cpu","bd/dna.100MB",8,1000000,3211,3211,0,0.000,292.299,1695,56802220
"benchmark-example:dna-extra-8-cpu","bd/dna.100MB",8,1000000,3211,3211,0,0.000,292.299,1696,56859118
"benchmark-example:dna-extra-8-cpu","bd/dna.100MB",8,1000000,3211,3211,0,0.000,292.299,1697,56930985
"benchmark-example:dna-extra-8-cpu","bd/dna.100MB",8,1000000,3211,3211,0,0.000,292.299,1698,56941512
"benchmark-example:dna-extra-8-cpu","bd/dna.100MB",8,1000000,3211,3211,0,0.000,292.299,1699,57104566
"benchmark-example:dna-extra-8-cpu","bd/dna.100MB",8,1000000,3211,3211,0,0.000,292.299,1700,57155048
"benchmark-example:dna-extra-8-cpu","bd/dna.100MB",8,1000000,3211,3211,0,0.000,292.299,1701,57179741
"benchmark-example:dna-extra-8-cpu","bd/dna.100MB",8,1000000,3211,3211,0,0.000,292.299,1702,57182686
"benchmark-example:dna-extra-8-cpu","bd/dna.100MB",8,1000000,3211,3211,0,0.000,292.299,1703,57183420
"benchmark-example:dna-extra-8-cpu","bd/dna.100MB",8,1000000,3211,3211,0,0.000,292.299,1704,57185840
"benchmark-example:dna-extra-8-cpu","bd/dna.100MB",8,1000000,3211,3211,0,0.000,292.299,1705,57192917
"benchmark-example:dna-extra-8-cpu","bd/dna.100MB",8,1000000,3211,3211,0,0.000,292.299,1706,57206715
"benchmark-example:dna-extra-8-cpu","bd/dna.100MB",8,1000000,3211,3211,0,0.000,292.299,1707,57243808
"benchmark-example:dna-extra-8-cpu","bd/dna.100MB",8,1000000,3211,3211,0,0.000,292.299,1708,57263794
"benchmark-example:dna-extra-8-cpu","bd/dna.100MB",8,1000000,3211,3211,0,0.000,292.299,1709,57274199
"benchmark-example:dna-extra-8-cpu","bd/dna.100MB",8,1000000,3211,3211,0,0.000,292.299,1710,57292616
"benchmark-example:dna-extra-8-cpu","bd/dna.100MB",8,1000000,3211,3211,0,0.000,292.299,1711,57334290
"benchmark-example:dna-extra-8-cpu","bd/dna.100MB",8,1000000,3211,3211,0,0.000,292.299,1712,57391350
"benchmark-example:dna-extra-8-cpu","bd/dna.100MB",8,1000000,3211,3211,0,0.000,292.299,1713,57408983
"benchmark-example:dna-extra-8-cpu","bd/dna.100MB",8,1000000,3211,3211,0,0.000,292.299,1714,57414022
"benchmark-example:dna-extra-8-cpu","bd/dna.100MB",8,1000000,3211,3211,0,0.000,292.299,1715,57428300
"benchmark-example:dna-extra-8-cpu","bd/dna.100MB",8,1000000,3211,3211,0,0.000,292.299,1716,57527070
"benchmark-example:dna-extra-8-cpu","bd/dna.100MB",8,1000000,3211,3211,0,0.000,292.299,1717,57552733
"benchmark-example:dna-extra-8-cpu","bd/dna.100MB",8,1000000,3211,3211,0,0.000,292.299,1718,57648405
"benchmark-example:dna-extra-8-cpu","bd/dna.100MB",8,1000000,3211,3211,0,0.000,292.299,1719,57696046
"benchmark-example:dna-extra-8-cpu","bd/dna.100MB",8,1000000,3211,3211,0,0.000,292.299,1720,57727201
"benchmark-example:dna-extra-8-cpu","bd/dna.100MB",8,1000000,3211,3211,0,0.000,292.299,1721,57782977
"benchmark-example:dna-extra-8-cpu","bd/dna.100MB",8,1000000,3211,3211,0,0.000,292.299,1722,57824805
"benchmark-example:dna-extra-8-cpu","bd/dna.100MB",8,1000000,3211,3211,0,0.000,292.299,1723,57861340
"benchmark-example:dna-extra-8-cpu","bd/dna.100MB",8,1000000,3211,3211,0,0.000,292.299,1724,57912517
"benchmark-example:dna-extra-8-cpu","bd/dna.100MB",8,1000000,3211,3211,0,0.000,292.299,1725,57924194
"benchmark-example:dna-extra-8-cpu","bd/dna.100MB",8,1000000,3211,3211,0,0.000,292.299,1726,57982232
"benchmark-example:dna-extra-8-cpu","bd/dna.100MB",8,1000000,3211,3211,0,0.000,292.299,1727,58009834
"benchmark-example:dna-extra-8-cpu","bd/dna.100MB",8,1000000,3211,3211,0,0.000,292.299,1728,58035485
"benchmark-example:dna-extra-8-cpu","bd/dna.100MB",8,1000000,3211,3211,0,0.000,292.299,1729,58134904
"benchmark-example:dna-extra-8-cpu","bd/dna.100MB",8,1000000,3211,3211,0,0.000,292.299,1730,58153220
"benchmark-example:dna-extra-8-cpu","bd/dna.100MB",8,1000000,3211,3211,0,0.000,292.299,1731,58181599
"benchmark-example:dna-extra-8-cpu","bd/dna.100MB",8,1000000,3211,3211,0,0.000,292.299,1732,58186845
"benchmark-example:dna-extra-8-cpu","bd/dna.100MB",8,1000000,3211,3211,0,0.000,292.299,1733,58223008
"benchmark-example:dna-extra-8-cpu","bd/dna.100MB",8,1000000,3211,3211,0,0.000,292.299,1734,58276170
"benchmark-example:dna-extra-8-cpu","bd/dna.100MB",8,1000000,3211,3211,0,0.000,292.299,1735,58278537
"benchmark-example:dna-extra-8-cpu","bd/dna.100MB",8,1000000,3211,3211,0,0.000,292.299,1736,58315908
"benchmark-example:dna-extra-8-cpu","bd/dna.100MB",8,1000000,3211,3211,0,0.000,292.299,1737,58317162
"benchmark-example:dna-extra-8-cpu","bd/dna.100MB",8,1000000,3211,3211,0,0.000,292.299,1738,58434142
"benchmark-example:dna-extra-8-cpu","bd/dna.100MB",8,1000000,3211,3211,0,0.000,292.299,1739,58453502
"benchmark-example:dna-extra-8-cpu","bd/dna.100MB",8,1000000,3211,3211,0,0.000,292.299,1740,58486058
"benchmark-example:dna-extra-8-cpu","bd/dna.100MB",8,1000000,3211,3211,0,0.000,292.299,1741,58508040
"benchmark-example:dna-extra-8-cpu","bd/dna.100MB",8,1000000,3211,3211,0,0.000,292.299,1742,58514927
"benchmark-example:dna-extra-8-cpu","bd/dna.100MB",8,1000000,3211,3211,0,0.000,292.299,1743,58612997
"benchmark-example:dna-extra-8-cpu","bd/dna.100MB",8,1000000,3211,3211,0,0.000,292.299,1744,58646561
"benchmark-example:dna-extra-8-cpu","bd/dna.100MB",8,1000000,3211,3211,0,0.000,292.299,1745,58692319
"benchmark-example:dna-extra-8-cpu","bd/dna.100MB",8,1000000,3211,3211,0,0.000,292.299,1746,58739853
"benchmark-example:dna-extra-8-cpu","bd/dna.100MB",8,1000000,3211,3211,0,0.000,292.299,1747,58760895
"benchmark-example:dna-extra-8-cpu","bd/dna.100MB",8,1000000,3211,3211,0,0.000,292.299,1748,58776357
"benchmark-example:dna-extra-8-cpu","bd/dna.100MB",8,1000000,3211,3211,0,0.000,292.299,1749,58787249
"benchmark-example:dna-extra-8-cpu","bd/dna.100MB",8,1000000,3211,3211,0,0.000,292.299,1750,58852404
"benchmark-example:dna-extra-8-cpu","bd/dna.100MB",8,1000000,3211,3211,0,0.000,292.299,1751,58879083
"benchmark-example:dna-extra-8-cpu","bd/dna.100MB",8,1000000,3211,3211,0,0.000,292.299,1752,58879947
"benchmark-example:dna-extra-8-cpu","bd/dna.100MB",8,1000000,3211,3211,0,0.000,292.299,1753,58906285
"benchmark-example:dna-extra-8-cpu","bd/dna.100MB",8,1000000,3211,3211,0,0.000,292.299,1754,58948574
"benchmark-example:dna-extra-8-cpu","bd/dna.100MB",8,1000000,3211,3211,0,0.000,292.299,1755,59025255
"benchmark-example:dna-extra-8-cpu","bd/dna.100MB",8,1000000,3211,3211,0,0.000,292.299,1756,59075758
"benchmark-example:dna-extra-8-cpu","bd/dna.100MB",8,1000000,3211,3211,0,0.000,292.299,1757,59183967
"benchmark-example:dna-extra-8-cpu","bd/dna.100MB",8,1000000,3211,3211,0,0.000,292.299,1758,59280031
"benchmark-example:dna-extra-8-cpu","bd/dna.100MB",8,1000000,3211,3211,0,0.000,292.299,1759,59398386
"benchmark-example:dna-extra-8-cpu","bd/dna.100MB",8,1000000,3211,3211,0,0.000,292.299,1760,59412324
"benchmark-example:dna-extra-8-cpu","bd/dna.100MB",8,1000000,3211,3211,0,0.000,292.299,1761,59431332
"benchmark-example:dna-extra-8-cpu","bd/dna.100MB",8,1000000,3211,3211,0,0.000,292.299,1762,59441762
"benchmark-example:dna-extra-8-cpu","bd/dna.100MB",8,1000000,3211,3211,0,0.000,292.299,1763,59452463
"benchmark-example:dna-extra-8-cpu","bd/dna.100MB",8,1000000,3211,3211,0,0.000,292.299,1764,59459206
"benchmark-example:dna-extra-8-cpu","bd/dna.100MB",8,1000000,3211,3211,0,0.000,292.299,1765,59488111
"benchmark-example:dna-extra-8-cpu","bd/dna.100MB",8,1000000,3211,3211,0,0.000,292.299,1766,59509565
"benchmark-example:dna-extra-8-cpu","bd/dna.100MB",8,1000000,3211,3211,0,0.000,292.299,1767,59554713
"benchmark-example:dna-extra-8-cpu","bd/dna.100MB",8,1000000,3211,3211,0,0.000,292.299,1768,59668888
"benchmark-example:dna-extra-8-cpu","bd/dna.100MB",8,1000000,3211,3211,0,0.000,292.299,1769,59672733
"benchmark-example:dna-extra-8-cpu","bd/dna.100MB",8,1000000,3211,3211,0,0.000,292.299,1770,59726028
"benchmark-example:dna-extra-8-cpu","bd/dna.100MB",8,1000000,3211,3211,0,0.000,292.299,1771,59735432
"benchmark-example:dna-extra-8-cpu","bd/dna.100MB",8,1000000,3211,3211,0,0.000,292.299,1772,59743361
"benchmark-example:dna-extra-8-cpu","bd/dna.100MB",8,1000000,3211,3211,0,0.000,292.299,1773,59767769
"benchmark-example:dna-extra-8-cpu","bd/dna.100MB",8,1000000,3211,3211,0,0.000,292.299,1774,59786635
"benchmark-example:dna-extra-8-cpu","bd/dna.100MB",8,1000000,3211,3211,0,0.000,292.299,1775,59847124
"benchmark-example:dna-extra-8-cpu","bd/dna.100MB",8,1000000,3211,3211,0,0.000,292.299,1776,59873344
"benchmark-example:dna-extra-8-cpu","bd/dna.100MB",8,1000000,3211,3211,0,0.000,292.299,1777,59905626
"benchmark-example:dna-extra-8-cpu","bd/dna.100MB",8,1000000,3211,3211,0,0.000,292.299,1778,59922540
"benchmark-example:dna-extra-8-cpu","bd/dna.100MB",8,1000000,3211,3211,0,0.000,292.299,1779,59985086
"benchmark-example:dna-extra-8-cpu","bd/dna.100MB",8,1000000,3211,3211,0,0.000,292.299,1780,60060968
"benchmark-example:dna-extra-8-cpu","bd/dna.100MB",8,1000000,3211,3211,0,0.000,292.299,1781,60086128
"benchmark-example:dna-extra-8-cpu","bd/dna.100MB",8,1000000,3211,3211,0,0.000,292.299,1782,60091548
"benchmark-example:dna-extra-8-cpu","bd/dna.100MB",8,1000000,3211,3211,0,0.000,292.299,1783,60097314
"benchmark-example:dna-extra-8-cpu","bd/dna.100MB",8,1000000,3211,3211,0,0.000,292.299,1784,60172525
"benchmark-example:dna-extra-8-cpu","bd/dna.100MB",8,1000000,3211,3211,0,0.000,292.299,1785,60177426
"benchmark-example:dna-extra-8-cpu","bd/dna.100MB",8,1000000,3211,3211,0,0.000,292.299,1786,60178657
"benchmark-example:dna-extra-8-cpu","bd/dna.100MB",8,1000000,3211,3211,0,0.000,292.299,1787,60183302
"benchmark-example:dna-extra-8-cpu","bd/dna.100MB",8,1000000,3211,3211,0,0.000,292.299,1788,60196179
"benchmark-example:dna-extra-8-cpu","bd/dna.100MB",8,1000000,3211,3211,0,0.000,292.299,1789,60210285
"benchmark-example:dna-extra-8-cpu","bd/dna.100MB",8,1000000,3211,3211,0,0.000,292.299,1790,60250987
"benchmark-example:dna-extra-8-cpu","bd/dna.100MB",8,1000000,3211,3211,0,0.000,292.299,1791,60318627
"benchmark-example:dna-extra-8-cpu","bd/dna.100MB",8,1000000,3211,3211,0,0.000,292.299,1792,60392929
"benchmark-example:dna-extra-8-cpu","bd/dna.100MB",8,1000000,3211,3211,0,0.000,292.299,1793,60403816
"benchmark-example:dna-extra-8-cpu","bd/dna.100MB",8,1000000,3211,3211,0,0.000,292.299,1794,60408801
"benchmark-example:dna-extra-8-cpu","bd/dna.100MB",8,1000000,3211,3211,0,0.000,292.299,1795,60409818
"benchmark-example:dna-extra-8-cpu","bd/dna.100MB",8,1000000,3211,3211,0,0.000,292.299,1796,60426698
"benchmark-example:dna-extra-8-cpu","bd/dna.100MB",8,1000000,3211,3211,0,0.000,292.299,1797,60427481
"benchmark-example:dna-extra-8-cpu","bd/dna.100MB",8,1000000,3211,3211,0,0.000,292.299,1798,60429820
"benchmark-example:dna-extra-8-cpu","bd/dna.100MB",8,1000000,3211,3211,0,0.000,292.299,1799,60519671
"benchmark-example:dna-extra-8-cpu","bd/dna.100MB",8,1000000,3211,3211,0,0.000,292.299,1800,60539642
"benchmark-example:dna-extra-8-cpu","bd/dna.100MB",8,1000000,3211,3211,0,0.000,292.299,1801,60569320
"benchmark-example:dna-extra-8-cpu","bd/dna.100MB",8,1000000,3211,3211,0,0.000,292.299,1802,60627337
"benchmark-example:dna-extra-8-cpu","bd/dna.100MB",8,1000000,3211,3211,0,0.000,292.299,1803,60689445
"benchmark-example:dna-extra-8-cpu","bd/dna.100MB",8,1000000,3211,3211,0,0.000,292.299,1804,60707349
"benchmark-example:dna-extra-8-cpu","bd/dna.100MB",8,1000000,3211,3211,0,0.000,292.299,1805,60707673
"benchmark-example:dna-extra-8-cpu","bd/dna.100MB",8,1000000,3211,3211,0,0.000,292.299,1806,60748406
"benchmark-example:dna-extra-8-cpu","bd/dna.100MB",8,1000000,3211,3211,0,0.000,292.299,1807,60772917
"benchmark-example:dna-extra-8-cpu","bd/dna.100MB",8,1000000,3211,3211,0,0.000,292.299,1808,60831877
"benchmark-example:dna-extra-8-cpu","bd/dna.100MB",8,1000000,3211,3211,0,0.000,292.299,1809,60851259
"benchmark-example:dna-extra-8-cpu","bd/dna.100MB",8,1000000,3211,3211,0,0.000,292.299,1810,60880703
"benchmark-example:dna-extra-8-cpu","bd/dna.100MB",8,1000000,3211,3211,0,0.000,292.299,1811,60899537
"benchmark-example:dna-extra-8-cpu","bd/dna.100MB",8,1000000,3211,3211,0,0.000,292.299,1812,60916016
"benchmark-example:dna-extra-8-cpu","bd/dna.100MB",8,1000000,3211,3211,0,0.000,292.299,1813,60928760
"benchmark-example:dna-extra-8-cpu","bd/dna.100MB",8,1000000,3211,3211,0,0.000,292.299,1814,60954061
"benchmark-example:dna-extra-8-cpu","bd/dna.100MB",8,1000000,3211,3211,0,0.000,292.299,1815,60968450
"benchmark-example:dna-extra-8-cpu","bd/dna.100MB",8,1000000,3211,3211,0,0.000,292.299,1816,61009926
"benchmark-example:dna-extra-8-cpu","bd/dna.100MB",8,1000000,3211,3211,0,0.000,292.299,1817,61021943
"benchmark-example:dna-extra-8-cpu","bd/dna.100MB",8,1000000,3211,3211,0,0.000,292.299,1818,61135062
"benchmark-example:dna-extra-8-cpu","bd/dna.100MB",8,1000000,3211,3211,0,0.000,292.299,1819,61140412
"benchmark-example:dna-extra-8-cpu","bd/dna.100MB",8,1000000,3211,3211,0,0.000,292.299,1820,61159579
"benchmark-example:dna-extra-8-cpu","bd/dna.100MB",8,1000000,3211,3211,0,0.000,292.299,1821,61181331
"benchmark-example:dna-extra-8-cpu","bd/dna.100MB",8,1000000,3211,3211,0,0.000,292.299,1822,61184684
"benchmark-example:dna-extra-8-cpu","bd/dna.100MB",8,1000000,3211,3211,0,0.000,292.299,1823,61190686
"benchmark-example:dna-extra-8-cpu","bd/dna.100MB",8,1000000,3211,3211,0,0.000,292.299,1824,61194505
"benchmark-example:dna-extra-8-cpu","bd/dna.100MB",8,1000000,3211,3211,0,0.000,292.299,1825,61284584
"benchmark-example:dna-extra-8-cpu","bd/dna.100MB",8,1000000,3211,3211,0,0.000,292.299,1826,61314286
"benchmark-example:dna-extra-8-cpu","bd/dna.100MB",8,1000000,3211,3211,0,0.000,292.299,1827,61336670
"benchmark-example:dna-extra-8-cpu","bd/dna.100MB",8,1000000,3211,3211,0,0.000,292.299,1828,61358431
"benchmark-example:dna-extra-8-cpu","bd/dna.100MB",8,1000000,3211,3211,0,0.000,292.299,1829,61371992
"benchmark-example:dna-extra-8-cpu","bd/dna.100MB",8,1000000,3211,3211,0,0.000,292.299,1830,61392516
"benchmark-example:dna-extra-8-cpu","bd/dna.100MB",8,1000000,3211,3211,0,0.000,292.299,1831,61417384
"benchmark-example:dna-extra-8-cpu","bd/dna.100MB",8,1000000,3211,3211,0,0.000,292.299,1832,61455531
"benchmark-example:dna-extra-8-cpu","bd/dna.100MB",8,1000000,3211,3211,0,0.000,292.299,1833,61473774
"benchmark-example:dna-extra-8-cpu","bd/dna.100MB",8,1000000,3211,3211,0,0.000,292.299,1834,61633818
"benchmark-example:dna-extra-8-cpu","bd/dna.100MB",8,1000000,3211,3211,0,0.000,292.299,1835,61660322
"benchmark-example:dna-extra-8-cpu","bd/dna.100MB",8,1000000,3211,3211,0,0.000,292.299,1836,61687046
"benchmark-example:dna-extra-8-cpu","bd/dna.100MB",8,1000000,3211,3211,0,0.000,292.299,1837,61688650
"benchmark-example:dna-extra-8-cpu","bd/dna.100MB",8,1000000,3211,3211,0,0.000,292.299,1838,61692967
"benchmark-example:dna-extra-8-cpu","bd/dna.100MB",8,1000000,3211,3211,0,0.000,292.299,1839,61711729
"benchmark-example:dna-extra-8-cpu","bd/dna.100MB",8,1000000,3211,3211,0,0.000,292.299,1840,61733082
"benchmark-example:dna-extra-8-cpu","bd/dna.100MB",8,1000000,3211,3211,0,0.000,292.299,1841,61736325
"benchmark-example:dna-extra-8-cpu","bd/dna.100MB",8,1000000,3211,3211,0,0.000,292.299,1842,61748253
"benchmark-example:dna-extra-8-cpu","bd/dna.100MB",8,1000000,3211,3211,0,0.000,292.299,1843,61772666
"benchmark-example:dna-extra-8-cpu","bd/dna.100MB",8,1000000,3211,3211,0,0.000,292.299,1844,61782278
"benchmark-example:dna-extra-8-cpu","bd/dna.100MB",8,1000000,3211,3211,0,0.000,292.299,1845,61790937
"benchmark-example:dna-extra-8-cpu","bd/dna.100MB",8,1000000,3211,3211,0,0.000,292.299,1846,61800706
"benchmark-example:dna-extra-8-cpu","bd/dna.100MB",8,1000000,3211,3211,0,0.000,292.299,1847,61824714
"benchmark-example:dna-extra-8-cpu","bd/dna.100MB",8,1000000,3211,3211,0,0.000,292.299,1848,61842744
"benchmark-example:dna-extra-8-cpu","bd/dna.100MB",8,1000000,3211,3211,0,0.000,292.299,1849,61848539
"benchmark-example:dna-extra-8-cpu","bd/dna.100MB",8,1000000,3211,3211,0,0.000,292.299,1850,61861264
"benchmark-example:dna-extra-8-cpu","bd/dna.100MB",8,1000000,3211,3211,0,0.000,292.299,1851,61875650
"benchmark-example:dna-extra-8-cpu","bd/dna.100MB",8,1000000,3211,3211,0,0.000,292.299,1852,61926554
"benchmark-example:dna-extra-8-cpu","bd/dna.100MB",8,1000000,3211,3211,0,0.000,292.299,1853,61965674
"benchmark-example:dna-extra-8-cpu","bd/dna.100MB",8,1000000,3211,3211,0,0.000,292.299,1854,62038851
"benchmark-example:dna-extra-8-cpu","bd/dna.100MB",8,1000000,3211,3211,0,0.000,292.299,1855,62046013
"benchmark-example:dna-extra-8-cpu","bd/dna.100MB",8,1000000,3211,3211,0,0.000,292.299,1856,62053857
"benchmark-example:dna-extra-8-cpu","bd/dna.100MB",8,1000000,3211,3211,0,0.000,292.299,1857,62175773
"benchmark-example:dna-extra-8-cpu","bd/dna.100MB",8,1000000,3211,3211,0,0.000,292.299,1858,62203316
"benchmark-example:dna-extra-8-cpu","bd/dna.100MB",8,1000000,3211,3211,0,0.000,292.299,1859,62226714
"benchmark-example:dna-extra-8-cpu","bd/dna.100MB",8,1000000,3211,3211,0,0.000,292.299,1860,62337716
"benchmark-example:dna-extra-8-cpu","bd/dna.100MB",8,1000000,3211,3211,0,0.000,292.299,1861,62355655
"benchmark-example:dna-extra-8-cpu","bd/dna.100MB",8,1000000,3211,3211,0,0.000,292.299,1862,62388666
"benchmark-example:dna-extra-8-cpu","bd/dna.100MB",8,1000000,3211,3211,0,0.000,292.299,1863,62448779
"benchmark-example:dna-extra-8-cpu","bd/dna.100MB",8,1000000,3211,3211,0,0.000,292.299,1864,62477318
"benchmark-example:dna-extra-8-cpu","bd/dna.100MB",8,1000000,3211,3211,0,0.000,292.299,1865,62548657
"benchmark-example:dna-extra-8-cpu","bd/dna.100MB",8,1000000,3211,3211,0,0.000,292.299,1866,62550846
"benchmark-example:dna-extra-8-cpu","bd/dna.100MB",8,1000000,3211,3211,0,0.000,292.299,1867,62551673
"benchmark-example:dna-extra-8-cpu","bd/dna.100MB",8,1000000,3211,3211,0,0.000,292.299,1868,62572171
"benchmark-example:dna-extra-8-cpu","bd/dna.100MB",8,1000000,3211,3211,0,0.000,292.299,1869,62574886
"benchmark-example:dna-extra-8-cpu","bd/dna.100MB",8,1000000,3211,3211,0,0.000,292.299,1870,62615659
"benchmark-example:dna-extra-8-cpu","bd/dna.100MB",8,1000000,3211,3211,0,0.000,292.299,1871,62644235
"benchmark-example:dna-extra-8-cpu","bd/dna.100MB",8,1000000,3211,3211,0,0.000,292.299,1872,62665863
"benchmark-example:dna-extra-8-cpu","bd/dna.100MB",8,1000000,3211,3211,0,0.000,292.299,1873,62670250
"benchmark-example:dna-extra-8-cpu","bd/dna.100MB",8,1000000,3211,3211,0,0.000,292.299,1874,62681999
"benchmark-example:dna-extra-8-cpu","bd/dna.100MB",8,1000000,3211,3211,0,0.000,292.299,1875,62682857
"benchmark-example:dna-extra-8-cpu","bd/dna.100MB",8,1000000,3211,3211,0,0.000,292.299,1876,62796303
"benchmark-example:dna-extra-8-cpu","bd/dna.100MB",8,1000000,3211,3211,0,0.000,292.299,1877,62833534
"benchmark-example:dna-extra-8-cpu","bd/dna.100MB",8,1000000,3211,3211,0,0.000,292.299,1878,62841204
"benchmark-example:dna-extra-8-cpu","bd/dna.100MB",8,1000000,3211,3211,0,0.000,292.299,1879,62910339
"benchmark-example:dna-extra-8-cpu","bd/dna.100MB",8,1000000,3211,3211,0,0.000,292.299,1880,62921082
"benchmark-example:dna-extra-8-cpu","bd/dna.100MB",8,1000000,3211,3211,0,0.000,292.299,1881,62924007
"benchmark-example:dna-extra-8-cpu","bd/dna.100MB",8,1000000,3211,3211,0,0.000,292.299,1882,62982029
"benchmark-example:dna-extra-8-cpu","bd/dna.100MB",8,1000000,3211,3211,0,0.000,292.299,1883,63038323
"benchmark-example:dna-extra-8-cpu","bd/dna.100MB",8,1000000,3211,3211,0,0.000,292.299,1884,63050406
"benchmark-example:dna-extra-8-cpu","bd/dna.100MB",8,1000000,3211,3211,0,0.000,292.299,1885,63052274
"benchmark-example:dna-extra-8-cpu","bd/dna.100MB",8,1000000,3211,3211,0,0.000,292.299,1886,63123365
"benchmark-example:dna-extra-8-cpu","bd/dna.100MB",8,1000000,3211,3211,0,0.000,292.299,1887,63136354
"benchmark-example:dna-extra-8-cpu","bd/dna.100MB",8,1000000,3211,3211,0,0.000,292.299,1888,63180079
"benchmark-example:dna-extra-8-cpu","bd/dna.100MB",8,1000000,3211,3211,0,0.000,292.299,1889,63389284
"benchmark-example:dna-extra-8-cpu","bd/dna.100MB",8,1000000,3211,3211,0,0.000,292.299,1890,63466491
"benchmark-example:dna-extra-8-cpu","bd/dna.100MB",8,1000000,3211,3211,0,0.000,292.299,1891,63558983
"benchmark-example:dna-extra-8-cpu","bd/dna.100MB",8,1000000,3211,3211,0,0.000,292.299,1892,63561370
"benchmark-example:dna-extra-8-cpu","bd/dna.100MB",8,1000000,3211,3211,0,0.000,292.299,1893,63575114
"benchmark-example:dna-extra-8-cpu","bd/dna.100MB",8,1000000,3211,3211,0,0.000,292.299,1894,63580363
"benchmark-example:dna-extra-8-cpu","bd/dna.100MB",8,1000000,3211,3211,0,0.000,292.299,1895,63601549
"benchmark-example:dna-extra-8-cpu","bd/dna.100MB",8,1000000,3211,3211,0,0.000,292.299,1896,63633471
"benchmark-example:dna-extra-8-cpu","bd/dna.100MB",8,1000000,3211,3211,0,0.000,292.299,1897,63637419
"benchmark-example:dna-extra-8-cpu","bd/dna.100MB",8,1000000,3211,3211,0,0.000,292.299,1898,63650603
"benchmark-example:dna-extra-8-cpu","bd/dna.100MB",8,1000000,3211,3211,0,0.000,292.299,1899,63655207
"benchmark-example:dna-extra-8-cpu","bd/dna.100MB",8,1000000,3211,3211,0,0.000,292.299,1900,63669530
"benchmark-example:dna-extra-8-cpu","bd/dna.100MB",8,1000000,3211,3211,0,0.000,292.299,1901,63681114
"benchmark-example:dna-extra-8-cpu","bd/dna.100MB",8,1000000,3211,3211,0,0.000,292.299,1902,63722408
"benchmark-example:dna-extra-8-cpu","bd/dna.100MB",8,1000000,3211,3211,0,0.000,292.299,1903,63754968
"benchmark-example:dna-extra-8-cpu","bd/dna.100MB",8,1000000,3211,3211,0,0.000,292.299,1904,63847432
"benchmark-example:dna-extra-8-cpu","bd/dna.100MB",8,1000000,3211,3211,0,0.000,292.299,1905,63946326
"benchmark-example:dna-extra-8-cpu","bd/dna.100MB",8,1000000,3211,3211,0,0.000,292.299,1906,63949622
"benchmark-example:dna-extra-8-cpu","bd/dna.100MB",8,1000000,3211,3211,0,0.000,292.299,1907,63966680
"benchmark-example:dna-extra-8-cpu","bd/dna.100MB",8,1000000,3211,3211,0,0.000,292.299,1908,64038967
"benchmark-example:dna-extra-8-cpu","bd/dna.100MB",8,1000000,3211,3211,0,0.000,292.299,1909,64062136
"benchmark-example:dna-extra-8-cpu","bd/dna.100MB",8,1000000,3211,3211,0,0.000,292.299,1910,64076488
"benchmark-example:dna-extra-8-cpu","bd/dna.100MB",8,1000000,3211,3211,0,0.000,292.299,1911,64102786
"benchmark-example:dna-extra-8-cpu","bd/dna.100MB",8,1000000,3211,3211,0,0.000,292.299,1912,64141350
"benchmark-example:dna-extra-8-cpu","bd/dna.100MB",8,1000000,3211,3211,0,0.000,292.299,1913,64232801
"benchmark-example:dna-extra-8-cpu","bd/dna.100MB",8,1000000,3211,3211,0,0.000,292.299,1914,64249446
"benchmark-example:dna-extra-8-cpu","bd/dna.100MB",8,1000000,3211,3211,0,0.000,292.299,1915,64384121
"benchmark-example:dna-extra-8-cpu","bd/dna.100MB",8,1000000,3211,3211,0,0.000,292.299,1916,64414998
"benchmark-example:dna-extra-8-cpu","bd/dna.100MB",8,1000000,3211,3211,0,0.000,292.299,1917,64468169
"benchmark-example:dna-extra-8-cpu","bd/dna.100MB",8,1000000,3211,3211,0,0.000,292.299,1918,64470323
"benchmark-example:dna-extra-8-cpu","bd/dna.100MB",8,1000000,3211,3211,0,0.000,292.299,1919,64481482
"benchmark-example:dna-extra-8-cpu","bd/dna.100MB",8,1000000,3211,3211,0,0.000,292.299,1920,64485839
"benchmark-example:dna-extra-8-cpu","bd/dna.100MB",8,1000000,3211,3211,0,0.000,292.299,1921,64599217
"benchmark-example:dna-extra-8-cpu","bd/dna.100MB",8,1000000,3211,3211,0,0.000,292.299,1922,64634411
"benchmark-example:dna-extra-8-cpu","bd/dna.100MB",8,1000000,3211,3211,0,0.000,292.299,1923,64681328
"benchmark-example:dna-extra-8-cpu","bd/dna.100MB",8,1000000,3211,3211,0,0.000,292.299,1924,64760395
"benchmark-example:dna-extra-8-cpu","bd/dna.100MB",8,1000000,3211,3211,0,0.000,292.299,1925,64775936
"benchmark-example:dna-extra-8-cpu","bd/dna.100MB",8,1000000,3211,3211,0,0.000,292.299,1926,64777035
"benchmark-example:dna-extra-8-cpu","bd/dna.100MB",8,1000000,3211,3211,0,0.000,292.299,1927,64797823
"benchmark-example:dna-extra-8-cpu","bd/dna.100MB",8,1000000,3211,3211,0,0.000,292.299,1928,64804592
"benchmark-example:dna-extra-8-cpu","bd/dna.100MB",8,1000000,3211,3211,0,0.000,292.299,1929,64838578
"benchmark-example:dna-extra-8-cpu","bd/dna.100MB",8,1000000,3211,3211,0,0.000,292.299,1930,64838631
"benchmark-example:dna-extra-8-cpu","bd/dna.100MB",8,1000000,3211,3211,0,0.000,292.299,1931,64945298
"benchmark-example:dna-extra-8-cpu","bd/dna.100MB",8,1000000,3211,3211,0,0.000,292.299,1932,64964678
"benchmark-example:dna-extra-8-cpu","bd/dna.100MB",8,1000000,3211,3211,0,0.000,292.299,1933,64999962
"benchmark-example:dna-extra-8-cpu","bd/dna.100MB",8,1000000,3211,3211,0,0.000,292.299,1934,65016667
"benchmark-example:dna-extra-8-cpu","bd/dna.100MB",8,1000000,3211,3211,0,0.000,292.299,1935,65043954
"benchmark-example:dna-extra-8-cpu","bd/dna.100MB",8,1000000,3211,3211,0,0.000,292.299,1936,65049270
"benchmark-example:dna-extra-8-cpu","bd/dna.100MB",8,1000000,3211,3211,0,0.000,292.299,1937,65065107
"benchmark-example:dna-extra-8-cpu","bd/dna.100MB",8,1000000,3211,3211,0,0.000,292.299,1938,65084878
"benchmark-example:dna-extra-8-cpu","bd/dna.100MB",8,1000000,3211,3211,0,0.000,292.299,1939,65116180
"benchmark-example:dna-extra-8-cpu","bd/dna.100MB",8,1000000,3211,3211,0,0.000,292.299,1940,65133394
"benchmark-example:dna-extra-8-cpu","bd/dna.100MB",8,1000000,3211,3211,0,0.000,292.299,1941,65148648
"benchmark-example:dna-extra-8-cpu","bd/dna.100MB",8,1000000,3211,3211,0,0.000,292.299,1942,65171376
"benchmark-example:dna-extra-8-cpu","bd/dna.100MB",8,1000000,3211,3211,0,0.000,292.299,1943,65180738
"benchmark-example:dna-extra-8-cpu","bd/dna.100MB",8,1000000,3211,3211,0,0.000,292.299,1944,65181736
"benchmark-example:dna-extra-8-cpu","bd/dna.100MB",8,1000000,3211,3211,0,0.000,292.299,1945,65207753
"benchmark-example:dna-extra-8-cpu","bd/dna.100MB",8,1000000,3211,3211,0,0.000,292.299,1946,65246607
"benchmark-example:dna-extra-8-cpu","bd/dna.100MB",8,1000000,3211,3211,0,0.000,292.299,1947,65346479
"benchmark-example:dna-extra-8-cpu","bd/dna.100MB",8,1000000,3211,3211,0,0.000,292.299,1948,65385094
"benchmark-example:dna-extra-8-cpu","bd/dna.100MB",8,1000000,3211,3211,0,0.000,292.299,1949,65395698
"benchmark-example:dna-extra-8-cpu","bd/dna.100MB",8,1000000,3211,3211,0,0.000,292.299,1950,65432718
"benchmark-example:dna-extra-8-cpu","bd/dna.100MB",8,1000000,3211,3211,0,0.000,292.299,1951,65452543
"benchmark-example:dna-extra-8-cpu","bd/dna.100MB",8,1000000,3211,3211,0,0.000,292.299,1952,65490371
"benchmark-example:dna-extra-8-cpu","bd/dna.100MB",8,1000000,3211,3211,0,0.000,292.299,1953,65529997
"benchmark-example:dna-extra-8-cpu","bd/dna.100MB",8,1000000,3211,3211,0,0.000,292.299,1954,65601210
"benchmark-example:dna-extra-8-cpu","bd/dna.100MB",8,1000000,3211,3211,0,0.000,292.299,1955,65606736
"benchmark-example:dna-extra-8-cpu","bd/dna.100MB",8,1000000,3211,3211,0,0.000,292.299,1956,65639890
"benchmark-example:dna-extra-8-cpu","bd/dna.100MB",8,1000000,3211,3211,0,0.000,292.299,1957,65694838
"benchmark-example:dna-extra-8-cpu","bd/dna.100MB",8,1000000,3211,3211,0,0.000,292.299,1958,65715257
"benchmark-example:dna-extra-8-cpu","bd/dna.100MB",8,1000000,3211,3211,0,0.000,292.299,1959,65724479
"benchmark-example:dna-extra-8-cpu","bd/dna.100MB",8,1000000,3211,3211,0,0.000,292.299,1960,65736209
"benchmark-example:dna-extra-8-cpu","bd/dna.100MB",8,1000000,3211,3211,0,0.000,292.299,1961,65803703
"benchmark-example:dna-extra-8-cpu","bd/dna.100MB",8,1000000,3211,3211,0,0.000,292.299,1962,65892126
"benchmark-example:dna-extra-8-cpu","bd/dna.100MB",8,1000000,3211,3211,0,0.000,292.299,1963,65985027
"benchmark-example:dna-extra-8-cpu","bd/dna.100MB",8,1000000,3211,3211,0,0.000,292.299,1964,66002434
"benchmark-example:dna-extra-8-cpu","bd/dna.100MB",8,1000000,3211,3211,0,0.000,292.299,1965,66024593
"benchmark-example:dna-extra-8-cpu","bd/dna.100MB",8,1000000,3211,3211,0,0.000,292.299,1966,66031720
"benchmark-example:dna-extra-8-cpu","bd/dna.100MB",8,1000000,3211,3211,0,0.000,292.299,1967,66032006
"benchmark-example:dna-extra-8-cpu","bd/dna.100MB",8,1000000,3211,3211,0,0.000,292.299,1968,66058735
"benchmark-example:dna-extra-8-cpu","bd/dna.100MB",8,1000000,3211,3211,0,0.000,292.299,1969,66133520
"benchmark-example:dna-extra-8-cpu","bd/dna.100MB",8,1000000,3211,3211,0,0.000,292.299,1970,66148159
"benchmark-example:dna-extra-8-cpu","bd/dna.100MB",8,1000000,3211,3211,0,0.000,292.299,1971,66174157
"benchmark-example:dna-extra-8-cpu","bd/dna.100MB",8,1000000,3211,3211,0,0.000,292.299,1972,66189559
"benchmark-example:dna-extra-8-cpu","bd/dna.100MB",8,1000000,3211,3211,0,0.000,292.299,1973,66224310
"benchmark-example:dna-extra-8-cpu","bd/dna.100MB",8,1000000,3211,3211,0,0.000,292.299,1974,66229747
"benchmark-example:dna-extra-8-cpu","bd/dna.100MB",8,1000000,3211,3211,0,0.000,292.299,1975,66255508
"benchmark-example:dna-extra-8-cpu","bd/dna.100MB",8,1000000,3211,3211,0,0.000,292.299,1976,66281031
"benchmark-example:dna-extra-8-cpu","bd/dna.100MB",8,1000000,3211,3211,0,0.000,292.299,1977,66281727
"benchmark-example:dna-extra-8-cpu","bd/dna.100MB",8,1000000,3211,3211,0,0.000,292.299,1978,66293933
"benchmark-example:dna-extra-8-cpu","bd/dna.100MB",8,1000000,3211,3211,0,0.000,292.299,1979,66330075
"benchmark-example:dna-extra-8-cpu","bd/dna.100MB",8,1000000,3211,3211,0,0.000,292.299,1980,66386201
"benchmark-example:dna-extra-8-cpu","bd/dna.100MB",8,1000000,3211,3211,0,0.000,292.299,1981,66400111
"benchmark-example:dna-extra-8-cpu","bd/dna.100MB",8,1000000,3211,3211,0,0.000,292.299,1982,66420351
"benchmark-example:dna-extra-8-cpu","bd/dna.100MB",8,1000000,3211,3211,0,0.000,292.299,1983,66423162
"benchmark-example:dna-extra-8-cpu","bd/dna.100MB",8,1000000,3211,3211,0,0.000,292.299,1984,66447319
"benchmark-example:dna-extra-8-cpu","bd/dna.100MB",8,1000000,3211,3211,0,0.000,292.299,1985,66504930
"benchmark-example:dna-extra-8-cpu","bd/dna.100MB",8,1000000,3211,3211,0,0.000,292.299,1986,66507602
"benchmark-example:dna-extra-8-cpu","bd/dna.100MB",8,1000000,3211,3211,0,0.000,292.299,1987,66517145
"benchmark-example:dna-extra-8-cpu","bd/dna.100MB",8,1000000,3211,3211,0,0.000,292.299,1988,66610391
"benchmark-example:dna-extra-8-cpu","bd/dna.100MB",8,1000000,3211,3211,0,0.000,292.299,1989,66613467
"benchmark-example:dna-extra-8-cpu","bd/dna.100MB",8,1000000,3211,3211,0,0.000,292.299,1990,66636426
"benchmark-example:dna-extra-8-cpu","bd/dna.100MB",8,1000000,3211,3211,0,0.000,292.299,1991,66642515
"benchmark-example:dna-extra-8-cpu","bd/dna.100MB",8,1000000,3211,3211,0,0.000,292.299,1992,66655774
"benchmark-example:dna-extra-8-cpu","bd/dna.100MB",8,1000000,3211,3211,0,0.000,292.299,1993,66751057
"benchmark-example:dna-extra-8-cpu","bd/dna.100MB",8,1000000,3211,3211,0,0.000,292.299,1994,66780188
"benchmark-example:dna-extra-8-cpu","bd/dna.100MB",8,1000000,3211,3211,0,0.000,292.299,1995,66861875
"benchmark-example:dna-extra-8-cpu","bd/dna.100MB",8,1000000,3211,3211,0,0.000,292.299,1996,66877242
"benchmark-example:dna-extra-8-cpu","bd/dna.100MB",8,1000000,3211,3211,0,0.000,292.299,1997,66933094
"benchmark-example:dna-extra-8-cpu","bd/dna.100MB",8,1000000,3211,3211,0,0.000,292.299,1998,67010607
"benchmark-example:dna-extra-8-cpu","bd/dna.100MB",8,1000000,3211,3211,0,0.000,292.299,1999,67035316
"benchmark-example:dna-extra-8-cpu","bd/dna.100MB",8,1000000,3211,3211,0,0.000,292.299,2000,67079737
"benchmark-example:dna-extra-8-cpu","bd/dna.100MB",8,1000000,3211,3211,0,0.000,292.299,2001,67149239
"benchmark-example:dna-extra-8-cpu","bd/dna.100MB",8,1000000,3211,3211,0,0.000,292.299,2002,67157873
"benchmark-example:dna-extra-8-cpu","bd/dna.100MB",8,1000000,3211,3211,0,0.000,292.299,2003,67160497
"benchmark-example:dna-extra-8-cpu","bd/dna.100MB",8,1000000,3211,3211,0,0.000,292.299,2004,67188345
"benchmark-example:dna-extra-8-cpu","bd/dna.100MB",8,1000000,3211,3211,0,0.000,292.299,2005,67195349
"benchmark-example:dna-extra-8-cpu","bd/dna.100MB",8,1000000,3211,3211,0,0.000,292.299,2006,67249847
"benchmark-example:dna-extra-8-cpu","bd/dna.100MB",8,1000000,3211,3211,0,0.000,292.299,2007,67303038
"benchmark-example:dna-extra-8-cpu","bd/dna.100MB",8,1000000,3211,3211,0,0.000,292.299,2008,67328747
"benchmark-example:dna-extra-8-cpu","bd/dna.100MB",8,1000000,3211,3211,0,0.000,292.299,2009,67345036
"benchmark-example:dna-extra-8-cpu","bd/dna.100MB",8,1000000,3211,3211,0,0.000,292.299,2010,67365453
"benchmark-example:dna-extra-8-cpu","bd/dna.100MB",8,1000000,3211,3211,0,0.000,292.299,2011,67389624
"benchmark-example:dna-extra-8-cpu","bd/dna.100MB",8,1000000,3211,3211,0,0.000,292.299,2012,67519999
"benchmark-example:dna-extra-8-cpu","bd/dna.100MB",8,1000000,3211,3211,0,0.000,292.299,2013,67528122
"benchmark-example:dna-extra-8-cpu","bd/dna.100MB",8,1000000,3211,3211,0,0.000,292.299,2014,67547866
"benchmark-example:dna-extra-8-cpu","bd/dna.100MB",8,1000000,3211,3211,0,0.000,292.299,2015,67589234
"benchmark-example:dna-extra-8-cpu","bd/dna.100MB",8,1000000,3211,3211,0,0.000,292.299,2016,67609181
"benchmark-example:dna-extra-8-cpu","bd/dna.100MB",8,1000000,3211,3211,0,0.000,292.299,2017,67610522
"benchmark-example:dna-extra-8-cpu","bd/dna.100MB",8,1000000,3211,3211,0,0.000,292.299,2018,67634953
"benchmark-example:dna-extra-8-cpu","bd/dna.100MB",8,1000000,3211,3211,0,0.000,292.299,2019,67675381
"benchmark-example:dna-extra-8-cpu","bd/dna.100MB",8,1000000,3211,3211,0,0.000,292.299,2020,67702878
"benchmark-example:dna-extra-8-cpu","bd/dna.100MB",8,1000000,3211,3211,0,0.000,292.299,2021,67759831
"benchmark-example:dna-extra-8-cpu","bd/dna.100MB",8,1000000,3211,3211,0,0.000,292.299,2022,67805896
"benchmark-example:dna-extra-8-cpu","bd/dna.100MB",8,1000000,3211,3211,0,0.000,292.299,2023,67822632
"benchmark-example:dna-extra-8-cpu","bd/dna.100MB",8,1000000,3211,3211,0,0.000,292.299,2024,67841148
"benchmark-example:dna-extra-8-cpu","bd/dna.100MB",8,1000000,3211,3211,0,0.000,292.299,2025,67869689
"benchmark-example:dna-extra-8-cpu","bd/dna.100MB",8,1000000,3211,3211,0,0.000,292.299,2026,67902588
"benchmark-example:dna-extra-8-cpu","bd/dna.100MB",8,1000000,3211,3211,0,0.000,292.299,2027,67920538
"benchmark-example:dna-extra-8-cpu","bd/dna.100MB",8,1000000,3211,3211,0,0.000,292.299,2028,67952595
"benchmark-example:dna-extra-8-cpu","bd/dna.100MB",8,1000000,3211,3211,0,0.000,292.299,2029,67967020
"benchmark-example:dna-extra-8-cpu","bd/dna.100MB",8,1000000,3211,3211,0,0.000,292.299,2030,68026355
"benchmark-example:dna-extra-8-cpu","bd/dna.100MB",8,1000000,3211,3211,0,0.000,292.299,2031,68040869
"benchmark-example:dna-extra-8-cpu","bd/dna.100MB",8,1000000,3211,3211,0,0.000,292.299,2032,68043087
"benchmark-example:dna-extra-8-cpu","bd/dna.100MB",8,1000000,3211,3211,0,0.000,292.299,2033,68083249
"benchmark-example:dna-extra-8-cpu","bd/dna.100MB",8,1000000,3211,3211,0,0.000,292.299,2034,68198767
"benchmark-example:dna-extra-8-cpu","bd/dna.100MB",8,1000000,3211,3211,0,0.000,292.299,2035,68233716
"benchmark-example:dna-extra-8-cpu","bd/dna.100MB",8,1000000,3211,3211,0,0.000,292.299,2036,68268769
"benchmark-example:dna-extra-8-cpu","bd/dna.100MB",8,1000000,3211,3211,0,0.000,292.299,2037,68275699
"benchmark-example:dna-extra-8-cpu","bd/dna.100MB",8,1000000,3211,3211,0,0.000,292.299,2038,68280656
"benchmark-example:dna-extra-8-cpu","bd/dna.100MB",8,1000000,3211,3211,0,0.000,292.299,2039,68391597
"benchmark-example:dna-extra-8-cpu","bd/dna.100MB",8,1000000,3211,3211,0,0.000,292.299,2040,68421092
"benchmark-example:dna-extra-8-cpu","bd/dna.100MB",8,1000000,3211,3211,0,0.000,292.299,2041,68592764
"benchmark-example:dna-extra-8-cpu","bd/dna.100MB",8,1000000,3211,3211,0,0.000,292.299,2042,68627273
"benchmark-example:dna-extra-8-cpu","bd/dna.100MB",8,1000000,3211,3211,0,0.000,292.299,2043,68632054
"benchmark-example:dna-extra-8-cpu","bd/dna.100MB",8,1000000,3211,3211,0,0.000,292.299,2044,68670083
"benchmark-example:dna-extra-8-cpu","bd/dna.100MB",8,1000000,3211,3211,0,0.000,292.299,2045,68678266
"benchmark-example:dna-extra-8-cpu","bd/dna.100MB",8,1000000,3211,3211,0,0.000,292.299,2046,68694864
"benchmark-example:dna-extra-8-cpu","bd/dna.100MB",8,1000000,3211,3211,0,0.000,292.299,2047,68711714
"benchmark-example:dna-extra-8-cpu","bd/dna.100MB",8,1000000,3211,3211,0,0.000,292.299,2048,68819927
"benchmark-example:dna-extra-8-cpu","bd/dna.100MB",8,1000000,3211,3211,0,0.000,292.299,2049,69086792
"benchmark-example:dna-extra-8-cpu","bd/dna.100MB",8,1000000,3211,3211,0,0.000,292.299,2050,69117903
"benchmark-example:dna-extra-8-cpu","bd/dna.100MB",8,1000000,3211,3211,0,0.000,292.299,2051,69134612
"benchmark-example:dna-extra-8-cpu","bd/dna.100MB",8,1000000,3211,3211,0,0.000,292.299,2052,69256201
"benchmark-example:dna-extra-8-cpu","bd/dna.100MB",8,1000000,3211,3211,0,0.000,292.299,2053,69257230
"benchmark-example:dna-extra-8-cpu","bd/dna.100MB",8,1000000,3211,3211,0,0.000,292.299,2054,69278493
"benchmark-example:dna-extra-8-cpu","bd/dna.100MB",8,1000000,3211,3211,0,0.000,292.299,2055,69289369
"benchmark-example:dna-extra-8-cpu","bd/dna.100MB",8,1000000,3211,3211,0,0.000,292.299,2056,69306353
"benchmark-example:dna-extra-8-cpu","bd/dna.100MB",8,1000000,3211,3211,0,0.000,292.299,2057,69309920
"benchmark-example:dna-extra-8-cpu","bd/dna.100MB",8,1000000,3211,3211,0,0.000,292.299,2058,69371039
"benchmark-example:dna-extra-8-cpu","bd/dna.100MB",8,1000000,3211,3211,0,0.000,292.299,2059,69378853
"benchmark-example:dna-extra-8-cpu","bd/dna.100MB",8,1000000,3211,3211,0,0.000,292.299,2060,69389056
"benchmark-example:dna-extra-8-cpu","bd/dna.100MB",8,1000000,3211,3211,0,0.000,292.299,2061,69424343
"benchmark-example:dna-extra-8-cpu","bd/dna.100MB",8,1000000,3211,3211,0,0.000,292.299,2062,69433092
"benchmark-example:dna-extra-8-cpu","bd/dna.100MB",8,1000000,3211,3211,0,0.000,292.299,2063,69445587
"benchmark-example:dna-extra-8-cpu","bd/dna.100MB",8,1000000,3211,3211,0,0.000,292.299,2064,69560199
"benchmark-example:dna-extra-8-cpu","bd/dna.100MB",8,1000000,3211,3211,0,0.000,292.299,2065,69585931
"benchmark-example:dna-extra-8-cpu","bd/dna.100MB",8,1000000,3211,3211,0,0.000,292.299,2066,69644282
"benchmark-example:dna-extra-8-cpu","bd/dna.100MB",8,1000000,3211,3211,0,0.000,292.299,2067,69709589
"benchmark-example:dna-extra-8-cpu","bd/dna.100MB",8,1000000,3211,3211,0,0.000,292.299,2068,69751283
"benchmark-example:dna-extra-8-cpu","bd/dna.100MB",8,1000000,3211,3211,0,0.000,292.299,2069,69788298
"benchmark-example:dna-extra-8-cpu","bd/dna.100MB",8,1000000,3211,3211,0,0.000,292.299,2070,69788778
"benchmark-example:dna-extra-8-cpu","bd/dna.100MB",8,1000000,3211,3211,0,0.000,292.299,2071,69812429
"benchmark-example:dna-extra-8-cpu","bd/dna.100MB",8,1000000,3211,3211,0,0.000,292.299,2072,69817584
"benchmark-example:dna-extra-8-cpu","bd/dna.100MB",8,1000000,3211,3211,0,0.000,292.299,2073,69894266
"benchmark-example:dna-extra-8-cpu","bd/dna.100MB",8,1000000,3211,3211,0,0.000,292.299,2074,69919904
"benchmark-example:dna-extra-8-cpu","bd/dna.100MB",8,1000000,3211,3211,0,0.000,292.299,2075,69944757
"benchmark-example:dna-extra-8-cpu","bd/dna.100MB",8,1000000,3211,3211,0,0.000,292.299,2076,69954773
"benchmark-example:dna-extra-8-cpu","bd/dna.100MB",8,1000000,3211,3211,0,0.000,292.299,2077,69959863
"benchmark-example:dna-extra-8-cpu","bd/dna.100MB",8,1000000,3211,3211,0,0.000,292.299,2078,70031758
"benchmark-example:dna-extra-8-cpu","bd/dna.100MB",8,1000000,3211,3211,0,0.000,292.299,2079,70070631
"benchmark-example:dna-extra-8-cpu","bd/dna.100MB",8,1000000,3211,3211,0,0.000,292.299,2080,70085138
"benchmark-example:dna-extra-8-cpu","bd/dna.100MB",8,1000000,3211,3211,0,0.000,292.299,2081,70091311
"benchmark-example:dna-extra-8-cpu","bd/dna.100MB",8,1000000,3211,3211,0,0.000,292.299,2082,70102644
"benchmark-example:dna-extra-8-cpu","bd/dna.100MB",8,1000000,3211,3211,0,0.000,292.299,2083,70116456
"benchmark-example:dna-extra-8-cpu","bd/dna.100MB",8,1000000,3211,3211,0,0.000,292.299,2084,70150748
"benchmark-example:dna-extra-8-cpu","bd/dna.100MB",8,1000000,3211,3211,0,0.000,292.299,2085,70173069
"benchmark-example:dna-extra-8-cpu","bd/dna.100MB",8,1000000,3211,3211,0,0.000,292.299,2086,70248113
"benchmark-example:dna-extra-8-cpu","bd/dna.100MB",8,1000000,3211,3211,0,0.000,292.299,2087,70327585
"benchmark-example:dna-extra-8-cpu","bd/dna.100MB",8,1000000,3211,3211,0,0.000,292.299,2088,70365430
"benchmark-example:dna-extra-8-cpu","bd/dna.100MB",8,1000000,3211,3211,0,0.000,292.299,2089,70377520
"benchmark-example:dna-extra-8-cpu","bd/dna.100MB",8,1000000,3211,3211,0,0.000,292.299,2090,70415604
"benchmark-example:dna-extra-8-cpu","bd/dna.100MB",8,1000000,3211,3211,0,0.000,292.299,2091,70423030
"benchmark-example:dna-extra-8-cpu","bd/dna.100MB",8,1000000,3211,3211,0,0.000,292.299,2092,70439316
"benchmark-example:dna-extra-8-cpu","bd/dna.100MB",8,1000000,3211,3211,0,0.000,292.299,2093,70484422
"benchmark-example:dna-extra-8-cpu","bd/dna.100MB",8,1000000,3211,3211,0,0.000,292.299,2094,70487379
"benchmark-example:dna-extra-8-cpu","bd/dna.100MB",8,1000000,3211,3211,0,0.000,292.299,2095,70524938
"benchmark-example:dna-extra-8-cpu","bd/dna.100MB",8,1000000,3211,3211,0,0.000,292.299,2096,70533084
"benchmark-example:dna-extra-8-cpu","bd/dna.100MB",8,1000000,3211,3211,0,0.000,292.299,2097,70602370
"benchmark-example:dna-extra-8-cpu","bd/dna.100MB",8,1000000,3211,3211,0,0.000,292.299,2098,70663615
"benchmark-example:dna-extra-8-cpu","bd/dna.100MB",8,1000000,3211,3211,0,0.000,292.299,2099,70679160
"benchmark-example:dna-extra-8-cpu","bd/dna.100MB",8,1000000,3211,3211,0,0.000,292.299,2100,70781497
"benchmark-example:dna-extra-8-cpu","bd/dna.100MB",8,1000000,3211,3211,0,0.000,292.299,2101,70803886
"benchmark-example:dna-extra-8-cpu","bd/dna.100MB",8,1000000,3211,3211,0,0.000,292.299,2102,70808226
"benchmark-example:dna-extra-8-cpu","bd/dna.100MB",8,1000000,3211,3211,0,0.000,292.299,2103,70846531
"benchmark-example:dna-extra-8-cpu","bd/dna.100MB",8,1000000,3211,3211,0,0.000,292.299,2104,70891697
"benchmark-example:dna-extra-8-cpu","bd/dna.100MB",8,1000000,3211,3211,0,0.000,292.299,2105,70935909
"benchmark-example:dna-extra-8-cpu","bd/dna.100MB",8,1000000,3211,3211,0,0.000,292.299,2106,71008935
"benchmark-example:dna-extra-8-cpu","bd/dna.100MB",8,1000000,3211,3211,0,0.000,292.299,2107,71034659
"benchmark-example:dna-extra-8-cpu","bd/dna.100MB",8,1000000,3211,3211,0,0.000,292.299,2108,71051570
"benchmark-example:dna-extra-8-cpu","bd/dna.100MB",8,1000000,3211,3211,0,0.000,292.299,2109,71068867
"benchmark-example:dna-extra-8-cpu","bd/dna.100MB",8,1000000,3211,3211,0,0.000,292.299,2110,71125171
"benchmark-example:dna-extra-8-cpu","bd/dna.100MB",8,1000000,3211,3211,0,0.000,292.299,2111,71178180
"benchmark-example:dna-extra-8-cpu","bd/dna.100MB",8,1000000,3211,3211,0,0.000,292.299,2112,71178244
"benchmark-example:dna-extra-8-cpu","bd/dna.100MB",8,1000000,3211,3211,0,0.000,292.299,2113,71183867
"benchmark-example:dna-extra-8-cpu","bd/dna.100MB",8,1000000,3211,3211,0,0.000,292.299,2114,71252429
"benchmark-example:dna-extra-8-cpu","bd/dna.100MB",8,1000000,3211,3211,0,0.000,292.299,2115,71257825
"benchmark-example:dna-extra-8-cpu","bd/dna.100MB",8,1000000,3211,3211,0,0.000,292.299,2116,71394927
"benchmark-example:dna-extra-8-cpu","bd/dna.100MB",8,1000000,3211,3211,0,0.000,292.299,2117,71429814
"benchmark-example:dna-extra-8-cpu","bd/dna.100MB",8,1000000,3211,3211,0,0.000,292.299,2118,71442766
"benchmark-example:dna-extra-8-cpu","bd/dna.100MB",8,1000000,3211,3211,0,0.000,292.299,2119,71486863
"benchmark-example:dna-extra-8-cpu","bd/dna.100MB",8,1000000,3211,3211,0,0.000,292.299,2120,71528890
"benchmark-example:dna-extra-8-cpu","bd/dna.100MB",8,1000000,3211,3211,0,0.000,292.299,2121,71549650
"benchmark-example:dna-extra-8-cpu","bd/dna.100MB",8,1000000,3211,3211,0,0.000,292.299,2122,71556590
"benchmark-example:dna-extra-8-cpu","bd/dna.100MB",8,1000000,3211,3211,0,0.000,292.299,2123,71563307
"benchmark-example:dna-extra-8-cpu","bd/dna.100MB",8,1000000,3211,3211,0,0.000,292.299,2124,71563825
"benchmark-example:dna-extra-8-cpu","bd/dna.100MB",8,1000000,3211,3211,0,0.000,292.299,2125,71604902
"benchmark-example:dna-extra-8-cpu","bd/dna.100MB",8,1000000,3211,3211,0,0.000,292.299,2126,71649640
"benchmark-example:dna-extra-8-cpu","bd/dna.100MB",8,1000000,3211,3211,0,0.000,292.299,2127,71658296
"benchmark-example:dna-extra-8-cpu","bd/dna.100MB",8,1000000,3211,3211,0,0.000,292.299,2128,71751161
"benchmark-example:dna-extra-8-cpu","bd/dna.100MB",8,1000000,3211,3211,0,0.000,292.299,2129,71761338
"benchmark-example:dna-extra-8-cpu","bd/dna.100MB",8,1000000,3211,3211,0,0.000,292.299,2130,71775476
"benchmark-example:dna-extra-8-cpu","bd/dna.100MB",8,1000000,3211,3211,0,0.000,292.299,2131,71781215
"benchmark-example:dna-extra-8-cpu","bd/dna.100MB",8,1000000,3211,3211,0,0.000,292.299,2132,71864372
"benchmark-example:dna-extra-8-cpu","bd/dna.100MB",8,1000000,3211,3211,0,0.000,292.299,2133,71870821
"benchmark-example:dna-extra-8-cpu","bd/dna.100MB",8,1000000,3211,3211,0,0.000,292.299,2134,71878995
"benchmark-example:dna-extra-8-cpu","bd/dna.100MB",8,1000000,3211,3211,0,0.000,292.299,2135,71905110
"benchmark-example:dna-extra-8-cpu","bd/dna.100MB",8,1000000,3211,3211,0,0.000,292.299,2136,71945285
"benchmark-example:dna-extra-8-cpu","bd/dna.100MB",8,1000000,3211,3211,0,0.000,292.299,2137,71949926
"benchmark-example:dna-extra-8-cpu","bd/dna.100MB",8,1000000,3211,3211,0,0.000,292.299,2138,71982824
"benchmark-example:dna-extra-8-cpu","bd/dna.100MB",8,1000000,3211,3211,0,0.000,292.299,2139,71994931
"benchmark-example:dna-extra-8-cpu","bd/dna.100MB",8,1000000,3211,3211,0,0.000,292.299,2140,72016550
"benchmark-example:dna-extra-8-cpu","bd/dna.100MB",8,1000000,3211,3211,0,0.000,292.299,2141,72021462
"benchmark-example:dna-extra-8-cpu","bd/dna.100MB",8,1000000,3211,3211,0,0.000,292.299,2142,72026413
"benchmark-example:dna-extra-8-cpu","bd/dna.100MB",8,1000000,3211,3211,0,0.000,292.299,2143,72026542
"benchmark-example:dna-extra-8-cpu","bd/dna.100MB",8,1000000,3211,3211,0,0.000,292.299,2144,72044044
"benchmark-example:dna-extra-8-cpu","bd/dna.100MB",8,1000000,3211,3211,0,0.000,292.299,2145,72052643
"benchmark-example:dna-extra-8-cpu","bd/dna.100MB",8,1000000,3211,3211,0,0.000,292.299,2146,72071961
"benchmark-example:dna-extra-8-cpu","bd/dna.100MB",8,1000000,3211,3211,0,0.000,292.299,2147,72101251
"benchmark-example:dna-extra-8-cpu","bd/dna.100MB",8,1000000,3211,3211,0,0.000,292.299,2148,72106068
"benchmark-example:dna-extra-8-cpu","bd/dna.100MB",8,1000000,3211,3211,0,0.000,292.299,2149,72133949
"benchmark-example:dna-extra-8-cpu","bd/dna.100MB",8,1000000,3211,3211,0,0.000,292.299,2150,72149967
"benchmark-example:dna-extra-8-cpu","bd/dna.100MB",8,1000000,3211,3211,0,0.000,292.299,2151,72158859
"benchmark-example:dna-extra-8-cpu","bd/dna.100MB",8,1000000,3211,3211,0,0.000,292.299,2152,72218652
"benchmark-example:dna-extra-8-cpu","bd/dna.100MB",8,1000000,3211,3211,0,0.000,292.299,2153,72225225
"benchmark-example:dna-extra-8-cpu","bd/dna.100MB",8,1000000,3211,3211,0,0.000,292.299,2154,72231543
"benchmark-example:dna-extra-8-cpu","bd/dna.100MB",8,1000000,3211,3211,0,0.000,292.299,2155,72237052
"benchmark-example:dna-extra-8-cpu","bd/dna.100MB",8,1000000,3211,3211,0,0.000,292.299,2156,72294866
"benchmark-example:dna-extra-8-cpu","bd/dna.100MB",8,1000000,3211,3211,0,0.000,292.299,2157,72298943
"benchmark-example:dna-extra-8-cpu","bd/dna.100MB",8,1000000,3211,3211,0,0.000,292.299,2158,72300475
"benchmark-example:dna-extra-8-cpu","bd/dna.100MB",8,1000000,3211,3211,0,0.000,292.299,2159,72300674
"benchmark-example:dna-extra-8-cpu","bd/dna.100MB",8,1000000,3211,3211,0,0.000,292.299,2160,72348578
"benchmark-example:dna-extra-8-cpu","bd/dna.100MB",8,1000000,3211,3211,0,0.000,292.299,2161,72365710
"benchmark-example:dna-extra-8-cpu","bd/dna.100MB",8,1000000,3211,3211,0,0.000,292.299,2162,72391079
"benchmark-example:dna-extra-8-cpu","bd/dna.100MB",8,1000000,3211,3211,0,0.000,292.299,2163,72393243
"benchmark-example:dna-extra-8-cpu","bd/dna.100MB",8,1000000,3211,3211,0,0.000,292.299,2164,72417975
"benchmark-example:dna-extra-8-cpu","bd/dna.100MB",8,1000000,3211,3211,0,0.000,292.299,2165,72428660
"benchmark-example:dna-extra-8-cpu","bd/dna.100MB",8,1000000,3211,3211,0,0.000,292.299,2166,72431742
"benchmark-example:dna-extra-8-cpu","bd/dna.100MB",8,1000000,3211,3211,0,0.000,292.299,2167,72446592
"benchmark-example:dna-extra-8-cpu","bd/dna.100MB",8,1000000,3211,3211,0,0.000,292.299,2168,72459944
"benchmark-example:dna-extra-8-cpu","bd/dna.100MB",8,1000000,3211,3211,0,0.000,292.299,2169,72483011
"benchmark-example:dna-extra-8-cpu","bd/dna.100MB",8,1000000,3211,3211,0,0.000,292.299,2170,72495917
"benchmark-example:dna-extra-8-cpu","bd/dna.100MB",8,1000000,3211,3211,0,0.000,292.299,2171,72513734
"benchmark-example:dna-extra-8-cpu","bd/dna.100MB",8,1000000,3211,3211,0,0.000,292.299,2172,72513892
"benchmark-example:dna-extra-8-cpu","bd/dna.100MB",8,1000000,3211,3211,0,0.000,292.299,2173,72515863
"benchmark-example:dna-extra-8-cpu","bd/dna.100MB",8,1000000,3211,3211,0,0.000,292.299,2174,72562547
"benchmark-example:dna-extra-8-cpu","bd/dna.100MB",8,1000000,3211,3211,0,0.000,292.299,2175,72591740
"benchmark-example:dna-extra-8-cpu","bd/dna.100MB",8,1000000,3211,3211,0,0.000,292.299,2176,72607430
"benchmark-example:dna-extra-8-cpu","bd/dna.100MB",8,1000000,3211,3211,0,0.000,292.299,2177,72615604
"benchmark-example:dna-extra-8-cpu","bd/dna.100MB",8,1000000,3211,3211,0,0.000,292.299,2178,72645493
"benchmark-example:dna-extra-8-cpu","bd/dna.100MB",8,1000000,3211,3211,0,0.000,292.299,2179,72647401
"benchmark-example:dna-extra-8-cpu","bd/dna.100MB",8,1000000,3211,3211,0,0.000,292.299,2180,72690653
"benchmark-example:dna-extra-8-cpu","bd/dna.100MB",8,1000000,3211,3211,0,0.000,292.299,2181,72724441
"benchmark-example:dna-extra-8-cpu","bd/dna.100MB",8,1000000,3211,3211,0,0.000,292.299,2182,72780225
"benchmark-example:dna-extra-8-cpu","bd/dna.100MB",8,1000000,3211,3211,0,0.000,292.299,2183,72805794
"benchmark-example:dna-extra-8-cpu","bd/dna.100MB",8,1000000,3211,3211,0,0.000,292.299,2184,72908102
"benchmark-example:dna-extra-8-cpu","bd/dna.100MB",8,1000000,3211,3211,0,0.000,292.299,2185,72913935
"benchmark-example:dna-extra-8-cpu","bd/dna.100MB",8,1000000,3211,3211,0,0.000,292.299,2186,72924639
"benchmark-example:dna-extra-8-cpu","bd/dna.100MB",8,1000000,3211,3211,0,0.000,292.299,2187,72968579
"benchmark-example:dna-extra-8-cpu","bd/dna.100MB",8,1000000,3211,3211,0,0.000,292.299,2188,72974966
"benchmark-example:dna-extra-8-cpu","bd/dna.100MB",8,1000000,3211,3211,0,0.000,292.299,2189,73004786
"benchmark-example:dna-extra-8-cpu","bd/dna.100MB",8,1000000,3211,3211,0,0.000,292.299,2190,73089797
"benchmark-example:dna-extra-8-cpu","bd/dna.100MB",8,1000000,3211,3211,0,0.000,292.299,2191,73092149
"benchmark-example:dna-extra-8-cpu","bd/dna.100MB",8,1000000,3211,3211,0,0.000,292.299,2192,73095301
"benchmark-example:dna-extra-8-cpu","bd/dna.100MB",8,1000000,3211,3211,0,0.000,292.299,2193,73115857
"benchmark-example:dna-extra-8-cpu","bd/dna.100MB",8,1000000,3211,3211,0,0.000,292.299,2194,73140640
"benchmark-example:dna-extra-8-cpu","bd/dna.100MB",8,1000000,3211,3211,0,0.000,292.299,2195,73239516
"benchmark-example:dna-extra-8-cpu","bd/dna.100MB",8,1000000,3211,3211,0,0.000,292.299,2196,73249013
"benchmark-example:dna-extra-8-cpu","bd/dna.100MB",8,1000000,3211,3211,0,0.000,292.299,2197,73316100
"benchmark-example:dna-extra-8-cpu","bd/dna.100MB",8,1000000,3211,3211,0,0.000,292.299,2198,73316598
"benchmark-example:dna-extra-8-cpu","bd/dna.100MB",8,1000000,3211,3211,0,0.000,292.299,2199,73318978
"benchmark-example:dna-extra-8-cpu","bd/dna.100MB",8,1000000,3211,3211,0,0.000,292.299,2200,73327876
"benchmark-example:dna-extra-8-cpu","bd/dna.100MB",8,1000000,3211,3211,0,0.000,292.299,2201,73335573
"benchmark-example:dna-extra-8-cpu","bd/dna.100MB",8,1000000,3211,3211,0,0.000,292.299,2202,73374699
"benchmark-example:dna-extra-8-cpu","bd/dna.100MB",8,1000000,3211,3211,0,0.000,292.299,2203,73398088
"benchmark-example:dna-extra-8-cpu","bd/dna.100MB",8,1000000,3211,3211,0,0.000,292.299,2204,73423920
"benchmark-example:dna-extra-8-cpu","bd/dna.100MB",8,1000000,3211,3211,0,0.000,292.299,2205,73423932
"benchmark-example:dna-extra-8-cpu","bd/dna.100MB",8,1000000,3211,3211,0,0.000,292.299,2206,73427492
"benchmark-example:dna-extra-8-cpu","bd/dna.100MB",8,1000000,3211,3211,0,0.000,292.299,2207,73499523
"benchmark-example:dna-extra-8-cpu","bd/dna.100MB",8,1000000,3211,3211,0,0.000,292.299,2208,73507875
"benchmark-example:dna-extra-8-cpu","bd/dna.100MB",8,1000000,3211,3211,0,0.000,292.299,2209,73513633
"benchmark-example:dna-extra-8-cpu","bd/dna.100MB",8,1000000,3211,3211,0,0.000,292.299,2210,73529043
"benchmark-example:dna-extra-8-cpu","bd/dna.100MB",8,1000000,3211,3211,0,0.000,292.299,2211,73572262
"benchmark-example:dna-extra-8-cpu","bd/dna.100MB",8,1000000,3211,3211,0,0.000,292.299,2212,73586042
"benchmark-example:dna-extra-8-cpu","bd/dna.100MB",8,1000000,3211,3211,0,0.000,292.299,2213,73603752
"benchmark-example:dna-extra-8-cpu","bd/dna.100MB",8,1000000,3211,3211,0,0.000,292.299,2214,73626513
"benchmark-example:dna-extra-8-cpu","bd/dna.100MB",8,1000000,3211,3211,0,0.000,292.299,2215,73672352
"benchmark-example:dna-extra-8-cpu","bd/dna.100MB",8,1000000,3211,3211,0,0.000,292.299,2216,73679004
"benchmark-example:dna-extra-8-cpu","bd/dna.100MB",8,1000000,3211,3211,0,0.000,292.299,2217,73684617
"benchmark-example:dna-extra-8-cpu","bd/dna.100MB",8,1000000,3211,3211,0,0.000,292.299,2218,73698572
"benchmark-example:dna-extra-8-cpu","bd/dna.100MB",8,1000000,3211,3211,0,0.000,292.299,2219,73724725
"benchmark-example:dna-extra-8-cpu","bd/dna.100MB",8,1000000,3211,3211,0,0.000,292.299,2220,73740536
"benchmark-example:dna-extra-8-cpu","bd/dna.100MB",8,1000000,3211,3211,0,0.000,292.299,2221,73845979
"benchmark-example:dna-extra-8-cpu","bd/dna.100MB",8,1000000,3211,3211,0,0.000,292.299,2222,73878126
"benchmark-example:dna-extra-8-cpu","bd/dna.100MB",8,1000000,3211,3211,0,0.000,292.299,2223,73880764
"benchmark-example:dna-extra-8-cpu","bd/dna.100MB",8,1000000,3211,3211,0,0.000,292.299,2224,73921826
"benchmark-example:dna-extra-8-cpu","bd/dna.100MB",8,1000000,3211,3211,0,0.000,292.299,2225,73981010
"benchmark-example:dna-extra-8-cpu","bd/dna.100MB",8,1000000,3211,3211,0,0.000,292.299,2226,73982776
"benchmark-example:dna-extra-8-cpu","bd/dna.100MB",8,1000000,3211,3211,0,0.000,292.299,2227,74173804
"benchmark-example:dna-extra-8-cpu","bd/dna.100MB",8,1000000,3211,3211,0,0.000,292.299,2228,74220239
"benchmark-example:dna-extra-8-cpu","bd/dna.100MB",8,1000000,3211,3211,0,0.000,292.299,2229,74265126
"benchmark-example:dna-extra-8-cpu","bd/dna.100MB",8,1000000,3211,3211,0,0.000,292.299,2230,74299123
"benchmark-example:dna-extra-8-cpu","bd/dna.100MB",8,1000000,3211,3211,0,0.000,292.299,2231,74313036
"benchmark-example:dna-extra-8-cpu","bd/dna.100MB",8,1000000,3211,3211,0,0.000,292.299,2232,74384890
"benchmark-example:dna-extra-8-cpu","bd/dna.100MB",8,1000000,3211,3211,0,0.000,292.299,2233,74440741
"benchmark-example:dna-extra-8-cpu","bd/dna.100MB",8,1000000,3211,3211,0,0.000,292.299,2234,74475629
"benchmark-example:dna-extra-8-cpu","bd/dna.100MB",8,1000000,3211,3211,0,0.000,292.299,2235,74534262
"benchmark-example:dna-extra-8-cpu","bd/dna.100MB",8,1000000,3211,3211,0,0.000,292.299,2236,74552968
"benchmark-example:dna-extra-8-cpu","bd/dna.100MB",8,1000000,3211,3211,0,0.000,292.299,2237,74587680
"benchmark-example:dna-extra-8-cpu","bd/dna.100MB",8,1000000,3211,3211,0,0.000,292.299,2238,74621999
"benchmark-example:dna-extra-8-cpu","bd/dna.100MB",8,1000000,3211,3211,0,0.000,292.299,2239,74664087
"benchmark-example:dna-extra-8-cpu","bd/dna.100MB",8,1000000,3211,3211,0,0.000,292.299,2240,74819689
"benchmark-example:dna-extra-8-cpu","bd/dna.100MB",8,1000000,3211,3211,0,0.000,292.299,2241,74848685
"benchmark-example:dna-extra-8-cpu","bd/dna.100MB",8,1000000,3211,3211,0,0.000,292.299,2242,74966078
"benchmark-example:dna-extra-8-cpu","bd/dna.100MB",8,1000000,3211,3211,0,0.000,292.299,2243,74971127
"benchmark-example:dna-extra-8-cpu","bd/dna.100MB",8,1000000,3211,3211,0,0.000,292.299,2244,74975295
"benchmark-example:dna-extra-8-cpu","bd/dna.100MB",8,1000000,3211,3211,0,0.000,292.299,2245,75027689
"benchmark-example:dna-extra-8-cpu","bd/dna.100MB",8,1000000,3211,3211,0,0.000,292.299,2246,75093418
"benchmark-example:dna-extra-8-cpu","bd/dna.100MB",8,1000000,3211,3211,0,0.000,292.299,2247,75098420
"benchmark-example:dna-extra-8-cpu","bd/dna.100MB",8,1000000,3211,3211,0,0.000,292.299,2248,75127940
"benchmark-example:dna-extra-8-cpu","bd/dna.100MB",8,1000000,3211,3211,0,0.000,292.299,2249,75133879
"benchmark-example:dna-extra-8-cpu","bd/dna.100MB",8,1000000,3211,3211,0,0.000,292.299,2250,75183150
"benchmark-example:dna-extra-8-cpu","bd/dna.100MB",8,1000000,3211,3211,0,0.000,292.299,2251,75280365
"benchmark-example:dna-extra-8-cpu","bd/dna.100MB",8,1000000,3211,3211,0,0.000,292.299,2252,75358901
"benchmark-example:dna-extra-8-cpu","bd/dna.100MB",8,1000000,3211,3211,0,0.000,292.299,2253,75372603
"benchmark-example:dna-extra-8-cpu","bd/dna.100MB",8,1000000,3211,3211,0,0.000,292.299,2254,75393605
"benchmark-example:dna-extra-8-cpu","bd/dna.100MB",8,1000000,3211,3211,0,0.000,292.299,2255,75414989
"benchmark-example:dna-extra-8-cpu","bd/dna.100MB",8,1000000,3211,3211,0,0.000,292.299,2256,75446153
"benchmark-example:dna-extra-8-cpu","bd/dna.100MB",8,1000000,3211,3211,0,0.000,292.299,2257,75463451
"benchmark-example:dna-extra-8-cpu","bd/dna.100MB",8,1000000,3211,3211,0,0.000,292.299,2258,75470599
"benchmark-example:dna-extra-8-cpu","bd/dna.100MB",8,1000000,3211,3211,0,0.000,292.299,2259,75480899
"benchmark-example:dna-extra-8-cpu","bd/dna.100MB",8,1000000,3211,3211,0,0.000,292.299,2260,75486518
"benchmark-example:dna-extra-8-cpu","bd/dna.100MB",8,1000000,3211,3211,0,0.000,292.299,2261,75578747
"benchmark-example:dna-extra-8-cpu","bd/dna.100MB",8,1000000,3211,3211,0,0.000,292.299,2262,75598635
"benchmark-example:dna-extra-8-cpu","bd/dna.100MB",8,1000000,3211,3211,0,0.000,292.299,2263,75617556
"benchmark-example:dna-extra-8-cpu","bd/dna.100MB",8,1000000,3211,3211,0,0.000,292.299,2264,75675980
"benchmark-example:dna-extra-8-cpu","bd/dna.100MB",8,1000000,3211,3211,0,0.000,292.299,2265,75735021
"benchmark-example:dna-extra-8-cpu","bd/dna.100MB",8,1000000,3211,3211,0,0.000,292.299,2266,75742048
"benchmark-example:dna-extra-8-cpu","bd/dna.100MB",8,1000000,3211,3211,0,0.000,292.299,2267,75800019
"benchmark-example:dna-extra-8-cpu","bd/dna.100MB",8,1000000,3211,3211,0,0.000,292.299,2268,75806139
"benchmark-example:dna-extra-8-cpu","bd/dna.100MB",8,1000000,3211,3211,0,0.000,292.299,2269,75809249
"benchmark-example:dna-extra-8-cpu","bd/dna.100MB",8,1000000,3211,3211,0,0.000,292.299,2270,75812977
"benchmark-example:dna-extra-8-cpu","bd/dna.100MB",8,1000000,3211,3211,0,0.000,292.299,2271,75857665
"benchmark-example:dna-extra-8-cpu","bd/dna.100MB",8,1000000,3211,3211,0,0.000,292.299,2272,75900737
"benchmark-example:dna-extra-8-cpu","bd/dna.100MB",8,1000000,3211,3211,0,0.000,292.299,2273,75930716
"benchmark-example:dna-extra-8-cpu","bd/dna.100MB",8,1000000,3211,3211,0,0.000,292.299,2274,76004606
"benchmark-example:dna-extra-8-cpu","bd/dna.100MB",8,1000000,3211,3211,0,0.000,292.299,2275,76014037
"benchmark-example:dna-extra-8-cpu","bd/dna.100MB",8,1000000,3211,3211,0,0.000,292.299,2276,76015657
"benchmark-example:dna-extra-8-cpu","bd/dna.100MB",8,1000000,3211,3211,0,0.000,292.299,2277,76020821
"benchmark-example:dna-extra-8-cpu","bd/dna.100MB",8,1000000,3211,3211,0,0.000,292.299,2278,76075639
"benchmark-example:dna-extra-8-cpu","bd/dna.100MB",8,1000000,3211,3211,0,0.000,292.299,2279,76147672
"benchmark-example:dna-extra-8-cpu","bd/dna.100MB",8,1000000,3211,3211,0,0.000,292.299,2280,76159754
"benchmark-example:dna-extra-8-cpu","bd/dna.100MB",8,1000000,3211,3211,0,0.000,292.299,2281,76176695
"benchmark-example:dna-extra-8-cpu","bd/dna.100MB",8,1000000,3211,3211,0,0.000,292.299,2282,76249024
"benchmark-example:dna-extra-8-cpu","bd/dna.100MB",8,1000000,3211,3211,0,0.000,292.299,2283,76256050
"benchmark-example:dna-extra-8-cpu","bd/dna.100MB",8,1000000,3211,3211,0,0.000,292.299,2284,76264977
"benchmark-example:dna-extra-8-cpu","bd/dna.100MB",8,1000000,3211,3211,0,0.000,292.299,2285,76273903
"benchmark-example:dna-extra-8-cpu","bd/dna.100MB",8,1000000,3211,3211,0,0.000,292.299,2286,76401295
"benchmark-example:dna-extra-8-cpu","bd/dna.100MB",8,1000000,3211,3211,0,0.000,292.299,2287,76407628
"benchmark-example:dna-extra-8-cpu","bd/dna.100MB",8,1000000,3211,3211,0,0.000,292.299,2288,76420497
"benchmark-example:dna-extra-8-cpu","bd/dna.100MB",8,1000000,3211,3211,0,0.000,292.299,2289,76558892
"benchmark-example:dna-extra-8-cpu","bd/dna.100MB",8,1000000,3211,3211,0,0.000,292.299,2290,76575563
"benchmark-example:dna-extra-8-cpu","bd/dna.100MB",8,1000000,3211,3211,0,0.000,292.299,2291,76605879
"benchmark-example:dna-extra-8-cpu","bd/dna.100MB",8,1000000,3211,3211,0,0.000,292.299,2292,76620786
"benchmark-example:dna-extra-8-cpu","bd/dna.100MB",8,1000000,3211,3211,0,0.000,292.299,2293,76638628
"benchmark-example:dna-extra-8-cpu","bd/dna.100MB",8,1000000,3211,3211,0,0.000,292.299,2294,76682631
"benchmark-example:dna-extra-8-cpu","bd/dna.100MB",8,1000000,3211,3211,0,0.000,292.299,2295,76712519
"benchmark-example:dna-extra-8-cpu","bd/dna.100MB",8,1000000,3211,3211,0,0.000,292.299,2296,76727535
"benchmark-example:dna-extra-8-cpu","bd/dna.100MB",8,1000000,3211,3211,0,0.000,292.299,2297,76741353
"benchmark-example:dna-extra-8-cpu","bd/dna.100MB",8,1000000,3211,3211,0,0.000,292.299,2298,76790078
"benchmark-example:dna-extra-8-cpu","bd/dna.100MB",8,1000000,3211,3211,0,0.000,292.299,2299,76827655
"benchmark-example:dna-extra-8-cpu","bd/dna.100MB",8,1000000,3211,3211,0,0.000,292.299,2300,76884667
"benchmark-example:dna-extra-8-cpu","bd/dna.100MB",8,1000000,3211,3211,0,0.000,292.299,2301,76890489
"benchmark-example:dna-extra-8-cpu","bd/dna.100MB",8,1000000,3211,3211,0,0.000,292.299,2302,76915241
"benchmark-example:dna-extra-8-cpu","bd/dna.100MB",8,1000000,3211,3211,0,0.000,292.299,2303,76930261
"benchmark-example:dna-extra-8-cpu","bd/dna.100MB",8,1000000,3211,3211,0,0.000,292.299,2304,76943567
"benchmark-example:dna-extra-8-cpu","bd/dna.100MB",8,1000000,3211,3211,0,0.000,292.299,2305,76946022
"benchmark-example:dna-extra-8-cpu","bd/dna.100MB",8,1000000,3211,3211,0,0.000,292.299,2306,76950363
"benchmark-example:dna-extra-8-cpu","bd/dna.100MB",8,1000000,3211,3211,0,0.000,292.299,2307,76951480
"benchmark-example:dna-extra-8-cpu","bd/dna.100MB",8,1000000,3211,3211,0,0.000,292.299,2308,76991624
"benchmark-example:dna-extra-8-cpu","bd/dna.100MB",8,1000000,3211,3211,0,0.000,292.299,2309,77011075
"benchmark-example:dna-extra-8-cpu","bd/dna.100MB",8,1000000,3211,3211,0,0.000,292.299,2310,77043627
"benchmark-example:dna-extra-8-cpu","bd/dna.100MB",8,1000000,3211,3211,0,0.000,292.299,2311,77074621
"benchmark-example:dna-extra-8-cpu","bd/dna.100MB",8,1000000,3211,3211,0,0.000,292.299,2312,77120826
"benchmark-example:dna-extra-8-cpu","bd/dna.100MB",8,1000000,3211,3211,0,0.000,292.299,2313,77170287
"benchmark-example:dna-extra-8-cpu","bd/dna.100MB",8,1000000,3211,3211,0,0.000,292.299,2314,77282975
"benchmark-example:dna-extra-8-cpu","bd/dna.100MB",8,1000000,3211,3211,0,0.000,292.299,2315,77314757
"benchmark-example:dna-extra-8-cpu","bd/dna.100MB",8,1000000,3211,3211,0,0.000,292.299,2316,77353194
"benchmark-example:dna-extra-8-cpu","bd/dna.100MB",8,1000000,3211,3211,0,0.000,292.299,2317,77373569
"benchmark-example:dna-extra-8-cpu","bd/dna.100MB",8,1000000,3211,3211,0,0.000,292.299,2318,77407389
"benchmark-example:dna-extra-8-cpu","bd/dna.100MB",8,1000000,3211,3211,0,0.000,292.299,2319,77431853
"benchmark-example:dna-extra-8-cpu","bd/dna.100MB",8,1000000,3211,3211,0,0.000,292.299,2320,77467685
"benchmark-example:dna-extra-8-cpu","bd/dna.100MB",8,1000000,3211,3211,0,0.000,292.299,2321,77469178
"benchmark-example:dna-extra-8-cpu","bd/dna.100MB",8,1000000,3211,3211,0,0.000,292.299,2322,77473092
"benchmark-example:dna-extra-8-cpu","bd/dna.100MB",8,1000000,3211,3211,0,0.000,292.299,2323,77474367
"benchmark-example:dna-extra-8-cpu","bd/dna.100MB",8,1000000,3211,3211,0,0.000,292.299,2324,77478006
"benchmark-example:dna-extra-8-cpu","bd/dna.100MB",8,1000000,3211,3211,0,0.000,292.299,2325,77506590
"benchmark-example:dna-extra-8-cpu","bd/dna.100MB",8,1000000,3211,3211,0,0.000,292.299,2326,77514391
"benchmark-example:dna-extra-8-cpu","bd/dna.100MB",8,1000000,3211,3211,0,0.000,292.299,2327,77520623
"benchmark-example:dna-extra-8-cpu","bd/dna.100MB",8,1000000,3211,3211,0,0.000,292.299,2328,77525017
"benchmark-example:dna-extra-8-cpu","bd/dna.100MB",8,1000000,3211,3211,0,0.000,292.299,2329,77550392
"benchmark-example:dna-extra-8-cpu","bd/dna.100MB",8,1000000,3211,3211,0,0.000,292.299,2330,77653319
"benchmark-example:dna-extra-8-cpu","bd/dna.100MB",8,1000000,3211,3211,0,0.000,292.299,2331,77747293
"benchmark-example:dna-extra-8-cpu","bd/dna.100MB",8,1000000,3211,3211,0,0.000,292.299,2332,77752156
"benchmark-example:dna-extra-8-cpu","bd/dna.100MB",8,1000000,3211,3211,0,0.000,292.299,2333,77756186
"benchmark-example:dna-extra-8-cpu","bd/dna.100MB",8,1000000,3211,3211,0,0.000,292.299,2334,77789719
"benchmark-example:dna-extra-8-cpu","bd/dna.100MB",8,1000000,3211,3211,0,0.000,292.299,2335,77793467
"benchmark-example:dna-extra-8-cpu","bd/dna.100MB",8,1000000,3211,3211,0,0.000,292.299,2336,77821320
"benchmark-example:dna-extra-8-cpu","bd/dna.100MB",8,1000000,3211,3211,0,0.000,292.299,2337,77829626
"benchmark-example:dna-extra-8-cpu","bd/dna.100MB",8,1000000,3211,3211,0,0.000,292.299,2338,77829677
"benchmark-example:dna-extra-8-cpu","bd/dna.100MB",8,1000000,3211,3211,0,0.000,292.299,2339,77873212
"benchmark-example:dna-extra-8-cpu","bd/dna.100MB",8,1000000,3211,3211,0,0.000,292.299,2340,77893658
"benchmark-example:dna-extra-8-cpu","bd/dna.100MB",8,1000000,3211,3211,0,0.000,292.299,2341,77905538
"benchmark-example:dna-extra-8-cpu","bd/dna.100MB",8,1000000,3211,3211,0,0.000,292.299,2342,77991776
"benchmark-example:dna-extra-8-cpu","bd/dna.100MB",8,1000000,3211,3211,0,0.000,292.299,2343,78015738
"benchmark-example:dna-extra-8-cpu","bd/dna.100MB",8,1000000,3211,3211,0,0.000,292.299,2344,78023201
"benchmark-example:dna-extra-8-cpu","bd/dna.100MB",8,1000000,3211,3211,0,0.000,292.299,2345,78025367
"benchmark-example:dna-extra-8-cpu","bd/dna.100MB",8,1000000,3211,3211,0,0.000,292.299,2346,78055047
"benchmark-example:dna-extra-8-cpu","bd/dna.100MB",8,1000000,3211,3211,0,0.000,292.299,2347,78055997
"benchmark-example:dna-extra-8-cpu","bd/dna.100MB",8,1000000,3211,3211,0,0.000,292.299,2348,78095988
"benchmark-example:dna-extra-8-cpu","bd/dna.100MB",8,1000000,3211,3211,0,0.000,292.299,2349,78102437
"benchmark-example:dna-extra-8-cpu","bd/dna.100MB",8,1000000,3211,3211,0,0.000,292.299,2350,78104137
"benchmark-example:dna-extra-8-cpu","bd/dna.100MB",8,1000000,3211,3211,0,0.000,292.299,2351,78112043
"benchmark-example:dna-extra-8-cpu","bd/dna.100MB",8,1000000,3211,3211,0,0.000,292.299,2352,78149661
"benchmark-example:dna-extra-8-cpu","bd/dna.100MB",8,1000000,3211,3211,0,0.000,292.299,2353,78229726
"benchmark-example:dna-extra-8-cpu","bd/dna.100MB",8,1000000,3211,3211,0,0.000,292.299,2354,78275253
"benchmark-example:dna-extra-8-cpu","bd/dna.100MB",8,1000000,3211,3211,0,0.000,292.299,2355,78278198
"benchmark-example:dna-extra-8-cpu","bd/dna.100MB",8,1000000,3211,3211,0,0.000,292.299,2356,78304909
"benchmark-example:dna-extra-8-cpu","bd/dna.100MB",8,1000000,3211,3211,0,0.000,292.299,2357,78305529
"benchmark-example:dna-extra-8-cpu","bd/dna.100MB",8,1000000,3211,3211,0,0.000,292.299,2358,78313260
"benchmark-example:dna-extra-8-cpu","bd/dna.100MB",8,1000000,3211,3211,0,0.000,292.299,2359,78323673
"benchmark-example:dna-extra-8-cpu","bd/dna.100MB",8,1000000,3211,3211,0,0.000,292.299,2360,78332363
"benchmark-example:dna-extra-8-cpu","bd/dna.100MB",8,1000000,3211,3211,0,0.000,292.299,2361,78391616
"benchmark-example:dna-extra-8-cpu","bd/dna.100MB",8,1000000,3211,3211,0,0.000,292.299,2362,78409354
"benchmark-example:dna-extra-8-cpu","bd/dna.100MB",8,1000000,3211,3211,0,0.000,292.299,2363,78425833
"benchmark-example:dna-extra-8-cpu","bd/dna.100MB",8,1000000,3211,3211,0,0.000,292.299,2364,78433713
"benchmark-example:dna-extra-8-cpu","bd/dna.100MB",8,1000000,3211,3211,0,0.000,292.299,2365,78468931
"benchmark-example:dna-extra-8-cpu","bd/dna.100MB",8,1000000,3211,3211,0,0.000,292.299,2366,78480174
"benchmark-example:dna-extra-8-cpu","bd/dna.100MB",8,1000000,3211,3211,0,0.000,292.299,2367,78480984
"benchmark-example:dna-extra-8-cpu","bd/dna.100MB",8,1000000,3211,3211,0,0.000,292.299,2368,78484993
"benchmark-example:dna-extra-8-cpu","bd/dna.100MB",8,1000000,3211,3211,0,0.000,292.299,2369,78536206
"benchmark-example:dna-extra-8-cpu","bd/dna.100MB",8,1000000,3211,3211,0,0.000,292.299,2370,78546479
"benchmark-example:dna-extra-8-cpu","bd/dna.100MB",8,1000000,3211,3211,0,0.000,292.299,2371,78556864
"benchmark-example:dna-extra-8-cpu","bd/dna.100MB",8,1000000,3211,3211,0,0.000,292.299,2372,78562002
"benchmark-example:dna-extra-8-cpu","bd/dna.100MB",8,1000000,3211,3211,0,0.000,292.299,2373,78575718
"benchmark-example:dna-extra-8-cpu","bd/dna.100MB",8,1000000,3211,3211,0,0.000,292.299,2374,78583567
"benchmark-example:dna-extra-8-cpu","bd/dna.100MB",8,1000000,3211,3211,0,0.000,292.299,2375,78586391
"benchmark-example:dna-extra-8-cpu","bd/dna.100MB",8,1000000,3211,3211,0,0.000,292.299,2376,78665340
"benchmark-example:dna-extra-8-cpu","bd/dna.100MB",8,1000000,3211,3211,0,0.000,292.299,2377,78752294
"benchmark-example:dna-extra-8-cpu","bd/dna.100MB",8,1000000,3211,3211,0,0.000,292.299,2378,78762388
"benchmark-example:dna-extra-8-cpu","bd/dna.100MB",8,1000000,3211,3211,0,0.000,292.299,2379,78779055
"benchmark-example:dna-extra-8-cpu","bd/dna.100MB",8,1000000,3211,3211,0,0.000,292.299,2380,78787886
"benchmark-example:dna-extra-8-cpu","bd/dna.100MB",8,1000000,3211,3211,0,0.000,292.299,2381,78817269
"benchmark-example:dna-extra-8-cpu","bd/dna.100MB",8,1000000,3211,3211,0,0.000,292.299,2382,78859669
"benchmark-example:dna-extra-8-cpu","bd/dna.100MB",8,1000000,3211,3211,0,0.000,292.299,2383,78888124
"benchmark-example:dna-extra-8-cpu","bd/dna.100MB",8,1000000,3211,3211,0,0.000,292.299,2384,78902562
"benchmark-example:dna-extra-8-cpu","bd/dna.100MB",8,1000000,3211,3211,0,0.000,292.299,2385,78935187
"benchmark-example:dna-extra-8-cpu","bd/dna.100MB",8,1000000,3211,3211,0,0.000,292.299,2386,78939673
"benchmark-example:dna-extra-8-cpu","bd/dna.100MB",8,1000000,3211,3211,0,0.000,292.299,2387,78946353
"benchmark-example:dna-extra-8-cpu","bd/dna.100MB",8,1000000,3211,3211,0,0.000,292.299,2388,78972979
"benchmark-example:dna-extra-8-cpu","bd/dna.100MB",8,1000000,3211,3211,0,0.000,292.299,2389,78972990
"benchmark-example:dna-extra-8-cpu","bd/dna.100MB",8,1000000,3211,3211,0,0.000,292.299,2390,78996567
"benchmark-example:dna-extra-8-cpu","bd/dna.100MB",8,1000000,3211,3211,0,0.000,292.299,2391,79002175
"benchmark-example:dna-extra-8-cpu","bd/dna.100MB",8,1000000,3211,3211,0,0.000,292.299,2392,79034936
"benchmark-example:dna-extra-8-cpu","bd/dna.100MB",8,1000000,3211,3211,0,0.000,292.299,2393,79091507
"benchmark-example:dna-extra-8-cpu","bd/dna.100MB",8,1000000,3211,3211,0,0.000,292.299,2394,79126142
"benchmark-example:dna-extra-8-cpu","bd/dna.100MB",8,1000000,3211,3211,0,0.000,292.299,2395,79143539
"benchmark-example:dna-extra-8-cpu","bd/dna.100MB",8,1000000,3211,3211,0,0.000,292.299,2396,79196011
"benchmark-example:dna-extra-8-cpu","bd/dna.100MB",8,1000000,3211,3211,0,0.000,292.299,2397,79231511
"benchmark-example:dna-extra-8-cpu","bd/dna.100MB",8,1000000,3211,3211,0,0.000,292.299,2398,79264456
"benchmark-example:dna-extra-8-cpu","bd/dna.100MB",8,1000000,3211,3211,0,0.000,292.299,2399,79287433
"benchmark-example:dna-extra-8-cpu","bd/dna.100MB",8,1000000,3211,3211,0,0.000,292.299,2400,79289669
"benchmark-example:dna-extra-8-cpu","bd/dna.100MB",8,1000000,3211,3211,0,0.000,292.299,2401,79309107
"benchmark-example:dna-extra-8-cpu","bd/dna.100MB",8,1000000,3211,3211,0,0.000,292.299,2402,79400799
"benchmark-example:dna-extra-8-cpu","bd/dna.100MB",8,1000000,3211,3211,0,0.000,292.299,2403,79434368
"benchmark-example:dna-extra-8-cpu","bd/dna.100MB",8,1000000,3211,3211,0,0.000,292.299,2404,79546719
"benchmark-example:dna-extra-8-cpu","bd/dna.100MB",8,1000000,3211,3211,0,0.000,292.299,2405,79611750
"benchmark-example:dna-extra-8-cpu","bd/dna.100MB",8,1000000,3211,3211,0,0.000,292.299,2406,79617147
"benchmark-example:dna-extra-8-cpu","bd/dna.100MB",8,1000000,3211,3211,0,0.000,292.299,2407,79620199
"benchmark-example:dna-extra-8-cpu","bd/dna.100MB",8,1000000,3211,3211,0,0.000,292.299,2408,79876613
"benchmark-example:dna-extra-8-cpu","bd/dna.100MB",8,1000000,3211,3211,0,0.000,292.299,2409,79887372
"benchmark-example:dna-extra-8-cpu","bd/dna.100MB",8,1000000,3211,3211,0,0.000,292.299,2410,79990884
"benchmark-example:dna-extra-8-cpu","bd/dna.100MB",8,1000000,3211,3211,0,0.000,292.299,2411,80019563
"benchmark-example:dna-extra-8-cpu","bd/dna.100MB",8,1000000,3211,3211,0,0.000,292.299,2412,80019577
"benchmark-example:dna-extra-8-cpu","bd/dna.100MB",8,1000000,3211,3211,0,0.000,292.299,2413,80023256
"benchmark-example:dna-extra-8-cpu","bd/dna.100MB",8,1000000,3211,3211,0,0.000,292.299,2414,80049780
"benchmark-example:dna-extra-8-cpu","bd/dna.100MB",8,1000000,3211,3211,0,0.000,292.299,2415,80068824
"benchmark-example:dna-extra-8-cpu","bd/dna.100MB",8,1000000,3211,3211,0,0.000,292.299,2416,80114834
"benchmark-example:dna-extra-8-cpu","bd/dna.100MB",8,1000000,3211,3211,0,0.000,292.299,2417,80120568
"benchmark-example:dna-extra-8-cpu","bd/dna.100MB",8,1000000,3211,3211,0,0.000,292.299,2418,80120887
"benchmark-example:dna-extra-8-cpu","bd/dna.100MB",8,1000000,3211,3211,0,0.000,292.299,2419,80144991
"benchmark-example:dna-extra-8-cpu","bd/dna.100MB",8,1000000,3211,3211,0,0.000,292.299,2420,80147723
"benchmark-example:dna-extra-8-cpu","bd/dna.100MB",8,1000000,3211,3211,0,0.000,292.299,2421,80274964
"benchmark-example:dna-extra-8-cpu","bd/dna.100MB",8,1000000,3211,3211,0,0.000,292.299,2422,80314312
"benchmark-example:dna-extra-8-cpu","bd/dna.100MB",8,1000000,3211,3211,0,0.000,292.299,2423,80320469
"benchmark-example:dna-extra-8-cpu","bd/dna.100MB",8,1000000,3211,3211,0,0.000,292.299,2424,80339587
"benchmark-example:dna-extra-8-cpu","bd/dna.100MB",8,1000000,3211,3211,0,0.000,292.299,2425,80393562
"benchmark-example:dna-extra-8-cpu","bd/dna.100MB",8,1000000,3211,3211,0,0.000,292.299,2426,80458788
"benchmark-example:dna-extra-8-cpu","bd/dna.100MB",8,1000000,3211,3211,0,0.000,292.299,2427,80483105
"benchmark-example:dna-extra-8-cpu","bd/dna.100MB",8,1000000,3211,3211,0,0.000,292.299,2428,80561439
"benchmark-example:dna-extra-8-cpu","bd/dna.100MB",8,1000000,3211,3211,0,0.000,292.299,2429,80599274
"benchmark-example:dna-extra-8-cpu","bd/dna.100MB",8,1000000,3211,3211,0,0.000,292.299,2430,80614799
"benchmark-example:dna-extra-8-cpu","bd/dna.100MB",8,1000000,3211,3211,0,0.000,292.299,2431,80615898
"benchmark-example:dna-extra-8-cpu","bd/dna.100MB",8,1000000,3211,3211,0,0.000,292.299,2432,80633036
"benchmark-example:dna-extra-8-cpu","bd/dna.100MB",8,1000000,3211,3211,0,0.000,292.299,2433,80685906
"benchmark-example:dna-extra-8-cpu","bd/dna.100MB",8,1000000,3211,3211,0,0.000,292.299,2434,80709167
"benchmark-example:dna-extra-8-cpu","bd/dna.100MB",8,1000000,3211,3211,0,0.000,292.299,2435,80721307
"benchmark-example:dna-extra-8-cpu","bd/dna.100MB",8,1000000,3211,3211,0,0.000,292.299,2436,80733969
"benchmark-example:dna-extra-8-cpu","bd/dna.100MB",8,1000000,3211,3211,0,0.000,292.299,2437,80738525
"benchmark-example:dna-extra-8-cpu","bd/dna.100MB",8,1000000,3211,3211,0,0.000,292.299,2438,80836739
"benchmark-example:dna-extra-8-cpu","bd/dna.100MB",8,1000000,3211,3211,0,0.000,292.299,2439,80850278
"benchmark-example:dna-extra-8-cpu","bd/dna.100MB",8,1000000,3211,3211,0,0.000,292.299,2440,80851672
"benchmark-example:dna-extra-8-cpu","bd/dna.100MB",8,1000000,3211,3211,0,0.000,292.299,2441,80867774
"benchmark-example:dna-extra-8-cpu","bd/dna.100MB",8,1000000,3211,3211,0,0.000,292.299,2442,80881023
"benchmark-example:dna-extra-8-cpu","bd/dna.100MB",8,1000000,3211,3211,0,0.000,292.299,2443,80896367
"benchmark-example:dna-extra-8-cpu","bd/dna.100MB",8,1000000,3211,3211,0,0.000,292.299,2444,80903343
"benchmark-example:dna-extra-8-cpu","bd/dna.100MB",8,1000000,3211,3211,0,0.000,292.299,2445,80903871
"benchmark-example:dna-extra-8-cpu","bd/dna.100MB",8,1000000,3211,3211,0,0.000,292.299,2446,80959436
"benchmark-example:dna-extra-8-cpu","bd/dna.100MB",8,1000000,3211,3211,0,0.000,292.299,2447,81048045
"benchmark-example:dna-extra-8-cpu","bd/dna.100MB",8,1000000,3211,3211,0,0.000,292.299,2448,81051184
"benchmark-example:dna-extra-8-cpu","bd/dna.100MB",8,1000000,3211,3211,0,0.000,292.299,2449,81069769
"benchmark-example:dna-extra-8-cpu","bd/dna.100MB",8,1000000,3211,3211,0,0.000,292.299,2450,81070002
"benchmark-example:dna-extra-8-cpu","bd/dna.100MB",8,1000000,3211,3211,0,0.000,292.299,2451,81126039
"benchmark-example:dna-extra-8-cpu","bd/dna.100MB",8,1000000,3211,3211,0,0.000,292.299,2452,81172739
"benchmark-example:dna-extra-8-cpu","bd/dna.100MB",8,1000000,3211,3211,0,0.000,292.299,2453,81180412
"benchmark-example:dna-extra-8-cpu","bd/dna.100MB",8,1000000,3211,3211,0,0.000,292.299,2454,81190763
"benchmark-example:dna-extra-8-cpu","bd/dna.100MB",8,1000000,3211,3211,0,0.000,292.299,2455,81190821
"benchmark-example:dna-extra-8-cpu","bd/dna.100MB",8,1000000,3211,3211,0,0.000,292.299,2456,81217514
"benchmark-example:dna-extra-8-cpu","bd/dna.100MB",8,1000000,3211,3211,0,0.000,292.299,2457,81242386
"benchmark-example:dna-extra-8-cpu","bd/dna.100MB",8,1000000,3211,3211,0,0.000,292.299,2458,81246395
"benchmark-example:dna-extra-8-cpu","bd/dna.100MB",8,1000000,3211,3211,0,0.000,292.299,2459,81323551
"benchmark-example:dna-extra-8-cpu","bd/dna.100MB",8,1000000,3211,3211,0,0.000,292.299,2460,81350536
"benchmark-example:dna-extra-8-cpu","bd/dna.100MB",8,1000000,3211,3211,0,0.000,292.299,2461,81360618
"benchmark-example:dna-extra-8-cpu","bd/dna.100MB",8,1000000,3211,3211,0,0.000,292.299,2462,81361840
"benchmark-example:dna-extra-8-cpu","bd/dna.100MB",8,1000000,3211,3211,0,0.000,292.299,2463,81399734
"benchmark-example:dna-extra-8-cpu","bd/dna.100MB",8,1000000,3211,3211,0,0.000,292.299,2464,81421335
"benchmark-example:dna-extra-8-cpu","bd/dna.100MB",8,1000000,3211,3211,0,0.000,292.299,2465,81480937
"benchmark-example:dna-extra-8-cpu","bd/dna.100MB",8,1000000,3211,3211,0,0.000,292.299,2466,81495562
"benchmark-example:dna-extra-8-cpu","bd/dna.100MB",8,1000000,3211,3211,0,0.000,292.299,2467,81524005
"benchmark-example:dna-extra-8-cpu","bd/dna.100MB",8,1000000,3211,3211,0,0.000,292.299,2468,81551906
"benchmark-example:dna-extra-8-cpu","bd/dna.100MB",8,1000000,3211,3211,0,0.000,292.299,2469,81560083
"benchmark-example:dna-extra-8-cpu","bd/dna.100MB",8,1000000,3211,3211,0,0.000,292.299,2470,81580707
"benchmark-example:dna-extra-8-cpu","bd/dna.100MB",8,1000000,3211,3211,0,0.000,292.299,2471,81587778
"benchmark-example:dna-extra-8-cpu","bd/dna.100MB",8,1000000,3211,3211,0,0.000,292.299,2472,81626153
"benchmark-example:dna-extra-8-cpu","bd/dna.100MB",8,1000000,3211,3211,0,0.000,292.299,2473,81627600
"benchmark-example:dna-extra-8-cpu","bd/dna.100MB",8,1000000,3211,3211,0,0.000,292.299,2474,81696723
"benchmark-example:dna-extra-8-cpu","bd/dna.100MB",8,1000000,3211,3211,0,0.000,292.299,2475,81699448
"benchmark-example:dna-extra-8-cpu","bd/dna.100MB",8,1000000,3211,3211,0,0.000,292.299,2476,81768326
"benchmark-example:dna-extra-8-cpu","bd/dna.100MB",8,1000000,3211,3211,0,0.000,292.299,2477,81802109
"benchmark-example:dna-extra-8-cpu","bd/dna.100MB",8,1000000,3211,3211,0,0.000,292.299,2478,81821710
"benchmark-example:dna-extra-8-cpu","bd/dna.100MB",8,1000000,3211,3211,0,0.000,292.299,2479,81931100
"benchmark-example:dna-extra-8-cpu","bd/dna.100MB",8,1000000,3211,3211,0,0.000,292.299,2480,81944420
"benchmark-example:dna-extra-8-cpu","bd/dna.100MB",8,1000000,3211,3211,0,0.000,292.299,2481,81977378
"benchmark-example:dna-extra-8-cpu","bd/dna.100MB",8,1000000,3211,3211,0,0.000,292.299,2482,82009834
"benchmark-example:dna-extra-8-cpu","bd/dna.100MB",8,1000000,3211,3211,0,0.000,292.299,2483,82035653
"benchmark-example:dna-extra-8-cpu","bd/dna.100MB",8,1000000,3211,3211,0,0.000,292.299,2484,82037079
"benchmark-example:dna-extra-8-cpu","bd/dna.100MB",8,1000000,3211,3211,0,0.000,292.299,2485,82051861
"benchmark-example:dna-extra-8-cpu","bd/dna.100MB",8,1000000,3211,3211,0,0.000,292.299,2486,82060204
"benchmark-example:dna-extra-8-cpu","bd/dna.100MB",8,1000000,3211,3211,0,0.000,292.299,2487,82060351
"benchmark-example:dna-extra-8-cpu","bd/dna.100MB",8,1000000,3211,3211,0,0.000,292.299,2488,82077861
"benchmark-example:dna-extra-8-cpu","bd/dna.100MB",8,1000000,3211,3211,0,0.000,292.299,2489,82083244
"benchmark-example:dna-extra-8-cpu","bd/dna.100MB",8,1000000,3211,3211,0,0.000,292.299,2490,82096127
"benchmark-example:dna-extra-8-cpu","bd/dna.100MB",8,1000000,3211,3211,0,0.000,292.299,2491,82121515
"benchmark-example:dna-extra-8-cpu","bd/dna.100MB",8,1000000,3211,3211,0,0.000,292.299,2492,82126258
"benchmark-example:dna-extra-8-cpu","bd/dna.100MB",8,1000000,3211,3211,0,0.000,292.299,2493,82128421
"benchmark-example:dna-extra-8-cpu","bd/dna.100MB",8,1000000,3211,3211,0,0.000,292.299,2494,82129887
"benchmark-example:dna-extra-8-cpu","bd/dna.100MB",8,1000000,3211,3211,0,0.000,292.299,2495,82187749
"benchmark-example:dna-extra-8-cpu","bd/dna.100MB",8,1000000,3211,3211,0,0.000,292.299,2496,82243233
"benchmark-example:dna-extra-8-cpu","bd/dna.100MB",8,1000000,3211,3211,0,0.000,292.299,2497,82271468
"benchmark-example:dna-extra-8-cpu","bd/dna.100MB",8,1000000,3211,3211,0,0.000,292.299,2498,82305531
"benchmark-example:dna-extra-8-cpu","bd/dna.100MB",8,1000000,3211,3211,0,0.000,292.299,2499,82336448
"benchmark-example:dna-extra-8-cpu","bd/dna.100MB",8,1000000,3211,3211,0,0.000,292.299,2500,82347446
"benchmark-example:dna-extra-8-cpu","bd/dna.100MB",8,1000000,3211,3211,0,0.000,292.299,2501,82458055
"benchmark-example:dna-extra-8-cpu","bd/dna.100MB",8,1000000,3211,3211,0,0.000,292.299,2502,82461025
"benchmark-example:dna-extra-8-cpu","bd/dna.100MB",8,1000000,3211,3211,0,0.000,292.299,2503,82484358
"benchmark-example:dna-extra-8-cpu","bd/dna.100MB",8,1000000,3211,3211,0,0.000,292.299,2504,82577751
"benchmark-example:dna-extra-8-cpu","bd/dna.100MB",8,1000000,3211,3211,0,0.000,292.299,2505,82586123
"benchmark-example:dna-extra-8-cpu","bd/dna.100MB",8,1000000,3211,3211,0,0.000,292.299,2506,82778653
"benchmark-example:dna-extra-8-cpu","bd/dna.100MB",8,1000000,3211,3211,0,0.000,292.299,2507,82791674
"benchmark-example:dna-extra-8-cpu","bd/dna.100MB",8,1000000,3211,3211,0,0.000,292.299,2508,82821917
"benchmark-example:dna-extra-8-cpu","bd/dna.100MB",8,1000000,3211,3211,0,0.000,292.299,2509,82828367
"benchmark-example:dna-extra-8-cpu","bd/dna.100MB",8,1000000,3211,3211,0,0.000,292.299,2510,82832453
"benchmark-example:dna-extra-8-cpu","bd/dna.100MB",8,1000000,3211,3211,0,0.000,292.299,2511,82857083
"benchmark-example:dna-extra-8-cpu","bd/dna.100MB",8,1000000,3211,3211,0,0.000,292.299,2512,82872776
"benchmark-example:dna-extra-8-cpu","bd/dna.100MB",8,1000000,3211,3211,0,0.000,292.299,2513,82873059
"benchmark-example:dna-extra-8-cpu","bd/dna.100MB",8,1000000,3211,3211,0,0.000,292.299,2514,82877139
"benchmark-example:dna-extra-8-cpu","bd/dna.100MB",8,1000000,3211,3211,0,0.000,292.299,2515,83004632
"benchmark-example:dna-extra-8-cpu","bd/dna.100MB",8,1000000,3211,3211,0,0.000,292.299,2516,83051320
"benchmark-example:dna-extra-8-cpu","bd/dna.100MB",8,1000000,3211,3211,0,0.000,292.299,2517,83057385
"benchmark-example:dna-extra-8-cpu","bd/dna.100MB",8,1000000,3211,3211,0,0.000,292.299,2518,83072423
"benchmark-example:dna-extra-8-cpu","bd/dna.100MB",8,1000000,3211,3211,0,0.000,292.299,2519,83093894
"benchmark-example:dna-extra-8-cpu","bd/dna.100MB",8,1000000,3211,3211,0,0.000,292.299,2520,83153353
"benchmark-example:dna-extra-8-cpu","bd/dna.100MB",8,1000000,3211,3211,0,0.000,292.299,2521,83158574
"benchmark-example:dna-extra-8-cpu","bd/dna.100MB",8,1000000,3211,3211,0,0.000,292.299,2522,83163921
"benchmark-example:dna-extra-8-cpu","bd/dna.100MB",8,1000000,3211,3211,0,0.000,292.299,2523,83170461
"benchmark-example:dna-extra-8-cpu","bd/dna.100MB",8,1000000,3211,3211,0,0.000,292.299,2524,83245962
"benchmark-example:dna-extra-8-cpu","bd/dna.100MB",8,1000000,3211,3211,0,0.000,292.299,2525,83253528
"benchmark-example:dna-extra-8-cpu","bd/dna.100MB",8,1000000,3211,3211,0,0.000,292.299,2526,83270783
"benchmark-example:dna-extra-8-cpu","bd/dna.100MB",8,1000000,3211,3211,0,0.000,292.299,2527,83278500
"benchmark-example:dna-extra-8-cpu","bd/dna.100MB",8,1000000,3211,3211,0,0.000,292.299,2528,83323932
"benchmark-example:dna-extra-8-cpu","bd/dna.100MB",8,1000000,3211,3211,0,0.000,292.299,2529,83327455
"benchmark-example:dna-extra-8-cpu","bd/dna.100MB",8,1000000,3211,3211,0,0.000,292.299,2530,83365965
"benchmark-example:dna-extra-8-cpu","bd/dna.100MB",8,1000000,3211,3211,0,0.000,292.299,2531,83386100
"benchmark-example:dna-extra-8-cpu","bd/dna.100MB",8,1000000,3211,3211,0,0.000,292.299,2532,83395142
"benchmark-example:dna-extra-8-cpu","bd/dna.100MB",8,1000000,3211,3211,0,0.000,292.299,2533,83399104
"benchmark-example:dna-extra-8-cpu","bd/dna.100MB",8,1000000,3211,3211,0,0.000,292.299,2534,83413368
"benchmark-example:dna-extra-8-cpu","bd/dna.100MB",8,1000000,3211,3211,0,0.000,292.299,2535,83413578
"benchmark-example:dna-extra-8-cpu","bd/dna.100MB",8,1000000,3211,3211,0,0.000,292.299,2536,83430980
"benchmark-example:dna-extra-8-cpu","bd/dna.100MB",8,1000000,3211,3211,0,0.000,292.299,2537,83434661
"benchmark-example:dna-extra-8-cpu","bd/dna.100MB",8,1000000,3211,3211,0,0.000,292.299,2538,83439354
"benchmark-example:dna-extra-8-cpu","bd/dna.100MB",8,1000000,3211,3211,0,0.000,292.299,2539,83444686
"benchmark-example:dna-extra-8-cpu","bd/dna.100MB",8,1000000,3211,3211,0,0.000,292.299,2540,83575259
"benchmark-example:dna-extra-8-cpu","bd/dna.100MB",8,1000000,3211,3211,0,0.000,292.299,2541,83581909
"benchmark-example:dna-extra-8-cpu","bd/dna.100MB",8,1000000,3211,3211,0,0.000,292.299,2542,83620275
"benchmark-example:dna-extra-8-cpu","bd/dna.100MB",8,1000000,3211,3211,0,0.000,292.299,2543,83628452
"benchmark-example:dna-extra-8-cpu","bd/dna.100MB",8,1000000,3211,3211,0,0.000,292.299,2544,83628804
"benchmark-example:dna-extra-8-cpu","bd/dna.100MB",8,1000000,3211,3211,0,0.000,292.299,2545,83689674
"benchmark-example:dna-extra-8-cpu","bd/dna.100MB",8,1000000,3211,3211,0,0.000,292.299,2546,83728185
"benchmark-example:dna-extra-8-cpu","bd/dna.100MB",8,1000000,3211,3211,0,0.000,292.299,2547,83805800
"benchmark-example:dna-extra-8-cpu","bd/dna.100MB",8,1000000,3211,3211,0,0.000,292.299,2548,83845055
"benchmark-example:dna-extra-8-cpu","bd/dna.100MB",8,1000000,3211,3211,0,0.000,292.299,2549,83847964
"benchmark-example:dna-extra-8-cpu","bd/dna.100MB",8,1000000,3211,3211,0,0.000,292.299,2550,83862796
"benchmark-example:dna-extra-8-cpu","bd/dna.100MB",8,1000000,3211,3211,0,0.000,292.299,2551,83889837
"benchmark-example:dna-extra-8-cpu","bd/dna.100MB",8,1000000,3211,3211,0,0.000,292.299,2552,83892288
"benchmark-example:dna-extra-8-cpu","bd/dna.100MB",8,1000000,3211,3211,0,0.000,292.299,2553,83901533
"benchmark-example:dna-extra-8-cpu","bd/dna.100MB",8,1000000,3211,3211,0,0.000,292.299,2554,83903415
"benchmark-example:dna-extra-8-cpu","bd/dna.100MB",8,1000000,3211,3211,0,0.000,292.299,2555,83913735
"benchmark-example:dna-extra-8-cpu","bd/dna.100MB",8,1000000,3211,3211,0,0.000,292.299,2556,83924950
"benchmark-example:dna-extra-8-cpu","bd/dna.100MB",8,1000000,3211,3211,0,0.000,292.299,2557,83983960
"benchmark-example:dna-extra-8-cpu","bd/dna.100MB",8,1000000,3211,3211,0,0.000,292.299,2558,84083725
"benchmark-example:dna-extra-8-cpu","bd/dna.100MB",8,1000000,3211,3211,0,0.000,292.299,2559,84182842
"benchmark-example:dna-extra-8-cpu","bd/dna.100MB",8,1000000,3211,3211,0,0.000,292.299,2560,84218088
"benchmark-example:dna-extra-8-cpu","bd/dna.100MB",8,1000000,3211,3211,0,0.000,292.299,2561,84289631
"benchmark-example:dna-extra-8-cpu","bd/dna.100MB",8,1000000,3211,3211,0,0.000,292.299,2562,84323627
"benchmark-example:dna-extra-8-cpu","bd/dna.100MB",8,1000000,3211,3211,0,0.000,292.299,2563,84333572
"benchmark-example:dna-extra-8-cpu","bd/dna.100MB",8,1000000,3211,3211,0,0.000,292.299,2564,84409761
"benchmark-example:dna-extra-8-cpu","bd/dna.100MB",8,1000000,3211,3211,0,0.000,292.299,2565,84485257
"benchmark-example:dna-extra-8-cpu","bd/dna.100MB",8,1000000,3211,3211,0,0.000,292.299,2566,84502577
"benchmark-example:dna-extra-8-cpu","bd/dna.100MB",8,1000000,3211,3211,0,0.000,292.299,2567,84512541
"benchmark-example:dna-extra-8-cpu","bd/dna.100MB",8,1000000,3211,3211,0,0.000,292.299,2568,84535578
"benchmark-example:dna-extra-8-cpu","bd/dna.100MB",8,1000000,3211,3211,0,0.000,292.299,2569,84551605
"benchmark-example:dna-extra-8-cpu","bd/dna.100MB",8,1000000,3211,3211,0,0.000,292.299,2570,84611285
"benchmark-example:dna-extra-8-cpu","bd/dna.100MB",8,1000000,3211,3211,0,0.000,292.299,2571,84781958
"benchmark-example:dna-extra-8-cpu","bd/dna.100MB",8,1000000,3211,3211,0,0.000,292.299,2572,84787168
"benchmark-example:dna-extra-8-cpu","bd/dna.100MB",8,1000000,3211,3211,0,0.000,292.299,2573,84843286
"benchmark-example:dna-extra-8-cpu","bd/dna.100MB",8,1000000,3211,3211,0,0.000,292.299,2574,84887452
"benchmark-example:dna-extra-8-cpu","bd/dna.100MB",8,1000000,3211,3211,0,0.000,292.299,2575,84943760
"benchmark-example:dna-extra-8-cpu","bd/dna.100MB",8,1000000,3211,3211,0,0.000,292.299,2576,84959321
"benchmark-example:dna-extra-8-cpu","bd/dna.100MB",8,1000000,3211,3211,0,0.000,292.299,2577,85011459
"benchmark-example:dna-extra-8-cpu","bd/dna.100MB",8,1000000,3211,3211,0,0.000,292.299,2578,85021012
"benchmark-example:dna-extra-8-cpu","bd/dna.100MB",8,1000000,3211,3211,0,0.000,292.299,2579,85026676
"benchmark-example:dna-extra-8-cpu","bd/dna.100MB",8,1000000,3211,3211,0,0.000,292.299,2580,85054712
"benchmark-example:dna-extra-8-cpu","bd/dna.100MB",8,1000000,3211,3211,0,0.000,292.299,2581,85074308
"benchmark-example:dna-extra-8-cpu","bd/dna.100MB",8,1000000,3211,3211,0,0.000,292.299,2582,85093036
"benchmark-example:dna-extra-8-cpu","bd/dna.100MB",8,1000000,3211,3211,0,0.000,292.299,2583,85106719
"benchmark-example:dna-extra-8-cpu","bd/dna.100MB",8,1000000,3211,3211,0,0.000,292.299,2584,85109573
"benchmark-example:dna-extra-8-cpu","bd/dna.100MB",8,1000000,3211,3211,0,0.000,292.299,2585,85114697
"benchmark-example:dna-extra-8-cpu","bd/dna.100MB",8,1000000,3211,3211,0,0.000,292.299,2586,85184013
"benchmark-example:dna-extra-8-cpu","bd/dna.100MB",8,1000000,3211,3211,0,0.000,292.299,2587,85217227
"benchmark-example:dna-extra-8-cpu","bd/dna.100MB",8,1000000,3211,3211,0,0.000,292.299,2588,85223472
"benchmark-example:dna-extra-8-cpu","bd/dna.100MB",8,1000000,3211,3211,0,0.000,292.299,2589,85231831
"benchmark-example:dna-extra-8-cpu","bd/dna.100MB",8,1000000,3211,3211,0,0.000,292.299,2590,85255527
"benchmark-example:dna-extra-8-cpu","bd/dna.100MB",8,1000000,3211,3211,0,0.000,292.299,2591,85290395
"benchmark-example:dna-extra-8-cpu","bd/dna.100MB",8,1000000,3211,3211,0,0.000,292.299,2592,85351121
"benchmark-example:dna-extra-8-cpu","bd/dna.100MB",8,1000000,3211,3211,0,0.000,292.299,2593,85358386
"benchmark-example:dna-extra-8-cpu","bd/dna.100MB",8,1000000,3211,3211,0,0.000,292.299,2594,85408333
"benchmark-example:dna-extra-8-cpu","bd/dna.100MB",8,1000000,3211,3211,0,0.000,292.299,2595,85493328
"benchmark-example:dna-extra-8-cpu","bd/dna.100MB",8,1000000,3211,3211,0,0.000,292.299,2596,85501380
"benchmark-example:dna-extra-8-cpu","bd/dna.100MB",8,1000000,3211,3211,0,0.000,292.299,2597,85567921
"benchmark-example:dna-extra-8-cpu","bd/dna.100MB",8,1000000,3211,3211,0,0.000,292.299,2598,85594051
"benchmark-example:dna-extra-8-cpu","bd/dna.100MB",8,1000000,3211,3211,0,0.000,292.299,2599,85695860
"benchmark-example:dna-extra-8-cpu","bd/dna.100MB",8,1000000,3211,3211,0,0.000,292.299,2600,85714585
"benchmark-example:dna-extra-8-cpu","bd/dna.100MB",8,1000000,3211,3211,0,0.000,292.299,2601,85779022
"benchmark-example:dna-extra-8-cpu","bd/dna.100MB",8,1000000,3211,3211,0,0.000,292.299,2602,85817737
"benchmark-example:dna-extra-8-cpu","bd/dna.100MB",8,1000000,3211,3211,0,0.000,292.299,2603,85860534
"benchmark-example:dna-extra-8-cpu","bd/dna.100MB",8,1000000,3211,3211,0,0.000,292.299,2604,85878081
"benchmark-example:dna-extra-8-cpu","bd/dna.100MB",8,1000000,3211,3211,0,0.000,292.299,2605,85909489
"benchmark-example:dna-extra-8-cpu","bd/dna.100MB",8,1000000,3211,3211,0,0.000,292.299,2606,85994232
"benchmark-example:dna-extra-8-cpu","bd/dna.100MB",8,1000000,3211,3211,0,0.000,292.299,2607,86007130
"benchmark-example:dna-extra-8-cpu","bd/dna.100MB",8,1000000,3211,3211,0,0.000,292.299,2608,86077235
"benchmark-example:dna-extra-8-cpu","bd/dna.100MB",8,1000000,3211,3211,0,0.000,292.299,2609,86129625
"benchmark-example:dna-extra-8-cpu","bd/dna.100MB",8,1000000,3211,3211,0,0.000,292.299,2610,86135707
"benchmark-example:dna-extra-8-cpu","bd/dna.100MB",8,1000000,3211,3211,0,0.000,292.299,2611,86139904
"benchmark-example:dna-extra-8-cpu","bd/dna.100MB",8,1000000,3211,3211,0,0.000,292.299,2612,86168106
"benchmark-example:dna-extra-8-cpu","bd/dna.100MB",8,1000000,3211,3211,0,0.000,292.299,2613,86282668
"benchmark-example:dna-extra-8-cpu","bd/dna.100MB",8,1000000,3211,3211,0,0.000,292.299,2614,86301181
"benchmark-example:dna-extra-8-cpu","bd/dna.100MB",8,1000000,3211,3211,0,0.000,292.299,2615,86341088
"benchmark-example:dna-extra-8-cpu","bd/dna.100MB",8,1000000,3211,3211,0,0.000,292.299,2616,86394960
"benchmark-example:dna-extra-8-cpu","bd/dna.100MB",8,1000000,3211,3211,0,0.000,292.299,2617,86398043
"benchmark-example:dna-extra-8-cpu","bd/dna.100MB",8,1000000,3211,3211,0,0.000,292.299,2618,86516558
"benchmark-example:dna-extra-8-cpu","bd/dna.100MB",8,1000000,3211,3211,0,0.000,292.299,2619,86527206
"benchmark-example:dna-extra-8-cpu","bd/dna.100MB",8,1000000,3211,3211,0,0.000,292.299,2620,86564499
"benchmark-example:dna-extra-8-cpu","bd/dna.100MB",8,1000000,3211,3211,0,0.000,292.299,2621,86568523
"benchmark-example:dna-extra-8-cpu","bd/dna.100MB",8,1000000,3211,3211,0,0.000,292.299,2622,86590855
"benchmark-example:dna-extra-8-cpu","bd/dna.100MB",8,1000000,3211,3211,0,0.000,292.299,2623,86608318
"benchmark-example:dna-extra-8-cpu","bd/dna.100MB",8,1000000,3211,3211,0,0.000,292.299,2624,86616029
"benchmark-example:dna-extra-8-cpu","bd/dna.100MB",8,1000000,3211,3211,0,0.000,292.299,2625,86619897
"benchmark-example:dna-extra-8-cpu","bd/dna.100MB",8,1000000,3211,3211,0,0.000,292.299,2626,86651124
"benchmark-example:dna-extra-8-cpu","bd/dna.100MB",8,1000000,3211,3211,0,0.000,292.299,2627,86657585
"benchmark-example:dna-extra-8-cpu","bd/dna.100MB",8,1000000,3211,3211,0,0.000,292.299,2628,86724453
"benchmark-example:dna-extra-8-cpu","bd/dna.100MB",8,1000000,3211,3211,0,0.000,292.299,2629,86736922
"benchmark-example:dna-extra-8-cpu","bd/dna.100MB",8,1000000,3211,3211,0,0.000,292.299,2630,86763588
"benchmark-example:dna-extra-8-cpu","bd/dna.100MB",8,1000000,3211,3211,0,0.000,292.299,2631,86807036
"benchmark-example:dna-extra-8-cpu","bd/dna.100MB",8,1000000,3211,3211,0,0.000,292.299,2632,86929004
"benchmark-example:dna-extra-8-cpu","bd/dna.100MB",8,1000000,3211,3211,0,0.000,292.299,2633,86953216
"benchmark-example:dna-extra-8-cpu","bd/dna.100MB",8,1000000,3211,3211,0,0.000,292.299,2634,86975593
"benchmark-example:dna-extra-8-cpu","bd/dna.100MB",8,1000000,3211,3211,0,0.000,292.299,2635,86999891
"benchmark-example:dna-extra-8-cpu","bd/dna.100MB",8,1000000,3211,3211,0,0.000,292.299,2636,87000299
"benchmark-example:dna-extra-8-cpu","bd/dna.100MB",8,1000000,3211,3211,0,0.000,292.299,2637,87113472
"benchmark-example:dna-extra-8-cpu","bd/dna.100MB",8,1000000,3211,3211,0,0.000,292.299,2638,87124490
"benchmark-example:dna-extra-8-cpu","bd/dna.100MB",8,1000000,3211,3211,0,0.000,292.299,2639,87204104
"benchmark-example:dna-extra-8-cpu","bd/dna.100MB",8,1000000,3211,3211,0,0.000,292.299,2640,87224295
"benchmark-example:dna-extra-8-cpu","bd/dna.100MB",8,1000000,3211,3211,0,0.000,292.299,2641,87231051
"benchmark-example:dna-extra-8-cpu","bd/dna.100MB",8,1000000,3211,3211,0,0.000,292.299,2642,87333556
"benchmark-example:dna-extra-8-cpu","bd/dna.100MB",8,1000000,3211,3211,0,0.000,292.299,2643,87427422
"benchmark-example:dna-extra-8-cpu","bd/dna.100MB",8,1000000,3211,3211,0,0.000,292.299,2644,87496832
"benchmark-example:dna-extra-8-cpu","bd/dna.100MB",8,1000000,3211,3211,0,0.000,292.299,2645,87528892
"benchmark-example:dna-extra-8-cpu","bd/dna.100MB",8,1000000,3211,3211,0,0.000,292.299,2646,87532305
"benchmark-example:dna-extra-8-cpu","bd/dna.100MB",8,1000000,3211,3211,0,0.000,292.299,2647,87614826
"benchmark-example:dna-extra-8-cpu","bd/dna.100MB",8,1000000,3211,3211,0,0.000,292.299,2648,87632933
"benchmark-example:dna-extra-8-cpu","bd/dna.100MB",8,1000000,3211,3211,0,0.000,292.299,2649,87654686
"benchmark-example:dna-extra-8-cpu","bd/dna.100MB",8,1000000,3211,3211,0,0.000,292.299,2650,87685043
"benchmark-example:dna-extra-8-cpu","bd/dna.100MB",8,1000000,3211,3211,0,0.000,292.299,2651,87691644
"benchmark-example:dna-extra-8-cpu","bd/dna.100MB",8,1000000,3211,3211,0,0.000,292.299,2652,87709840
"benchmark-example:dna-extra-8-cpu","bd/dna.100MB",8,1000000,3211,3211,0,0.000,292.299,2653,87737681
"benchmark-example:dna-extra-8-cpu","bd/dna.100MB",8,1000000,3211,3211,0,0.000,292.299,2654,87772801
"benchmark-example:dna-extra-8-cpu","bd/dna.100MB",8,1000000,3211,3211,0,0.000,292.299,2655,87813114
"benchmark-example:dna-extra-8-cpu","bd/dna.100MB",8,1000000,3211,3211,0,0.000,292.299,2656,87820971
"benchmark-example:dna-extra-8-cpu","bd/dna.100MB",8,1000000,3211,3211,0,0.000,292.299,2657,87825442
"benchmark-example:dna-extra-8-cpu","bd/dna.100MB",8,1000000,3211,3211,0,0.000,292.299,2658,87845657
"benchmark-example:dna-extra-8-cpu","bd/dna.100MB",8,1000000,3211,3211,0,0.000,292.299,2659,87846879
"benchmark-example:dna-extra-8-cpu","bd/dna.100MB",8,1000000,3211,3211,0,0.000,292.299,2660,87906093
"benchmark-example:dna-extra-8-cpu","bd/dna.100MB",8,1000000,3211,3211,0,0.000,292.299,2661,87910046
"benchmark-example:dna-extra-8-cpu","bd/dna.100MB",8,1000000,3211,3211,0,0.000,292.299,2662,87915763
"benchmark-example:dna-extra-8-cpu","bd/dna.100MB",8,1000000,3211,3211,0,0.000,292.299,2663,87920868
"benchmark-example:dna-extra-8-cpu","bd/dna.100MB",8,1000000,3211,3211,0,0.000,292.299,2664,87950856
"benchmark-example:dna-extra-8-cpu","bd/dna.100MB",8,1000000,3211,3211,0,0.000,292.299,2665,87977347
"benchmark-example:dna-extra-8-cpu","bd/dna.100MB",8,1000000,3211,3211,0,0.000,292.299,2666,88034645
"benchmark-example:dna-extra-8-cpu","bd/dna.100MB",8,1000000,3211,3211,0,0.000,292.299,2667,88056253
"benchmark-example:dna-extra-8-cpu","bd/dna.100MB",8,1000000,3211,3211,0,0.000,292.299,2668,88065589
"benchmark-example:dna-extra-8-cpu","bd/dna.100MB",8,1000000,3211,3211,0,0.000,292.299,2669,88070127
"benchmark-example:dna-extra-8-cpu","bd/dna.100MB",8,1000000,3211,3211,0,0.000,292.299,2670,88074742
"benchmark-example:dna-extra-8-cpu","bd/dna.100MB",8,1000000,3211,3211,0,0.000,292.299,2671,88081464
"benchmark-example:dna-extra-8-cpu","bd/dna.100MB",8,1000000,3211,3211,0,0.000,292.299,2672,88093775
"benchmark-example:dna-extra-8-cpu","bd/dna.100MB",8,1000000,3211,3211,0,0.000,292.299,2673,88134463
"benchmark-example:dna-extra-8-cpu","bd/dna.100MB",8,1000000,3211,3211,0,0.000,292.299,2674,88266850
"benchmark-example:dna-extra-8-cpu","bd/dna.100MB",8,1000000,3211,3211,0,0.000,292.299,2675,88291463
"benchmark-example:dna-extra-8-cpu","bd/dna.100MB",8,1000000,3211,3211,0,0.000,292.299,2676,88338343
"benchmark-example:dna-extra-8-cpu","bd/dna.100MB",8,1000000,3211,3211,0,0.000,292.299,2677,88379631
"benchmark-example:dna-extra-8-cpu","bd/dna.100MB",8,1000000,3211,3211,0,0.000,292.299,2678,88403389
"benchmark-example:dna-extra-8-cpu","bd/dna.100MB",8,1000000,3211,3211,0,0.000,292.299,2679,88415462
"benchmark-example:dna-extra-8-cpu","bd/dna.100MB",8,1000000,3211,3211,0,0.000,292.299,2680,88415886
"benchmark-example:dna-extra-8-cpu","bd/dna.100MB",8,1000000,3211,3211,0,0.000,292.299,2681,88472937
"benchmark-example:dna-extra-8-cpu","bd/dna.100MB",8,1000000,3211,3211,0,0.000,292.299,2682,88475645
"benchmark-example:dna-extra-8-cpu","bd/dna.100MB",8,1000000,3211,3211,0,0.000,292.299,2683,88478293
"benchmark-example:dna-extra-8-cpu","bd/dna.100MB",8,1000000,3211,3211,0,0.000,292.299,2684,88480145
"benchmark-example:dna-extra-8-cpu","bd/dna.100MB",8,1000000,3211,3211,0,0.000,292.299,2685,88485024
"benchmark-example:dna-extra-8-cpu","bd/dna.100MB",8,1000000,3211,3211,0,0.000,292.299,2686,88491496
"benchmark-example:dna-extra-8-cpu","bd/dna.100MB",8,1000000,3211,3211,0,0.000,292.299,2687,88519604
"benchmark-example:dna-extra-8-cpu","bd/dna.100MB",8,1000000,3211,3211,0,0.000,292.299,2688,88524256
"benchmark-example:dna-extra-8-cpu","bd/dna.100MB",8,1000000,3211,3211,0,0.000,292.299,2689,88547952
"benchmark-example:dna-extra-8-cpu","bd/dna.100MB",8,1000000,3211,3211,0,0.000,292.299,2690,88569882
"benchmark-example:dna-extra-8-cpu","bd/dna.100MB",8,1000000,3211,3211,0,0.000,292.299,2691,88591102
"benchmark-example:dna-extra-8-cpu","bd/dna.100MB",8,1000000,3211,3211,0,0.000,292.299,2692,88594202
"benchmark-example:dna-extra-8-cpu","bd/dna.100MB",8,1000000,3211,3211,0,0.000,292.299,2693,88610505
"benchmark-example:dna-extra-8-cpu","bd/dna.100MB",8,1000000,3211,3211,0,0.000,292.299,2694,88629027
"benchmark-example:dna-extra-8-cpu","bd/dna.100MB",8,1000000,3211,3211,0,0.000,292.299,2695,88641077
"benchmark-example:dna-extra-8-cpu","bd/dna.100MB",8,1000000,3211,3211,0,0.000,292.299,2696,88653861
"benchmark-example:dna-extra-8-cpu","bd/dna.100MB",8,1000000,3211,3211,0,0.000,292.299,2697,88662337
"benchmark-example:dna-extra-8-cpu","bd/dna.100MB",8,1000000,3211,3211,0,0.000,292.299,2698,88682639
"benchmark-example:dna-extra-8-cpu","bd/dna.100MB",8,1000000,3211,3211,0,0.000,292.299,2699,88703449
"benchmark-example:dna-extra-8-cpu","bd/dna.100MB",8,1000000,3211,3211,0,0.000,292.299,2700,88737936
"benchmark-example:dna-extra-8-cpu","bd/dna.100MB",8,1000000,3211,3211,0,0.000,292.299,2701,88797948
"benchmark-example:dna-extra-8-cpu","bd/dna.100MB",8,1000000,3211,3211,0,0.000,292.299,2702,88858921
"benchmark-example:dna-extra-8-cpu","bd/dna.100MB",8,1000000,3211,3211,0,0.000,292.299,2703,88878475
"benchmark-example:dna-extra-8-cpu","bd/dna.100MB",8,1000000,3211,3211,0,0.000,292.299,2704,88880960
"benchmark-example:dna-extra-8-cpu","bd/dna.100MB",8,1000000,3211,3211,0,0.000,292.299,2705,88915548
"benchmark-example:dna-extra-8-cpu","bd/dna.100MB",8,1000000,3211,3211,0,0.000,292.299,2706,88917565
"benchmark-example:dna-extra-8-cpu","bd/dna.100MB",8,1000000,3211,3211,0,0.000,292.299,2707,89002736
"benchmark-example:dna-extra-8-cpu","bd/dna.100MB",8,1000000,3211,3211,0,0.000,292.299,2708,89055966
"benchmark-example:dna-extra-8-cpu","bd/dna.100MB",8,1000000,3211,3211,0,0.000,292.299,2709,89062526
"benchmark-example:dna-extra-8-cpu","bd/dna.100MB",8,1000000,3211,3211,0,0.000,292.299,2710,89137328
"benchmark-example:dna-extra-8-cpu","bd/dna.100MB",8,1000000,3211,3211,0,0.000,292.299,2711,89155110
"benchmark-example:dna-extra-8-cpu","bd/dna.100MB",8,1000000,3211,3211,0,0.000,292.299,2712,89157580
"benchmark-example:dna-extra-8-cpu","bd/dna.100MB",8,1000000,3211,3211,0,0.000,292.299,2713,89193311
"benchmark-example:dna-extra-8-cpu","bd/dna.100MB",8,1000000,3211,3211,0,0.000,292.299,2714,89194657
"benchmark-example:dna-extra-8-cpu","bd/dna.100MB",8,1000000,3211,3211,0,0.000,292.299,2715,89222280
"benchmark-example:dna-extra-8-cpu","bd/dna.100MB",8,1000000,3211,3211,0,0.000,292.299,2716,89223946
"benchmark-example:dna-extra-8-cpu","bd/dna.100MB",8,1000000,3211,3211,0,0.000,292.299,2717,89228551
"benchmark-example:dna-extra-8-cpu","bd/dna.100MB",8,1000000,3211,3211,0,0.000,292.299,2718,89233207
"benchmark-example:dna-extra-8-cpu","bd/dna.100MB",8,1000000,3211,3211,0,0.000,292.299,2719,89244720
"benchmark-example:dna-extra-8-cpu","bd/dna.100MB",8,1000000,3211,3211,0,0.000,292.299,2720,89250036
"benchmark-example:dna-extra-8-cpu","bd/dna.100MB",8,1000000,3211,3211,0,0.000,292.299,2721,89281350
"benchmark-example:dna-extra-8-cpu","bd/dna.100MB",8,1000000,3211,3211,0,0.000,292.299,2722,89362612
"benchmark-example:dna-extra-8-cpu","bd/dna.100MB",8,1000000,3211,3211,0,0.000,292.299,2723,89400796
"benchmark-example:dna-extra-8-cpu","bd/dna.100MB",8,1000000,3211,3211,0,0.000,292.299,2724,89401819
"benchmark-example:dna-extra-8-cpu","bd/dna.100MB",8,1000000,3211,3211,0,0.000,292.299,2725,89438101
"benchmark-example:dna-extra-8-cpu","bd/dna.100MB",8,1000000,3211,3211,0,0.000,292.299,2726,89447781
"benchmark-example:dna-extra-8-cpu","bd/dna.100MB",8,1000000,3211,3211,0,0.000,292.299,2727,89459778
"benchmark-example:dna-extra-8-cpu","bd/dna.100MB",8,1000000,3211,3211,0,0.000,292.299,2728,89518974
"benchmark-example:dna-extra-8-cpu","bd/dna.100MB",8,1000000,3211,3211,0,0.000,292.299,2729,89547455
"benchmark-example:dna-extra-8-cpu","bd/dna.100MB",8,1000000,3211,3211,0,0.000,292.299,2730,89582880
"benchmark-example:dna-extra-8-cpu","bd/dna.100MB",8,1000000,3211,3211,0,0.000,292.299,2731,89659864
"benchmark-example:dna-extra-8-cpu","bd/dna.100MB",8,1000000,3211,3211,0,0.000,292.299,2732,89736683
"benchmark-example:dna-extra-8-cpu","bd/dna.100MB",8,1000000,3211,3211,0,0.000,292.299,2733,89787794
"benchmark-example:dna-extra-8-cpu","bd/dna.100MB",8,1000000,3211,3211,0,0.000,292.299,2734,89794942
"benchmark-example:dna-extra-8-cpu","bd/dna.100MB",8,1000000,3211,3211,0,0.000,292.299,2735,89882253
"benchmark-example:dna-extra-8-cpu","bd/dna.100MB",8,1000000,3211,3211,0,0.000,292.299,2736,89896188
"benchmark-example:dna-extra-8-cpu","bd/dna.100MB",8,1000000,3211,3211,0,0.000,292.299,2737,89906017
"benchmark-example:dna-extra-8-cpu","bd/dna.100MB",8,1000000,3211,3211,0,0.000,292.299,2738,89931908
"benchmark-example:dna-extra-8-cpu","bd/dna.100MB",8,1000000,3211,3211,0,0.000,292.299,2739,89936897
"benchmark-example:dna-extra-8-cpu","bd/dna.100MB",8,1000000,3211,3211,0,0.000,292.299,2740,89975166
"benchmark-example:dna-extra-8-cpu","bd/dna.100MB",8,1000000,3211,3211,0,0.000,292.299,2741,89975432
"benchmark-example:dna-extra-8-cpu","bd/dna.100MB",8,1000000,3211,3211,0,0.000,292.299,2742,90016587
"benchmark-example:dna-extra-8-cpu","bd/dna.100MB",8,1000000,3211,3211,0,0.000,292.299,2743,90096091
"benchmark-example:dna-extra-8-cpu","bd/dna.100MB",8,1000000,3211,3211,0,0.000,292.299,2744,90101235
"benchmark-example:dna-extra-8-cpu","bd/dna.100MB",8,1000000,3211,3211,0,0.000,292.299,2745,90108934
"benchmark-example:dna-extra-8-cpu","bd/dna.100MB",8,1000000,3211,3211,0,0.000,292.299,2746,90123850
"benchmark-example:dna-extra-8-cpu","bd/dna.100MB",8,1000000,3211,3211,0,0.000,292.299,2747,90127238
"benchmark-example:dna-extra-8-cpu","bd/dna.100MB",8,1000000,3211,3211,0,0.000,292.299,2748,90134511
"benchmark-example:dna-extra-8-cpu","bd/dna.100MB",8,1000000,3211,3211,0,0.000,292.299,2749,90146236
"benchmark-example:dna-extra-8-cpu","bd/dna.100MB",8,1000000,3211,3211,0,0.000,292.299,2750,90167881
"benchmark-example:dna-extra-8-cpu","bd/dna.100MB",8,1000000,3211,3211,0,0.000,292.299,2751,90204865
"benchmark-example:dna-extra-8-cpu","bd/dna.100MB",8,1000000,3211,3211,0,0.000,292.299,2752,90261331
"benchmark-example:dna-extra-8-cpu","bd/dna.100MB",8,1000000,3211,3211,0,0.000,292.299,2753,90275245
"benchmark-example:dna-extra-8-cpu","bd/dna.100MB",8,1000000,3211,3211,0,0.000,292.299,2754,90294197
"benchmark-example:dna-extra-8-cpu","bd/dna.100MB",8,1000000,3211,3211,0,0.000,292.299,2755,90301492
"benchmark-example:dna-extra-8-cpu","bd/dna.100MB",8,1000000,3211,3211,0,0.000,292.299,2756,90327367
"benchmark-example:dna-extra-8-cpu","bd/dna.100MB",8,1000000,3211,3211,0,0.000,292.299,2757,90376296
"benchmark-example:dna-extra-8-cpu","bd/dna.100MB",8,1000000,3211,3211,0,0.000,292.299,2758,90416306
"benchmark-example:dna-extra-8-cpu","bd/dna.100MB",8,1000000,3211,3211,0,0.000,292.299,2759,90436068
"benchmark-example:dna-extra-8-cpu","bd/dna.100MB",8,1000000,3211,3211,0,0.000,292.299,2760,90437718
"benchmark-example:dna-extra-8-cpu","bd/dna.100MB",8,1000000,3211,3211,0,0.000,292.299,2761,90450056
"benchmark-example:dna-extra-8-cpu","bd/dna.100MB",8,1000000,3211,3211,0,0.000,292.299,2762,90453908
"benchmark-example:dna-extra-8-cpu","bd/dna.100MB",8,1000000,3211,3211,0,0.000,292.299,2763,90483082
"benchmark-example:dna-extra-8-cpu","bd/dna.100MB",8,1000000,3211,3211,0,0.000,292.299,2764,90493009
"benchmark-example:dna-extra-8-cpu","bd/dna.100MB",8,1000000,3211,3211,0,0.000,292.299,2765,90535699
"benchmark-example:dna-extra-8-cpu","bd/dna.100MB",8,1000000,3211,3211,0,0.000,292.299,2766,90545405
"benchmark-example:dna-extra-8-cpu","bd/dna.100MB",8,1000000,3211,3211,0,0.000,292.299,2767,90555360
"benchmark-example:dna-extra-8-cpu","bd/dna.100MB",8,1000000,3211,3211,0,0.000,292.299,2768,90577574
"benchmark-example:dna-extra-8-cpu","bd/dna.100MB",8,1000000,3211,3211,0,0.000,292.299,2769,90590987
"benchmark-example:dna-extra-8-cpu","bd/dna.100MB",8,1000000,3211,3211,0,0.000,292.299,2770,90612729
"benchmark-example:dna-extra-8-cpu","bd/dna.100MB",8,1000000,3211,3211,0,0.000,292.299,2771,90636068
"benchmark-example:dna-extra-8-cpu","bd/dna.100MB",8,1000000,3211,3211,0,0.000,292.299,2772,90682126
"benchmark-example:dna-extra-8-cpu","bd/dna.100MB",8,1000000,3211,3211,0,0.000,292.299,2773,90732059
"benchmark-example:dna-extra-8-cpu","bd/dna.100MB",8,1000000,3211,3211,0,0.000,292.299,2774,90770689
"benchmark-example:dna-extra-8-cpu","bd/dna.100MB",8,1000000,3211,3211,0,0.000,292.299,2775,90797015
"benchmark-example:dna-extra-8-cpu","bd/dna.100MB",8,1000000,3211,3211,0,0.000,292.299,2776,90838959
"benchmark-example:dna-extra-8-cpu","bd/dna.100MB",8,1000000,3211,3211,0,0.000,292.299,2777,90871440
"benchmark-example:dna-extra-8-cpu","bd/dna.100MB",8,1000000,3211,3211,0,0.000,292.299,2778,90886276
"benchmark-example:dna-extra-8-cpu","bd/dna.100MB",8,1000000,3211,3211,0,0.000,292.299,2779,90887357
"benchmark-example:dna-extra-8-cpu","bd/dna.100MB",8,1000000,3211,3211,0,0.000,292.299,2780,90926030
"benchmark-example:dna-extra-8-cpu","bd/dna.100MB",8,1000000,3211,3211,0,0.000,292.299,2781,90937481
"benchmark-example:dna-extra-8-cpu","bd/dna.100MB",8,1000000,3211,3211,0,0.000,292.299,2782,90954086
"benchmark-example:dna-extra-8-cpu","bd/dna.100MB",8,1000000,3211,3211,0,0.000,292.299,2783,91069275
"benchmark-example:dna-extra-8-cpu","bd/dna.100MB",8,1000000,3211,3211,0,0.000,292.299,2784,91072294
"benchmark-example:dna-extra-8-cpu","bd/dna.100MB",8,1000000,3211,3211,0,0.000,292.299,2785,91087309
"benchmark-example:dna-extra-8-cpu","bd/dna.100MB",8,1000000,3211,3211,0,0.000,292.299,2786,91111179
"benchmark-example:dna-extra-8-cpu","bd/dna.100MB",8,1000000,3211,3211,0,0.000,292.299,2787,91122574
"benchmark-example:dna-extra-8-cpu","bd/dna.100MB",8,1000000,3211,3211,0,0.000,292.299,2788,91168296
"benchmark-example:dna-extra-8-cpu","bd/dna.100MB",8,1000000,3211,3211,0,0.000,292.299,2789,91172677
"benchmark-example:dna-extra-8-cpu","bd/dna.100MB",8,1000000,3211,3211,0,0.000,292.299,2790,91196451
"benchmark-example:dna-extra-8-cpu","bd/dna.100MB",8,1000000,3211,3211,0,0.000,292.299,2791,91241197
"benchmark-example:dna-extra-8-cpu","bd/dna.100MB",8,1000000,3211,3211,0,0.000,292.299,2792,91258254
"benchmark-example:dna-extra-8-cpu","bd/dna.100MB",8,1000000,3211,3211,0,0.000,292.299,2793,91282726
"benchmark-example:dna-extra-8-cpu","bd/dna.100MB",8,1000000,3211,3211,0,0.000,292.299,2794,91284349
"benchmark-example:dna-extra-8-cpu","bd/dna.100MB",8,1000000,3211,3211,0,0.000,292.299,2795,91286575
"benchmark-example:dna-extra-8-cpu","bd/dna.100MB",8,1000000,3211,3211,0,0.000,292.299,2796,91290639
"benchmark-example:dna-extra-8-cpu","bd/dna.100MB",8,1000000,3211,3211,0,0.000,292.299,2797,91292391
"benchmark-example:dna-extra-8-cpu","bd/dna.100MB",8,1000000,3211,3211,0,0.000,292.299,2798,91308284
"benchmark-example:dna-extra-8-cpu","bd/dna.100MB",8,1000000,3211,3211,0,0.000,292.299,2799,91312236
"benchmark-example:dna-extra-8-cpu","bd/dna.100MB",8,1000000,3211,3211,0,0.000,292.299,2800,91330707
"benchmark-example:dna-extra-8-cpu","bd/dna.100MB",8,1000000,3211,3211,0,0.000,292.299,2801,91334470
"benchmark-example:dna-extra-8-cpu","bd/dna.100MB",8,1000000,3211,3211,0,0.000,292.299,2802,91337398
"benchmark-example:dna-extra-8-cpu","bd/dna.100MB",8,1000000,3211,3211,0,0.000,292.299,2803,91350612
"benchmark-example:dna-extra-8-cpu","bd/dna.100MB",8,1000000,3211,3211,0,0.000,292.299,2804,91389068
"benchmark-example:dna-extra-8-cpu","bd/dna.100MB",8,1000000,3211,3211,0,0.000,292.299,2805,91390691
"benchmark-example:dna-extra-8-cpu","bd/dna.100MB",8,1000000,3211,3211,0,0.000,292.299,2806,91392917
"benchmark-example:dna-extra-8-cpu","bd/dna.100MB",8,1000000,3211,3211,0,0.000,292.299,2807,91396981
"benchmark-example:dna-extra-8-cpu","bd/dna.100MB",8,1000000,3211,3211,0,0.000,292.299,2808,91398733
"benchmark-example:dna-extra-8-cpu","bd/dna.100MB",8,1000000,3211,3211,0,0.000,292.299,2809,91449554
"benchmark-example:dna-extra-8-cpu","bd/dna.100MB",8,1000000,3211,3211,0,0.000,292.299,2810,91479439
"benchmark-example:dna-extra-8-cpu","bd/dna.100MB",8,1000000,3211,3211,0,0.000,292.299,2811,91521507
"benchmark-example:dna-extra-8-cpu","bd/dna.100MB",8,1000000,3211,3211,0,0.000,292.299,2812,91553926
"benchmark-example:dna-extra-8-cpu","bd/dna.100MB",8,1000000,3211,3211,0,0.000,292.299,2813,91557135
"benchmark-example:dna-extra-8-cpu","bd/dna.100MB",8,1000000,3211,3211,0,0.000,292.299,2814,91606349
"benchmark-example:dna-extra-8-cpu","bd/dna.100MB",8,1000000,3211,3211,0,0.000,292.299,2815,91664027
"benchmark-example:dna-extra-8-cpu","bd/dna.100MB",8,1000000,3211,3211,0,0.000,292.299,2816,91677191
"benchmark-example:dna-extra-8-cpu","bd/dna.100MB",8,1000000,3211,3211,0,0.000,292.299,2817,91680998
"benchmark-example:dna-extra-8-cpu","bd/dna.100MB",8,1000000,3211,3211,0,0.000,292.299,2818,91697197
"benchmark-example:dna-extra-8-cpu","bd/dna.100MB",8,1000000,3211,3211,0,0.000,292.299,2819,91738036
"benchmark-example:dna-extra-8-cpu","bd/dna.100MB",8,1000000,3211,3211,0,0.000,292.299,2820,91751993
"benchmark-example:dna-extra-8-cpu","bd/dna.100MB",8,1000000,3211,3211,0,0.000,292.299,2821,91756554
"benchmark-example:dna-extra-8-cpu","bd/dna.100MB",8,1000000,3211,3211,0,0.000,292.299,2822,91778637
"benchmark-example:dna-extra-8-cpu","bd/dna.100MB",8,1000000,3211,3211,0,0.000,292.299,2823,91797909
"benchmark-example:dna-extra-8-cpu","bd/dna.100MB",8,1000000,3211,3211,0,0.000,292.299,2824,91822994
"benchmark-example:dna-extra-8-cpu","bd/dna.100MB",8,1000000,3211,3211,0,0.000,292.299,2825,91838144
"benchmark-example:dna-extra-8-cpu","bd/dna.100MB",8,1000000,3211,3211,0,0.000,292.299,2826,91862482
"benchmark-example:dna-extra-8-cpu","bd/dna.100MB",8,1000000,3211,3211,0,0.000,292.299,2827,91924065
"benchmark-example:dna-extra-8-cpu","bd/dna.100MB",8,1000000,3211,3211,0,0.000,292.299,2828,91951335
"benchmark-example:dna-extra-8-cpu","bd/dna.100MB",8,1000000,3211,3211,0,0.000,292.299,2829,91977267
"benchmark-example:dna-extra-8-cpu","bd/dna.100MB",8,1000000,3211,3211,0,0.000,292.299,2830,91983750
"benchmark-example:dna-extra-8-cpu","bd/dna.100MB",8,1000000,3211,3211,0,0.000,292.299,2831,92002147
"benchmark-example:dna-extra-8-cpu","bd/dna.100MB",8,1000000,3211,3211,0,0.000,292.299,2832,92021182
"benchmark-example:dna-extra-8-cpu","bd/dna.100MB",8,1000000,3211,3211,0,0.000,292.299,2833,92026961
"benchmark-example:dna-extra-8-cpu","bd/dna.100MB",8,1000000,3211,3211,0,0.000,292.299,2834,92121714
"benchmark-example:dna-extra-8-cpu","bd/dna.100MB",8,1000000,3211,3211,0,0.000,292.299,2835,92122676
"benchmark-example:dna-extra-8-cpu","bd/dna.100MB",8,1000000,3211,3211,0,0.000,292.299,2836,92123205
"benchmark-example:dna-extra-8-cpu","bd/dna.100MB",8,1000000,3211,3211,0,0.000,292.299,2837,92167773
"benchmark-example:dna-extra-8-cpu","bd/dna.100MB",8,1000000,3211,3211,0,0.000,292.299,2838,92194226
"benchmark-example:dna-extra-8-cpu","bd/dna.100MB",8,1000000,3211,3211,0,0.000,292.299,2839,92198192
"benchmark-example:dna-extra-8-cpu","bd/dna.100MB",8,1000000,3211,3211,0,0.000,292.299,2840,92211988
"benchmark-example:dna-extra-8-cpu","bd/dna.100MB",8,1000000,3211,3211,0,0.000,292.299,2841,92217547
"benchmark-example:dna-extra-8-cpu","bd/dna.100MB",8,1000000,3211,3211,0,0.000,292.299,2842,92219089
"benchmark-example:dna-extra-8-cpu","bd/dna.100MB",8,1000000,3211,3211,0,0.000,292.299,2843,92274815
"benchmark-example:dna-extra-8-cpu","bd/dna.100MB",8,1000000,3211,3211,0,0.000,292.299,2844,92355478
"benchmark-example:dna-extra-8-cpu","bd/dna.100MB",8,1000000,3211,3211,0,0.000,292.299,2845,92361038
"benchmark-example:dna-extra-8-cpu","bd/dna.100MB",8,1000000,3211,3211,0,0.000,292.299,2846,92380474
"benchmark-example:dna-extra-8-cpu","bd/dna.100MB",8,1000000,3211,3211,0,0.000,292.299,2847,92392308
"benchmark-example:dna-extra-8-cpu","bd/dna.100MB",8,1000000,3211,3211,0,0.000,292.299,2848,92400386
"benchmark-example:dna-extra-8-cpu","bd/dna.100MB",8,1000000,3211,3211,0,0.000,292.299,2849,92468680
"benchmark-example:dna-extra-8-cpu","bd/dna.100MB",8,1000000,3211,3211,0,0.000,292.299,2850,92475101
"benchmark-example:dna-extra-8-cpu","bd/dna.100MB",8,1000000,3211,3211,0,0.000,292.299,2851,92505800
"benchmark-example:dna-extra-8-cpu","bd/dna.100MB",8,1000000,3211,3211,0,0.000,292.299,2852,92527998
"benchmark-example:dna-extra-8-cpu","bd/dna.100MB",8,1000000,3211,3211,0,0.000,292.299,2853,92569761
"benchmark-example:dna-extra-8-cpu","bd/dna.100MB",8,1000000,3211,3211,0,0.000,292.299,2854,92628224
"benchmark-example:dna-extra-8-cpu","bd/dna.100MB",8,1000000,3211,3211,0,0.000,292.299,2855,92692439
"benchmark-example:dna-extra-8-cpu","bd/dna.100MB",8,1000000,3211,3211,0,0.000,292.299,2856,92718410
"benchmark-example:dna-extra-8-cpu","bd/dna.100MB",8,1000000,3211,3211,0,0.000,292.299,2857,92726735
"benchmark-example:dna-extra-8-cpu","bd/dna.100MB",8,1000000,3211,3211,0,0.000,292.299,2858,92753284
"benchmark-example:dna-extra-8-cpu","bd/dna.100MB",8,1000000,3211,3211,0,0.000,292.299,2859,92772175
"benchmark-example:dna-extra-8-cpu","bd/dna.100MB",8,1000000,3211,3211,0,0.000,292.299,2860,92829706
"benchmark-example:dna-extra-8-cpu","bd/dna.100MB",8,1000000,3211,3211,0,0.000,292.299,2861,92880429
"benchmark-example:dna-extra-8-cpu","bd/dna.100MB",8,1000000,3211,3211,0,0.000,292.299,2862,92906288
"benchmark-example:dna-extra-8-cpu","bd/dna.100MB",8,1000000,3211,3211,0,0.000,292.299,2863,92923978
"benchmark-example:dna-extra-8-cpu","bd/dna.100MB",8,1000000,3211,3211,0,0.000,292.299,2864,92938612
"benchmark-example:dna-extra-8-cpu","bd/dna.100MB",8,1000000,3211,3211,0,0.000,292.299,2865,93024560
"benchmark-example:dna-extra-8-cpu","bd/dna.100MB",8,1000000,3211,3211,0,0.000,292.299,2866,93061186
"benchmark-example:dna-extra-8-cpu","bd/dna.100MB",8,1000000,3211,3211,0,0.000,292.299,2867,93084308
"benchmark-example:dna-extra-8-cpu","bd/dna.100MB",8,1000000,3211,3211,0,0.000,292.299,2868,93091481
"benchmark-example:dna-extra-8-cpu","bd/dna.100MB",8,1000000,3211,3211,0,0.000,292.299,2869,93116805
"benchmark-example:dna-extra-8-cpu","bd/dna.100MB",8,1000000,3211,3211,0,0.000,292.299,2870,93175785
"benchmark-example:dna-extra-8-cpu","bd/dna.100MB",8,1000000,3211,3211,0,0.000,292.299,2871,93193523
"benchmark-example:dna-extra-8-cpu","bd/dna.100MB",8,1000000,3211,3211,0,0.000,292.299,2872,93199823
"benchmark-example:dna-extra-8-cpu","bd/dna.100MB",8,1000000,3211,3211,0,0.000,292.299,2873,93203372
"benchmark-example:dna-extra-8-cpu","bd/dna.100MB",8,1000000,3211,3211,0,0.000,292.299,2874,93250973
"benchmark-example:dna-extra-8-cpu","bd/dna.100MB",8,1000000,3211,3211,0,0.000,292.299,2875,93262436
"benchmark-example:dna-extra-8-cpu","bd/dna.100MB",8,1000000,3211,3211,0,0.000,292.299,2876,93266288
"benchmark-example:dna-extra-8-cpu","bd/dna.100MB",8,1000000,3211,3211,0,0.000,292.299,2877,93315480
"benchmark-example:dna-extra-8-cpu","bd/dna.100MB",8,1000000,3211,3211,0,0.000,292.299,2878,93375080
"benchmark-example:dna-extra-8-cpu","bd/dna.100MB",8,1000000,3211,3211,0,0.000,292.299,2879,93376113
"benchmark-example:dna-extra-8-cpu","bd/dna.100MB",8,1000000,3211,3211,0,0.000,292.299,2880,93454261
"benchmark-example:dna-extra-8-cpu","bd/dna.100MB",8,1000000,3211,3211,0,0.000,292.299,2881,93510619
"benchmark-example:dna-extra-8-cpu","bd/dna.100MB",8,1000000,3211,3211,0,0.000,292.299,2882,93547097
"benchmark-example:dna-extra-8-cpu","bd/dna.100MB",8,1000000,3211,3211,0,0.000,292.299,2883,93578940
"benchmark-example:dna-extra-8-cpu","bd/dna.100MB",8,1000000,3211,3211,0,0.000,292.299,2884,93582355
"benchmark-example:dna-extra-8-cpu","bd/dna.100MB",8,1000000,3211,3211,0,0.000,292.299,2885,93620883
"benchmark-example:dna-extra-8-cpu","bd/dna.100MB",8,1000000,3211,3211,0,0.000,292.299,2886,93627391
"benchmark-example:dna-extra-8-cpu","bd/dna.100MB",8,1000000,3211,3211,0,0.000,292.299,2887,93677874
"benchmark-example:dna-extra-8-cpu","bd/dna.100MB",8,1000000,3211,3211,0,0.000,292.299,2888,93683694
"benchmark-example:dna-extra-8-cpu","bd/dna.100MB",8,1000000,3211,3211,0,0.000,292.299,2889,93699051
"benchmark-example:dna-extra-8-cpu","bd/dna.100MB",8,1000000,3211,3211,0,0.000,292.299,2890,93716962
"benchmark-example:dna-extra-8-cpu","bd/dna.100MB",8,1000000,3211,3211,0,0.000,292.299,2891,93719288
"benchmark-example:dna-extra-8-cpu","bd/dna.100MB",8,1000000,3211,3211,0,0.000,292.299,2892,93727052
"benchmark-example:dna-extra-8-cpu","bd/dna.100MB",8,1000000,3211,3211,0,0.000,292.299,2893,93831455
"benchmark-example:dna-extra-8-cpu","bd/dna.100MB",8,1000000,3211,3211,0,0.000,292.299,2894,93839789
"benchmark-example:dna-extra-8-cpu","bd/dna.100MB",8,1000000,3211,3211,0,0.000,292.299,2895,93849340
"benchmark-example:dna-extra-8-cpu","bd/dna.100MB",8,1000000,3211,3211,0,0.000,292.299,2896,93915889
"benchmark-example:dna-extra-8-cpu","bd/dna.100MB",8,1000000,3211,3211,0,0.000,292.299,2897,93990948
"benchmark-example:dna-extra-8-cpu","bd/dna.100MB",8,1000000,3211,3211,0,0.000,292.299,2898,94009220
"benchmark-example:dna-extra-8-cpu","bd/dna.100MB",8,1000000,3211,3211,0,0.000,292.299,2899,94025903
"benchmark-example:dna-extra-8-cpu","bd/dna.100MB",8,1000000,3211,3211,0,0.000,292.299,2900,94048912
"benchmark-example:dna-extra-8-cpu","bd/dna.100MB",8,1000000,3211,3211,0,0.000,292.299,2901,94076926
"benchmark-example:dna-extra-8-cpu","bd/dna.100MB",8,1000000,3211,3211,0,0.000,292.299,2902,94156188
"benchmark-example:dna-extra-8-cpu","bd/dna.100MB",8,1000000,3211,3211,0,0.000,292.299,2903,94163736
"benchmark-example:dna-extra-8-cpu","bd/dna.100MB",8,1000000,3211,3211,0,0.000,292.299,2904,94168745
"benchmark-example:dna-extra-8-cpu","bd/dna.100MB",8,1000000,3211,3211,0,0.000,292.299,2905,94174871
"benchmark-example:dna-extra-8-cpu","bd/dna.100MB",8,1000000,3211,3211,0,0.000,292.299,2906,94214440
"benchmark-example:dna-extra-8-cpu","bd/dna.100MB",8,1000000,3211,3211,0,0.000,292.299,2907,94224810
"benchmark-example:dna-extra-8-cpu","bd/dna.100MB",8,1000000,3211,3211,0,0.000,292.299,2908,94237218
"benchmark-example:dna-extra-8-cpu","bd/dna.100MB",8,1000000,3211,3211,0,0.000,292.299,2909,94252885
"benchmark-example:dna-extra-8-cpu","bd/dna.100MB",8,1000000,3211,3211,0,0.000,292.299,2910,94296008
"benchmark-example:dna-extra-8-cpu","bd/dna.100MB",8,1000000,3211,3211,0,0.000,292.299,2911,94345191
"benchmark-example:dna-extra-8-cpu","bd/dna.100MB",8,1000000,3211,3211,0,0.000,292.299,2912,94346863
"benchmark-example:dna-extra-8-cpu","bd/dna.100MB",8,1000000,3211,3211,0,0.000,292.299,2913,94448345
"benchmark-example:dna-extra-8-cpu","bd/dna.100MB",8,1000000,3211,3211,0,0.000,292.299,2914,94502912
"benchmark-example:dna-extra-8-cpu","bd/dna.100MB",8,1000000,3211,3211,0,0.000,292.299,2915,94565714
"benchmark-example:dna-extra-8-cpu","bd/dna.100MB",8,1000000,3211,3211,0,0.000,292.299,2916,94625614
"benchmark-example:dna-extra-8-cpu","bd/dna.100MB",8,1000000,3211,3211,0,0.000,292.299,2917,94639296
"benchmark-example:dna-extra-8-cpu","bd/dna.100MB",8,1000000,3211,3211,0,0.000,292.299,2918,94688715
"benchmark-example:dna-extra-8-cpu","bd/dna.100MB",8,1000000,3211,3211,0,0.000,292.299,2919,94694583
"benchmark-example:dna-extra-8-cpu","bd/dna.100MB",8,1000000,3211,3211,0,0.000,292.299,2920,94732883
"benchmark-example:dna-extra-8-cpu","bd/dna.100MB",8,1000000,3211,3211,0,0.000,292.299,2921,94745130
"benchmark-example:dna-extra-8-cpu","bd/dna.100MB",8,1000000,3211,3211,0,0.000,292.299,2922,94759324
"benchmark-example:dna-extra-8-cpu","bd/dna.100MB",8,1000000,3211,3211,0,0.000,292.299,2923,94845698
"benchmark-example:dna-extra-8-cpu","bd/dna.100MB",8,1000000,3211,3211,0,0.000,292.299,2924,94854178
"benchmark-example:dna-extra-8-cpu","bd/dna.100MB",8,1000000,3211,3211,0,0.000,292.299,2925,94866920
"benchmark-example:dna-extra-8-cpu","bd/dna.100MB",8,1000000,3211,3211,0,0.000,292.299,2926,94957555
"benchmark-example:dna-extra-8-cpu","bd/dna.100MB",8,1000000,3211,3211,0,0.000,292.299,2927,94994917
"benchmark-example:dna-extra-8-cpu","bd/dna.100MB",8,1000000,3211,3211,0,0.000,292.299,2928,95004351
"benchmark-example:dna-extra-8-cpu","bd/dna.100MB",8,1000000,3211,3211,0,0.000,292.299,2929,95031947
"benchmark-example:dna-extra-8-cpu","bd/dna.100MB",8,1000000,3211,3211,0,0.000,292.299,2930,95064454
"benchmark-example:dna-extra-8-cpu","bd/dna.100MB",8,1000000,3211,3211,0,0.000,292.299,2931,95078459
"benchmark-example:dna-extra-8-cpu","bd/dna.100MB",8,1000000,3211,3211,0,0.000,292.299,2932,95082295
"benchmark-example:dna-extra-8-cpu","bd/dna.100MB",8,1000000,3211,3211,0,0.000,292.299,2933,95235909
"benchmark-example:dna-extra-8-cpu","bd/dna.100MB",8,1000000,3211,3211,0,0.000,292.299,2934,95266471
"benchmark-example:dna-extra-8-cpu","bd/dna.100MB",8,1000000,3211,3211,0,0.000,292.299,2935,95272309
"benchmark-example:dna-extra-8-cpu","bd/dna.100MB",8,1000000,3211,3211,0,0.000,292.299,2936,95282435
"benchmark-example:dna-extra-8-cpu","bd/dna.100MB",8,1000000,3211,3211,0,0.000,292.299,2937,95282853
"benchmark-example:dna-extra-8-cpu","bd/dna.100MB",8,1000000,3211,3211,0,0.000,292.299,2938,95295885
"benchmark-example:dna-extra-8-cpu","bd/dna.100MB",8,1000000,3211,3211,0,0.000,292.299,2939,95344356
"benchmark-example:dna-extra-8-cpu","bd/dna.100MB",8,1000000,3211,3211,0,0.000,292.299,2940,95393369
"benchmark-example:dna-extra-8-cpu","bd/dna.100MB",8,1000000,3211,3211,0,0.000,292.299,2941,95422598
"benchmark-example:dna-extra-8-cpu","bd/dna.100MB",8,1000000,3211,3211,0,0.000,292.299,2942,95432398
"benchmark-example:dna-extra-8-cpu","bd/dna.100MB",8,1000000,3211,3211,0,0.000,292.299,2943,95461479
"benchmark-example:dna-extra-8-cpu","bd/dna.100MB",8,1000000,3211,3211,0,0.000,292.299,2944,95523238
"benchmark-example:dna-extra-8-cpu","bd/dna.100MB",8,1000000,3211,3211,0,0.000,292.299,2945,95553158
"benchmark-example:dna-extra-8-cpu","bd/dna.100MB",8,1000000,3211,3211,0,0.000,292.299,2946,95593553
"benchmark-example:dna-extra-8-cpu","bd/dna.100MB",8,1000000,3211,3211,0,0.000,292.299,2947,95602241
"benchmark-example:dna-extra-8-cpu","bd/dna.100MB",8,1000000,3211,3211,0,0.000,292.299,2948,95616708
"benchmark-example:dna-extra-8-cpu","bd/dna.100MB",8,1000000,3211,3211,0,0.000,292.299,2949,95660232
"benchmark-example:dna-extra-8-cpu","bd/dna.100MB",8,1000000,3211,3211,0,0.000,292.299,2950,95762572
"benchmark-example:dna-extra-8-cpu","bd/dna.100MB",8,1000000,3211,3211,0,0.000,292.299,2951,95767740
"benchmark-example:dna-extra-8-cpu","bd/dna.100MB",8,1000000,3211,3211,0,0.000,292.299,2952,95775293
"benchmark-example:dna-extra-8-cpu","bd/dna.100MB",8,1000000,3211,3211,0,0.000,292.299,2953,95861281
"benchmark-example:dna-extra-8-cpu","bd/dna.100MB",8,1000000,3211,3211,0,0.000,292.299,2954,95936082
"benchmark-example:dna-extra-8-cpu","bd/dna.100MB",8,1000000,3211,3211,0,0.000,292.299,2955,96027782
"benchmark-example:dna-extra-8-cpu","bd/dna.100MB",8,1000000,3211,3211,0,0.000,292.299,2956,96091184
"benchmark-example:dna-extra-8-cpu","bd/dna.100MB",8,1000000,3211,3211,0,0.000,292.299,2957,96099019
"benchmark-example:dna-extra-8-cpu","bd/dna.100MB",8,1000000,3211,3211,0,0.000,292.299,2958,96140540
"benchmark-example:dna-extra-8-cpu","bd/dna.100MB",8,1000000,3211,3211,0,0.000,292.299,2959,96152552
"benchmark-example:dna-extra-8-cpu","bd/dna.100MB",8,1000000,3211,3211,0,0.000,292.299,2960,96176178
"benchmark-example:dna-extra-8-cpu","bd/dna.100MB",8,1000000,3211,3211,0,0.000,292.299,2961,96241404
"benchmark-example:dna-extra-8-cpu","bd/dna.100MB",8,1000000,3211,3211,0,0.000,292.299,2962,96259896
"benchmark-example:dna-extra-8-cpu","bd/dna.100MB",8,1000000,3211,3211,0,0.000,292.299,2963,96261143
"benchmark-example:dna-extra-8-cpu","bd/dna.100MB",8,1000000,3211,3211,0,0.000,292.299,2964,96274105
"benchmark-example:dna-extra-8-cpu","bd/dna.100MB",8,1000000,3211,3211,0,0.000,292.299,2965,96303530
"benchmark-example:dna-extra-8-cpu","bd/dna.100MB",8,1000000,3211,3211,0,0.000,292.299,2966,96309566
"benchmark-example:dna-extra-8-cpu","bd/dna.100MB",8,1000000,3211,3211,0,0.000,292.299,2967,96310372
"benchmark-example:dna-extra-8-cpu","bd/dna.100MB",8,1000000,3211,3211,0,0.000,292.299,2968,96314399
"benchmark-example:dna-extra-8-cpu","bd/dna.100MB",8,1000000,3211,3211,0,0.000,292.299,2969,96315406
"benchmark-example:dna-extra-8-cpu","bd/dna.100MB",8,1000000,3211,3211,0,0.000,292.299,2970,96330704
"benchmark-example:dna-extra-8-cpu","bd/dna.100MB",8,1000000,3211,3211,0,0.000,292.299,2971,96401521
"benchmark-example:dna-extra-8-cpu","bd/dna.100MB",8,1000000,3211,3211,0,0.000,292.299,2972,96477662
"benchmark-example:dna-extra-8-cpu","bd/dna.100MB",8,1000000,3211,3211,0,0.000,292.299,2973,96488715
"benchmark-example:dna-extra-8-cpu","bd/dna.100MB",8,1000000,3211,3211,0,0.000,292.299,2974,96575598
"benchmark-example:dna-extra-8-cpu","bd/dna.100MB",8,1000000,3211,3211,0,0.000,292.299,2975,96687719
"benchmark-example:dna-extra-8-cpu","bd/dna.100MB",8,1000000,3211,3211,0,0.000,292.299,2976,96738356
"benchmark-example:dna-extra-8-cpu","bd/dna.100MB",8,1000000,3211,3211,0,0.000,292.299,2977,96744277
"benchmark-example:dna-extra-8-cpu","bd/dna.100MB",8,1000000,3211,3211,0,0.000,292.299,2978,96745281
"benchmark-example:dna-extra-8-cpu","bd/dna.100MB",8,1000000,3211,3211,0,0.000,292.299,2979,96746192
"benchmark-example:dna-extra-8-cpu","bd/dna.100MB",8,1000000,3211,3211,0,0.000,292.299,2980,96773668
"benchmark-example:dna-extra-8-cpu","bd/dna.100MB",8,1000000,3211,3211,0,0.000,292.299,2981,96792173
"benchmark-example:dna-extra-8-cpu","bd/dna.100MB",8,1000000,3211,3211,0,0.000,292.299,2982,96991470
"benchmark-example:dna-extra-8-cpu","bd/dna.100MB",8,1000000,3211,3211,0,0.000,292.299,2983,97040584
"benchmark-example:dna-extra-8-cpu","bd/dna.100MB",8,1000000,3211,3211,0,0.000,292.299,2984,97102971
"benchmark-example:dna-extra-8-cpu","bd/dna.100MB",8,1000000,3211,3211,0,0.000,292.299,2985,97116298
"benchmark-example:dna-extra-8-cpu","bd/dna.100MB",8,1000000,3211,3211,0,0.000,292.299,2986,97213895
"benchmark-example:dna-extra-8-cpu","bd/dna.100MB",8,1000000,3211,3211,0,0.000,292.299,2987,97340526
"benchmark-example:dna-extra-8-cpu","bd/dna.100MB",8,1000000,3211,3211,0,0.000,292.299,2988,97356611
"benchmark-example:dna-extra-8-cpu","bd/dna.100MB",8,1000000,3211,3211,0,0.000,292.299,2989,97389747
"benchmark-example:dna-extra-8-cpu","bd/dna.100MB",8,1000000,3211,3211,0,0.000,292.299,2990,97415638
"benchmark-example:dna-extra-8-cpu","bd/dna.100MB",8,1000000,3211,3211,0,0.000,292.299,2991,97428737
"benchmark-example:dna-extra-8-cpu","bd/dna.100MB",8,1000000,3211,3211,0,0.000,292.299,2992,97463453
"benchmark-example:dna-extra-8-cpu","bd/dna.100MB",8,1000000,3211,3211,0,0.000,292.299,2993,97471592
"benchmark-example:dna-extra-8-cpu","bd/dna.100MB",8,1000000,3211,3211,0,0.000,292.299,2994,97510969
"benchmark-example:dna-extra-8-cpu","bd/dna.100MB",8,1000000,3211,3211,0,0.000,292.299,2995,97534229
"benchmark-example:dna-extra-8-cpu","bd/dna.100MB",8,1000000,3211,3211,0,0.000,292.299,2996,97568683
"benchmark-example:dna-extra-8-cpu","bd/dna.100MB",8,1000000,3211,3211,0,0.000,292.299,2997,97586631
"benchmark-example:dna-extra-8-cpu","bd/dna.100MB",8,1000000,3211,3211,0,0.000,292.299,2998,97591306
"benchmark-example:dna-extra-8-cpu","bd/dna.100MB",8,1000000,3211,3211,0,0.000,292.299,2999,97703863
"benchmark-example:dna-extra-8-cpu","bd/dna.100MB",8,1000000,3211,3211,0,0.000,292.299,3000,97737837
"benchmark-example:dna-extra-8-cpu","bd/dna.100MB",8,1000000,3211,3211,0,0.000,292.299,3001,97756023
"benchmark-example:dna-extra-8-cpu","bd/dna.100MB",8,1000000,3211,3211,0,0.000,292.299,3002,97772372
"benchmark-example:dna-extra-8-cpu","bd/dna.100MB",8,1000000,3211,3211,0,0.000,292.299,3003,97781627
"benchmark-example:dna-extra-8-cpu","bd/dna.100MB",8,1000000,3211,3211,0,0.000,292.299,3004,97803131
"benchmark-example:dna-extra-8-cpu","bd/dna.100MB",8,1000000,3211,3211,0,0.000,292.299,3005,97816681
"benchmark-example:dna-extra-8-cpu","bd/dna.100MB",8,1000000,3211,3211,0,0.000,292.299,3006,97823336
"benchmark-example:dna-extra-8-cpu","bd/dna.100MB",8,1000000,3211,3211,0,0.000,292.299,3007,97843685
"benchmark-example:dna-extra-8-cpu","bd/dna.100MB",8,1000000,3211,3211,0,0.000,292.299,3008,97856032
"benchmark-example:dna-extra-8-cpu","bd/dna.100MB",8,1000000,3211,3211,0,0.000,292.299,3009,97864548
"benchmark-example:dna-extra-8-cpu","bd/dna.100MB",8,1000000,3211,3211,0,0.000,292.299,3010,97868424
"benchmark-example:dna-extra-8-cpu","bd/dna.100MB",8,1000000,3211,3211,0,0.000,292.299,3011,97886535
"benchmark-example:dna-extra-8-cpu","bd/dna.100MB",8,1000000,3211,3211,0,0.000,292.299,3012,97912170
"benchmark-example:dna-extra-8-cpu","bd/dna.100MB",8,1000000,3211,3211,0,0.000,292.299,3013,97987221
"benchmark-example:dna-extra-8-cpu","bd/dna.100MB",8,1000000,3211,3211,0,0.000,292.299,3014,98051270
"benchmark-example:dna-extra-8-cpu","bd/dna.100MB",8,1000000,3211,3211,0,0.000,292.299,3015,98069752
"benchmark-example:dna-extra-8-cpu","bd/dna.100MB",8,1000000,3211,3211,0,0.000,292.299,3016,98236018
"benchmark-example:dna-extra-8-cpu","bd/dna.100MB",8,1000000,3211,3211,0,0.000,292.299,3017,98266346
"benchmark-example:dna-extra-8-cpu","bd/dna.100MB",8,1000000,3211,3211,0,0.000,292.299,3018,98297023
"benchmark-example:dna-extra-8-cpu","bd/dna.100MB",8,1000000,3211,3211,0,0.000,292.299,3019,98355725
"benchmark-example:dna-extra-8-cpu","bd/dna.100MB",8,1000000,3211,3211,0,0.000,292.299,3020,98391443
"benchmark-example:dna-extra-8-cpu","bd/dna.100MB",8,1000000,3211,3211,0,0.000,292.299,3021,98407886
"benchmark-example:dna-extra-8-cpu","bd/dna.100MB",8,1000000,3211,3211,0,0.000,292.299,3022,98418980
"benchmark-example:dna-extra-8-cpu","bd/dna.100MB",8,1000000,3211,3211,0,0.000,292.299,3023,98481226
"benchmark-example:dna-extra-8-cpu","bd/dna.100MB",8,1000000,3211,3211,0,0.000,292.299,3024,98482501
"benchmark-example:dna-extra-8-cpu","bd/dna.100MB",8,1000000,3211,3211,0,0.000,292.299,3025,98506704
"benchmark-example:dna-extra-8-cpu","bd/dna.100MB",8,1000000,3211,3211,0,0.000,292.299,3026,98548346
"benchmark-example:dna-extra-8-cpu","bd/dna.100MB",8,1000000,3211,3211,0,0.000,292.299,3027,98580067
"benchmark-example:dna-extra-8-cpu","bd/dna.100MB",8,1000000,3211,3211,0,0.000,292.299,3028,98585926
"benchmark-example:dna-extra-8-cpu","bd/dna.100MB",8,1000000,3211,3211,0,0.000,292.299,3029,98603603
"benchmark-example:dna-extra-8-cpu","bd/dna.100MB",8,1000000,3211,3211,0,0.000,292.299,3030,98620973
"benchmark-example:dna-extra-8-cpu","bd/dna.100MB",8,1000000,3211,3211,0,0.000,292.299,3031,98660403
"benchmark-example:dna-extra-8-cpu","bd/dna.100MB",8,1000000,3211,3211,0,0.000,292.299,3032,98696099
"benchmark-example:dna-extra-8-cpu","bd/dna.100MB",8,1000000,3211,3211,0,0.000,292.299,3033,98715862
"benchmark-example:dna-extra-8-cpu","bd/dna.100MB",8,1000000,3211,3211,0,0.000,292.299,3034,98724819
"benchmark-example:dna-extra-8-cpu","bd/dna.100MB",8,1000000,3211,3211,0,0.000,292.299,3035,98737340
"benchmark-example:dna-extra-8-cpu","bd/dna.100MB",8,1000000,3211,3211,0,0.000,292.299,3036,98741111
"benchmark-example:dna-extra-8-cpu","bd/dna.100MB",8,1000000,3211,3211,0,0.000,292.299,3037,98775019
"benchmark-example:dna-extra-8-cpu","bd/dna.100MB",8,1000000,3211,3211,0,0.000,292.299,3038,98808844
"benchmark-example:dna-extra-8-cpu","bd/dna.100MB",8,1000000,3211,3211,0,0.000,292.299,3039,98815986
"benchmark-example:dna-extra-8-cpu","bd/dna.100MB",8,1000000,3211,3211,0,0.000,292.299,3040,98900717
"benchmark-example:dna-extra-8-cpu","bd/dna.100MB",8,1000000,3211,3211,0,0.000,292.299,3041,98970237
"benchmark-example:dna-extra-8-cpu","bd/dna.100MB",8,1000000,3211,3211,0,0.000,292.299,3042,99016347
"benchmark-example:dna-extra-8-cpu","bd/dna.100MB",8,1000000,3211,3211,0,0.000,292.299,3043,99072950
"benchmark-example:dna-extra-8-cpu","bd/dna.100MB",8,1000000,3211,3211,0,0.000,292.299,3044,99209210
"benchmark-example:dna-extra-8-cpu","bd/dna.100MB",8,1000000,3211,3211,0,0.000,292.299,3045,99280449
"benchmark-example:dna-extra-8-cpu","bd/dna.100MB",8,1000000,3211,3211,0,0.000,292.299,3046,99321291
"benchmark-example:dna-extra-8-cpu","bd/dna.100MB",8,1000000,3211,3211,0,0.000,292.299,3047,99340621
"benchmark-example:dna-extra-8-cpu","bd/dna.100MB",8,1000000,3211,3211,0,0.000,292.299,3048,99352637
"benchmark-example:dna-extra-8-cpu","bd/dna.100MB",8,1000000,3211,3211,0,0.000,292.299,3049,99409594
"benchmark-example:dna-extra-8-cpu","bd/dna.100MB",8,1000000,3211,3211,0,0.000,292.299,3050,99427508
"benchmark-example:dna-extra-8-cpu","bd/dna.100MB",8,1000000,3211,3211,0,0.000,292.299,3051,99431591
"benchmark-example:dna-extra-8-cpu","bd/dna.100MB",8,1000000,3211,3211,0,0.000,292.299,3052,99479376
"benchmark-example:dna-extra-8-cpu","bd/dna.100MB",8,1000000,3211,3211,0,0.000,292.299,3053,99563127
"benchmark-example:dna-extra-8-cpu","bd/dna.100MB",8,1000000,3211,3211,0,0.000,292.299,3054,99622752
"benchmark-example:dna-extra-8-cpu","bd/dna.100MB",8,1000000,3211,3211,0,0.000,292.299,3055,99639193
"benchmark-example:dna-extra-8-cpu","bd/dna.100MB",8,1000000,3211,3211,0,0.000,292.299,3056,99647607
"benchmark-example:dna-extra-8-cpu","bd/dna.100MB",8,1000000,3211,3211,0,0.000,292.299,3057,99654027
"benchmark-example:dna-extra-8-cpu","bd/dna.100MB",8,1000000,3211,3211,0,0.000,292.299,3058,99692912
"benchmark-example:dna-extra-8-cpu","bd/dna.100MB",8,1000000,3211,3211,0,0.000,292.299,3059,99719999
"benchmark-example:dna-extra-8-cpu","bd/dna.100MB",8,1000000,3211,3211,0,0.000,292.299,3060,99733655
"benchmark-example:dna-extra-8-cpu","bd/dna.100MB",8,1000000,3211,3211,0,0.000,292.299,3061,99772312
"benchmark-example:dna-extra-8-cpu","bd/dna.100MB",8,1000000,3211,3211,0,0.000,292.299,3062,99791867
"benchmark-example:dna-extra-8-cpu","bd/dna.100MB",8,1000000,3211,3211,0,0.000,292.299,3063,99795094
"benchmark-example:dna-extra-8-cpu","bd/dna.100MB",8,1000000,3211,3211,0,0.000,292.299,3064,99808086
"benchmark-example:dna-extra-8-cpu","bd/dna.100MB",8,1000000,3211,3211,0,0.000,292.299,3065,99851408
"benchmark-example:dna-extra-8-cpu","bd/dna.100MB",8,1000000,3211,3211,0,0.000,292.299,3066,99868231
"benchmark-example:dna-extra-8-cpu","bd/dna.100MB",8,1000000,3211,3211,0,0.000,292.299,3067,99930235
"benchmark-example:dna-extra-8-cpu","bd/dna.100MB",8,1000000,3211,3211,0,0.000,292.299,3068,99947958
"benchmark-example:dna-extra-8-cpu","bd/dna.100MB",8,1000000,3211,3211,0,0.000,292.299,3069,99965550
"benchmark-example:dna-extra-8-cpu","bd/dna.100MB",8,1000000,3211,3211,0,0.000,292.299,3070,99995551
"benchmark-example:dna-extra-8-cpu","bd/dna.100MB",8,1000000,3211,3211,0,0.000,292.299,3071,100064225
"benchmark-example:dna-extra-8-cpu","bd/dna.100MB",8,1000000,3211,3211,0,0.000,292.299,3072,100069223
"benchmark-example:dna-extra-8-cpu","bd/dna.100MB",8,1000000,3211,3211,0,0.000,292.299,3073,100105959
"benchmark-example:dna-extra-8-cpu","bd/dna.100MB",8,1000000,3211,3211,0,0.000,292.299,3074,100116883
"benchmark-example:dna-extra-8-cpu","bd/dna.100MB",8,1000000,3211,3211,0,0.000,292.299,3075,100139183
"benchmark-example:dna-extra-8-cpu","bd/dna.100MB",8,1000000,3211,3211,0,0.000,292.299,3076,100171028
"benchmark-example:dna-extra-8-cpu","bd/dna.100MB",8,1000000,3211,3211,0,0.000,292.299,3077,100183210
"benchmark-example:dna-extra-8-cpu","bd/dna.100MB",8,1000000,3211,3211,0,0.000,292.299,3078,100274039
"benchmark-example:dna-extra-8-cpu","bd/dna.100MB",8,1000000,3211,3211,0,0.000,292.299,3079,100299317
"benchmark-example:dna-extra-8-cpu","bd/dna.100MB",8,1000000,3211,3211,0,0.000,292.299,3080,100340922
"benchmark-example:dna-extra-8-cpu","bd/dna.100MB",8,1000000,3211,3211,0,0.000,292.299,3081,100434012
"benchmark-example:dna-extra-8-cpu","bd/dna.100MB",8,1000000,3211,3211,0,0.000,292.299,3082,100487779
"benchmark-example:dna-extra-8-cpu","bd/dna.100MB",8,1000000,3211,3211,0,0.000,292.299,3083,100507925
"benchmark-example:dna-extra-8-cpu","bd/dna.100MB",8,1000000,3211,3211,0,0.000,292.299,3084,100510115
"benchmark-example:dna-extra-8-cpu","bd/dna.100MB",8,1000000,3211,3211,0,0.000,292.299,3085,100574987
"benchmark-example:dna-extra-8-cpu","bd/dna.100MB",8,1000000,3211,3211,0,0.000,292.299,3086,100599563
"benchmark-example:dna-extra-8-cpu","bd/dna.100MB",8,1000000,3211,3211,0,0.000,292.299,3087,100661834
"benchmark-example:dna-extra-8-cpu","bd/dna.100MB",8,1000000,3211,3211,0,0.000,292.299,3088,100687893
"benchmark-example:dna-extra-8-cpu","bd/dna.100MB",8,1000000,3211,3211,0,0.000,292.299,3089,100700429
"benchmark-example:dna-extra-8-cpu","bd/dna.100MB",8,1000000,3211,3211,0,0.000,292.299,3090,100729983
"benchmark-example:dna-extra-8-cpu","bd/dna.100MB",8,1000000,3211,3211,0,0.000,292.299,3091,100737859
"benchmark-example:dna-extra-8-cpu","bd/dna.100MB",8,1000000,3211,3211,0,0.000,292.299,3092,100775259
"benchmark-example:dna-extra-8-cpu","bd/dna.100MB",8,1000000,3211,3211,0,0.000,292.299,3093,100812022
"benchmark-example:dna-extra-8-cpu","bd/dna.100MB",8,1000000,3211,3211,0,0.000,292.299,3094,100900046
"benchmark-example:dna-extra-8-cpu","bd/dna.100MB",8,1000000,3211,3211,0,0.000,292.299,3095,101092413
"benchmark-example:dna-extra-8-cpu","bd/dna.100MB",8,1000000,3211,3211,0,0.000,292.299,3096,101175548
"benchmark-example:dna-extra-8-cpu","bd/dna.100MB",8,1000000,3211,3211,0,0.000,292.299,3097,101191105
"benchmark-example:dna-extra-8-cpu","bd/dna.100MB",8,1000000,3211,3211,0,0.000,292.299,3098,101197156
"benchmark-example:dna-extra-8-cpu","bd/dna.100MB",8,1000000,3211,3211,0,0.000,292.299,3099,101229635
"benchmark-example:dna-extra-8-cpu","bd/dna.100MB",8,1000000,3211,3211,0,0.000,292.299,3100,101232636
"benchmark-example:dna-extra-8-cpu","bd/dna.100MB",8,1000000,3211,3211,0,0.000,292.299,3101,101288713
"benchmark-example:dna-extra-8-cpu","bd/dna.100MB",8,1000000,3211,3211,0,0.000,292.299,3102,101333301
"benchmark-example:dna-extra-8-cpu","bd/dna.100MB",8,1000000,3211,3211,0,0.000,292.299,3103,101350810
"benchmark-example:dna-extra-8-cpu","bd/dna.100MB",8,1000000,3211,3211,0,0.000,292.299,3104,101364462
"benchmark-example:dna-extra-8-cpu","bd/dna.100MB",8,1000000,3211,3211,0,0.000,292.299,3105,101437183
"benchmark-example:dna-extra-8-cpu","bd/dna.100MB",8,1000000,3211,3211,0,0.000,292.299,3106,101521935
"benchmark-example:dna-extra-8-cpu","bd/dna.100MB",8,1000000,3211,3211,0,0.000,292.299,3107,101529377
"benchmark-example:dna-extra-8-cpu","bd/dna.100MB",8,1000000,3211,3211,0,0.000,292.299,3108,101533270
"benchmark-example:dna-extra-8-cpu","bd/dna.100MB",8,1000000,3211,3211,0,0.000,292.299,3109,101544687
"benchmark-example:dna-extra-8-cpu","bd/dna.100MB",8,1000000,3211,3211,0,0.000,292.299,3110,101549949
"benchmark-example:dna-extra-8-cpu","bd/dna.100MB",8,1000000,3211,3211,0,0.000,292.299,3111,101552340
"benchmark-example:dna-extra-8-cpu","bd/dna.100MB",8,1000000,3211,3211,0,0.000,292.299,3112,101580365
"benchmark-example:dna-extra-8-cpu","bd/dna.100MB",8,1000000,3211,3211,0,0.000,292.299,3113,101614927
"benchmark-example:dna-extra-8-cpu","bd/dna.100MB",8,1000000,3211,3211,0,0.000,292.299,3114,101678048
"benchmark-example:dna-extra-8-cpu","bd/dna.100MB",8,1000000,3211,3211,0,0.000,292.299,3115,101713455
"benchmark-example:dna-extra-8-cpu","bd/dna.100MB",8,1000000,3211,3211,0,0.000,292.299,3116,101719659
"benchmark-example:dna-extra-8-cpu","bd/dna.100MB",8,1000000,3211,3211,0,0.000,292.299,3117,101777747
"benchmark-example:dna-extra-8-cpu","bd/dna.100MB",8,1000000,3211,3211,0,0.000,292.299,3118,101788734
"benchmark-example:dna-extra-8-cpu","bd/dna.100MB",8,1000000,3211,3211,0,0.000,292.299,3119,101804109
"benchmark-example:dna-extra-8-cpu","bd/dna.100MB",8,1000000,3211,3211,0,0.000,292.299,3120,101806743
"benchmark-example:dna-extra-8-cpu","bd/dna.100MB",8,1000000,3211,3211,0,0.000,292.299,3121,101826545
"benchmark-example:dna-extra-8-cpu","bd/dna.100MB",8,1000000,3211,3211,0,0.000,292.299,3122,101853241
"benchmark-example:dna-extra-8-cpu","bd/dna.100MB",8,1000000,3211,3211,0,0.000,292.299,3123,101865770
"benchmark-example:dna-extra-8-cpu","bd/dna.100MB",8,1000000,3211,3211,0,0.000,292.299,3124,101882258
"benchmark-example:dna-extra-8-cpu","bd/dna.100MB",8,1000000,3211,3211,0,0.000,292.299,3125,101887527
"benchmark-example:dna-extra-8-cpu","bd/dna.100MB",8,1000000,3211,3211,0,0.000,292.299,3126,101963909
"benchmark-example:dna-extra-8-cpu","bd/dna.100MB",8,1000000,3211,3211,0,0.000,292.299,3127,101970955
"benchmark-example:dna-extra-8-cpu","bd/dna.100MB",8,1000000,3211,3211,0,0.000,292.299,3128,102006634
"benchmark-example:dna-extra-8-cpu","bd/dna.100MB",8,1000000,3211,3211,0,0.000,292.299,3129,102021308
"benchmark-example:dna-extra-8-cpu","bd/dna.100MB",8,1000000,3211,3211,0,0.000,292.299,3130,102149574
"benchmark-example:dna-extra-8-cpu","bd/dna.100MB",8,1000000,3211,3211,0,0.000,292.299,3131,102160011
"benchmark-example:dna-extra-8-cpu","bd/dna.100MB",8,1000000,3211,3211,0,0.000,292.299,3132,102185779
"benchmark-example:dna-extra-8-cpu","bd/dna.100MB",8,1000000,3211,3211,0,0.000,292.299,3133,102197070
"benchmark-example:dna-extra-8-cpu","bd/dna.100MB",8,1000000,3211,3211,0,0.000,292.299,3134,102231497
"benchmark-example:dna-extra-8-cpu","bd/dna.100MB",8,1000000,3211,3211,0,0.000,292.299,3135,102297655
"benchmark-example:dna-extra-8-cpu","bd/dna.100MB",8,1000000,3211,3211,0,0.000,292.299,3136,102301036
"benchmark-example:dna-extra-8-cpu","bd/dna.100MB",8,1000000,3211,3211,0,0.000,292.299,3137,102313261
"benchmark-example:dna-extra-8-cpu","bd/dna.100MB",8,1000000,3211,3211,0,0.000,292.299,3138,102336736
"benchmark-example:dna-extra-8-cpu","bd/dna.100MB",8,1000000,3211,3211,0,0.000,292.299,3139,102349435
"benchmark-example:dna-extra-8-cpu","bd/dna.100MB",8,1000000,3211,3211,0,0.000,292.299,3140,102375358
"benchmark-example:dna-extra-8-cpu","bd/dna.100MB",8,1000000,3211,3211,0,0.000,292.299,3141,102375430
"benchmark-example:dna-extra-8-cpu","bd/dna.100MB",8,1000000,3211,3211,0,0.000,292.299,3142,102400824
"benchmark-example:dna-extra-8-cpu","bd/dna.100MB",8,1000000,3211,3211,0,0.000,292.299,3143,102458337
"benchmark-example:dna-extra-8-cpu","bd/dna.100MB",8,1000000,3211,3211,0,0.000,292.299,3144,102511826
"benchmark-example:dna-extra-8-cpu","bd/dna.100MB",8,1000000,3211,3211,0,0.000,292.299,3145,102533914
"benchmark-example:dna-extra-8-cpu","bd/dna.100MB",8,1000000,3211,3211,0,0.000,292.299,3146,102537033
"benchmark-example:dna-extra-8-cpu","bd/dna.100MB",8,1000000,3211,3211,0,0.000,292.299,3147,102570561
"benchmark-example:dna-extra-8-cpu","bd/dna.100MB",8,1000000,3211,3211,0,0.000,292.299,3148,102592258
"benchmark-example:dna-extra-8-cpu","bd/dna.100MB",8,1000000,3211,3211,0,0.000,292.299,3149,102644106
"benchmark-example:dna-extra-8-cpu","bd/dna.100MB",8,1000000,3211,3211,0,0.000,292.299,3150,102683339
"benchmark-example:dna-extra-8-cpu","bd/dna.100MB",8,1000000,3211,3211,0,0.000,292.299,3151,102716077
"benchmark-example:dna-extra-8-cpu","bd/dna.100MB",8,1000000,3211,3211,0,0.000,292.299,3152,102720570
"benchmark-example:dna-extra-8-cpu","bd/dna.100MB",8,1000000,3211,3211,0,0.000,292.299,3153,102747298
"benchmark-example:dna-extra-8-cpu","bd/dna.100MB",8,1000000,3211,3211,0,0.000,292.299,3154,102765904
"benchmark-example:dna-extra-8-cpu","bd/dna.100MB",8,1000000,3211,3211,0,0.000,292.299,3155,102817258
"benchmark-example:dna-extra-8-cpu","bd/dna.100MB",8,1000000,3211,3211,0,0.000,292.299,3156,102869903
"benchmark-example:dna-extra-8-cpu","bd/dna.100MB",8,1000000,3211,3211,0,0.000,292.299,3157,103000050
"benchmark-example:dna-extra-8-cpu","bd/dna.100MB",8,1000000,3211,3211,0,0.000,292.299,3158,103045913
"benchmark-example:dna-extra-8-cpu","bd/dna.100MB",8,1000000,3211,3211,0,0.000,292.299,3159,103129426
"benchmark-example:dna-extra-8-cpu","bd/dna.100MB",8,1000000,3211,3211,0,0.000,292.299,3160,103186735
"benchmark-example:dna-extra-8-cpu","bd/dna.100MB",8,1000000,3211,3211,0,0.000,292.299,3161,103188959
"benchmark-example:dna-extra-8-cpu","bd/dna.100MB",8,1000000,3211,3211,0,0.000,292.299,3162,103190439
"benchmark-example:dna-extra-8-cpu","bd/dna.100MB",8,1000000,3211,3211,0,0.000,292.299,3163,103215893
"benchmark-example:dna-extra-8-cpu","bd/dna.100MB",8,1000000,3211,3211,0,0.000,292.299,3164,103221066
"benchmark-example:dna-extra-8-cpu","bd/dna.100MB",8,1000000,3211,3211,0,0.000,292.299,3165,103286948
"benchmark-example:dna-extra-8-cpu","bd/dna.100MB",8,1000000,3211,3211,0,0.000,292.299,3166,103298817
"benchmark-example:dna-extra-8-cpu","bd/dna.100MB",8,1000000,3211,3211,0,0.000,292.299,3167,103300113
"benchmark-example:dna-extra-8-cpu","bd/dna.100MB",8,1000000,3211,3211,0,0.000,292.299,3168,103303992
"benchmark-example:dna-extra-8-cpu","bd/dna.100MB",8,1000000,3211,3211,0,0.000,292.299,3169,103306278
"benchmark-example:dna-extra-8-cpu","bd/dna.100MB",8,1000000,3211,3211,0,0.000,292.299,3170,103313112
"benchmark-example:dna-extra-8-cpu","bd/dna.100MB",8,1000000,3211,3211,0,0.000,292.299,3171,103329914
"benchmark-example:dna-extra-8-cpu","bd/dna.100MB",8,1000000,3211,3211,0,0.000,292.299,3172,103350765
"benchmark-example:dna-extra-8-cpu","bd/dna.100MB",8,1000000,3211,3211,0,0.000,292.299,3173,103356191
"benchmark-example:dna-extra-8-cpu","bd/dna.100MB",8,1000000,3211,3211,0,0.000,292.299,3174,103397387
"benchmark-example:dna-extra-8-cpu","bd/dna.100MB",8,1000000,3211,3211,0,0.000,292.299,3175,103448498
"benchmark-example:dna-extra-8-cpu","bd/dna.100MB",8,1000000,3211,3211,0,0.000,292.299,3176,103472793
"benchmark-example:dna-extra-8-cpu","bd/dna.100MB",8,1000000,3211,3211,0,0.000,292.299,3177,103525771
"benchmark-example:dna-extra-8-cpu","bd/dna.100MB",8,1000000,3211,3211,0,0.000,292.299,3178,103579750
"benchmark-example:dna-extra-8-cpu","bd/dna.100MB",8,1000000,3211,3211,0,0.000,292.299,3179,103593110
"benchmark-example:dna-extra-8-cpu","bd/dna.100MB",8,1000000,3211,3211,0,0.000,292.299,3180,103630304
"benchmark-example:dna-extra-8-cpu","bd/dna.100MB",8,1000000,3211,3211,0,0.000,292.299,3181,103641304
"benchmark-example:dna-extra-8-cpu","bd/dna.100MB",8,1000000,3211,3211,0,0.000,292.299,3182,103650768
"benchmark-example:dna-extra-8-cpu","bd/dna.100MB",8,1000000,3211,3211,0,0.000,292.299,3183,103699918
"benchmark-example:dna-extra-8-cpu","bd/dna.100MB",8,1000000,3211,3211,0,0.000,292.299,3184,103807417
"benchmark-example:dna-extra-8-cpu","bd/dna.100MB",8,1000000,3211,3211,0,0.000,292.299,3185,103826144
"benchmark-example:dna-extra-8-cpu","bd/dna.100MB",8,1000000,3211,3211,0,0.000,292.299,3186,103852722
"benchmark-example:dna-extra-8-cpu","bd/dna.100MB",8,1000000,3211,3211,0,0.000,292.299,3187,103961669
"benchmark-example:dna-extra-8-cpu","bd/dna.100MB",8,1000000,3211,3211,0,0.000,292.299,3188,104037192
"benchmark-example:dna-extra-8-cpu","bd/dna.100MB",8,1000000,3211,3211,0,0.000,292.299,3189,104048086
"benchmark-example:dna-extra-8-cpu","bd/dna.100MB",8,1000000,3211,3211,0,0.000,292.299,3190,104069154
"benchmark-example:dna-extra-8-cpu","bd/dna.100MB",8,1000000,3211,3211,0,0.000,292.299,3191,104071535
"benchmark-example:dna-extra-8-cpu","bd/dna.100MB",8,1000000,3211,3211,0,0.000,292.299,3192,104147065
"benchmark-example:dna-extra-8-cpu","bd/dna.100MB",8,1000000,3211,3211,0,0.000,292.299,3193,104169789
"benchmark-example:dna-extra-8-cpu","bd/dna.100MB",8,1000000,3211,3211,0,0.000,292.299,3194,104282827
"benchmark-example:dna-extra-8-cpu","bd/dna.100MB",8,1000000,3211,3211,0,0.000,292.299,3195,104293864
"benchmark-example:dna-extra-8-cpu","bd/dna.100MB",8,1000000,3211,3211,0,0.000,292.299,3196,104318796
"benchmark-example:dna-extra-8-cpu","bd/dna.100MB",8,1000000,3211,3211,0,0.000,292.299,3197,104349011
"benchmark-example:dna-extra-8-cpu","bd/dna.100MB",8,1000000,3211,3211,0,0.000,292.299,3198,104363891
"benchmark-example:dna-extra-8-cpu","bd/dna.100MB",8,1000000,3211,3211,0,0.000,292.299,3199,104385554
"benchmark-example:dna-extra-8-cpu","bd/dna.100MB",8,1000000,3211,3211,0,0.000,292.299,3200,104390942
"benchmark-example:dna-extra-8-cpu","bd/dna.100MB",8,1000000,3211,3211,0,0.000,292.299,3201,104398384
"benchmark-example:dna-extra-8-cpu","bd/dna.100MB",8,1000000,3211,3211,0,0.000,292.299,3202,104515218
"benchmark-example:dna-extra-8-cpu","bd/dna.100MB",8,1000000,3211,3211,0,0.000,292.299,3203,104517235
"benchmark-example:dna-extra-8-cpu","bd/dna.100MB",8,1000000,3211,3211,0,0.000,292.299,3204,104590065
"benchmark-example:dna-extra-8-cpu","bd/dna.100MB",8,1000000,3211,3211,0,0.000,292.299,3205,104603668
"benchmark-example:dna-extra-8-cpu","bd/dna.100MB",8,1000000,3211,3211,0,0.000,292.299,3206,104674285
"benchmark-example:dna-extra-8-cpu","bd/dna.100MB",8,1000000,3211,3211,0,0.000,292.299,3207,104707503
"benchmark-example:dna-extra-8-cpu","bd/dna.100MB",8,1000000,3211,3211,0,0.000,292.299,3208,104757812
"benchmark-example:dna-extra-8-cpu","bd/dna.100MB",8,1000000,3211,3211,0,0.000,292.299,3209,104776571
"benchmark-example:dna-extra-8-cpu","bd/dna.100MB",8,1000000,3211,3211,0,0.000,292.299,3210,104842591
