run_tag,text_file,pattern_len,chunk_size,max_results,found_total,returned_indices,overflow,h2d_ms,kernel_ms,d2h_ms,gpu_total_ms,gpu_wall_ms,index_order,index_value
"benchmark-example:dna-extra-8-gpu","bd/dna.100MB",8,262144,1000000,3211,3211,0,0.000,67.881,0.013,67.894,68.783,0,70787
"benchmark-example:dna-extra-8-gpu","bd/dna.100MB",8,262144,1000000,3211,3211,0,0.000,67.881,0.013,67.894,68.783,1,99117
"benchmark-example:dna-extra-8-gpu","bd/dna.100MB",8,262144,1000000,3211,3211,0,0.000,67.881,0.013,67.894,68.783,2,214539
"benchmark-example:dna-extra-8-gpu","bd/dna.100MB",8,262144,1000000,3211,3211,0,0.000,67.881,0.013,67.894,68.783,3,282154
"benchmark-example:dna-extra-8-gpu","bd/dna.100MB",8,262144,1000000,3211,3211,0,0.000,67.881,0.013,67.894,68.783,4,294959
"benchmark-example:dna-extra-8-gpu","bd/dna.100MB",8,262144,1000000,3211,3211,0,0.000,67.881,0.013,67.894,68.783,5,403969
"benchmark-example:dna-extra-8-gpu","bd/dna.100MB",8,262144,1000000,3211,3211,0,0.000,67.881,0.013,67.894,68.783,6,435830
"benchmark-example:dna-extra-8-gpu","bd/dna.100MB",8,262144,1000000,3211,3211,0,0.000,67.881,0.013,67.894,68.783,7,469042
"benchmark-example:dna-extra-8-gpu","bd/dna.100MB",8,262144,1000000,3211,3211,0,0.000,67.881,0.013,67.894,68.783,8,484846
"benchmark-example:dna-extra-8-gpu","bd/dna.100MB",8,262144,1000000,3211,3211,0,0.000,67.881,0.013,67.894,68.783,9,500352
"benchmark-example:dna-extra-8-gpu","bd/dna.100MB",8,262144,1000000,3211,3211,0,0.000,67.881,0.013,67.894,68.783,10,528366
"benchmark-example:dna-extra-8-gpu","bd/dna.100MB",8,262144,1000000,3211,3211,0,0.000,67.881,0.013,67.894,68.783,11,569243
"benchmark-example:dna-extra-8-gpu","bd/dna.100MB",8,262144,1000000,3211,3211,0,0.000,67.881,0.013,67.894,68.783,12,575771
"benchmark-example:dna-extra-8-gpu","bd/dna.100MB",8,262144,1000000,3211,3211,0,0.000,67.881,0.013,67.894,68.783,13,593358
"benchmark-example:dna-extra-8-gpu","bd/dna.100MB",8,262144,1000000,3211,3211,0,0.000,67.881,0.013,67.894,68.783,14,748624
"benchmark-example:dna-extra-8-gpu","bd/dna.100MB",8,262144,1000000,3211,3211,0,0.000,67.881,0.013,67.894,68.783,15,752841
"benchmark-example:dna-extra-8-gpu","bd/dna.100MB",8,262144,1000000,3211,3211,0,0.000,67.881,0.013,67.894,68.783,16,786399
"benchmark-example:dna-extra-8-gpu","bd/dna.100MB",8,262144,1000000,3211,3211,0,0.000,67.881,0.013,67.894,68.783,17,852236
"benchmark-example:dna-extra-8-gpu","bd/dna.100MB",8,262144,1000000,3211,3211,0,0.000,67.881,0.013,67.894,68.783,18,859966
"benchmark-example:dna-extra-8-gpu","bd/dna.100MB",8,262144,1000000,3211,3211,0,0.000,67.881,0.013,67.894,68.783,19,863752
"benchmark-example:dna-extra-8-gpu","bd/dna.100MB",8,262144,1000000,3211,3211,0,0.000,67.881,0.013,67.894,68.783,20,884692
"benchmark-example:dna-extra-8-gpu","bd/dna.100MB",8,262144,1000000,3211,3211,0,0.000,67.881,0.013,67.894,68.783,21,897890
"benchmark-example:dna-extra-8-gpu","bd/dna.100MB",8,262144,1000000,3211,3211,0,0.000,67.881,0.013,67.894,68.783,22,902612
"benchmark-example:dna-extra-8-gpu","bd/dna.100MB",8,262144,1000000,3211,3211,0,0.000,67.881,0.013,67.894,68.783,23,1087207
"benchmark-example:dna-extra-8-gpu","bd/dna.100MB",8,262144,1000000,3211,3211,0,0.000,67.881,0.013,67.894,68.783,24,1118220
"benchmark-example:dna-extra-8-gpu","bd/dna.100MB",8,262144,1000000,3211,3211,0,0.000,67.881,0.013,67.894,68.783,25,1158459
"benchmark-example:dna-extra-8-gpu","bd/dna.100MB",8,262144,1000000,3211,3211,0,0.000,67.881,0.013,67.894,68.783,26,1233932
"benchmark-example:dna-extra-8-gpu","bd/dna.100MB",8,262144,1000000,3211,3211,0,0.000,67.881,0.013,67.894,68.783,27,1233989
"benchmark-example:dna-extra-8-gpu","bd/dna.100MB",8,262144,1000000,3211,3211,0,0.000,67.881,0.013,67.894,68.783,28,1243390
"benchmark-example:dna-extra-8-gpu","bd/dna.100MB",8,262144,1000000,3211,3211,0,0.000,67.881,0.013,67.894,68.783,29,1249055
"benchmark-example:dna-extra-8-gpu","bd/dna.100MB",8,262144,1000000,3211,3211,0,0.000,67.881,0.013,67.894,68.783,30,1250770
"benchmark-example:dna-extra-8-gpu","bd/dna.100MB",8,262144,1000000,3211,3211,0,0.000,67.881,0.013,67.894,68.783,31,1270032
"benchmark-example:dna-extra-8-gpu","bd/dna.100MB",8,262144,1000000,3211,3211,0,0.000,67.881,0.013,67.894,68.783,32,1272229
"benchmark-example:dna-extra-8-gpu","bd/dna.100MB",8,262144,1000000,3211,3211,0,0.000,67.881,0.013,67.894,68.783,33,1372167
"benchmark-example:dna-extra-8-gpu","bd/dna.100MB",8,262144,1000000,3211,3211,0,0.000,67.881,0.013,67.894,68.783,34,1409270
"benchmark-example:dna-extra-8-gpu","bd/dna.100MB",8,262144,1000000,3211,3211,0,0.000,67.881,0.013,67.894,68.783,35,1427752
"benchmark-example:dna-extra-8-gpu","bd/dna.100MB",8,262144,1000000,3211,3211,0,0.000,67.881,0.013,67.894,68.783,36,1500000
"benchmark-example:dna-extra-8-gpu","bd/dna.100MB",8,262144,1000000,3211,3211,0,0.000,67.881,0.013,67.894,68.783,37,1540423
"benchmark-example:dna-extra-8-gpu","bd/dna.100MB",8,262144,1000000,3211,3211,0,0.000,67.881,0.013,67.894,68.783,38,1698455
"benchmark-example:dna-extra-8-gpu","bd/dna.100MB",8,262144,1000000,3211,3211,0,0.000,67.881,0.013,67.894,68.783,39,1736702
"benchmark-example:dna-extra-8-gpu","bd/dna.100MB",8,262144,1000000,3211,3211,0,0.000,67.881,0.013,67.894,68.783,40,1755744
"benchmark-example:dna-extra-8-gpu","bd/dna.100MB",8,262144,1000000,3211,3211,0,0.000,67.881,0.013,67.894,68.783,41,1776187
"benchmark-example:dna-extra-8-gpu","bd/dna.100MB",8,262144,1000000,3211,3211,0,0.000,67.881,0.013,67.894,68.783,42,1786540
"benchmark-example:dna-extra-8-gpu","bd/dna.100MB",8,262144,1000000,3211,3211,0,0.000,67.881,0.013,67.894,68.783,43,1801578
"benchmark-example:dna-extra-8-gpu","bd/dna.100MB",8,262144,1000000,3211,3211,0,0.000,67.881,0.013,67.894,68.783,44,1860360
"benchmark-example:dna-extra-8-gpu","bd/dna.100MB",8,262144,1000000,3211,3211,0,0.000,67.881,0.013,67.894,68.783,45,1921247
"benchmark-example:dna-extra-8-gpu","bd/dna.100MB",8,262144,1000000,3211,3211,0,0.000,67.881,0.013,67.894,68.783,46,2117733
"benchmark-example:dna-extra-8-gpu","bd/dna.100MB",8,262144,1000000,3211,3211,0,0.000,67.881,0.013,67.894,68.783,47,2135863
"benchmark-example:dna-extra-8-gpu","bd/dna.100MB",8,262144,1000000,3211,3211,0,0.000,67.881,0.013,67.894,68.783,48,2176338
"benchmark-example:dna-extra-8-gpu","bd/dna.100MB",8,262144,1000000,3211,3211,0,0.000,67.881,0.013,67.894,68.783,49,2227565
"benchmark-example:dna-extra-8-gpu","bd/dna.100MB",8,262144,1000000,3211,3211,0,0.000,67.881,0.013,67.894,68.783,50,2261714
"benchmark-example:dna-extra-8-gpu","bd/dna.100MB",8,262144,1000000,3211,3211,0,0.000,67.881,0.013,67.894,68.783,51,2301990
"benchmark-example:dna-extra-8-gpu","bd/dna.100MB",8,262144,1000000,3211,3211,0,0.000,67.881,0.013,67.894,68.783,52,2337290
"benchmark-example:dna-extra-8-gpu","bd/dna.100MB",8,262144,1000000,3211,3211,0,0.000,67.881,0.013,67.894,68.783,53,2364333
"benchmark-example:dna-extra-8-gpu","bd/dna.100MB",8,262144,1000000,3211,3211,0,0.000,67.881,0.013,67.894,68.783,54,2384597
"benchmark-example:dna-extra-8-gpu","bd/dna.100MB",8,262144,1000000,3211,3211,0,0.000,67.881,0.013,67.894,68.783,55,2389433
"benchmark-example:dna-extra-8-gpu","bd/dna.100MB",8,262144,1000000,3211,3211,0,0.000,67.881,0.013,67.894,68.783,56,2389467
"benchmark-example:dna-extra-8-gpu","bd/dna.100MB",8,262144,1000000,3211,3211,0,0.000,67.881,0.013,67.894,68.783,57,2413673
"benchmark-example:dna-extra-8-gpu","bd/dna.100MB",8,262144,1000000,3211,3211,0,0.000,67.881,0.013,67.894,68.783,58,2517177
"benchmark-example:dna-extra-8-gpu","bd/dna.100MB",8,262144,1000000,3211,3211,0,0.000,67.881,0.013,67.894,68.783,59,2533826
"benchmark-example:dna-extra-8-gpu","bd/dna.100MB",8,262144,1000000,3211,3211,0,0.000,67.881,0.013,67.894,68.783,60,2670081
"benchmark-example:dna-extra-8-gpu","bd/dna.100MB",8,262144,1000000,3211,3211,0,0.000,67.881,0.013,67.894,68.783,61,2709941
"benchmark-example:dna-extra-8-gpu","bd/dna.100MB",8,262144,1000000,3211,3211,0,0.000,67.881,0.013,67.894,68.783,62,2739529
"benchmark-example:dna-extra-8-gpu","bd/dna.100MB",8,262144,1000000,3211,3211,0,0.000,67.881,0.013,67.894,68.783,63,2762019
"benchmark-example:dna-extra-8-gpu","bd/dna.100MB",8,262144,1000000,3211,3211,0,0.000,67.881,0.013,67.894,68.783,64,2778771
"benchmark-example:dna-extra-8-gpu","bd/dna.100MB",8,262144,1000000,3211,3211,0,0.000,67.881,0.013,67.894,68.783,65,2779845
"benchmark-example:dna-extra-8-gpu","bd/dna.100MB",8,262144,1000000,3211,3211,0,0.000,67.881,0.013,67.894,68.783,66,2822555
"benchmark-example:dna-extra-8-gpu","bd/dna.100MB",8,262144,1000000,3211,3211,0,0.000,67.881,0.013,67.894,68.783,67,2826886
"benchmark-example:dna-extra-8-gpu","bd/dna.100MB",8,262144,1000000,3211,3211,0,0.000,67.881,0.013,67.894,68.783,68,2830519
"benchmark-example:dna-extra-8-gpu","bd/dna.100MB",8,262144,1000000,3211,3211,0,0.000,67.881,0.013,67.894,68.783,69,2842865
"benchmark-example:dna-extra-8-gpu","bd/dna.100MB",8,262144,1000000,3211,3211,0,0.000,67.881,0.013,67.894,68.783,70,2927138
"benchmark-example:dna-extra-8-gpu","bd/dna.100MB",8,262144,1000000,3211,3211,0,0.000,67.881,0.013,67.894,68.783,71,2932010
"benchmark-example:dna-extra-8-gpu","bd/dna.100MB",8,262144,1000000,3211,3211,0,0.000,67.881,0.013,67.894,68.783,72,3018051
"benchmark-example:dna-extra-8-gpu","bd/dna.100MB",8,262144,1000000,3211,3211,0,0.000,67.881,0.013,67.894,68.783,73,3138283
"benchmark-example:dna-extra-8-gpu","bd/dna.100MB",8,262144,1000000,3211,3211,0,0.000,67.881,0.013,67.894,68.783,74,3192822
"benchmark-example:dna-extra-8-gpu","bd/dna.100MB",8,262144,1000000,3211,3211,0,0.000,67.881,0.013,67.894,68.783,75,3203869
"benchmark-example:dna-extra-8-gpu","bd/dna.100MB",8,262144,1000000,3211,3211,0,0.000,67.881,0.013,67.894,68.783,76,3320241
"benchmark-example:dna-extra-8-gpu","bd/dna.100MB",8,262144,1000000,3211,3211,0,0.000,67.881,0.013,67.894,68.783,77,3367137
"benchmark-example:dna-extra-8-gpu","bd/dna.100MB",8,262144,1000000,3211,3211,0,0.000,67.881,0.013,67.894,68.783,78,3503454
"benchmark-example:dna-extra-8-gpu","bd/dna.100MB",8,262144,1000000,3211,3211,0,0.000,67.881,0.013,67.894,68.783,79,3578428
"benchmark-example:dna-extra-8-gpu","bd/dna.100MB",8,262144,1000000,3211,3211,0,0.000,67.881,0.013,67.894,68.783,80,3585435
"benchmark-example:dna-extra-8-gpu","bd/dna.100MB",8,262144,1000000,3211,3211,0,0.000,67.881,0.013,67.894,68.783,81,3598150
"benchmark-example:dna-extra-8-gpu","bd/dna.100MB",8,262144,1000000,3211,3211,0,0.000,67.881,0.013,67.894,68.783,82,3614955
"benchmark-example:dna-extra-8-gpu","bd/dna.100MB",8,262144,1000000,3211,3211,0,0.000,67.881,0.013,67.894,68.783,83,3658673
"benchmark-example:dna-extra-8-gpu","bd/dna.100MB",8,262144,1000000,3211,3211,0,0.000,67.881,0.013,67.894,68.783,84,3659404
"benchmark-example:dna-extra-8-gpu","bd/dna.100MB",8,262144,1000000,3211,3211,0,0.000,67.881,0.013,67.894,68.783,85,3663612
"benchmark-example:dna-extra-8-gpu","bd/dna.100MB",8,262144,1000000,3211,3211,0,0.000,67.881,0.013,67.894,68.783,86,3684644
"benchmark-example:dna-extra-8-gpu","bd/dna.100MB",8,262144,1000000,3211,3211,0,0.000,67.881,0.013,67.894,68.783,87,3706472
"benchmark-example:dna-extra-8-gpu","bd/dna.100MB",8,262144,1000000,3211,3211,0,0.000,67.881,0.013,67.894,68.783,88,3760094
"benchmark-example:dna-extra-8-gpu","bd/dna.100MB",8,262144,1000000,3211,3211,0,0.000,67.881,0.013,67.894,68.783,89,3778539
"benchmark-example:dna-extra-8-gpu","bd/dna.100MB",8,262144,1000000,3211,3211,0,0.000,67.881,0.013,67.894,68.783,90,3915669
"benchmark-example:dna-extra-8-gpu","bd/dna.100MB",8,262144,1000000,3211,3211,0,0.000,67.881,0.013,67.894,68.783,91,3952120
"benchmark-example:dna-extra-8-gpu","bd/dna.100MB",8,262144,1000000,3211,3211,0,0.000,67.881,0.013,67.894,68.783,92,4002582
"benchmark-example:dna-extra-8-gpu","bd/dna.100MB",8,262144,1000000,3211,3211,0,0.000,67.881,0.013,67.894,68.783,93,4003910
"benchmark-example:dna-extra-8-gpu","bd/dna.100MB",8,262144,1000000,3211,3211,0,0.000,67.881,0.013,67.894,68.783,94,4010835
"benchmark-example:dna-extra-8-gpu","bd/dna.100MB",8,262144,1000000,3211,3211,0,0.000,67.881,0.013,67.894,68.783,95,4061423
"benchmark-example:dna-extra-8-gpu","bd/dna.100MB",8,262144,1000000,3211,3211,0,0.000,67.881,0.013,67.894,68.783,96,4103398
"benchmark-example:dna-extra-8-gpu","bd/dna.100MB",8,262144,1000000,3211,3211,0,0.000,67.881,0.013,67.894,68.783,97,4241157
"benchmark-example:dna-extra-8-gpu","bd/dna.100MB",8,262144,1000000,3211,3211,0,0.000,67.881,0.013,67.894,68.783,98,4258449
"benchmark-example:dna-extra-8-gpu","bd/dna.100MB",8,262144,1000000,3211,3211,0,0.000,67.881,0.013,67.894,68.783,99,4421622
"benchmark-example:dna-extra-8-gpu","bd/dna.100MB",8,262144,1000000,3211,3211,0,0.000,67.881,0.013,67.894,68.783,100,4423752
"benchmark-example:dna-extra-8-gpu","bd/dna.100MB",8,262144,1000000,3211,3211,0,0.000,67.881,0.013,67.894,68.783,101,4459281
"benchmark-example:dna-extra-8-gpu","bd/dna.100MB",8,262144,1000000,3211,3211,0,0.000,67.881,0.013,67.894,68.783,102,4492430
"benchmark-example:dna-extra-8-gpu","bd/dna.100MB",8,262144,1000000,3211,3211,0,0.000,67.881,0.013,67.894,68.783,103,4619043
"benchmark-example:dna-extra-8-gpu","bd/dna.100MB",8,262144,1000000,3211,3211,0,0.000,67.881,0.013,67.894,68.783,104,4658198
"benchmark-example:dna-extra-8-gpu","bd/dna.100MB",8,262144,1000000,3211,3211,0,0.000,67.881,0.013,67.894,68.783,105,4662272
"benchmark-example:dna-extra-8-gpu","bd/dna.100MB",8,262144,1000000,3211,3211,0,0.000,67.881,0.013,67.894,68.783,106,4662306
"benchmark-example:dna-extra-8-gpu","bd/dna.100MB",8,262144,1000000,3211,3211,0,0.000,67.881,0.013,67.894,68.783,107,4691166
"benchmark-example:dna-extra-8-gpu","bd/dna.100MB",8,262144,1000000,3211,3211,0,0.000,67.881,0.013,67.894,68.783,108,4709315
"benchmark-example:dna-extra-8-gpu","bd/dna.100MB",8,262144,1000000,3211,3211,0,0.000,67.881,0.013,67.894,68.783,109,4736387
"benchmark-example:dna-extra-8-gpu","bd/dna.100MB",8,262144,1000000,3211,3211,0,0.000,67.881,0.013,67.894,68.783,110,4739379
"benchmark-example:dna-extra-8-gpu","bd/dna.100MB",8,262144,1000000,3211,3211,0,0.000,67.881,0.013,67.894,68.783,111,4764224
"benchmark-example:dna-extra-8-gpu","bd/dna.100MB",8,262144,1000000,3211,3211,0,0.000,67.881,0.013,67.894,68.783,112,4863184
"benchmark-example:dna-extra-8-gpu","bd/dna.100MB",8,262144,1000000,3211,3211,0,0.000,67.881,0.013,67.894,68.783,113,4882219
"benchmark-example:dna-extra-8-gpu","bd/dna.100MB",8,262144,1000000,3211,3211,0,0.000,67.881,0.013,67.894,68.783,114,4897421
"benchmark-example:dna-extra-8-gpu","bd/dna.100MB",8,262144,1000000,3211,3211,0,0.000,67.881,0.013,67.894,68.783,115,4934172
"benchmark-example:dna-extra-8-gpu","bd/dna.100MB",8,262144,1000000,3211,3211,0,0.000,67.881,0.013,67.894,68.783,116,4941078
"benchmark-example:dna-extra-8-gpu","bd/dna.100MB",8,262144,1000000,3211,3211,0,0.000,67.881,0.013,67.894,68.783,117,5011843
"benchmark-example:dna-extra-8-gpu","bd/dna.100MB",8,262144,1000000,3211,3211,0,0.000,67.881,0.013,67.894,68.783,118,5028596
"benchmark-example:dna-extra-8-gpu","bd/dna.100MB",8,262144,1000000,3211,3211,0,0.000,67.881,0.013,67.894,68.783,119,5066564
"benchmark-example:dna-extra-8-gpu","bd/dna.100MB",8,262144,1000000,3211,3211,0,0.000,67.881,0.013,67.894,68.783,120,5204451
"benchmark-example:dna-extra-8-gpu","bd/dna.100MB",8,262144,1000000,3211,3211,0,0.000,67.881,0.013,67.894,68.783,121,5218697
"benchmark-example:dna-extra-8-gpu","bd/dna.100MB",8,262144,1000000,3211,3211,0,0.000,67.881,0.013,67.894,68.783,122,5280792
"benchmark-example:dna-extra-8-gpu","bd/dna.100MB",8,262144,1000000,3211,3211,0,0.000,67.881,0.013,67.894,68.783,123,5305877
"benchmark-example:dna-extra-8-gpu","bd/dna.100MB",8,262144,1000000,3211,3211,0,0.000,67.881,0.013,67.894,68.783,124,5310638
"benchmark-example:dna-extra-8-gpu","bd/dna.100MB",8,262144,1000000,3211,3211,0,0.000,67.881,0.013,67.894,68.783,125,5381191
"benchmark-example:dna-extra-8-gpu","bd/dna.100MB",8,262144,1000000,3211,3211,0,0.000,67.881,0.013,67.894,68.783,126,5395725
"benchmark-example:dna-extra-8-gpu","bd/dna.100MB",8,262144,1000000,3211,3211,0,0.000,67.881,0.013,67.894,68.783,127,5455642
"benchmark-example:dna-extra-8-gpu","bd/dna.100MB",8,262144,1000000,3211,3211,0,0.000,67.881,0.013,67.894,68.783,128,5463155
"benchmark-example:dna-extra-8-gpu","bd/dna.100MB",8,262144,1000000,3211,3211,0,0.000,67.881,0.013,67.894,68.783,129,5491678
"benchmark-example:dna-extra-8-gpu","bd/dna.100MB",8,262144,1000000,3211,3211,0,0.000,67.881,0.013,67.894,68.783,130,5492328
"benchmark-example:dna-extra-8-gpu","bd/dna.100MB",8,262144,1000000,3211,3211,0,0.000,67.881,0.013,67.894,68.783,131,5510124
"benchmark-example:dna-extra-8-gpu","bd/dna.100MB",8,262144,1000000,3211,3211,0,0.000,67.881,0.013,67.894,68.783,132,5513251
"benchmark-example:dna-extra-8-gpu","bd/dna.100MB",8,262144,1000000,3211,3211,0,0.000,67.881,0.013,67.894,68.783,133,5547130
"benchmark-example:dna-extra-8-gpu","bd/dna.100MB",8,262144,1000000,3211,3211,0,0.000,67.881,0.013,67.894,68.783,134,5638652
"benchmark-example:dna-extra-8-gpu","bd/dna.100MB",8,262144,1000000,3211,3211,0,0.000,67.881,0.013,67.894,68.783,135,5645871
"benchmark-example:dna-extra-8-gpu","bd/dna.100MB",8,262144,1000000,3211,3211,0,0.000,67.881,0.013,67.894,68.783,136,5692172
"benchmark-example:dna-extra-8-gpu","bd/dna.100MB",8,262144,1000000,3211,3211,0,0.000,67.881,0.013,67.894,68.783,137,5697000
"benchmark-example:dna-extra-8-gpu","bd/dna.100MB",8,262144,1000000,3211,3211,0,0.000,67.881,0.013,67.894,68.783,138,5708338
"benchmark-example:dna-extra-8-gpu","bd/dna.100MB",8,262144,1000000,3211,3211,0,0.000,67.881,0.013,67.894,68.783,139,5708925
"benchmark-example:dna-extra-8-gpu","bd/dna.100MB",8,262144,1000000,3211,3211,0,0.000,67.881,0.013,67.894,68.783,140,5736057
"benchmark-example:dna-extra-8-gpu","bd/dna.100MB",8,262144,1000000,3211,3211,0,0.000,67.881,0.013,67.894,68.783,141,5793979
"benchmark-example:dna-extra-8-gpu","bd/dna.100MB",8,262144,1000000,3211,3211,0,0.000,67.881,0.013,67.894,68.783,142,5825105
"benchmark-example:dna-extra-8-gpu","bd/dna.100MB",8,262144,1000000,3211,3211,0,0.000,67.881,0.013,67.894,68.783,143,5828010
"benchmark-example:dna-extra-8-gpu","bd/dna.100MB",8,262144,1000000,3211,3211,0,0.000,67.881,0.013,67.894,68.783,144,5875337
"benchmark-example:dna-extra-8-gpu","bd/dna.100MB",8,262144,1000000,3211,3211,0,0.000,67.881,0.013,67.894,68.783,145,5985735
"benchmark-example:dna-extra-8-gpu","bd/dna.100MB",8,262144,1000000,3211,3211,0,0.000,67.881,0.013,67.894,68.783,146,5996332
"benchmark-example:dna-extra-8-gpu","bd/dna.100MB",8,262144,1000000,3211,3211,0,0.000,67.881,0.013,67.894,68.783,147,6004697
"benchmark-example:dna-extra-8-gpu","bd/dna.100MB",8,262144,1000000,3211,3211,0,0.000,67.881,0.013,67.894,68.783,148,6022273
"benchmark-example:dna-extra-8-gpu","bd/dna.100MB",8,262144,1000000,3211,3211,0,0.000,67.881,0.013,67.894,68.783,149,6024394
"benchmark-example:dna-extra-8-gpu","bd/dna.100MB",8,262144,1000000,3211,3211,0,0.000,67.881,0.013,67.894,68.783,150,6058979
"benchmark-example:dna-extra-8-gpu","bd/dna.100MB",8,262144,1000000,3211,3211,0,0.000,67.881,0.013,67.894,68.783,151,6120963
"benchmark-example:dna-extra-8-gpu","bd/dna.100MB",8,262144,1000000,3211,3211,0,0.000,67.881,0.013,67.894,68.783,152,6228432
"benchmark-example:dna-extra-8-gpu","bd/dna.100MB",8,262144,1000000,3211,3211,0,0.000,67.881,0.013,67.894,68.783,153,6246166
"benchmark-example:dna-extra-8-gpu","bd/dna.100MB",8,262144,1000000,3211,3211,0,0.000,67.881,0.013,67.894,68.783,154,6258841
"benchmark-example:dna-extra-8-gpu","bd/dna.100MB",8,262144,1000000,3211,3211,0,0.000,67.881,0.013,67.894,68.783,155,6280010
"benchmark-example:dna-extra-8-gpu","bd/dna.100MB",8,262144,1000000,3211,3211,0,0.000,67.881,0.013,67.894,68.783,156,6307892
"benchmark-example:dna-extra-8-gpu","bd/dna.100MB",8,262144,1000000,3211,3211,0,0.000,67.881,0.013,67.894,68.783,157,6382775
"benchmark-example:dna-extra-8-gpu","bd/dna.100MB",8,262144,1000000,3211,3211,0,0.000,67.881,0.013,67.894,68.783,158,6402849
"benchmark-example:dna-extra-8-gpu","bd/dna.100MB",8,262144,1000000,3211,3211,0,0.000,67.881,0.013,67.894,68.783,159,6405063
"benchmark-example:dna-extra-8-gpu","bd/dna.100MB",8,262144,1000000,3211,3211,0,0.000,67.881,0.013,67.894,68.783,160,6442647
"benchmark-example:dna-extra-8-gpu","bd/dna.100MB",8,262144,1000000,3211,3211,0,0.000,67.881,0.013,67.894,68.783,161,6474916
"benchmark-example:dna-extra-8-gpu","bd/dna.100MB",8,262144,1000000,3211,3211,0,0.000,67.881,0.013,67.894,68.783,162,6490336
"benchmark-example:dna-extra-8-gpu","bd/dna.100MB",8,262144,1000000,3211,3211,0,0.000,67.881,0.013,67.894,68.783,163,6499606
"benchmark-example:dna-extra-8-gpu","bd/dna.100MB",8,262144,1000000,3211,3211,0,0.000,67.881,0.013,67.894,68.783,164,6513112
"benchmark-example:dna-extra-8-gpu","bd/dna.100MB",8,262144,1000000,3211,3211,0,0.000,67.881,0.013,67.894,68.783,165,6539629
"benchmark-example:dna-extra-8-gpu","bd/dna.100MB",8,262144,1000000,3211,3211,0,0.000,67.881,0.013,67.894,68.783,166,6580905
"benchmark-example:dna-extra-8-gpu","bd/dna.100MB",8,262144,1000000,3211,3211,0,0.000,67.881,0.013,67.894,68.783,167,6581815
"benchmark-example:dna-extra-8-gpu","bd/dna.100MB",8,262144,1000000,3211,3211,0,0.000,67.881,0.013,67.894,68.783,168,6587766
"benchmark-example:dna-extra-8-gpu","bd/dna.100MB",8,262144,1000000,3211,3211,0,0.000,67.881,0.013,67.894,68.783,169,6612455
"benchmark-example:dna-extra-8-gpu","bd/dna.100MB",8,262144,1000000,3211,3211,0,0.000,67.881,0.013,67.894,68.783,170,6635974
"benchmark-example:dna-extra-8-gpu","bd/dna.100MB",8,262144,1000000,3211,3211,0,0.000,67.881,0.013,67.894,68.783,171,6653940
"benchmark-example:dna-extra-8-gpu","bd/dna.100MB",8,262144,1000000,3211,3211,0,0.000,67.881,0.013,67.894,68.783,172,6661051
"benchmark-example:dna-extra-8-gpu","bd/dna.100MB",8,262144,1000000,3211,3211,0,0.000,67.881,0.013,67.894,68.783,173,6671388
"benchmark-example:dna-extra-8-gpu","bd/dna.100MB",8,262144,1000000,3211,3211,0,0.000,67.881,0.013,67.894,68.783,174,6714170
"benchmark-example:dna-extra-8-gpu","bd/dna.100MB",8,262144,1000000,3211,3211,0,0.000,67.881,0.013,67.894,68.783,175,6762972
"benchmark-example:dna-extra-8-gpu","bd/dna.100MB",8,262144,1000000,3211,3211,0,0.000,67.881,0.013,67.894,68.783,176,6777512
"benchmark-example:dna-extra-8-gpu","bd/dna.100MB",8,262144,1000000,3211,3211,0,0.000,67.881,0.013,67.894,68.783,177,6782913
"benchmark-example:dna-extra-8-gpu","bd/dna.100MB",8,262144,1000000,3211,3211,0,0.000,67.881,0.013,67.894,68.783,178,6792851
"benchmark-example:dna-extra-8-gpu","bd/dna.100MB",8,262144,1000000,3211,3211,0,0.000,67.881,0.013,67.894,68.783,179,6793810
"benchmark-example:dna-extra-8-gpu","bd/dna.100MB",8,262144,1000000,3211,3211,0,0.000,67.881,0.013,67.894,68.783,180,6811316
"benchmark-example:dna-extra-8-gpu","bd/dna.100MB",8,262144,1000000,3211,3211,0,0.000,67.881,0.013,67.894,68.783,181,6821914
"benchmark-example:dna-extra-8-gpu","bd/dna.100MB",8,262144,1000000,3211,3211,0,0.000,67.881,0.013,67.894,68.783,182,6841563
"benchmark-example:dna-extra-8-gpu","bd/dna.100MB",8,262144,1000000,3211,3211,0,0.000,67.881,0.013,67.894,68.783,183,6859318
"benchmark-example:dna-extra-8-gpu","bd/dna.100MB",8,262144,1000000,3211,3211,0,0.000,67.881,0.013,67.894,68.783,184,6863780
"benchmark-example:dna-extra-8-gpu","bd/dna.100MB",8,262144,1000000,3211,3211,0,0.000,67.881,0.013,67.894,68.783,185,6865551
"benchmark-example:dna-extra-8-gpu","bd/dna.100MB",8,262144,1000000,3211,3211,0,0.000,67.881,0.013,67.894,68.783,186,6922290
"benchmark-example:dna-extra-8-gpu","bd/dna.100MB",8,262144,1000000,3211,3211,0,0.000,67.881,0.013,67.894,68.783,187,6997343
"benchmark-example:dna-extra-8-gpu","bd/dna.100MB",8,262144,1000000,3211,3211,0,0.000,67.881,0.013,67.894,68.783,188,7034743
"benchmark-example:dna-extra-8-gpu","bd/dna.100MB",8,262144,1000000,3211,3211,0,0.000,67.881,0.013,67.894,68.783,189,7054296
"benchmark-example:dna-extra-8-gpu","bd/dna.100MB",8,262144,1000000,3211,3211,0,0.000,67.881,0.013,67.894,68.783,190,7118706
"benchmark-example:dna-extra-8-gpu","bd/dna.100MB",8,262144,1000000,3211,3211,0,0.000,67.881,0.013,67.894,68.783,191,7142126
"benchmark-example:dna-extra-8-gpu","bd/dna.100MB",8,262144,1000000,3211,3211,0,0.000,67.881,0.013,67.894,68.783,192,7162187
"benchmark-example:dna-extra-8-gpu","bd/dna.100MB",8,262144,1000000,3211,3211,0,0.000,67.881,0.013,67.894,68.783,193,7186742
"benchmark-example:dna-extra-8-gpu","bd/dna.100MB",8,262144,1000000,3211,3211,0,0.000,67.881,0.013,67.894,68.783,194,7241057
"benchmark-example:dna-extra-8-gpu","bd/dna.100MB",8,262144,1000000,3211,3211,0,0.000,67.881,0.013,67.894,68.783,195,7245768
"benchmark-example:dna-extra-8-gpu","bd/dna.100MB",8,262144,1000000,3211,3211,0,0.000,67.881,0.013,67.894,68.783,196,7256021
"benchmark-example:dna-extra-8-gpu","bd/dna.100MB",8,262144,1000000,3211,3211,0,0.000,67.881,0.013,67.894,68.783,197,7271014
"benchmark-example:dna-extra-8-gpu","bd/dna.100MB",8,262144,1000000,3211,3211,0,0.000,67.881,0.013,67.894,68.783,198,7274976
"benchmark-example:dna-extra-8-gpu","bd/dna.100MB",8,262144,1000000,3211,3211,0,0.000,67.881,0.013,67.894,68.783,199,7316924
"benchmark-example:dna-extra-8-gpu","bd/dna.100MB",8,262144,1000000,3211,3211,0,0.000,67.881,0.013,67.894,68.783,200,7347797
"benchmark-example:dna-extra-8-gpu","bd/dna.100MB",8,262144,1000000,3211,3211,0,0.000,67.881,0.013,67.894,68.783,201,7430262
"benchmark-example:dna-extra-8-gpu","bd/dna.100MB",8,262144,1000000,3211,3211,0,0.000,67.881,0.013,67.894,68.783,202,7470056
"benchmark-example:dna-extra-8-gpu","bd/dna.100MB",8,262144,1000000,3211,3211,0,0.000,67.881,0.013,67.894,68.783,203,7644555
"benchmark-example:dna-extra-8-gpu","bd/dna.100MB",8,262144,1000000,3211,3211,0,0.000,67.881,0.013,67.894,68.783,204,7664765
"benchmark-example:dna-extra-8-gpu","bd/dna.100MB",8,262144,1000000,3211,3211,0,0.000,67.881,0.013,67.894,68.783,205,7694500
"benchmark-example:dna-extra-8-gpu","bd/dna.100MB",8,262144,1000000,3211,3211,0,0.000,67.881,0.013,67.894,68.783,206,7738543
"benchmark-example:dna-extra-8-gpu","bd/dna.100MB",8,262144,1000000,3211,3211,0,0.000,67.881,0.013,67.894,68.783,207,7831059
"benchmark-example:dna-extra-8-gpu","bd/dna.100MB",8,262144,1000000,3211,3211,0,0.000,67.881,0.013,67.894,68.783,208,7862966
"benchmark-example:dna-extra-8-gpu","bd/dna.100MB",8,262144,1000000,3211,3211,0,0.000,67.881,0.013,67.894,68.783,209,7917749
"benchmark-example:dna-extra-8-gpu","bd/dna.100MB",8,262144,1000000,3211,3211,0,0.000,67.881,0.013,67.894,68.783,210,7990285
"benchmark-example:dna-extra-8-gpu","bd/dna.100MB",8,262144,1000000,3211,3211,0,0.000,67.881,0.013,67.894,68.783,211,8038835
"benchmark-example:dna-extra-8-gpu","bd/dna.100MB",8,262144,1000000,3211,3211,0,0.000,67.881,0.013,67.894,68.783,212,8047553
"benchmark-example:dna-extra-8-gpu","bd/dna.100MB",8,262144,1000000,3211,3211,0,0.000,67.881,0.013,67.894,68.783,213,8063198
"benchmark-example:dna-extra-8-gpu","bd/dna.100MB",8,262144,1000000,3211,3211,0,0.000,67.881,0.013,67.894,68.783,214,8080057
"benchmark-example:dna-extra-8-gpu","bd/dna.100MB",8,262144,1000000,3211,3211,0,0.000,67.881,0.013,67.894,68.783,215,8093769
"benchmark-example:dna-extra-8-gpu","bd/dna.100MB",8,262144,1000000,3211,3211,0,0.000,67.881,0.013,67.894,68.783,216,8102807
"benchmark-example:dna-extra-8-gpu","bd/dna.100MB",8,262144,1000000,3211,3211,0,0.000,67.881,0.013,67.894,68.783,217,8128651
"benchmark-example:dna-extra-8-gpu","bd/dna.100MB",8,262144,1000000,3211,3211,0,0.000,67.881,0.013,67.894,68.783,218,8138798
"benchmark-example:dna-extra-8-gpu","bd/dna.100MB",8,262144,1000000,3211,3211,0,0.000,67.881,0.013,67.894,68.783,219,8139796
"benchmark-example:dna-extra-8-gpu","bd/dna.100MB",8,262144,1000000,3211,3211,0,0.000,67.881,0.013,67.894,68.783,220,8167234
"benchmark-example:dna-extra-8-gpu","bd/dna.100MB",8,262144,1000000,3211,3211,0,0.000,67.881,0.013,67.894,68.783,221,8217354
"benchmark-example:dna-extra-8-gpu","bd/dna.100MB",8,262144,1000000,3211,3211,0,0.000,67.881,0.013,67.894,68.783,222,8218304
"benchmark-example:dna-extra-8-gpu","bd/dna.100MB",8,262144,1000000,3211,3211,0,0.000,67.881,0.013,67.894,68.783,223,8231298
"benchmark-example:dna-extra-8-gpu","bd/dna.100MB",8,262144,1000000,3211,3211,0,0.000,67.881,0.013,67.894,68.783,224,8280725
"benchmark-example:dna-extra-8-gpu","bd/dna.100MB",8,262144,1000000,3211,3211,0,0.000,67.881,0.013,67.894,68.783,225,8297644
"benchmark-example:dna-extra-8-gpu","bd/dna.100MB",8,262144,1000000,3211,3211,0,0.000,67.881,0.013,67.894,68.783,226,8327918
"benchmark-example:dna-extra-8-gpu","bd/dna.100MB",8,262144,1000000,3211,3211,0,0.000,67.881,0.013,67.894,68.783,227,8361907
"benchmark-example:dna-extra-8-gpu","bd/dna.100MB",8,262144,1000000,3211,3211,0,0.000,67.881,0.013,67.894,68.783,228,8408724
"benchmark-example:dna-extra-8-gpu","bd/dna.100MB",8,262144,1000000,3211,3211,0,0.000,67.881,0.013,67.894,68.783,229,8428080
"benchmark-example:dna-extra-8-gpu","bd/dna.100MB",8,262144,1000000,3211,3211,0,0.000,67.881,0.013,67.894,68.783,230,8437471
"benchmark-example:dna-extra-8-gpu","bd/dna.100MB",8,262144,1000000,3211,3211,0,0.000,67.881,0.013,67.894,68.783,231,8446495
"benchmark-example:dna-extra-8-gpu","bd/dna.100MB",8,262144,1000000,3211,3211,0,0.000,67.881,0.013,67.894,68.783,232,8456555
"benchmark-example:dna-extra-8-gpu","bd/dna.100MB",8,262144,1000000,3211,3211,0,0.000,67.881,0.013,67.894,68.783,233,8460926
"benchmark-example:dna-extra-8-gpu","bd/dna.100MB",8,262144,1000000,3211,3211,0,0.000,67.881,0.013,67.894,68.783,234,8464965
"benchmark-example:dna-extra-8-gpu","bd/dna.100MB",8,262144,1000000,3211,3211,0,0.000,67.881,0.013,67.894,68.783,235,8481090
"benchmark-example:dna-extra-8-gpu","bd/dna.100MB",8,262144,1000000,3211,3211,0,0.000,67.881,0.013,67.894,68.783,236,8512386
"benchmark-example:dna-extra-8-gpu","bd/dna.100MB",8,262144,1000000,3211,3211,0,0.000,67.881,0.013,67.894,68.783,237,8519072
"benchmark-example:dna-extra-8-gpu","bd/dna.100MB",8,262144,1000000,3211,3211,0,0.000,67.881,0.013,67.894,68.783,238,8527662
"benchmark-example:dna-extra-8-gpu","bd/dna.100MB",8,262144,1000000,3211,3211,0,0.000,67.881,0.013,67.894,68.783,239,8571835
"benchmark-example:dna-extra-8-gpu","bd/dna.100MB",8,262144,1000000,3211,3211,0,0.000,67.881,0.013,67.894,68.783,240,8609277
"benchmark-example:dna-extra-8-gpu","bd/dna.100MB",8,262144,1000000,3211,3211,0,0.000,67.881,0.013,67.894,68.783,241,8615596
"benchmark-example:dna-extra-8-gpu","bd/dna.100MB",8,262144,1000000,3211,3211,0,0.000,67.881,0.013,67.894,68.783,242,8729438
"benchmark-example:dna-extra-8-gpu","bd/dna.100MB",8,262144,1000000,3211,3211,0,0.000,67.881,0.013,67.894,68.783,243,8826134
"benchmark-example:dna-extra-8-gpu","bd/dna.100MB",8,262144,1000000,3211,3211,0,0.000,67.881,0.013,67.894,68.783,244,8834573
"benchmark-example:dna-extra-8-gpu","bd/dna.100MB",8,262144,1000000,3211,3211,0,0.000,67.881,0.013,67.894,68.783,245,8883743
"benchmark-example:dna-extra-8-gpu","bd/dna.100MB",8,262144,1000000,3211,3211,0,0.000,67.881,0.013,67.894,68.783,246,8929303
"benchmark-example:dna-extra-8-gpu","bd/dna.100MB",8,262144,1000000,3211,3211,0,0.000,67.881,0.013,67.894,68.783,247,9000965
"benchmark-example:dna-extra-8-gpu","bd/dna.100MB",8,262144,1000000,3211,3211,0,0.000,67.881,0.013,67.894,68.783,248,9046845
"benchmark-example:dna-extra-8-gpu","bd/dna.100MB",8,262144,1000000,3211,3211,0,0.000,67.881,0.013,67.894,68.783,249,9050267
"benchmark-example:dna-extra-8-gpu","bd/dna.100MB",8,262144,1000000,3211,3211,0,0.000,67.881,0.013,67.894,68.783,250,9104483
"benchmark-example:dna-extra-8-gpu","bd/dna.100MB",8,262144,1000000,3211,3211,0,0.000,67.881,0.013,67.894,68.783,251,9109773
"benchmark-example:dna-extra-8-gpu","bd/dna.100MB",8,262144,1000000,3211,3211,0,0.000,67.881,0.013,67.894,68.783,252,9148667
"benchmark-example:dna-extra-8-gpu","bd/dna.100MB",8,262144,1000000,3211,3211,0,0.000,67.881,0.013,67.894,68.783,253,9149817
"benchmark-example:dna-extra-8-gpu","bd/dna.100MB",8,262144,1000000,3211,3211,0,0.000,67.881,0.013,67.894,68.783,254,9182825
"benchmark-example:dna-extra-8-gpu","bd/dna.100MB",8,262144,1000000,3211,3211,0,0.000,67.881,0.013,67.894,68.783,255,9186507
"benchmark-example:dna-extra-8-gpu","bd/dna.100MB",8,262144,1000000,3211,3211,0,0.000,67.881,0.013,67.894,68.783,256,9307707
"benchmark-example:dna-extra-8-gpu","bd/dna.100MB",8,262144,1000000,3211,3211,0,0.000,67.881,0.013,67.894,68.783,257,9351047
"benchmark-example:dna-extra-8-gpu","bd/dna.100MB",8,262144,1000000,3211,3211,0,0.000,67.881,0.013,67.894,68.783,258,9400446
"benchmark-example:dna-extra-8-gpu","bd/dna.100MB",8,262144,1000000,3211,3211,0,0.000,67.881,0.013,67.894,68.783,259,9416401
"benchmark-example:dna-extra-8-gpu","bd/dna.100MB",8,262144,1000000,3211,3211,0,0.000,67.881,0.013,67.894,68.783,260,9529767
"benchmark-example:dna-extra-8-gpu","bd/dna.100MB",8,262144,1000000,3211,3211,0,0.000,67.881,0.013,67.894,68.783,261,9571032
"benchmark-example:dna-extra-8-gpu","bd/dna.100MB",8,262144,1000000,3211,3211,0,0.000,67.881,0.013,67.894,68.783,262,9575534
"benchmark-example:dna-extra-8-gpu","bd/dna.100MB",8,262144,1000000,3211,3211,0,0.000,67.881,0.013,67.894,68.783,263,9613045
"benchmark-example:dna-extra-8-gpu","bd/dna.100MB",8,262144,1000000,3211,3211,0,0.000,67.881,0.013,67.894,68.783,264,9712569
"benchmark-example:dna-extra-8-gpu","bd/dna.100MB",8,262144,1000000,3211,3211,0,0.000,67.881,0.013,67.894,68.783,265,9804918
"benchmark-example:dna-extra-8-gpu","bd/dna.100MB",8,262144,1000000,3211,3211,0,0.000,67.881,0.013,67.894,68.783,266,9843138
"benchmark-example:dna-extra-8-gpu","bd/dna.100MB",8,262144,1000000,3211,3211,0,0.000,67.881,0.013,67.894,68.783,267,9867952
"benchmark-example:dna-extra-8-gpu","bd/dna.100MB",8,262144,1000000,3211,3211,0,0.000,67.881,0.013,67.894,68.783,268,9908488
"benchmark-example:dna-extra-8-gpu","bd/dna.100MB",8,262144,1000000,3211,3211,0,0.000,67.881,0.013,67.894,68.783,269,9914219
"benchmark-example:dna-extra-8-gpu","bd/dna.100MB",8,262144,1000000,3211,3211,0,0.000,67.881,0.013,67.894,68.783,270,9936448
"benchmark-example:dna-extra-8-gpu","bd/dna.100MB",8,262144,1000000,3211,3211,0,0.000,67.881,0.013,67.894,68.783,271,10004645
"benchmark-example:dna-extra-8-gpu","bd/dna.100MB",8,262144,1000000,3211,3211,0,0.000,67.881,0.013,67.894,68.783,272,10034905
"benchmark-example:dna-extra-8-gpu","bd/dna.100MB",8,262144,1000000,3211,3211,0,0.000,67.881,0.013,67.894,68.783,273,10044622
"benchmark-example:dna-extra-8-gpu","bd/dna.100MB",8,262144,1000000,3211,3211,0,0.000,67.881,0.013,67.894,68.783,274,10081831
"benchmark-example:dna-extra-8-gpu","bd/dna.100MB",8,262144,1000000,3211,3211,0,0.000,67.881,0.013,67.894,68.783,275,10144348
"benchmark-example:dna-extra-8-gpu","bd/dna.100MB",8,262144,1000000,3211,3211,0,0.000,67.881,0.013,67.894,68.783,276,10276486
"benchmark-example:dna-extra-8-gpu","bd/dna.100MB",8,262144,1000000,3211,3211,0,0.000,67.881,0.013,67.894,68.783,277,10389014
"benchmark-example:dna-extra-8-gpu","bd/dna.100MB",8,262144,1000000,3211,3211,0,0.000,67.881,0.013,67.894,68.783,278,10400832
"benchmark-example:dna-extra-8-gpu","bd/dna.100MB",8,262144,1000000,3211,3211,0,0.000,67.881,0.013,67.894,68.783,279,10453443
"benchmark-example:dna-extra-8-gpu","bd/dna.100MB",8,262144,1000000,3211,3211,0,0.000,67.881,0.013,67.894,68.783,280,10478030
"benchmark-example:dna-extra-8-gpu","bd/dna.100MB",8,262144,1000000,3211,3211,0,0.000,67.881,0.013,67.894,68.783,281,10499083
"benchmark-example:dna-extra-8-gpu","bd/dna.100MB",8,262144,1000000,3211,3211,0,0.000,67.881,0.013,67.894,68.783,282,10528125
"benchmark-example:dna-extra-8-gpu","bd/dna.100MB",8,262144,1000000,3211,3211,0,0.000,67.881,0.013,67.894,68.783,283,10532771
"benchmark-example:dna-extra-8-gpu","bd/dna.100MB",8,262144,1000000,3211,3211,0,0.000,67.881,0.013,67.894,68.783,284,10583587
"benchmark-example:dna-extra-8-gpu","bd/dna.100MB",8,262144,1000000,3211,3211,0,0.000,67.881,0.013,67.894,68.783,285,10647568
"benchmark-example:dna-extra-8-gpu","bd/dna.100MB",8,262144,1000000,3211,3211,0,0.000,67.881,0.013,67.894,68.783,286,10658576
"benchmark-example:dna-extra-8-gpu","bd/dna.100MB",8,262144,1000000,3211,3211,0,0.000,67.881,0.013,67.894,68.783,287,10672147
"benchmark-example:dna-extra-8-gpu","bd/dna.100MB",8,262144,1000000,3211,3211,0,0.000,67.881,0.013,67.894,68.783,288,10739202
"benchmark-example:dna-extra-8-gpu","bd/dna.100MB",8,262144,1000000,3211,3211,0,0.000,67.881,0.013,67.894,68.783,289,10788225
"benchmark-example:dna-extra-8-gpu","bd/dna.100MB",8,262144,1000000,3211,3211,0,0.000,67.881,0.013,67.894,68.783,290,10796913
"benchmark-example:dna-extra-8-gpu","bd/dna.100MB",8,262144,1000000,3211,3211,0,0.000,67.881,0.013,67.894,68.783,291,10803819
"benchmark-example:dna-extra-8-gpu","bd/dna.100MB",8,262144,1000000,3211,3211,0,0.000,67.881,0.013,67.894,68.783,292,10825029
"benchmark-example:dna-extra-8-gpu","bd/dna.100MB",8,262144,1000000,3211,3211,0,0.000,67.881,0.013,67.894,68.783,293,10830748
"benchmark-example:dna-extra-8-gpu","bd/dna.100MB",8,262144,1000000,3211,3211,0,0.000,67.881,0.013,67.894,68.783,294,10980007
"benchmark-example:dna-extra-8-gpu","bd/dna.100MB",8,262144,1000000,3211,3211,0,0.000,67.881,0.013,67.894,68.783,295,11042881
"benchmark-example:dna-extra-8-gpu","bd/dna.100MB",8,262144,1000000,3211,3211,0,0.000,67.881,0.013,67.894,68.783,296,11062435
"benchmark-example:dna-extra-8-gpu","bd/dna.100MB",8,262144,1000000,3211,3211,0,0.000,67.881,0.013,67.894,68.783,297,11083317
"benchmark-example:dna-extra-8-gpu","bd/dna.100MB",8,262144,1000000,3211,3211,0,0.000,67.881,0.013,67.894,68.783,298,11101314
"benchmark-example:dna-extra-8-gpu","bd/dna.100MB",8,262144,1000000,3211,3211,0,0.000,67.881,0.013,67.894,68.783,299,11106224
"benchmark-example:dna-extra-8-gpu","bd/dna.100MB",8,262144,1000000,3211,3211,0,0.000,67.881,0.013,67.894,68.783,300,11112810
"benchmark-example:dna-extra-8-gpu","bd/dna.100MB",8,262144,1000000,3211,3211,0,0.000,67.881,0.013,67.894,68.783,301,11118056
"benchmark-example:dna-extra-8-gpu","bd/dna.100MB",8,262144,1000000,3211,3211,0,0.000,67.881,0.013,67.894,68.783,302,11132214
"benchmark-example:dna-extra-8-gpu","bd/dna.100MB",8,262144,1000000,3211,3211,0,0.000,67.881,0.013,67.894,68.783,303,11151949
"benchmark-example:dna-extra-8-gpu","bd/dna.100MB",8,262144,1000000,3211,3211,0,0.000,67.881,0.013,67.894,68.783,304,11255744
"benchmark-example:dna-extra-8-gpu","bd/dna.100MB",8,262144,1000000,3211,3211,0,0.000,67.881,0.013,67.894,68.783,305,11280812
"benchmark-example:dna-extra-8-gpu","bd/dna.100MB",8,262144,1000000,3211,3211,0,0.000,67.881,0.013,67.894,68.783,306,11303023
"benchmark-example:dna-extra-8-gpu","bd/dna.100MB",8,262144,1000000,3211,3211,0,0.000,67.881,0.013,67.894,68.783,307,11308086
"benchmark-example:dna-extra-8-gpu","bd/dna.100MB",8,262144,1000000,3211,3211,0,0.000,67.881,0.013,67.894,68.783,308,11482909
"benchmark-example:dna-extra-8-gpu","bd/dna.100MB",8,262144,1000000,3211,3211,0,0.000,67.881,0.013,67.894,68.783,309,11549619
"benchmark-example:dna-extra-8-gpu","bd/dna.100MB",8,262144,1000000,3211,3211,0,0.000,67.881,0.013,67.894,68.783,310,11561276
"benchmark-example:dna-extra-8-gpu","bd/dna.100MB",8,262144,1000000,3211,3211,0,0.000,67.881,0.013,67.894,68.783,311,11664328
"benchmark-example:dna-extra-8-gpu","bd/dna.100MB",8,262144,1000000,3211,3211,0,0.000,67.881,0.013,67.894,68.783,312,11671021
"benchmark-example:dna-extra-8-gpu","bd/dna.100MB",8,262144,1000000,3211,3211,0,0.000,67.881,0.013,67.894,68.783,313,11675641
"benchmark-example:dna-extra-8-gpu","bd/dna.100MB",8,262144,1000000,3211,3211,0,0.000,67.881,0.013,67.894,68.783,314,11699836
"benchmark-example:dna-extra-8-gpu","bd/dna.100MB",8,262144,1000000,3211,3211,0,0.000,67.881,0.013,67.894,68.783,315,11714370
"benchmark-example:dna-extra-8-gpu","bd/dna.100MB",8,262144,1000000,3211,3211,0,0.000,67.881,0.013,67.894,68.783,316,11746498
"benchmark-example:dna-extra-8-gpu","bd/dna.100MB",8,262144,1000000,3211,3211,0,0.000,67.881,0.013,67.894,68.783,317,11781816
"benchmark-example:dna-extra-8-gpu","bd/dna.100MB",8,262144,1000000,3211,3211,0,0.000,67.881,0.013,67.894,68.783,318,11918164
"benchmark-example:dna-extra-8-gpu","bd/dna.100MB",8,262144,1000000,3211,3211,0,0.000,67.881,0.013,67.894,68.783,319,11942108
"benchmark-example:dna-extra-8-gpu","bd/dna.100MB",8,262144,1000000,3211,3211,0,0.000,67.881,0.013,67.894,68.783,320,11969067
"benchmark-example:dna-extra-8-gpu","bd/dna.100MB",8,262144,1000000,3211,3211,0,0.000,67.881,0.013,67.894,68.783,321,11980400
"benchmark-example:dna-extra-8-gpu","bd/dna.100MB",8,262144,1000000,3211,3211,0,0.000,67.881,0.013,67.894,68.783,322,11993030
"benchmark-example:dna-extra-8-gpu","bd/dna.100MB",8,262144,1000000,3211,3211,0,0.000,67.881,0.013,67.894,68.783,323,12021011
"benchmark-example:dna-extra-8-gpu","bd/dna.100MB",8,262144,1000000,3211,3211,0,0.000,67.881,0.013,67.894,68.783,324,12046575
"benchmark-example:dna-extra-8-gpu","bd/dna.100MB",8,262144,1000000,3211,3211,0,0.000,67.881,0.013,67.894,68.783,325,12058523
"benchmark-example:dna-extra-8-gpu","bd/dna.100MB",8,262144,1000000,3211,3211,0,0.000,67.881,0.013,67.894,68.783,326,12077647
"benchmark-example:dna-extra-8-gpu","bd/dna.100MB",8,262144,1000000,3211,3211,0,0.000,67.881,0.013,67.894,68.783,327,12085570
"benchmark-example:dna-extra-8-gpu","bd/dna.100MB",8,262144,1000000,3211,3211,0,0.000,67.881,0.013,67.894,68.783,328,12125310
"benchmark-example:dna-extra-8-gpu","bd/dna.100MB",8,262144,1000000,3211,3211,0,0.000,67.881,0.013,67.894,68.783,329,12225536
"benchmark-example:dna-extra-8-gpu","bd/dna.100MB",8,262144,1000000,3211,3211,0,0.000,67.881,0.013,67.894,68.783,330,12241431
"benchmark-example:dna-extra-8-gpu","bd/dna.100MB",8,262144,1000000,3211,3211,0,0.000,67.881,0.013,67.894,68.783,331,12247808
"benchmark-example:dna-extra-8-gpu","bd/dna.100MB",8,262144,1000000,3211,3211,0,0.000,67.881,0.013,67.894,68.783,332,12286773
"benchmark-example:dna-extra-8-gpu","bd/dna.100MB",8,262144,1000000,3211,3211,0,0.000,67.881,0.013,67.894,68.783,333,12306955
"benchmark-example:dna-extra-8-gpu","bd/dna.100MB",8,262144,1000000,3211,3211,0,0.000,67.881,0.013,67.894,68.783,334,12312599
"benchmark-example:dna-extra-8-gpu","bd/dna.100MB",8,262144,1000000,3211,3211,0,0.000,67.881,0.013,67.894,68.783,335,12322952
"benchmark-example:dna-extra-8-gpu","bd/dna.100MB",8,262144,1000000,3211,3211,0,0.000,67.881,0.013,67.894,68.783,336,12323609
"benchmark-example:dna-extra-8-gpu","bd/dna.100MB",8,262144,1000000,3211,3211,0,0.000,67.881,0.013,67.894,68.783,337,12432671
"benchmark-example:dna-extra-8-gpu","bd/dna.100MB",8,262144,1000000,3211,3211,0,0.000,67.881,0.013,67.894,68.783,338,12507694
"benchmark-example:dna-extra-8-gpu","bd/dna.100MB",8,262144,1000000,3211,3211,0,0.000,67.881,0.013,67.894,68.783,339,12593500
"benchmark-example:dna-extra-8-gpu","bd/dna.100MB",8,262144,1000000,3211,3211,0,0.000,67.881,0.013,67.894,68.783,340,12596152
"benchmark-example:dna-extra-8-gpu","bd/dna.100MB",8,262144,1000000,3211,3211,0,0.000,67.881,0.013,67.894,68.783,341,12608856
"benchmark-example:dna-extra-8-gpu","bd/dna.100MB",8,262144,1000000,3211,3211,0,0.000,67.881,0.013,67.894,68.783,342,12609755
"benchmark-example:dna-extra-8-gpu","bd/dna.100MB",8,262144,1000000,3211,3211,0,0.000,67.881,0.013,67.894,68.783,343,12622518
"benchmark-example:dna-extra-8-gpu","bd/dna.100MB",8,262144,1000000,3211,3211,0,0.000,67.881,0.013,67.894,68.783,344,12679101
"benchmark-example:dna-extra-8-gpu","bd/dna.100MB",8,262144,1000000,3211,3211,0,0.000,67.881,0.013,67.894,68.783,345,12781478
"benchmark-example:dna-extra-8-gpu","bd/dna.100MB",8,262144,1000000,3211,3211,0,0.000,67.881,0.013,67.894,68.783,346,12781536
"benchmark-example:dna-extra-8-gpu","bd/dna.100MB",8,262144,1000000,3211,3211,0,0.000,67.881,0.013,67.894,68.783,347,12787533
"benchmark-example:dna-extra-8-gpu","bd/dna.100MB",8,262144,1000000,3211,3211,0,0.000,67.881,0.013,67.894,68.783,348,12809438
"benchmark-example:dna-extra-8-gpu","bd/dna.100MB",8,262144,1000000,3211,3211,0,0.000,67.881,0.013,67.894,68.783,349,12886485
"benchmark-example:dna-extra-8-gpu","bd/dna.100MB",8,262144,1000000,3211,3211,0,0.000,67.881,0.013,67.894,68.783,350,12900888
"benchmark-example:dna-extra-8-gpu","bd/dna.100MB",8,262144,1000000,3211,3211,0,0.000,67.881,0.013,67.894,68.783,351,12923848
"benchmark-example:dna-extra-8-gpu","bd/dna.100MB",8,262144,1000000,3211,3211,0,0.000,67.881,0.013,67.894,68.783,352,12945173
"benchmark-example:dna-extra-8-gpu","bd/dna.100MB",8,262144,1000000,3211,3211,0,0.000,67.881,0.013,67.894,68.783,353,12980964
"benchmark-example:dna-extra-8-gpu","bd/dna.100MB",8,262144,1000000,3211,3211,0,0.000,67.881,0.013,67.894,68.783,354,12998568
"benchmark-example:dna-extra-8-gpu","bd/dna.100MB",8,262144,1000000,3211,3211,0,0.000,67.881,0.013,67.894,68.783,355,13072747
"benchmark-example:dna-extra-8-gpu","bd/dna.100MB",8,262144,1000000,3211,3211,0,0.000,67.881,0.013,67.894,68.783,356,13139029
"benchmark-example:dna-extra-8-gpu","bd/dna.100MB",8,262144,1000000,3211,3211,0,0.000,67.881,0.013,67.894,68.783,357,13174304
"benchmark-example:dna-extra-8-gpu","bd/dna.100MB",8,262144,1000000,3211,3211,0,0.000,67.881,0.013,67.894,68.783,358,13254124
"benchmark-example:dna-extra-8-gpu","bd/dna.100MB",8,262144,1000000,3211,3211,0,0.000,67.881,0.013,67.894,68.783,359,13271509
"benchmark-example:dna-extra-8-gpu","bd/dna.100MB",8,262144,1000000,3211,3211,0,0.000,67.881,0.013,67.894,68.783,360,13309627
"benchmark-example:dna-extra-8-gpu","bd/dna.100MB",8,262144,1000000,3211,3211,0,0.000,67.881,0.013,67.894,68.783,361,13344038
"benchmark-example:dna-extra-8-gpu","bd/dna.100MB",8,262144,1000000,3211,3211,0,0.000,67.881,0.013,67.894,68.783,362,13356198
"benchmark-example:dna-extra-8-gpu","bd/dna.100MB",8,262144,1000000,3211,3211,0,0.000,67.881,0.013,67.894,68.783,363,13376559
"benchmark-example:dna-extra-8-gpu","bd/dna.100MB",8,262144,1000000,3211,3211,0,0.000,67.881,0.013,67.894,68.783,364,13383769
"benchmark-example:dna-extra-8-gpu","bd/dna.100MB",8,262144,1000000,3211,3211,0,0.000,67.881,0.013,67.894,68.783,365,13386350
"benchmark-example:dna-extra-8-gpu","bd/dna.100MB",8,262144,1000000,3211,3211,0,0.000,67.881,0.013,67.894,68.783,366,13387935
"benchmark-example:dna-extra-8-gpu","bd/dna.100MB",8,262144,1000000,3211,3211,0,0.000,67.881,0.013,67.894,68.783,367,13477430
"benchmark-example:dna-extra-8-gpu","bd/dna.100MB",8,262144,1000000,3211,3211,0,0.000,67.881,0.013,67.894,68.783,368,13560533
"benchmark-example:dna-extra-8-gpu","bd/dna.100MB",8,262144,1000000,3211,3211,0,0.000,67.881,0.013,67.894,68.783,369,13581566
"benchmark-example:dna-extra-8-gpu","bd/dna.100MB",8,262144,1000000,3211,3211,0,0.000,67.881,0.013,67.894,68.783,370,13592216
"benchmark-example:dna-extra-8-gpu","bd/dna.100MB",8,262144,1000000,3211,3211,0,0.000,67.881,0.013,67.894,68.783,371,13671970
"benchmark-example:dna-extra-8-gpu","bd/dna.100MB",8,262144,1000000,3211,3211,0,0.000,67.881,0.013,67.894,68.783,372,13734416
"benchmark-example:dna-extra-8-gpu","bd/dna.100MB",8,262144,1000000,3211,3211,0,0.000,67.881,0.013,67.894,68.783,373,13762352
"benchmark-example:dna-extra-8-gpu","bd/dna.100MB",8,262144,1000000,3211,3211,0,0.000,67.881,0.013,67.894,68.783,374,13840869
"benchmark-example:dna-extra-8-gpu","bd/dna.100MB",8,262144,1000000,3211,3211,0,0.000,67.881,0.013,67.894,68.783,375,13843724
"benchmark-example:dna-extra-8-gpu","bd/dna.100MB",8,262144,1000000,3211,3211,0,0.000,67.881,0.013,67.894,68.783,376,13883107
"benchmark-example:dna-extra-8-gpu","bd/dna.100MB",8,262144,1000000,3211,3211,0,0.000,67.881,0.013,67.894,68.783,377,13886162
"benchmark-example:dna-extra-8-gpu","bd/dna.100MB",8,262144,1000000,3211,3211,0,0.000,67.881,0.013,67.894,68.783,378,13899320
"benchmark-example:dna-extra-8-gpu","bd/dna.100MB",8,262144,1000000,3211,3211,0,0.000,67.881,0.013,67.894,68.783,379,13951334
"benchmark-example:dna-extra-8-gpu","bd/dna.100MB",8,262144,1000000,3211,3211,0,0.000,67.881,0.013,67.894,68.783,380,13979764
"benchmark-example:dna-extra-8-gpu","bd/dna.100MB",8,262144,1000000,3211,3211,0,0.000,67.881,0.013,67.894,68.783,381,14019419
"benchmark-example:dna-extra-8-gpu","bd/dna.100MB",8,262144,1000000,3211,3211,0,0.000,67.881,0.013,67.894,68.783,382,14025178
"benchmark-example:dna-extra-8-gpu","bd/dna.100MB",8,262144,1000000,3211,3211,0,0.000,67.881,0.013,67.894,68.783,383,14031748
"benchmark-example:dna-extra-8-gpu","bd/dna.100MB",8,262144,1000000,3211,3211,0,0.000,67.881,0.013,67.894,68.783,384,14054748
"benchmark-example:dna-extra-8-gpu","bd/dna.100MB",8,262144,1000000,3211,3211,0,0.000,67.881,0.013,67.894,68.783,385,14069985
"benchmark-example:dna-extra-8-gpu","bd/dna.100MB",8,262144,1000000,3211,3211,0,0.000,67.881,0.013,67.894,68.783,386,14084459
"benchmark-example:dna-extra-8-gpu","bd/dna.100MB",8,262144,1000000,3211,3211,0,0.000,67.881,0.013,67.894,68.783,387,14089778
"benchmark-example:dna-extra-8-gpu","bd/dna.100MB",8,262144,1000000,3211,3211,0,0.000,67.881,0.013,67.894,68.783,388,14104560
"benchmark-example:dna-extra-8-gpu","bd/dna.100MB",8,262144,1000000,3211,3211,0,0.000,67.881,0.013,67.894,68.783,389,14133636
"benchmark-example:dna-extra-8-gpu","bd/dna.100MB",8,262144,1000000,3211,3211,0,0.000,67.881,0.013,67.894,68.783,390,14155418
"benchmark-example:dna-extra-8-gpu","bd/dna.100MB",8,262144,1000000,3211,3211,0,0.000,67.881,0.013,67.894,68.783,391,14186182
"benchmark-example:dna-extra-8-gpu","bd/dna.100MB",8,262144,1000000,3211,3211,0,0.000,67.881,0.013,67.894,68.783,392,14210206
"benchmark-example:dna-extra-8-gpu","bd/dna.100MB",8,262144,1000000,3211,3211,0,0.000,67.881,0.013,67.894,68.783,393,14232778
"benchmark-example:dna-extra-8-gpu","bd/dna.100MB",8,262144,1000000,3211,3211,0,0.000,67.881,0.013,67.894,68.783,394,14246308
"benchmark-example:dna-extra-8-gpu","bd/dna.100MB",8,262144,1000000,3211,3211,0,0.000,67.881,0.013,67.894,68.783,395,14284435
"benchmark-example:dna-extra-8-gpu","bd/dna.100MB",8,262144,1000000,3211,3211,0,0.000,67.881,0.013,67.894,68.783,396,14325612
"benchmark-example:dna-extra-8-gpu","bd/dna.100MB",8,262144,1000000,3211,3211,0,0.000,67.881,0.013,67.894,68.783,397,14334111
"benchmark-example:dna-extra-8-gpu","bd/dna.100MB",8,262144,1000000,3211,3211,0,0.000,67.881,0.013,67.894,68.783,398,14363601
"benchmark-example:dna-extra-8-gpu","bd/dna.100MB",8,262144,1000000,3211,3211,0,0.000,67.881,0.013,67.894,68.783,399,14533329
"benchmark-example:dna-extra-8-gpu","bd/dna.100MB",8,262144,1000000,3211,3211,0,0.000,67.881,0.013,67.894,68.783,400,14537735
"benchmark-example:dna-extra-8-gpu","bd/dna.100MB",8,262144,1000000,3211,3211,0,0.000,67.881,0.013,67.894,68.783,401,14570142
"benchmark-example:dna-extra-8-gpu","bd/dna.100MB",8,262144,1000000,3211,3211,0,0.000,67.881,0.013,67.894,68.783,402,14582022
"benchmark-example:dna-extra-8-gpu","bd/dna.100MB",8,262144,1000000,3211,3211,0,0.000,67.881,0.013,67.894,68.783,403,14670420
"benchmark-example:dna-extra-8-gpu","bd/dna.100MB",8,262144,1000000,3211,3211,0,0.000,67.881,0.013,67.894,68.783,404,14681193
"benchmark-example:dna-extra-8-gpu","bd/dna.100MB",8,262144,1000000,3211,3211,0,0.000,67.881,0.013,67.894,68.783,405,14681568
"benchmark-example:dna-extra-8-gpu","bd/dna.100MB",8,262144,1000000,3211,3211,0,0.000,67.881,0.013,67.894,68.783,406,14742007
"benchmark-example:dna-extra-8-gpu","bd/dna.100MB",8,262144,1000000,3211,3211,0,0.000,67.881,0.013,67.894,68.783,407,14753280
"benchmark-example:dna-extra-8-gpu","bd/dna.100MB",8,262144,1000000,3211,3211,0,0.000,67.881,0.013,67.894,68.783,408,14842822
"benchmark-example:dna-extra-8-gpu","bd/dna.100MB",8,262144,1000000,3211,3211,0,0.000,67.881,0.013,67.894,68.783,409,14866333
"benchmark-example:dna-extra-8-gpu","bd/dna.100MB",8,262144,1000000,3211,3211,0,0.000,67.881,0.013,67.894,68.783,410,14898172
"benchmark-example:dna-extra-8-gpu","bd/dna.100MB",8,262144,1000000,3211,3211,0,0.000,67.881,0.013,67.894,68.783,411,14946469
"benchmark-example:dna-extra-8-gpu","bd/dna.100MB",8,262144,1000000,3211,3211,0,0.000,67.881,0.013,67.894,68.783,412,14947883
"benchmark-example:dna-extra-8-gpu","bd/dna.100MB",8,262144,1000000,3211,3211,0,0.000,67.881,0.013,67.894,68.783,413,14965699
"benchmark-example:dna-extra-8-gpu","bd/dna.100MB",8,262144,1000000,3211,3211,0,0.000,67.881,0.013,67.894,68.783,414,15025584
"benchmark-example:dna-extra-8-gpu","bd/dna.100MB",8,262144,1000000,3211,3211,0,0.000,67.881,0.013,67.894,68.783,415,15057506
"benchmark-example:dna-extra-8-gpu","bd/dna.100MB",8,262144,1000000,3211,3211,0,0.000,67.881,0.013,67.894,68.783,416,15083574
"benchmark-example:dna-extra-8-gpu","bd/dna.100MB",8,262144,1000000,3211,3211,0,0.000,67.881,0.013,67.894,68.783,417,15084083
"benchmark-example:dna-extra-8-gpu","bd/dna.100MB",8,262144,1000000,3211,3211,0,0.000,67.881,0.013,67.894,68.783,418,15143485
"benchmark-example:dna-extra-8-gpu","bd/dna.100MB",8,262144,1000000,3211,3211,0,0.000,67.881,0.013,67.894,68.783,419,15156041
"benchmark-example:dna-extra-8-gpu","bd/dna.100MB",8,262144,1000000,3211,3211,0,0.000,67.881,0.013,67.894,68.783,420,15157937
"benchmark-example:dna-extra-8-gpu","bd/dna.100MB",8,262144,1000000,3211,3211,0,0.000,67.881,0.013,67.894,68.783,421,15209912
"benchmark-example:dna-extra-8-gpu","bd/dna.100MB",8,262144,1000000,3211,3211,0,0.000,67.881,0.013,67.894,68.783,422,15285387
"benchmark-example:dna-extra-8-gpu","bd/dna.100MB",8,262144,1000000,3211,3211,0,0.000,67.881,0.013,67.894,68.783,423,15341222
"benchmark-example:dna-extra-8-gpu","bd/dna.100MB",8,262144,1000000,3211,3211,0,0.000,67.881,0.013,67.894,68.783,424,15381420
"benchmark-example:dna-extra-8-gpu","bd/dna.100MB",8,262144,1000000,3211,3211,0,0.000,67.881,0.013,67.894,68.783,425,15429002
"benchmark-example:dna-extra-8-gpu","bd/dna.100MB",8,262144,1000000,3211,3211,0,0.000,67.881,0.013,67.894,68.783,426,15479519
"benchmark-example:dna-extra-8-gpu","bd/dna.100MB",8,262144,1000000,3211,3211,0,0.000,67.881,0.013,67.894,68.783,427,15538242
"benchmark-example:dna-extra-8-gpu","bd/dna.100MB",8,262144,1000000,3211,3211,0,0.000,67.881,0.013,67.894,68.783,428,15549468
"benchmark-example:dna-extra-8-gpu","bd/dna.100MB",8,262144,1000000,3211,3211,0,0.000,67.881,0.013,67.894,68.783,429,15553201
"benchmark-example:dna-extra-8-gpu","bd/dna.100MB",8,262144,1000000,3211,3211,0,0.000,67.881,0.013,67.894,68.783,430,15571774
"benchmark-example:dna-extra-8-gpu","bd/dna.100MB",8,262144,1000000,3211,3211,0,0.000,67.881,0.013,67.894,68.783,431,15603628
"benchmark-example:dna-extra-8-gpu","bd/dna.100MB",8,262144,1000000,3211,3211,0,0.000,67.881,0.013,67.894,68.783,432,15711550
"benchmark-example:dna-extra-8-gpu","bd/dna.100MB",8,262144,1000000,3211,3211,0,0.000,67.881,0.013,67.894,68.783,433,15739496
"benchmark-example:dna-extra-8-gpu","bd/dna.100MB",8,262144,1000000,3211,3211,0,0.000,67.881,0.013,67.894,68.783,434,15833245
"benchmark-example:dna-extra-8-gpu","bd/dna.100MB",8,262144,1000000,3211,3211,0,0.000,67.881,0.013,67.894,68.783,435,16153235
"benchmark-example:dna-extra-8-gpu","bd/dna.100MB",8,262144,1000000,3211,3211,0,0.000,67.881,0.013,67.894,68.783,436,16182467
"benchmark-example:dna-extra-8-gpu","bd/dna.100MB",8,262144,1000000,3211,3211,0,0.000,67.881,0.013,67.894,68.783,437,16210160
"benchmark-example:dna-extra-8-gpu","bd/dna.100MB",8,262144,1000000,3211,3211,0,0.000,67.881,0.013,67.894,68.783,438,16277779
"benchmark-example:dna-extra-8-gpu","bd/dna.100MB",8,262144,1000000,3211,3211,0,0.000,67.881,0.013,67.894,68.783,439,16378032
"benchmark-example:dna-extra-8-gpu","bd/dna.100MB",8,262144,1000000,3211,3211,0,0.000,67.881,0.013,67.894,68.783,440,16379105
"benchmark-example:dna-extra-8-gpu","bd/dna.100MB",8,262144,1000000,3211,3211,0,0.000,67.881,0.013,67.894,68.783,441,16411296
"benchmark-example:dna-extra-8-gpu","bd/dna.100MB",8,262144,1000000,3211,3211,0,0.000,67.881,0.013,67.894,68.783,442,16413622
"benchmark-example:dna-extra-8-gpu","bd/dna.100MB",8,262144,1000000,3211,3211,0,0.000,67.881,0.013,67.894,68.783,443,16433201
"benchmark-example:dna-extra-8-gpu","bd/dna.100MB",8,262144,1000000,3211,3211,0,0.000,67.881,0.013,67.894,68.783,444,16481335
"benchmark-example:dna-extra-8-gpu","bd/dna.100MB",8,262144,1000000,3211,3211,0,0.000,67.881,0.013,67.894,68.783,445,16536037
"benchmark-example:dna-extra-8-gpu","bd/dna.100MB",8,262144,1000000,3211,3211,0,0.000,67.881,0.013,67.894,68.783,446,16545292
"benchmark-example:dna-extra-8-gpu","bd/dna.100MB",8,262144,1000000,3211,3211,0,0.000,67.881,0.013,67.894,68.783,447,16608529
"benchmark-example:dna-extra-8-gpu","bd/dna.100MB",8,262144,1000000,3211,3211,0,0.000,67.881,0.013,67.894,68.783,448,16624498
"benchmark-example:dna-extra-8-gpu","bd/dna.100MB",8,262144,1000000,3211,3211,0,0.000,67.881,0.013,67.894,68.783,449,16695834
"benchmark-example:dna-extra-8-gpu","bd/dna.100MB",8,262144,1000000,3211,3211,0,0.000,67.881,0.013,67.894,68.783,450,16768067
"benchmark-example:dna-extra-8-gpu","bd/dna.100MB",8,262144,1000000,3211,3211,0,0.000,67.881,0.013,67.894,68.783,451,16813250
"benchmark-example:dna-extra-8-gpu","bd/dna.100MB",8,262144,1000000,3211,3211,0,0.000,67.881,0.013,67.894,68.783,452,16827553
"benchmark-example:dna-extra-8-gpu","bd/dna.100MB",8,262144,1000000,3211,3211,0,0.000,67.881,0.013,67.894,68.783,453,16853377
"benchmark-example:dna-extra-8-gpu","bd/dna.100MB",8,262144,1000000,3211,3211,0,0.000,67.881,0.013,67.894,68.783,454,16897072
"benchmark-example:dna-extra-8-gpu","bd/dna.100MB",8,262144,1000000,3211,3211,0,0.000,67.881,0.013,67.894,68.783,455,16897803
"benchmark-example:dna-extra-8-gpu","bd/dna.100MB",8,262144,1000000,3211,3211,0,0.000,67.881,0.013,67.894,68.783,456,16902010
"benchmark-example:dna-extra-8-gpu","bd/dna.100MB",8,262144,1000000,3211,3211,0,0.000,67.881,0.013,67.894,68.783,457,16923034
"benchmark-example:dna-extra-8-gpu","bd/dna.100MB",8,262144,1000000,3211,3211,0,0.000,67.881,0.013,67.894,68.783,458,16944853
"benchmark-example:dna-extra-8-gpu","bd/dna.100MB",8,262144,1000000,3211,3211,0,0.000,67.881,0.013,67.894,68.783,459,16976998
"benchmark-example:dna-extra-8-gpu","bd/dna.100MB",8,262144,1000000,3211,3211,0,0.000,67.881,0.013,67.894,68.783,460,16991190
"benchmark-example:dna-extra-8-gpu","bd/dna.100MB",8,262144,1000000,3211,3211,0,0.000,67.881,0.013,67.894,68.783,461,17051464
"benchmark-example:dna-extra-8-gpu","bd/dna.100MB",8,262144,1000000,3211,3211,0,0.000,67.881,0.013,67.894,68.783,462,17067789
"benchmark-example:dna-extra-8-gpu","bd/dna.100MB",8,262144,1000000,3211,3211,0,0.000,67.881,0.013,67.894,68.783,463,17160578
"benchmark-example:dna-extra-8-gpu","bd/dna.100MB",8,262144,1000000,3211,3211,0,0.000,67.881,0.013,67.894,68.783,464,17177802
"benchmark-example:dna-extra-8-gpu","bd/dna.100MB",8,262144,1000000,3211,3211,0,0.000,67.881,0.013,67.894,68.783,465,17213568
"benchmark-example:dna-extra-8-gpu","bd/dna.100MB",8,262144,1000000,3211,3211,0,0.000,67.881,0.013,67.894,68.783,466,17230195
"benchmark-example:dna-extra-8-gpu","bd/dna.100MB",8,262144,1000000,3211,3211,0,0.000,67.881,0.013,67.894,68.783,467,17259426
"benchmark-example:dna-extra-8-gpu","bd/dna.100MB",8,262144,1000000,3211,3211,0,0.000,67.881,0.013,67.894,68.783,468,17278031
"benchmark-example:dna-extra-8-gpu","bd/dna.100MB",8,262144,1000000,3211,3211,0,0.000,67.881,0.013,67.894,68.783,469,17321139
"benchmark-example:dna-extra-8-gpu","bd/dna.100MB",8,262144,1000000,3211,3211,0,0.000,67.881,0.013,67.894,68.783,470,17333598
"benchmark-example:dna-extra-8-gpu","bd/dna.100MB",8,262144,1000000,3211,3211,0,0.000,67.881,0.013,67.894,68.783,471,17350521
"benchmark-example:dna-extra-8-gpu","bd/dna.100MB",8,262144,1000000,3211,3211,0,0.000,67.881,0.013,67.894,68.783,472,17352551
"benchmark-example:dna-extra-8-gpu","bd/dna.100MB",8,262144,1000000,3211,3211,0,0.000,67.881,0.013,67.894,68.783,473,17365085
"benchmark-example:dna-extra-8-gpu","bd/dna.100MB",8,262144,1000000,3211,3211,0,0.000,67.881,0.013,67.894,68.783,474,17375553
"benchmark-example:dna-extra-8-gpu","bd/dna.100MB",8,262144,1000000,3211,3211,0,0.000,67.881,0.013,67.894,68.783,475,17388476
"benchmark-example:dna-extra-8-gpu","bd/dna.100MB",8,262144,1000000,3211,3211,0,0.000,67.881,0.013,67.894,68.783,476,17441068
"benchmark-example:dna-extra-8-gpu","bd/dna.100MB",8,262144,1000000,3211,3211,0,0.000,67.881,0.013,67.894,68.783,477,17447216
"benchmark-example:dna-extra-8-gpu","bd/dna.100MB",8,262144,1000000,3211,3211,0,0.000,67.881,0.013,67.894,68.783,478,17490937
"benchmark-example:dna-extra-8-gpu","bd/dna.100MB",8,262144,1000000,3211,3211,0,0.000,67.881,0.013,67.894,68.783,479,17521083
"benchmark-example:dna-extra-8-gpu","bd/dna.100MB",8,262144,1000000,3211,3211,0,0.000,67.881,0.013,67.894,68.783,480,17534722
"benchmark-example:dna-extra-8-gpu","bd/dna.100MB",8,262144,1000000,3211,3211,0,0.000,67.881,0.013,67.894,68.783,481,17600718
"benchmark-example:dna-extra-8-gpu","bd/dna.100MB",8,262144,1000000,3211,3211,0,0.000,67.881,0.013,67.894,68.783,482,17615870
"benchmark-example:dna-extra-8-gpu","bd/dna.100MB",8,262144,1000000,3211,3211,0,0.000,67.881,0.013,67.894,68.783,483,17659634
"benchmark-example:dna-extra-8-gpu","bd/dna.100MB",8,262144,1000000,3211,3211,0,0.000,67.881,0.013,67.894,68.783,484,17718043
"benchmark-example:dna-extra-8-gpu","bd/dna.100MB",8,262144,1000000,3211,3211,0,0.000,67.881,0.013,67.894,68.783,485,17801525
"benchmark-example:dna-extra-8-gpu","bd/dna.100MB",8,262144,1000000,3211,3211,0,0.000,67.881,0.013,67.894,68.783,486,17969784
"benchmark-example:dna-extra-8-gpu","bd/dna.100MB",8,262144,1000000,3211,3211,0,0.000,67.881,0.013,67.894,68.783,487,18166862
"benchmark-example:dna-extra-8-gpu","bd/dna.100MB",8,262144,1000000,3211,3211,0,0.000,67.881,0.013,67.894,68.783,488,18170524
"benchmark-example:dna-extra-8-gpu","bd/dna.100MB",8,262144,1000000,3211,3211,0,0.000,67.881,0.013,67.894,68.783,489,18202952
"benchmark-example:dna-extra-8-gpu","bd/dna.100MB",8,262144,1000000,3211,3211,0,0.000,67.881,0.013,67.894,68.783,490,18217764
"benchmark-example:dna-extra-8-gpu","bd/dna.100MB",8,262144,1000000,3211,3211,0,0.000,67.881,0.013,67.894,68.783,491,18245350
"benchmark-example:dna-extra-8-gpu","bd/dna.100MB",8,262144,1000000,3211,3211,0,0.000,67.881,0.013,67.894,68.783,492,18282778
"benchmark-example:dna-extra-8-gpu","bd/dna.100MB",8,262144,1000000,3211,3211,0,0.000,67.881,0.013,67.894,68.783,493,18303077
"benchmark-example:dna-extra-8-gpu","bd/dna.100MB",8,262144,1000000,3211,3211,0,0.000,67.881,0.013,67.894,68.783,494,18393672
"benchmark-example:dna-extra-8-gpu","bd/dna.100MB",8,262144,1000000,3211,3211,0,0.000,67.881,0.013,67.894,68.783,495,18395708
"benchmark-example:dna-extra-8-gpu","bd/dna.100MB",8,262144,1000000,3211,3211,0,0.000,67.881,0.013,67.894,68.783,496,18442187
"benchmark-example:dna-extra-8-gpu","bd/dna.100MB",8,262144,1000000,3211,3211,0,0.000,67.881,0.013,67.894,68.783,497,18471601
"benchmark-example:dna-extra-8-gpu","bd/dna.100MB",8,262144,1000000,3211,3211,0,0.000,67.881,0.013,67.894,68.783,498,18473349
"benchmark-example:dna-extra-8-gpu","bd/dna.100MB",8,262144,1000000,3211,3211,0,0.000,67.881,0.013,67.894,68.783,499,18497163
"benchmark-example:dna-extra-8-gpu","bd/dna.100MB",8,262144,1000000,3211,3211,0,0.000,67.881,0.013,67.894,68.783,500,18610867
"benchmark-example:dna-extra-8-gpu","bd/dna.100MB",8,262144,1000000,3211,3211,0,0.000,67.881,0.013,67.894,68.783,501,18683871
"benchmark-example:dna-extra-8-gpu","bd/dna.100MB",8,262144,1000000,3211,3211,0,0.000,67.881,0.013,67.894,68.783,502,18763488
"benchmark-example:dna-extra-8-gpu","bd/dna.100MB",8,262144,1000000,3211,3211,0,0.000,67.881,0.013,67.894,68.783,503,18786830
"benchmark-example:dna-extra-8-gpu","bd/dna.100MB",8,262144,1000000,3211,3211,0,0.000,67.881,0.013,67.894,68.783,504,18853681
"benchmark-example:dna-extra-8-gpu","bd/dna.100MB",8,262144,1000000,3211,3211,0,0.000,67.881,0.013,67.894,68.783,505,18863072
"benchmark-example:dna-extra-8-gpu","bd/dna.100MB",8,262144,1000000,3211,3211,0,0.000,67.881,0.013,67.894,68.783,506,18867539
"benchmark-example:dna-extra-8-gpu","bd/dna.100MB",8,262144,1000000,3211,3211,0,0.000,67.881,0.013,67.894,68.783,507,18873282
"benchmark-example:dna-extra-8-gpu","bd/dna.100MB",8,262144,1000000,3211,3211,0,0.000,67.881,0.013,67.894,68.783,508,18881637
"benchmark-example:dna-extra-8-gpu","bd/dna.100MB",8,262144,1000000,3211,3211,0,0.000,67.881,0.013,67.894,68.783,509,18956540
"benchmark-example:dna-extra-8-gpu","bd/dna.100MB",8,262144,1000000,3211,3211,0,0.000,67.881,0.013,67.894,68.783,510,18988237
"benchmark-example:dna-extra-8-gpu","bd/dna.100MB",8,262144,1000000,3211,3211,0,0.000,67.881,0.013,67.894,68.783,511,19017078
"benchmark-example:dna-extra-8-gpu","bd/dna.100MB",8,262144,1000000,3211,3211,0,0.000,67.881,0.013,67.894,68.783,512,19052589
"benchmark-example:dna-extra-8-gpu","bd/dna.100MB",8,262144,1000000,3211,3211,0,0.000,67.881,0.013,67.894,68.783,513,19069839
"benchmark-example:dna-extra-8-gpu","bd/dna.100MB",8,262144,1000000,3211,3211,0,0.000,67.881,0.013,67.894,68.783,514,19074391
"benchmark-example:dna-extra-8-gpu","bd/dna.100MB",8,262144,1000000,3211,3211,0,0.000,67.881,0.013,67.894,68.783,515,19094341
"benchmark-example:dna-extra-8-gpu","bd/dna.100MB",8,262144,1000000,3211,3211,0,0.000,67.881,0.013,67.894,68.783,516,19133589
"benchmark-example:dna-extra-8-gpu","bd/dna.100MB",8,262144,1000000,3211,3211,0,0.000,67.881,0.013,67.894,68.783,517,19156622
"benchmark-example:dna-extra-8-gpu","bd/dna.100MB",8,262144,1000000,3211,3211,0,0.000,67.881,0.013,67.894,68.783,518,19188349
"benchmark-example:dna-extra-8-gpu","bd/dna.100MB",8,262144,1000000,3211,3211,0,0.000,67.881,0.013,67.894,68.783,519,19214502
"benchmark-example:dna-extra-8-gpu","bd/dna.100MB",8,262144,1000000,3211,3211,0,0.000,67.881,0.013,67.894,68.783,520,19250469
"benchmark-example:dna-extra-8-gpu","bd/dna.100MB",8,262144,1000000,3211,3211,0,0.000,67.881,0.013,67.894,68.783,521,19292214
"benchmark-example:dna-extra-8-gpu","bd/dna.100MB",8,262144,1000000,3211,3211,0,0.000,67.881,0.013,67.894,68.783,522,19315804
"benchmark-example:dna-extra-8-gpu","bd/dna.100MB",8,262144,1000000,3211,3211,0,0.000,67.881,0.013,67.894,68.783,523,19345777
"benchmark-example:dna-extra-8-gpu","bd/dna.100MB",8,262144,1000000,3211,3211,0,0.000,67.881,0.013,67.894,68.783,524,19352176
"benchmark-example:dna-extra-8-gpu","bd/dna.100MB",8,262144,1000000,3211,3211,0,0.000,67.881,0.013,67.894,68.783,525,19370491
"benchmark-example:dna-extra-8-gpu","bd/dna.100MB",8,262144,1000000,3211,3211,0,0.000,67.881,0.013,67.894,68.783,526,19480764
"benchmark-example:dna-extra-8-gpu","bd/dna.100MB",8,262144,1000000,3211,3211,0,0.000,67.881,0.013,67.894,68.783,527,19499006
"benchmark-example:dna-extra-8-gpu","bd/dna.100MB",8,262144,1000000,3211,3211,0,0.000,67.881,0.013,67.894,68.783,528,19499203
"benchmark-example:dna-extra-8-gpu","bd/dna.100MB",8,262144,1000000,3211,3211,0,0.000,67.881,0.013,67.894,68.783,529,19556157
"benchmark-example:dna-extra-8-gpu","bd/dna.100MB",8,262144,1000000,3211,3211,0,0.000,67.881,0.013,67.894,68.783,530,19596861
"benchmark-example:dna-extra-8-gpu","bd/dna.100MB",8,262144,1000000,3211,3211,0,0.000,67.881,0.013,67.894,68.783,531,19627858
"benchmark-example:dna-extra-8-gpu","bd/dna.100MB",8,262144,1000000,3211,3211,0,0.000,67.881,0.013,67.894,68.783,532,19661477
"benchmark-example:dna-extra-8-gpu","bd/dna.100MB",8,262144,1000000,3211,3211,0,0.000,67.881,0.013,67.894,68.783,533,19751915
"benchmark-example:dna-extra-8-gpu","bd/dna.100MB",8,262144,1000000,3211,3211,0,0.000,67.881,0.013,67.894,68.783,534,19788171
"benchmark-example:dna-extra-8-gpu","bd/dna.100MB",8,262144,1000000,3211,3211,0,0.000,67.881,0.013,67.894,68.783,535,19791777
"benchmark-example:dna-extra-8-gpu","bd/dna.100MB",8,262144,1000000,3211,3211,0,0.000,67.881,0.013,67.894,68.783,536,19809043
"benchmark-example:dna-extra-8-gpu","bd/dna.100MB",8,262144,1000000,3211,3211,0,0.000,67.881,0.013,67.894,68.783,537,19826431
"benchmark-example:dna-extra-8-gpu","bd/dna.100MB",8,262144,1000000,3211,3211,0,0.000,67.881,0.013,67.894,68.783,538,19827027
"benchmark-example:dna-extra-8-gpu","bd/dna.100MB",8,262144,1000000,3211,3211,0,0.000,67.881,0.013,67.894,68.783,539,19876465
"benchmark-example:dna-extra-8-gpu","bd/dna.100MB",8,262144,1000000,3211,3211,0,0.000,67.881,0.013,67.894,68.783,540,19877951
"benchmark-example:dna-extra-8-gpu","bd/dna.100MB",8,262144,1000000,3211,3211,0,0.000,67.881,0.013,67.894,68.783,541,19915728
"benchmark-example:dna-extra-8-gpu","bd/dna.100MB",8,262144,1000000,3211,3211,0,0.000,67.881,0.013,67.894,68.783,542,19918281
"benchmark-example:dna-extra-8-gpu","bd/dna.100MB",8,262144,1000000,3211,3211,0,0.000,67.881,0.013,67.894,68.783,543,19937427
"benchmark-example:dna-extra-8-gpu","bd/dna.100MB",8,262144,1000000,3211,3211,0,0.000,67.881,0.013,67.894,68.783,544,19989614
"benchmark-example:dna-extra-8-gpu","bd/dna.100MB",8,262144,1000000,3211,3211,0,0.000,67.881,0.013,67.894,68.783,545,20034109
"benchmark-example:dna-extra-8-gpu","bd/dna.100MB",8,262144,1000000,3211,3211,0,0.000,67.881,0.013,67.894,68.783,546,20118008
"benchmark-example:dna-extra-8-gpu","bd/dna.100MB",8,262144,1000000,3211,3211,0,0.000,67.881,0.013,67.894,68.783,547,20160130
"benchmark-example:dna-extra-8-gpu","bd/dna.100MB",8,262144,1000000,3211,3211,0,0.000,67.881,0.013,67.894,68.783,548,20179171
"benchmark-example:dna-extra-8-gpu","bd/dna.100MB",8,262144,1000000,3211,3211,0,0.000,67.881,0.013,67.894,68.783,549,20208329
"benchmark-example:dna-extra-8-gpu","bd/dna.100MB",8,262144,1000000,3211,3211,0,0.000,67.881,0.013,67.894,68.783,550,20245649
"benchmark-example:dna-extra-8-gpu","bd/dna.100MB",8,262144,1000000,3211,3211,0,0.000,67.881,0.013,67.894,68.783,551,20256522
"benchmark-example:dna-extra-8-gpu","bd/dna.100MB",8,262144,1000000,3211,3211,0,0.000,67.881,0.013,67.894,68.783,552,20289063
"benchmark-example:dna-extra-8-gpu","bd/dna.100MB",8,262144,1000000,3211,3211,0,0.000,67.881,0.013,67.894,68.783,553,20289416
"benchmark-example:dna-extra-8-gpu","bd/dna.100MB",8,262144,1000000,3211,3211,0,0.000,67.881,0.013,67.894,68.783,554,20340261
"benchmark-example:dna-extra-8-gpu","bd/dna.100MB",8,262144,1000000,3211,3211,0,0.000,67.881,0.013,67.894,68.783,555,20382392
"benchmark-example:dna-extra-8-gpu","bd/dna.100MB",8,262144,1000000,3211,3211,0,0.000,67.881,0.013,67.894,68.783,556,20480438
"benchmark-example:dna-extra-8-gpu","bd/dna.100MB",8,262144,1000000,3211,3211,0,0.000,67.881,0.013,67.894,68.783,557,20489810
"benchmark-example:dna-extra-8-gpu","bd/dna.100MB",8,262144,1000000,3211,3211,0,0.000,67.881,0.013,67.894,68.783,558,20517758
"benchmark-example:dna-extra-8-gpu","bd/dna.100MB",8,262144,1000000,3211,3211,0,0.000,67.881,0.013,67.894,68.783,559,20575943
"benchmark-example:dna-extra-8-gpu","bd/dna.100MB",8,262144,1000000,3211,3211,0,0.000,67.881,0.013,67.894,68.783,560,20611663
"benchmark-example:dna-extra-8-gpu","bd/dna.100MB",8,262144,1000000,3211,3211,0,0.000,67.881,0.013,67.894,68.783,561,20671544
"benchmark-example:dna-extra-8-gpu","bd/dna.100MB",8,262144,1000000,3211,3211,0,0.000,67.881,0.013,67.894,68.783,562,20704217
"benchmark-example:dna-extra-8-gpu","bd/dna.100MB",8,262144,1000000,3211,3211,0,0.000,67.881,0.013,67.894,68.783,563,20743632
"benchmark-example:dna-extra-8-gpu","bd/dna.100MB",8,262144,1000000,3211,3211,0,0.000,67.881,0.013,67.894,68.783,564,20743739
"benchmark-example:dna-extra-8-gpu","bd/dna.100MB",8,262144,1000000,3211,3211,0,0.000,67.881,0.013,67.894,68.783,565,20755898
"benchmark-example:dna-extra-8-gpu","bd/dna.100MB",8,262144,1000000,3211,3211,0,0.000,67.881,0.013,67.894,68.783,566,20787123
"benchmark-example:dna-extra-8-gpu","bd/dna.100MB",8,262144,1000000,3211,3211,0,0.000,67.881,0.013,67.894,68.783,567,20842457
"benchmark-example:dna-extra-8-gpu","bd/dna.100MB",8,262144,1000000,3211,3211,0,0.000,67.881,0.013,67.894,68.783,568,20861714
"benchmark-example:dna-extra-8-gpu","bd/dna.100MB",8,262144,1000000,3211,3211,0,0.000,67.881,0.013,67.894,68.783,569,20890685
"benchmark-example:dna-extra-8-gpu","bd/dna.100MB",8,262144,1000000,3211,3211,0,0.000,67.881,0.013,67.894,68.783,570,20899767
"benchmark-example:dna-extra-8-gpu","bd/dna.100MB",8,262144,1000000,3211,3211,0,0.000,67.881,0.013,67.894,68.783,571,20900096
"benchmark-example:dna-extra-8-gpu","bd/dna.100MB",8,262144,1000000,3211,3211,0,0.000,67.881,0.013,67.894,68.783,572,20918879
"benchmark-example:dna-extra-8-gpu","bd/dna.100MB",8,262144,1000000,3211,3211,0,0.000,67.881,0.013,67.894,68.783,573,20962119
"benchmark-example:dna-extra-8-gpu","bd/dna.100MB",8,262144,1000000,3211,3211,0,0.000,67.881,0.013,67.894,68.783,574,21066664
"benchmark-example:dna-extra-8-gpu","bd/dna.100MB",8,262144,1000000,3211,3211,0,0.000,67.881,0.013,67.894,68.783,575,21090644
"benchmark-example:dna-extra-8-gpu","bd/dna.100MB",8,262144,1000000,3211,3211,0,0.000,67.881,0.013,67.894,68.783,576,21101049
"benchmark-example:dna-extra-8-gpu","bd/dna.100MB",8,262144,1000000,3211,3211,0,0.000,67.881,0.013,67.894,68.783,577,21137063
"benchmark-example:dna-extra-8-gpu","bd/dna.100MB",8,262144,1000000,3211,3211,0,0.000,67.881,0.013,67.894,68.783,578,21167540
"benchmark-example:dna-extra-8-gpu","bd/dna.100MB",8,262144,1000000,3211,3211,0,0.000,67.881,0.013,67.894,68.783,579,21172908
"benchmark-example:dna-extra-8-gpu","bd/dna.100MB",8,262144,1000000,3211,3211,0,0.000,67.881,0.013,67.894,68.783,580,21176759
"benchmark-example:dna-extra-8-gpu","bd/dna.100MB",8,262144,1000000,3211,3211,0,0.000,67.881,0.013,67.894,68.783,581,21268334
"benchmark-example:dna-extra-8-gpu","bd/dna.100MB",8,262144,1000000,3211,3211,0,0.000,67.881,0.013,67.894,68.783,582,21298527
"benchmark-example:dna-extra-8-gpu","bd/dna.100MB",8,262144,1000000,3211,3211,0,0.000,67.881,0.013,67.894,68.783,583,21315977
"benchmark-example:dna-extra-8-gpu","bd/dna.100MB",8,262144,1000000,3211,3211,0,0.000,67.881,0.013,67.894,68.783,584,21322702
"benchmark-example:dna-extra-8-gpu","bd/dna.100MB",8,262144,1000000,3211,3211,0,0.000,67.881,0.013,67.894,68.783,585,21324126
"benchmark-example:dna-extra-8-gpu","bd/dna.100MB",8,262144,1000000,3211,3211,0,0.000,67.881,0.013,67.894,68.783,586,21330372
"benchmark-example:dna-extra-8-gpu","bd/dna.100MB",8,262144,1000000,3211,3211,0,0.000,67.881,0.013,67.894,68.783,587,21331427
"benchmark-example:dna-extra-8-gpu","bd/dna.100MB",8,262144,1000000,3211,3211,0,0.000,67.881,0.013,67.894,68.783,588,21349655
"benchmark-example:dna-extra-8-gpu","bd/dna.100MB",8,262144,1000000,3211,3211,0,0.000,67.881,0.013,67.894,68.783,589,21357023
"benchmark-example:dna-extra-8-gpu","bd/dna.100MB",8,262144,1000000,3211,3211,0,0.000,67.881,0.013,67.894,68.783,590,21401679
"benchmark-example:dna-extra-8-gpu","bd/dna.100MB",8,262144,1000000,3211,3211,0,0.000,67.881,0.013,67.894,68.783,591,21410809
"benchmark-example:dna-extra-8-gpu","bd/dna.100MB",8,262144,1000000,3211,3211,0,0.000,67.881,0.013,67.894,68.783,592,21445513
"benchmark-example:dna-extra-8-gpu","bd/dna.100MB",8,262144,1000000,3211,3211,0,0.000,67.881,0.013,67.894,68.783,593,21476649
"benchmark-example:dna-extra-8-gpu","bd/dna.100MB",8,262144,1000000,3211,3211,0,0.000,67.881,0.013,67.894,68.783,594,21480281
"benchmark-example:dna-extra-8-gpu","bd/dna.100MB",8,262144,1000000,3211,3211,0,0.000,67.881,0.013,67.894,68.783,595,21490845
"benchmark-example:dna-extra-8-gpu","bd/dna.100MB",8,262144,1000000,3211,3211,0,0.000,67.881,0.013,67.894,68.783,596,21493100
"benchmark-example:dna-extra-8-gpu","bd/dna.100MB",8,262144,1000000,3211,3211,0,0.000,67.881,0.013,67.894,68.783,597,21500921
"benchmark-example:dna-extra-8-gpu","bd/dna.100MB",8,262144,1000000,3211,3211,0,0.000,67.881,0.013,67.894,68.783,598,21578146
"benchmark-example:dna-extra-8-gpu","bd/dna.100MB",8,262144,1000000,3211,3211,0,0.000,67.881,0.013,67.894,68.783,599,21581819
"benchmark-example:dna-extra-8-gpu","bd/dna.100MB",8,262144,1000000,3211,3211,0,0.000,67.881,0.013,67.894,68.783,600,21592183
"benchmark-example:dna-extra-8-gpu","bd/dna.100MB",8,262144,1000000,3211,3211,0,0.000,67.881,0.013,67.894,68.783,601,21601326
"benchmark-example:dna-extra-8-gpu","bd/dna.100MB",8,262144,1000000,3211,3211,0,0.000,67.881,0.013,67.894,68.783,602,21611581
"benchmark-example:dna-extra-8-gpu","bd/dna.100MB",8,262144,1000000,3211,3211,0,0.000,67.881,0.013,67.894,68.783,603,21664452
"benchmark-example:dna-extra-8-gpu","bd/dna.100MB",8,262144,1000000,3211,3211,0,0.000,67.881,0.013,67.894,68.783,604,21669803
"benchmark-example:dna-extra-8-gpu","bd/dna.100MB",8,262144,1000000,3211,3211,0,0.000,67.881,0.013,67.894,68.783,605,21676252
"benchmark-example:dna-extra-8-gpu","bd/dna.100MB",8,262144,1000000,3211,3211,0,0.000,67.881,0.013,67.894,68.783,606,21678217
"benchmark-example:dna-extra-8-gpu","bd/dna.100MB",8,262144,1000000,3211,3211,0,0.000,67.881,0.013,67.894,68.783,607,21687236
"benchmark-example:dna-extra-8-gpu","bd/dna.100MB",8,262144,1000000,3211,3211,0,0.000,67.881,0.013,67.894,68.783,608,21726636
"benchmark-example:dna-extra-8-gpu","bd/dna.100MB",8,262144,1000000,3211,3211,0,0.000,67.881,0.013,67.894,68.783,609,21741706
"benchmark-example:dna-extra-8-gpu","bd/dna.100MB",8,262144,1000000,3211,3211,0,0.000,67.881,0.013,67.894,68.783,610,21754362
"benchmark-example:dna-extra-8-gpu","bd/dna.100MB",8,262144,1000000,3211,3211,0,0.000,67.881,0.013,67.894,68.783,611,21771570
"benchmark-example:dna-extra-8-gpu","bd/dna.100MB",8,262144,1000000,3211,3211,0,0.000,67.881,0.013,67.894,68.783,612,21782234
"benchmark-example:dna-extra-8-gpu","bd/dna.100MB",8,262144,1000000,3211,3211,0,0.000,67.881,0.013,67.894,68.783,613,21910428
"benchmark-example:dna-extra-8-gpu","bd/dna.100MB",8,262144,1000000,3211,3211,0,0.000,67.881,0.013,67.894,68.783,614,21934978
"benchmark-example:dna-extra-8-gpu","bd/dna.100MB",8,262144,1000000,3211,3211,0,0.000,67.881,0.013,67.894,68.783,615,21959312
"benchmark-example:dna-extra-8-gpu","bd/dna.100MB",8,262144,1000000,3211,3211,0,0.000,67.881,0.013,67.894,68.783,616,21967851
"benchmark-example:dna-extra-8-gpu","bd/dna.100MB",8,262144,1000000,3211,3211,0,0.000,67.881,0.013,67.894,68.783,617,21984813
"benchmark-example:dna-extra-8-gpu","bd/dna.100MB",8,262144,1000000,3211,3211,0,0.000,67.881,0.013,67.894,68.783,618,21992860
"benchmark-example:dna-extra-8-gpu","bd/dna.100MB",8,262144,1000000,3211,3211,0,0.000,67.881,0.013,67.894,68.783,619,22008964
"benchmark-example:dna-extra-8-gpu","bd/dna.100MB",8,262144,1000000,3211,3211,0,0.000,67.881,0.013,67.894,68.783,620,22076256
"benchmark-example:dna-extra-8-gpu","bd/dna.100MB",8,262144,1000000,3211,3211,0,0.000,67.881,0.013,67.894,68.783,621,22086345
"benchmark-example:dna-extra-8-gpu","bd/dna.100MB",8,262144,1000000,3211,3211,0,0.000,67.881,0.013,67.894,68.783,622,22150959
"benchmark-example:dna-extra-8-gpu","bd/dna.100MB",8,262144,1000000,3211,3211,0,0.000,67.881,0.013,67.894,68.783,623,22157039
"benchmark-example:dna-extra-8-gpu","bd/dna.100MB",8,262144,1000000,3211,3211,0,0.000,67.881,0.013,67.894,68.783,624,22165495
"benchmark-example:dna-extra-8-gpu","bd/dna.100MB",8,262144,1000000,3211,3211,0,0.000,67.881,0.013,67.894,68.783,625,22200170
"benchmark-example:dna-extra-8-gpu","bd/dna.100MB",8,262144,1000000,3211,3211,0,0.000,67.881,0.013,67.894,68.783,626,22214556
"benchmark-example:dna-extra-8-gpu","bd/dna.100MB",8,262144,1000000,3211,3211,0,0.000,67.881,0.013,67.894,68.783,627,22278805
"benchmark-example:dna-extra-8-gpu","bd/dna.100MB",8,262144,1000000,3211,3211,0,0.000,67.881,0.013,67.894,68.783,628,22452167
"benchmark-example:dna-extra-8-gpu","bd/dna.100MB",8,262144,1000000,3211,3211,0,0.000,67.881,0.013,67.894,68.783,629,22497162
"benchmark-example:dna-extra-8-gpu","bd/dna.100MB",8,262144,1000000,3211,3211,0,0.000,67.881,0.013,67.894,68.783,630,22534730
"benchmark-example:dna-extra-8-gpu","bd/dna.100MB",8,262144,1000000,3211,3211,0,0.000,67.881,0.013,67.894,68.783,631,22574192
"benchmark-example:dna-extra-8-gpu","bd/dna.100MB",8,262144,1000000,3211,3211,0,0.000,67.881,0.013,67.894,68.783,632,22576423
"benchmark-example:dna-extra-8-gpu","bd/dna.100MB",8,262144,1000000,3211,3211,0,0.000,67.881,0.013,67.894,68.783,633,22587842
"benchmark-example:dna-extra-8-gpu","bd/dna.100MB",8,262144,1000000,3211,3211,0,0.000,67.881,0.013,67.894,68.783,634,22604415
"benchmark-example:dna-extra-8-gpu","bd/dna.100MB",8,262144,1000000,3211,3211,0,0.000,67.881,0.013,67.894,68.783,635,22624204
"benchmark-example:dna-extra-8-gpu","bd/dna.100MB",8,262144,1000000,3211,3211,0,0.000,67.881,0.013,67.894,68.783,636,22626551
"benchmark-example:dna-extra-8-gpu","bd/dna.100MB",8,262144,1000000,3211,3211,0,0.000,67.881,0.013,67.894,68.783,637,22700749
"benchmark-example:dna-extra-8-gpu","bd/dna.100MB",8,262144,1000000,3211,3211,0,0.000,67.881,0.013,67.894,68.783,638,22725893
"benchmark-example:dna-extra-8-gpu","bd/dna.100MB",8,262144,1000000,3211,3211,0,0.000,67.881,0.013,67.894,68.783,639,22743912
"benchmark-example:dna-extra-8-gpu","bd/dna.100MB",8,262144,1000000,3211,3211,0,0.000,67.881,0.013,67.894,68.783,640,22783914
"benchmark-example:dna-extra-8-gpu","bd/dna.100MB",8,262144,1000000,3211,3211,0,0.000,67.881,0.013,67.894,68.783,641,22955707
"benchmark-example:dna-extra-8-gpu","bd/dna.100MB",8,262144,1000000,3211,3211,0,0.000,67.881,0.013,67.894,68.783,642,22975841
"benchmark-example:dna-extra-8-gpu","bd/dna.100MB",8,262144,1000000,3211,3211,0,0.000,67.881,0.013,67.894,68.783,643,22977515
"benchmark-example:dna-extra-8-gpu","bd/dna.100MB",8,262144,1000000,3211,3211,0,0.000,67.881,0.013,67.894,68.783,644,22983493
"benchmark-example:dna-extra-8-gpu","bd/dna.100MB",8,262144,1000000,3211,3211,0,0.000,67.881,0.013,67.894,68.783,645,22991626
"benchmark-example:dna-extra-8-gpu","bd/dna.100MB",8,262144,1000000,3211,3211,0,0.000,67.881,0.013,67.894,68.783,646,23003638
"benchmark-example:dna-extra-8-gpu","bd/dna.100MB",8,262144,1000000,3211,3211,0,0.000,67.881,0.013,67.894,68.783,647,23087880
"benchmark-example:dna-extra-8-gpu","bd/dna.100MB",8,262144,1000000,3211,3211,0,0.000,67.881,0.013,67.894,68.783,648,23211163
"benchmark-example:dna-extra-8-gpu","bd/dna.100MB",8,262144,1000000,3211,3211,0,0.000,67.881,0.013,67.894,68.783,649,23249919
"benchmark-example:dna-extra-8-gpu","bd/dna.100MB",8,262144,1000000,3211,3211,0,0.000,67.881,0.013,67.894,68.783,650,23266253
"benchmark-example:dna-extra-8-gpu","bd/dna.100MB",8,262144,1000000,3211,3211,0,0.000,67.881,0.013,67.894,68.783,651,23269224
"benchmark-example:dna-extra-8-gpu","bd/dna.100MB",8,262144,1000000,3211,3211,0,0.000,67.881,0.013,67.894,68.783,652,23316086
"benchmark-example:dna-extra-8-gpu","bd/dna.100MB",8,262144,1000000,3211,3211,0,0.000,67.881,0.013,67.894,68.783,653,23371795
"benchmark-example:dna-extra-8-gpu","bd/dna.100MB",8,262144,1000000,3211,3211,0,0.000,67.881,0.013,67.894,68.783,654,23413323
"benchmark-example:dna-extra-8-gpu","bd/dna.100MB",8,262144,1000000,3211,3211,0,0.000,67.881,0.013,67.894,68.783,655,23419564
"benchmark-example:dna-extra-8-gpu","bd/dna.100MB",8,262144,1000000,3211,3211,0,0.000,67.881,0.013,67.894,68.783,656,23428697
"benchmark-example:dna-extra-8-gpu","bd/dna.100MB",8,262144,1000000,3211,3211,0,0.000,67.881,0.013,67.894,68.783,657,23431819
"benchmark-example:dna-extra-8-gpu","bd/dna.100MB",8,262144,1000000,3211,3211,0,0.000,67.881,0.013,67.894,68.783,658,23436268
"benchmark-example:dna-extra-8-gpu","bd/dna.100MB",8,262144,1000000,3211,3211,0,0.000,67.881,0.013,67.894,68.783,659,23520256
"benchmark-example:dna-extra-8-gpu","bd/dna.100MB",8,262144,1000000,3211,3211,0,0.000,67.881,0.013,67.894,68.783,660,23567121
"benchmark-example:dna-extra-8-gpu","bd/dna.100MB",8,262144,1000000,3211,3211,0,0.000,67.881,0.013,67.894,68.783,661,23608828
"benchmark-example:dna-extra-8-gpu","bd/dna.100MB",8,262144,1000000,3211,3211,0,0.000,67.881,0.013,67.894,68.783,662,23643580
"benchmark-example:dna-extra-8-gpu","bd/dna.100MB",8,262144,1000000,3211,3211,0,0.000,67.881,0.013,67.894,68.783,663,23679403
"benchmark-example:dna-extra-8-gpu","bd/dna.100MB",8,262144,1000000,3211,3211,0,0.000,67.881,0.013,67.894,68.783,664,23729186
"benchmark-example:dna-extra-8-gpu","bd/dna.100MB",8,262144,1000000,3211,3211,0,0.000,67.881,0.013,67.894,68.783,665,23797023
"benchmark-example:dna-extra-8-gpu","bd/dna.100MB",8,262144,1000000,3211,3211,0,0.000,67.881,0.013,67.894,68.783,666,23825800
"benchmark-example:dna-extra-8-gpu","bd/dna.100MB",8,262144,1000000,3211,3211,0,0.000,67.881,0.013,67.894,68.783,667,23876724
"benchmark-example:dna-extra-8-gpu","bd/dna.100MB",8,262144,1000000,3211,3211,0,0.000,67.881,0.013,67.894,68.783,668,23914449
"benchmark-example:dna-extra-8-gpu","bd/dna.100MB",8,262144,1000000,3211,3211,0,0.000,67.881,0.013,67.894,68.783,669,23948887
"benchmark-example:dna-extra-8-gpu","bd/dna.100MB",8,262144,1000000,3211,3211,0,0.000,67.881,0.013,67.894,68.783,670,23949098
"benchmark-example:dna-extra-8-gpu","bd/dna.100MB",8,262144,1000000,3211,3211,0,0.000,67.881,0.013,67.894,68.783,671,23957314
"benchmark-example:dna-extra-8-gpu","bd/dna.100MB",8,262144,1000000,3211,3211,0,0.000,67.881,0.013,67.894,68.783,672,23966506
"benchmark-example:dna-extra-8-gpu","bd/dna.100MB",8,262144,1000000,3211,3211,0,0.000,67.881,0.013,67.894,68.783,673,23974194
"benchmark-example:dna-extra-8-gpu","bd/dna.100MB",8,262144,1000000,3211,3211,0,0.000,67.881,0.013,67.894,68.783,674,24004103
"benchmark-example:dna-extra-8-gpu","bd/dna.100MB",8,262144,1000000,3211,3211,0,0.000,67.881,0.013,67.894,68.783,675,24050056
"benchmark-example:dna-extra-8-gpu","bd/dna.100MB",8,262144,1000000,3211,3211,0,0.000,67.881,0.013,67.894,68.783,676,24139420
"benchmark-example:dna-extra-8-gpu","bd/dna.100MB",8,262144,1000000,3211,3211,0,0.000,67.881,0.013,67.894,68.783,677,24158943
"benchmark-example:dna-extra-8-gpu","bd/dna.100MB",8,262144,1000000,3211,3211,0,0.000,67.881,0.013,67.894,68.783,678,24190226
"benchmark-example:dna-extra-8-gpu","bd/dna.100MB",8,262144,1000000,3211,3211,0,0.000,67.881,0.013,67.894,68.783,679,24213635
"benchmark-example:dna-extra-8-gpu","bd/dna.100MB",8,262144,1000000,3211,3211,0,0.000,67.881,0.013,67.894,68.783,680,24245499
"benchmark-example:dna-extra-8-gpu","bd/dna.100MB",8,262144,1000000,3211,3211,0,0.000,67.881,0.013,67.894,68.783,681,24274804
"benchmark-example:dna-extra-8-gpu","bd/dna.100MB",8,262144,1000000,3211,3211,0,0.000,67.881,0.013,67.894,68.783,682,24282763
"benchmark-example:dna-extra-8-gpu","bd/dna.100MB",8,262144,1000000,3211,3211,0,0.000,67.881,0.013,67.894,68.783,683,24309197
"benchmark-example:dna-extra-8-gpu","bd/dna.100MB",8,262144,1000000,3211,3211,0,0.000,67.881,0.013,67.894,68.783,684,24374355
"benchmark-example:dna-extra-8-gpu","bd/dna.100MB",8,262144,1000000,3211,3211,0,0.000,67.881,0.013,67.894,68.783,685,24392683
"benchmark-example:dna-extra-8-gpu","bd/dna.100MB",8,262144,1000000,3211,3211,0,0.000,67.881,0.013,67.894,68.783,686,24400531
"benchmark-example:dna-extra-8-gpu","bd/dna.100MB",8,262144,1000000,3211,3211,0,0.000,67.881,0.013,67.894,68.783,687,24405651
"benchmark-example:dna-extra-8-gpu","bd/dna.100MB",8,262144,1000000,3211,3211,0,0.000,67.881,0.013,67.894,68.783,688,24429827
"benchmark-example:dna-extra-8-gpu","bd/dna.100MB",8,262144,1000000,3211,3211,0,0.000,67.881,0.013,67.894,68.783,689,24438481
"benchmark-example:dna-extra-8-gpu","bd/dna.100MB",8,262144,1000000,3211,3211,0,0.000,67.881,0.013,67.894,68.783,690,24521822
"benchmark-example:dna-extra-8-gpu","bd/dna.100MB",8,262144,1000000,3211,3211,0,0.000,67.881,0.013,67.894,68.783,691,24535408
"benchmark-example:dna-extra-8-gpu","bd/dna.100MB",8,262144,1000000,3211,3211,0,0.000,67.881,0.013,67.894,68.783,692,24546377
"benchmark-example:dna-extra-8-gpu","bd/dna.100MB",8,262144,1000000,3211,3211,0,0.000,67.881,0.013,67.894,68.783,693,24550183
"benchmark-example:dna-extra-8-gpu","bd/dna.100MB",8,262144,1000000,3211,3211,0,0.000,67.881,0.013,67.894,68.783,694,24555129
"benchmark-example:dna-extra-8-gpu","bd/dna.100MB",8,262144,1000000,3211,3211,0,0.000,67.881,0.013,67.894,68.783,695,24577628
"benchmark-example:dna-extra-8-gpu","bd/dna.100MB",8,262144,1000000,3211,3211,0,0.000,67.881,0.013,67.894,68.783,696,24609242
"benchmark-example:dna-extra-8-gpu","bd/dna.100MB",8,262144,1000000,3211,3211,0,0.000,67.881,0.013,67.894,68.783,697,24636118
"benchmark-example:dna-extra-8-gpu","bd/dna.100MB",8,262144,1000000,3211,3211,0,0.000,67.881,0.013,67.894,68.783,698,24648753
"benchmark-example:dna-extra-8-gpu","bd/dna.100MB",8,262144,1000000,3211,3211,0,0.000,67.881,0.013,67.894,68.783,699,24653704
"benchmark-example:dna-extra-8-gpu","bd/dna.100MB",8,262144,1000000,3211,3211,0,0.000,67.881,0.013,67.894,68.783,700,24672853
"benchmark-example:dna-extra-8-gpu","bd/dna.100MB",8,262144,1000000,3211,3211,0,0.000,67.881,0.013,67.894,68.783,701,24678399
"benchmark-example:dna-extra-8-gpu","bd/dna.100MB",8,262144,1000000,3211,3211,0,0.000,67.881,0.013,67.894,68.783,702,24743960
"benchmark-example:dna-extra-8-gpu","bd/dna.100MB",8,262144,1000000,3211,3211,0,0.000,67.881,0.013,67.894,68.783,703,24750912
"benchmark-example:dna-extra-8-gpu","bd/dna.100MB",8,262144,1000000,3211,3211,0,0.000,67.881,0.013,67.894,68.783,704,24762783
"benchmark-example:dna-extra-8-gpu","bd/dna.100MB",8,262144,1000000,3211,3211,0,0.000,67.881,0.013,67.894,68.783,705,24774245
"benchmark-example:dna-extra-8-gpu","bd/dna.100MB",8,262144,1000000,3211,3211,0,0.000,67.881,0.013,67.894,68.783,706,24797025
"benchmark-example:dna-extra-8-gpu","bd/dna.100MB",8,262144,1000000,3211,3211,0,0.000,67.881,0.013,67.894,68.783,707,24797478
"benchmark-example:dna-extra-8-gpu","bd/dna.100MB",8,262144,1000000,3211,3211,0,0.000,67.881,0.013,67.894,68.783,708,24823816
"benchmark-example:dna-extra-8-gpu","bd/dna.100MB",8,262144,1000000,3211,3211,0,0.000,67.881,0.013,67.894,68.783,709,24836738
"benchmark-example:dna-extra-8-gpu","bd/dna.100MB",8,262144,1000000,3211,3211,0,0.000,67.881,0.013,67.894,68.783,710,24859313
"benchmark-example:dna-extra-8-gpu","bd/dna.100MB",8,262144,1000000,3211,3211,0,0.000,67.881,0.013,67.894,68.783,711,24875487
"benchmark-example:dna-extra-8-gpu","bd/dna.100MB",8,262144,1000000,3211,3211,0,0.000,67.881,0.013,67.894,68.783,712,24894290
"benchmark-example:dna-extra-8-gpu","bd/dna.100MB",8,262144,1000000,3211,3211,0,0.000,67.881,0.013,67.894,68.783,713,24949619
"benchmark-example:dna-extra-8-gpu","bd/dna.100MB",8,262144,1000000,3211,3211,0,0.000,67.881,0.013,67.894,68.783,714,25011432
"benchmark-example:dna-extra-8-gpu","bd/dna.100MB",8,262144,1000000,3211,3211,0,0.000,67.881,0.013,67.894,68.783,715,25050577
"benchmark-example:dna-extra-8-gpu","bd/dna.100MB",8,262144,1000000,3211,3211,0,0.000,67.881,0.013,67.894,68.783,716,25068136
"benchmark-example:dna-extra-8-gpu","bd/dna.100MB",8,262144,1000000,3211,3211,0,0.000,67.881,0.013,67.894,68.783,717,25086793
"benchmark-example:dna-extra-8-gpu","bd/dna.100MB",8,262144,1000000,3211,3211,0,0.000,67.881,0.013,67.894,68.783,718,25156779
"benchmark-example:dna-extra-8-gpu","bd/dna.100MB",8,262144,1000000,3211,3211,0,0.000,67.881,0.013,67.894,68.783,719,25167984
"benchmark-example:dna-extra-8-gpu","bd/dna.100MB",8,262144,1000000,3211,3211,0,0.000,67.881,0.013,67.894,68.783,720,25177876
"benchmark-example:dna-extra-8-gpu","bd/dna.100MB",8,262144,1000000,3211,3211,0,0.000,67.881,0.013,67.894,68.783,721,25238628
"benchmark-example:dna-extra-8-gpu","bd/dna.100MB",8,262144,1000000,3211,3211,0,0.000,67.881,0.013,67.894,68.783,722,25263388
"benchmark-example:dna-extra-8-gpu","bd/dna.100MB",8,262144,1000000,3211,3211,0,0.000,67.881,0.013,67.894,68.783,723,25349958
"benchmark-example:dna-extra-8-gpu","bd/dna.100MB",8,262144,1000000,3211,3211,0,0.000,67.881,0.013,67.894,68.783,724,25369083
"benchmark-example:dna-extra-8-gpu","bd/dna.100MB",8,262144,1000000,3211,3211,0,0.000,67.881,0.013,67.894,68.783,725,25375419
"benchmark-example:dna-extra-8-gpu","bd/dna.100MB",8,262144,1000000,3211,3211,0,0.000,67.881,0.013,67.894,68.783,726,25385125
"benchmark-example:dna-extra-8-gpu","bd/dna.100MB",8,262144,1000000,3211,3211,0,0.000,67.881,0.013,67.894,68.783,727,25473304
"benchmark-example:dna-extra-8-gpu","bd/dna.100MB",8,262144,1000000,3211,3211,0,0.000,67.881,0.013,67.894,68.783,728,25538104
"benchmark-example:dna-extra-8-gpu","bd/dna.100MB",8,262144,1000000,3211,3211,0,0.000,67.881,0.013,67.894,68.783,729,25538170
"benchmark-example:dna-extra-8-gpu","bd/dna.100MB",8,262144,1000000,3211,3211,0,0.000,67.881,0.013,67.894,68.783,730,25545936
"benchmark-example:dna-extra-8-gpu","bd/dna.100MB",8,262144,1000000,3211,3211,0,0.000,67.881,0.013,67.894,68.783,731,25553587
"benchmark-example:dna-extra-8-gpu","bd/dna.100MB",8,262144,1000000,3211,3211,0,0.000,67.881,0.013,67.894,68.783,732,25592083
"benchmark-example:dna-extra-8-gpu","bd/dna.100MB",8,262144,1000000,3211,3211,0,0.000,67.881,0.013,67.894,68.783,733,25622404
"benchmark-example:dna-extra-8-gpu","bd/dna.100MB",8,262144,1000000,3211,3211,0,0.000,67.881,0.013,67.894,68.783,734,25760834
"benchmark-example:dna-extra-8-gpu","bd/dna.100MB",8,262144,1000000,3211,3211,0,0.000,67.881,0.013,67.894,68.783,735,25762264
"benchmark-example:dna-extra-8-gpu","bd/dna.100MB",8,262144,1000000,3211,3211,0,0.000,67.881,0.013,67.894,68.783,736,25764946
"benchmark-example:dna-extra-8-gpu","bd/dna.100MB",8,262144,1000000,3211,3211,0,0.000,67.881,0.013,67.894,68.783,737,25799053
"benchmark-example:dna-extra-8-gpu","bd/dna.100MB",8,262144,1000000,3211,3211,0,0.000,67.881,0.013,67.894,68.783,738,25998229
"benchmark-example:dna-extra-8-gpu","bd/dna.100MB",8,262144,1000000,3211,3211,0,0.000,67.881,0.013,67.894,68.783,739,26070809
"benchmark-example:dna-extra-8-gpu","bd/dna.100MB",8,262144,1000000,3211,3211,0,0.000,67.881,0.013,67.894,68.783,740,26103315
"benchmark-example:dna-extra-8-gpu","bd/dna.100MB",8,262144,1000000,3211,3211,0,0.000,67.881,0.013,67.894,68.783,741,26250156
"benchmark-example:dna-extra-8-gpu","bd/dna.100MB",8,262144,1000000,3211,3211,0,0.000,67.881,0.013,67.894,68.783,742,26324778
"benchmark-example:dna-extra-8-gpu","bd/dna.100MB",8,262144,1000000,3211,3211,0,0.000,67.881,0.013,67.894,68.783,743,26447837
"benchmark-example:dna-extra-8-gpu","bd/dna.100MB",8,262144,1000000,3211,3211,0,0.000,67.881,0.013,67.894,68.783,744,26493374
"benchmark-example:dna-extra-8-gpu","bd/dna.100MB",8,262144,1000000,3211,3211,0,0.000,67.881,0.013,67.894,68.783,745,26506866
"benchmark-example:dna-extra-8-gpu","bd/dna.100MB",8,262144,1000000,3211,3211,0,0.000,67.881,0.013,67.894,68.783,746,26512873
"benchmark-example:dna-extra-8-gpu","bd/dna.100MB",8,262144,1000000,3211,3211,0,0.000,67.881,0.013,67.894,68.783,747,26561124
"benchmark-example:dna-extra-8-gpu","bd/dna.100MB",8,262144,1000000,3211,3211,0,0.000,67.881,0.013,67.894,68.783,748,26575827
"benchmark-example:dna-extra-8-gpu","bd/dna.100MB",8,262144,1000000,3211,3211,0,0.000,67.881,0.013,67.894,68.783,749,26588368
"benchmark-example:dna-extra-8-gpu","bd/dna.100MB",8,262144,1000000,3211,3211,0,0.000,67.881,0.013,67.894,68.783,750,26616950
"benchmark-example:dna-extra-8-gpu","bd/dna.100MB",8,262144,1000000,3211,3211,0,0.000,67.881,0.013,67.894,68.783,751,26629175
"benchmark-example:dna-extra-8-gpu","bd/dna.100MB",8,262144,1000000,3211,3211,0,0.000,67.881,0.013,67.894,68.783,752,26686866
"benchmark-example:dna-extra-8-gpu","bd/dna.100MB",8,262144,1000000,3211,3211,0,0.000,67.881,0.013,67.894,68.783,753,26696096
"benchmark-example:dna-extra-8-gpu","bd/dna.100MB",8,262144,1000000,3211,3211,0,0.000,67.881,0.013,67.894,68.783,754,26711232
"benchmark-example:dna-extra-8-gpu","bd/dna.100MB",8,262144,1000000,3211,3211,0,0.000,67.881,0.013,67.894,68.783,755,26737493
"benchmark-example:dna-extra-8-gpu","bd/dna.100MB",8,262144,1000000,3211,3211,0,0.000,67.881,0.013,67.894,68.783,756,26790028
"benchmark-example:dna-extra-8-gpu","bd/dna.100MB",8,262144,1000000,3211,3211,0,0.000,67.881,0.013,67.894,68.783,757,26790222
"benchmark-example:dna-extra-8-gpu","bd/dna.100MB",8,262144,1000000,3211,3211,0,0.000,67.881,0.013,67.894,68.783,758,26931678
"benchmark-example:dna-extra-8-gpu","bd/dna.100MB",8,262144,1000000,3211,3211,0,0.000,67.881,0.013,67.894,68.783,759,26955931
"benchmark-example:dna-extra-8-gpu","bd/dna.100MB",8,262144,1000000,3211,3211,0,0.000,67.881,0.013,67.894,68.783,760,26979004
"benchmark-example:dna-extra-8-gpu","bd/dna.100MB",8,262144,1000000,3211,3211,0,0.000,67.881,0.013,67.894,68.783,761,27010745
"benchmark-example:dna-extra-8-gpu","bd/dna.100MB",8,262144,1000000,3211,3211,0,0.000,67.881,0.013,67.894,68.783,762,27059033
"benchmark-example:dna-extra-8-gpu","bd/dna.100MB",8,262144,1000000,3211,3211,0,0.000,67.881,0.013,67.894,68.783,763,27081357
"benchmark-example:dna-extra-8-gpu","bd/dna.100MB",8,262144,1000000,3211,3211,0,0.000,67.881,0.013,67.894,68.783,764,27114923
"benchmark-example:dna-extra-8-gpu","bd/dna.100MB",8,262144,1000000,3211,3211,0,0.000,67.881,0.013,67.894,68.783,765,27167806
"benchmark-example:dna-extra-8-gpu","bd/dna.100MB",8,262144,1000000,3211,3211,0,0.000,67.881,0.013,67.894,68.783,766,27178642
"benchmark-example:dna-extra-8-gpu","bd/dna.100MB",8,262144,1000000,3211,3211,0,0.000,67.881,0.013,67.894,68.783,767,27196953
"benchmark-example:dna-extra-8-gpu","bd/dna.100MB",8,262144,1000000,3211,3211,0,0.000,67.881,0.013,67.894,68.783,768,27237659
"benchmark-example:dna-extra-8-gpu","bd/dna.100MB",8,262144,1000000,3211,3211,0,0.000,67.881,0.013,67.894,68.783,769,27247695
"benchmark-example:dna-extra-8-gpu","bd/dna.100MB",8,262144,1000000,3211,3211,0,0.000,67.881,0.013,67.894,68.783,770,27305121
"benchmark-example:dna-extra-8-gpu","bd/dna.100MB",8,262144,1000000,3211,3211,0,0.000,67.881,0.013,67.894,68.783,771,27314851
"benchmark-example:dna-extra-8-gpu","bd/dna.100MB",8,262144,1000000,3211,3211,0,0.000,67.881,0.013,67.894,68.783,772,27347414
"benchmark-example:dna-extra-8-gpu","bd/dna.100MB",8,262144,1000000,3211,3211,0,0.000,67.881,0.013,67.894,68.783,773,27431544
"benchmark-example:dna-extra-8-gpu","bd/dna.100MB",8,262144,1000000,3211,3211,0,0.000,67.881,0.013,67.894,68.783,774,27471508
"benchmark-example:dna-extra-8-gpu","bd/dna.100MB",8,262144,1000000,3211,3211,0,0.000,67.881,0.013,67.894,68.783,775,27657937
"benchmark-example:dna-extra-8-gpu","bd/dna.100MB",8,262144,1000000,3211,3211,0,0.000,67.881,0.013,67.894,68.783,776,27683808
"benchmark-example:dna-extra-8-gpu","bd/dna.100MB",8,262144,1000000,3211,3211,0,0.000,67.881,0.013,67.894,68.783,777,27747589
"benchmark-example:dna-extra-8-gpu","bd/dna.100MB",8,262144,1000000,3211,3211,0,0.000,67.881,0.013,67.894,68.783,778,27762691
"benchmark-example:dna-extra-8-gpu","bd/dna.100MB",8,262144,1000000,3211,3211,0,0.000,67.881,0.013,67.894,68.783,779,27910017
"benchmark-example:dna-extra-8-gpu","bd/dna.100MB",8,262144,1000000,3211,3211,0,0.000,67.881,0.013,67.894,68.783,780,27943024
"benchmark-example:dna-extra-8-gpu","bd/dna.100MB",8,262144,1000000,3211,3211,0,0.000,67.881,0.013,67.894,68.783,781,27968137
"benchmark-example:dna-extra-8-gpu","bd/dna.100MB",8,262144,1000000,3211,3211,0,0.000,67.881,0.013,67.894,68.783,782,27979684
"benchmark-example:dna-extra-8-gpu","bd/dna.100MB",8,262144,1000000,3211,3211,0,0.000,67.881,0.013,67.894,68.783,783,27999754
"benchmark-example:dna-extra-8-gpu","bd/dna.100MB",8,262144,1000000,3211,3211,0,0.000,67.881,0.013,67.894,68.783,784,28000202
"benchmark-example:dna-extra-8-gpu","bd/dna.100MB",8,262144,1000000,3211,3211,0,0.000,67.881,0.013,67.894,68.783,785,28017609
"benchmark-example:dna-extra-8-gpu","bd/dna.100MB",8,262144,1000000,3211,3211,0,0.000,67.881,0.013,67.894,68.783,786,28026904
"benchmark-example:dna-extra-8-gpu","bd/dna.100MB",8,262144,1000000,3211,3211,0,0.000,67.881,0.013,67.894,68.783,787,28031769
"benchmark-example:dna-extra-8-gpu","bd/dna.100MB",8,262144,1000000,3211,3211,0,0.000,67.881,0.013,67.894,68.783,788,28056580
"benchmark-example:dna-extra-8-gpu","bd/dna.100MB",8,262144,1000000,3211,3211,0,0.000,67.881,0.013,67.894,68.783,789,28058026
"benchmark-example:dna-extra-8-gpu","bd/dna.100MB",8,262144,1000000,3211,3211,0,0.000,67.881,0.013,67.894,68.783,790,28072494
"benchmark-example:dna-extra-8-gpu","bd/dna.100MB",8,262144,1000000,3211,3211,0,0.000,67.881,0.013,67.894,68.783,791,28074728
"benchmark-example:dna-extra-8-gpu","bd/dna.100MB",8,262144,1000000,3211,3211,0,0.000,67.881,0.013,67.894,68.783,792,28136805
"benchmark-example:dna-extra-8-gpu","bd/dna.100MB",8,262144,1000000,3211,3211,0,0.000,67.881,0.013,67.894,68.783,793,28160025
"benchmark-example:dna-extra-8-gpu","bd/dna.100MB",8,262144,1000000,3211,3211,0,0.000,67.881,0.013,67.894,68.783,794,28163600
"benchmark-example:dna-extra-8-gpu","bd/dna.100MB",8,262144,1000000,3211,3211,0,0.000,67.881,0.013,67.894,68.783,795,28169185
"benchmark-example:dna-extra-8-gpu","bd/dna.100MB",8,262144,1000000,3211,3211,0,0.000,67.881,0.013,67.894,68.783,796,28190352
"benchmark-example:dna-extra-8-gpu","bd/dna.100MB",8,262144,1000000,3211,3211,0,0.000,67.881,0.013,67.894,68.783,797,28224314
"benchmark-example:dna-extra-8-gpu","bd/dna.100MB",8,262144,1000000,3211,3211,0,0.000,67.881,0.013,67.894,68.783,798,28298763
"benchmark-example:dna-extra-8-gpu","bd/dna.100MB",8,262144,1000000,3211,3211,0,0.000,67.881,0.013,67.894,68.783,799,28298786
"benchmark-example:dna-extra-8-gpu","bd/dna.100MB",8,262144,1000000,3211,3211,0,0.000,67.881,0.013,67.894,68.783,800,28319818
"benchmark-example:dna-extra-8-gpu","bd/dna.100MB",8,262144,1000000,3211,3211,0,0.000,67.881,0.013,67.894,68.783,801,28369740
"benchmark-example:dna-extra-8-gpu","bd/dna.100MB",8,262144,1000000,3211,3211,0,0.000,67.881,0.013,67.894,68.783,802,28371893
"benchmark-example:dna-extra-8-gpu","bd/dna.100MB",8,262144,1000000,3211,3211,0,0.000,67.881,0.013,67.894,68.783,803,28388058
"benchmark-example:dna-extra-8-gpu","bd/dna.100MB",8,262144,1000000,3211,3211,0,0.000,67.881,0.013,67.894,68.783,804,28423737
"benchmark-example:dna-extra-8-gpu","bd/dna.100MB",8,262144,1000000,3211,3211,0,0.000,67.881,0.013,67.894,68.783,805,28426246
"benchmark-example:dna-extra-8-gpu","bd/dna.100MB",8,262144,1000000,3211,3211,0,0.000,67.881,0.013,67.894,68.783,806,28435014
"benchmark-example:dna-extra-8-gpu","bd/dna.100MB",8,262144,1000000,3211,3211,0,0.000,67.881,0.013,67.894,68.783,807,28436853
"benchmark-example:dna-extra-8-gpu","bd/dna.100MB",8,262144,1000000,3211,3211,0,0.000,67.881,0.013,67.894,68.783,808,28501443
"benchmark-example:dna-extra-8-gpu","bd/dna.100MB",8,262144,1000000,3211,3211,0,0.000,67.881,0.013,67.894,68.783,809,28510931
"benchmark-example:dna-extra-8-gpu","bd/dna.100MB",8,262144,1000000,3211,3211,0,0.000,67.881,0.013,67.894,68.783,810,28514419
"benchmark-example:dna-extra-8-gpu","bd/dna.100MB",8,262144,1000000,3211,3211,0,0.000,67.881,0.013,67.894,68.783,811,28566204
"benchmark-example:dna-extra-8-gpu","bd/dna.100MB",8,262144,1000000,3211,3211,0,0.000,67.881,0.013,67.894,68.783,812,28570836
"benchmark-example:dna-extra-8-gpu","bd/dna.100MB",8,262144,1000000,3211,3211,0,0.000,67.881,0.013,67.894,68.783,813,28589216
"benchmark-example:dna-extra-8-gpu","bd/dna.100MB",8,262144,1000000,3211,3211,0,0.000,67.881,0.013,67.894,68.783,814,28641894
"benchmark-example:dna-extra-8-gpu","bd/dna.100MB",8,262144,1000000,3211,3211,0,0.000,67.881,0.013,67.894,68.783,815,28653280
"benchmark-example:dna-extra-8-gpu","bd/dna.100MB",8,262144,1000000,3211,3211,0,0.000,67.881,0.013,67.894,68.783,816,28723734
"benchmark-example:dna-extra-8-gpu","bd/dna.100MB",8,262144,1000000,3211,3211,0,0.000,67.881,0.013,67.894,68.783,817,28808229
"benchmark-example:dna-extra-8-gpu","bd/dna.100MB",8,262144,1000000,3211,3211,0,0.000,67.881,0.013,67.894,68.783,818,28831568
"benchmark-example:dna-extra-8-gpu","bd/dna.100MB",8,262144,1000000,3211,3211,0,0.000,67.881,0.013,67.894,68.783,819,28836344
"benchmark-example:dna-extra-8-gpu","bd/dna.100MB",8,262144,1000000,3211,3211,0,0.000,67.881,0.013,67.894,68.783,820,28932976
"benchmark-example:dna-extra-8-gpu","bd/dna.100MB",8,262144,1000000,3211,3211,0,0.000,67.881,0.013,67.894,68.783,821,28941918
"benchmark-example:dna-extra-8-gpu","bd/dna.100MB",8,262144,1000000,3211,3211,0,0.000,67.881,0.013,67.894,68.783,822,29008884
"benchmark-example:dna-extra-8-gpu","bd/dna.100MB",8,262144,1000000,3211,3211,0,0.000,67.881,0.013,67.894,68.783,823,29075217
"benchmark-example:dna-extra-8-gpu","bd/dna.100MB",8,262144,1000000,3211,3211,0,0.000,67.881,0.013,67.894,68.783,824,29090990
"benchmark-example:dna-extra-8-gpu","bd/dna.100MB",8,262144,1000000,3211,3211,0,0.000,67.881,0.013,67.894,68.783,825,29144057
"benchmark-example:dna-extra-8-gpu","bd/dna.100MB",8,262144,1000000,3211,3211,0,0.000,67.881,0.013,67.894,68.783,826,29222668
"benchmark-example:dna-extra-8-gpu","bd/dna.100MB",8,262144,1000000,3211,3211,0,0.000,67.881,0.013,67.894,68.783,827,29250336
"benchmark-example:dna-extra-8-gpu","bd/dna.100MB",8,262144,1000000,3211,3211,0,0.000,67.881,0.013,67.894,68.783,828,29264360
"benchmark-example:dna-extra-8-gpu","bd/dna.100MB",8,262144,1000000,3211,3211,0,0.000,67.881,0.013,67.894,68.783,829,29273196
"benchmark-example:dna-extra-8-gpu","bd/dna.100MB",8,262144,1000000,3211,3211,0,0.000,67.881,0.013,67.894,68.783,830,29280898
"benchmark-example:dna-extra-8-gpu","bd/dna.100MB",8,262144,1000000,3211,3211,0,0.000,67.881,0.013,67.894,68.783,831,29324750
"benchmark-example:dna-extra-8-gpu","bd/dna.100MB",8,262144,1000000,3211,3211,0,0.000,67.881,0.013,67.894,68.783,832,29326824
"benchmark-example:dna-extra-8-gpu","bd/dna.100MB",8,262144,1000000,3211,3211,0,0.000,67.881,0.013,67.894,68.783,833,29335982
"benchmark-example:dna-extra-8-gpu","bd/dna.100MB",8,262144,1000000,3211,3211,0,0.000,67.881,0.013,67.894,68.783,834,29336597
"benchmark-example:dna-extra-8-gpu","bd/dna.100MB",8,262144,1000000,3211,3211,0,0.000,67.881,0.013,67.894,68.783,835,29422023
"benchmark-example:dna-extra-8-gpu","bd/dna.100MB",8,262144,1000000,3211,3211,0,0.000,67.881,0.013,67.894,68.783,836,29454692
"benchmark-example:dna-extra-8-gpu","bd/dna.100MB",8,262144,1000000,3211,3211,0,0.000,67.881,0.013,67.894,68.783,837,29456736
"benchmark-example:dna-extra-8-gpu","bd/dna.100MB",8,262144,1000000,3211,3211,0,0.000,67.881,0.013,67.894,68.783,838,29500005
"benchmark-example:dna-extra-8-gpu","bd/dna.100MB",8,262144,1000000,3211,3211,0,0.000,67.881,0.013,67.894,68.783,839,29500867
"benchmark-example:dna-extra-8-gpu","bd/dna.100MB",8,262144,1000000,3211,3211,0,0.000,67.881,0.013,67.894,68.783,840,29500998
"benchmark-example:dna-extra-8-gpu","bd/dna.100MB",8,262144,1000000,3211,3211,0,0.000,67.881,0.013,67.894,68.783,841,29514531
"benchmark-example:dna-extra-8-gpu","bd/dna.100MB",8,262144,1000000,3211,3211,0,0.000,67.881,0.013,67.894,68.783,842,29635864
"benchmark-example:dna-extra-8-gpu","bd/dna.100MB",8,262144,1000000,3211,3211,0,0.000,67.881,0.013,67.894,68.783,843,29650336
"benchmark-example:dna-extra-8-gpu","bd/dna.100MB",8,262144,1000000,3211,3211,0,0.000,67.881,0.013,67.894,68.783,844,29653949
"benchmark-example:dna-extra-8-gpu","bd/dna.100MB",8,262144,1000000,3211,3211,0,0.000,67.881,0.013,67.894,68.783,845,29665255
"benchmark-example:dna-extra-8-gpu","bd/dna.100MB",8,262144,1000000,3211,3211,0,0.000,67.881,0.013,67.894,68.783,846,29725794
"benchmark-example:dna-extra-8-gpu","bd/dna.100MB",8,262144,1000000,3211,3211,0,0.000,67.881,0.013,67.894,68.783,847,29741441
"benchmark-example:dna-extra-8-gpu","bd/dna.100MB",8,262144,1000000,3211,3211,0,0.000,67.881,0.013,67.894,68.783,848,29821680
"benchmark-example:dna-extra-8-gpu","bd/dna.100MB",8,262144,1000000,3211,3211,0,0.000,67.881,0.013,67.894,68.783,849,29827571
"benchmark-example:dna-extra-8-gpu","bd/dna.100MB",8,262144,1000000,3211,3211,0,0.000,67.881,0.013,67.894,68.783,850,29832760
"benchmark-example:dna-extra-8-gpu","bd/dna.100MB",8,262144,1000000,3211,3211,0,0.000,67.881,0.013,67.894,68.783,851,29845393
"benchmark-example:dna-extra-8-gpu","bd/dna.100MB",8,262144,1000000,3211,3211,0,0.000,67.881,0.013,67.894,68.783,852,29925417
"benchmark-example:dna-extra-8-gpu","bd/dna.100MB",8,262144,1000000,3211,3211,0,0.000,67.881,0.013,67.894,68.783,853,29953699
"benchmark-example:dna-extra-8-gpu","bd/dna.100MB",8,262144,1000000,3211,3211,0,0.000,67.881,0.013,67.894,68.783,854,29963531
"benchmark-example:dna-extra-8-gpu","bd/dna.100MB",8,262144,1000000,3211,3211,0,0.000,67.881,0.013,67.894,68.783,855,30036958
"benchmark-example:dna-extra-8-gpu","bd/dna.100MB",8,262144,1000000,3211,3211,0,0.000,67.881,0.013,67.894,68.783,856,30056889
"benchmark-example:dna-extra-8-gpu","bd/dna.100MB",8,262144,1000000,3211,3211,0,0.000,67.881,0.013,67.894,68.783,857,30095935
"benchmark-example:dna-extra-8-gpu","bd/dna.100MB",8,262144,1000000,3211,3211,0,0.000,67.881,0.013,67.894,68.783,858,30105572
"benchmark-example:dna-extra-8-gpu","bd/dna.100MB",8,262144,1000000,3211,3211,0,0.000,67.881,0.013,67.894,68.783,859,30177776
"benchmark-example:dna-extra-8-gpu","bd/dna.100MB",8,262144,1000000,3211,3211,0,0.000,67.881,0.013,67.894,68.783,860,30201530
"benchmark-example:dna-extra-8-gpu","bd/dna.100MB",8,262144,1000000,3211,3211,0,0.000,67.881,0.013,67.894,68.783,861,30218004
"benchmark-example:dna-extra-8-gpu","bd/dna.100MB",8,262144,1000000,3211,3211,0,0.000,67.881,0.013,67.894,68.783,862,30223856
"benchmark-example:dna-extra-8-gpu","bd/dna.100MB",8,262144,1000000,3211,3211,0,0.000,67.881,0.013,67.894,68.783,863,30282938
"benchmark-example:dna-extra-8-gpu","bd/dna.100MB",8,262144,1000000,3211,3211,0,0.000,67.881,0.013,67.894,68.783,864,30348094
"benchmark-example:dna-extra-8-gpu","bd/dna.100MB",8,262144,1000000,3211,3211,0,0.000,67.881,0.013,67.894,68.783,865,30524514
"benchmark-example:dna-extra-8-gpu","bd/dna.100MB",8,262144,1000000,3211,3211,0,0.000,67.881,0.013,67.894,68.783,866,30630446
"benchmark-example:dna-extra-8-gpu","bd/dna.100MB",8,262144,1000000,3211,3211,0,0.000,67.881,0.013,67.894,68.783,867,30657881
"benchmark-example:dna-extra-8-gpu","bd/dna.100MB",8,262144,1000000,3211,3211,0,0.000,67.881,0.013,67.894,68.783,868,30693122
"benchmark-example:dna-extra-8-gpu","bd/dna.100MB",8,262144,1000000,3211,3211,0,0.000,67.881,0.013,67.894,68.783,869,30748903
"benchmark-example:dna-extra-8-gpu","bd/dna.100MB",8,262144,1000000,3211,3211,0,0.000,67.881,0.013,67.894,68.783,870,30781429
"benchmark-example:dna-extra-8-gpu","bd/dna.100MB",8,262144,1000000,3211,3211,0,0.000,67.881,0.013,67.894,68.783,871,30796041
"benchmark-example:dna-extra-8-gpu","bd/dna.100MB",8,262144,1000000,3211,3211,0,0.000,67.881,0.013,67.894,68.783,872,30811730
"benchmark-example:dna-extra-8-gpu","bd/dna.100MB",8,262144,1000000,3211,3211,0,0.000,67.881,0.013,67.894,68.783,873,30815941
"benchmark-example:dna-extra-8-gpu","bd/dna.100MB",8,262144,1000000,3211,3211,0,0.000,67.881,0.013,67.894,68.783,874,30882974
"benchmark-example:dna-extra-8-gpu","bd/dna.100MB",8,262144,1000000,3211,3211,0,0.000,67.881,0.013,67.894,68.783,875,30907092
"benchmark-example:dna-extra-8-gpu","bd/dna.100MB",8,262144,1000000,3211,3211,0,0.000,67.881,0.013,67.894,68.783,876,30926127
"benchmark-example:dna-extra-8-gpu","bd/dna.100MB",8,262144,1000000,3211,3211,0,0.000,67.881,0.013,67.894,68.783,877,30942275
"benchmark-example:dna-extra-8-gpu","bd/dna.100MB",8,262144,1000000,3211,3211,0,0.000,67.881,0.013,67.894,68.783,878,30961299
"benchmark-example:dna-extra-8-gpu","bd/dna.100MB",8,262144,1000000,3211,3211,0,0.000,67.881,0.013,67.894,68.783,879,30968088
"benchmark-example:dna-extra-8-gpu","bd/dna.100MB",8,262144,1000000,3211,3211,0,0.000,67.881,0.013,67.894,68.783,880,30976119
"benchmark-example:dna-extra-8-gpu","bd/dna.100MB",8,262144,1000000,3211,3211,0,0.000,67.881,0.013,67.894,68.783,881,30993385
"benchmark-example:dna-extra-8-gpu","bd/dna.100MB",8,262144,1000000,3211,3211,0,0.000,67.881,0.013,67.894,68.783,882,31107418
"benchmark-example:dna-extra-8-gpu","bd/dna.100MB",8,262144,1000000,3211,3211,0,0.000,67.881,0.013,67.894,68.783,883,31201928
"benchmark-example:dna-extra-8-gpu","bd/dna.100MB",8,262144,1000000,3211,3211,0,0.000,67.881,0.013,67.894,68.783,884,31211369
"benchmark-example:dna-extra-8-gpu","bd/dna.100MB",8,262144,1000000,3211,3211,0,0.000,67.881,0.013,67.894,68.783,885,31389258
"benchmark-example:dna-extra-8-gpu","bd/dna.100MB",8,262144,1000000,3211,3211,0,0.000,67.881,0.013,67.894,68.783,886,31480942
"benchmark-example:dna-extra-8-gpu","bd/dna.100MB",8,262144,1000000,3211,3211,0,0.000,67.881,0.013,67.894,68.783,887,31526981
"benchmark-example:dna-extra-8-gpu","bd/dna.100MB",8,262144,1000000,3211,3211,0,0.000,67.881,0.013,67.894,68.783,888,31553052
"benchmark-example:dna-extra-8-gpu","bd/dna.100MB",8,262144,1000000,3211,3211,0,0.000,67.881,0.013,67.894,68.783,889,31600368
"benchmark-example:dna-extra-8-gpu","bd/dna.100MB",8,262144,1000000,3211,3211,0,0.000,67.881,0.013,67.894,68.783,890,31672804
"benchmark-example:dna-extra-8-gpu","bd/dna.100MB",8,262144,1000000,3211,3211,0,0.000,67.881,0.013,67.894,68.783,891,31674662
"benchmark-example:dna-extra-8-gpu","bd/dna.100MB",8,262144,1000000,3211,3211,0,0.000,67.881,0.013,67.894,68.783,892,31742739
"benchmark-example:dna-extra-8-gpu","bd/dna.100MB",8,262144,1000000,3211,3211,0,0.000,67.881,0.013,67.894,68.783,893,31758725
"benchmark-example:dna-extra-8-gpu","bd/dna.100MB",8,262144,1000000,3211,3211,0,0.000,67.881,0.013,67.894,68.783,894,31879070
"benchmark-example:dna-extra-8-gpu","bd/dna.100MB",8,262144,1000000,3211,3211,0,0.000,67.881,0.013,67.894,68.783,895,31884185
"benchmark-example:dna-extra-8-gpu","bd/dna.100MB",8,262144,1000000,3211,3211,0,0.000,67.881,0.013,67.894,68.783,896,31904999
"benchmark-example:dna-extra-8-gpu","bd/dna.100MB",8,262144,1000000,3211,3211,0,0.000,67.881,0.013,67.894,68.783,897,31906722
"benchmark-example:dna-extra-8-gpu","bd/dna.100MB",8,262144,1000000,3211,3211,0,0.000,67.881,0.013,67.894,68.783,898,31925280
"benchmark-example:dna-extra-8-gpu","bd/dna.100MB",8,262144,1000000,3211,3211,0,0.000,67.881,0.013,67.894,68.783,899,31939660
"benchmark-example:dna-extra-8-gpu","bd/dna.100MB",8,262144,1000000,3211,3211,0,0.000,67.881,0.013,67.894,68.783,900,32042073
"benchmark-example:dna-extra-8-gpu","bd/dna.100MB",8,262144,1000000,3211,3211,0,0.000,67.881,0.013,67.894,68.783,901,32056932
"benchmark-example:dna-extra-8-gpu","bd/dna.100MB",8,262144,1000000,3211,3211,0,0.000,67.881,0.013,67.894,68.783,902,32085718
"benchmark-example:dna-extra-8-gpu","bd/dna.100MB",8,262144,1000000,3211,3211,0,0.000,67.881,0.013,67.894,68.783,903,32091185
"benchmark-example:dna-extra-8-gpu","bd/dna.100MB",8,262144,1000000,3211,3211,0,0.000,67.881,0.013,67.894,68.783,904,32091769
"benchmark-example:dna-extra-8-gpu","bd/dna.100MB",8,262144,1000000,3211,3211,0,0.000,67.881,0.013,67.894,68.783,905,32097295
"benchmark-example:dna-extra-8-gpu","bd/dna.100MB",8,262144,1000000,3211,3211,0,0.000,67.881,0.013,67.894,68.783,906,32126344
"benchmark-example:dna-extra-8-gpu","bd/dna.100MB",8,262144,1000000,3211,3211,0,0.000,67.881,0.013,67.894,68.783,907,32132207
"benchmark-example:dna-extra-8-gpu","bd/dna.100MB",8,262144,1000000,3211,3211,0,0.000,67.881,0.013,67.894,68.783,908,32149120
"benchmark-example:dna-extra-8-gpu","bd/dna.100MB",8,262144,1000000,3211,3211,0,0.000,67.881,0.013,67.894,68.783,909,32208993
"benchmark-example:dna-extra-8-gpu","bd/dna.100MB",8,262144,1000000,3211,3211,0,0.000,67.881,0.013,67.894,68.783,910,32212389
"benchmark-example:dna-extra-8-gpu","bd/dna.100MB",8,262144,1000000,3211,3211,0,0.000,67.881,0.013,67.894,68.783,911,32231381
"benchmark-example:dna-extra-8-gpu","bd/dna.100MB",8,262144,1000000,3211,3211,0,0.000,67.881,0.013,67.894,68.783,912,32279850
"benchmark-example:dna-extra-8-gpu","bd/dna.100MB",8,262144,1000000,3211,3211,0,0.000,67.881,0.013,67.894,68.783,913,32302736
"benchmark-example:dna-extra-8-gpu","bd/dna.100MB",8,262144,1000000,3211,3211,0,0.000,67.881,0.013,67.894,68.783,914,32315120
"benchmark-example:dna-extra-8-gpu","bd/dna.100MB",8,262144,1000000,3211,3211,0,0.000,67.881,0.013,67.894,68.783,915,32318446
"benchmark-example:dna-extra-8-gpu","bd/dna.100MB",8,262144,1000000,3211,3211,0,0.000,67.881,0.013,67.894,68.783,916,32322608
"benchmark-example:dna-extra-8-gpu","bd/dna.100MB",8,262144,1000000,3211,3211,0,0.000,67.881,0.013,67.894,68.783,917,32362526
"benchmark-example:dna-extra-8-gpu","bd/dna.100MB",8,262144,1000000,3211,3211,0,0.000,67.881,0.013,67.894,68.783,918,32364788
"benchmark-example:dna-extra-8-gpu","bd/dna.100MB",8,262144,1000000,3211,3211,0,0.000,67.881,0.013,67.894,68.783,919,32382790
"benchmark-example:dna-extra-8-gpu","bd/dna.100MB",8,262144,1000000,3211,3211,0,0.000,67.881,0.013,67.894,68.783,920,32396462
"benchmark-example:dna-extra-8-gpu","bd/dna.100MB",8,262144,1000000,3211,3211,0,0.000,67.881,0.013,67.894,68.783,921,32399963
"benchmark-example:dna-extra-8-gpu","bd/dna.100MB",8,262144,1000000,3211,3211,0,0.000,67.881,0.013,67.894,68.783,922,32411918
"benchmark-example:dna-extra-8-gpu","bd/dna.100MB",8,262144,1000000,3211,3211,0,0.000,67.881,0.013,67.894,68.783,923,32436006
"benchmark-example:dna-extra-8-gpu","bd/dna.100MB",8,262144,1000000,3211,3211,0,0.000,67.881,0.013,67.894,68.783,924,32454724
"benchmark-example:dna-extra-8-gpu","bd/dna.100MB",8,262144,1000000,3211,3211,0,0.000,67.881,0.013,67.894,68.783,925,32578097
"benchmark-example:dna-extra-8-gpu","bd/dna.100MB",8,262144,1000000,3211,3211,0,0.000,67.881,0.013,67.894,68.783,926,32606412
"benchmark-example:dna-extra-8-gpu","bd/dna.100MB",8,262144,1000000,3211,3211,0,0.000,67.881,0.013,67.894,68.783,927,32673407
"benchmark-example:dna-extra-8-gpu","bd/dna.100MB",8,262144,1000000,3211,3211,0,0.000,67.881,0.013,67.894,68.783,928,32674118
"benchmark-example:dna-extra-8-gpu","bd/dna.100MB",8,262144,1000000,3211,3211,0,0.000,67.881,0.013,67.894,68.783,929,32708573
"benchmark-example:dna-extra-8-gpu","bd/dna.100MB",8,262144,1000000,3211,3211,0,0.000,67.881,0.013,67.894,68.783,930,32738728
"benchmark-example:dna-extra-8-gpu","bd/dna.100MB",8,262144,1000000,3211,3211,0,0.000,67.881,0.013,67.894,68.783,931,32762552
"benchmark-example:dna-extra-8-gpu","bd/dna.100MB",8,262144,1000000,3211,3211,0,0.000,67.881,0.013,67.894,68.783,932,32790076
"benchmark-example:dna-extra-8-gpu","bd/dna.100MB",8,262144,1000000,3211,3211,0,0.000,67.881,0.013,67.894,68.783,933,32799693
"benchmark-example:dna-extra-8-gpu","bd/dna.100MB",8,262144,1000000,3211,3211,0,0.000,67.881,0.013,67.894,68.783,934,32807753
"benchmark-example:dna-extra-8-gpu","bd/dna.100MB",8,262144,1000000,3211,3211,0,0.000,67.881,0.013,67.894,68.783,935,32851425
"benchmark-example:dna-extra-8-gpu","bd/dna.100MB",8,262144,1000000,3211,3211,0,0.000,67.881,0.013,67.894,68.783,936,32924613
"benchmark-example:dna-extra-8-gpu","bd/dna.100MB",8,262144,1000000,3211,3211,0,0.000,67.881,0.013,67.894,68.783,937,32996939
"benchmark-example:dna-extra-8-gpu","bd/dna.100MB",8,262144,1000000,3211,3211,0,0.000,67.881,0.013,67.894,68.783,938,33049097
"benchmark-example:dna-extra-8-gpu","bd/dna.100MB",8,262144,1000000,3211,3211,0,0.000,67.881,0.013,67.894,68.783,939,33098857
"benchmark-example:dna-extra-8-gpu","bd/dna.100MB",8,262144,1000000,3211,3211,0,0.000,67.881,0.013,67.894,68.783,940,33133948
"benchmark-example:dna-extra-8-gpu","bd/dna.100MB",8,262144,1000000,3211,3211,0,0.000,67.881,0.013,67.894,68.783,941,33188482
"benchmark-example:dna-extra-8-gpu","bd/dna.100MB",8,262144,1000000,3211,3211,0,0.000,67.881,0.013,67.894,68.783,942,33225603
"benchmark-example:dna-extra-8-gpu","bd/dna.100MB",8,262144,1000000,3211,3211,0,0.000,67.881,0.013,67.894,68.783,943,33230086
"benchmark-example:dna-extra-8-gpu","bd/dna.100MB",8,262144,1000000,3211,3211,0,0.000,67.881,0.013,67.894,68.783,944,33256924
"benchmark-example:dna-extra-8-gpu","bd/dna.100MB",8,262144,1000000,3211,3211,0,0.000,67.881,0.013,67.894,68.783,945,33263159
"benchmark-example:dna-extra-8-gpu","bd/dna.100MB",8,262144,1000000,3211,3211,0,0.000,67.881,0.013,67.894,68.783,946,33273101
"benchmark-example:dna-extra-8-gpu","bd/dna.100MB",8,262144,1000000,3211,3211,0,0.000,67.881,0.013,67.894,68.783,947,33300026
"benchmark-example:dna-extra-8-gpu","bd/dna.100MB",8,262144,1000000,3211,3211,0,0.000,67.881,0.013,67.894,68.783,948,33343900
"benchmark-example:dna-extra-8-gpu","bd/dna.100MB",8,262144,1000000,3211,3211,0,0.000,67.881,0.013,67.894,68.783,949,33374889
"benchmark-example:dna-extra-8-gpu","bd/dna.100MB",8,262144,1000000,3211,3211,0,0.000,67.881,0.013,67.894,68.783,950,33491472
"benchmark-example:dna-extra-8-gpu","bd/dna.100MB",8,262144,1000000,3211,3211,0,0.000,67.881,0.013,67.894,68.783,951,33543906
"benchmark-example:dna-extra-8-gpu","bd/dna.100MB",8,262144,1000000,3211,3211,0,0.000,67.881,0.013,67.894,68.783,952,33563139
"benchmark-example:dna-extra-8-gpu","bd/dna.100MB",8,262144,1000000,3211,3211,0,0.000,67.881,0.013,67.894,68.783,953,33679073
"benchmark-example:dna-extra-8-gpu","bd/dna.100MB",8,262144,1000000,3211,3211,0,0.000,67.881,0.013,67.894,68.783,954,33752751
"benchmark-example:dna-extra-8-gpu","bd/dna.100MB",8,262144,1000000,3211,3211,0,0.000,67.881,0.013,67.894,68.783,955,33772513
"benchmark-example:dna-extra-8-gpu","bd/dna.100MB",8,262144,1000000,3211,3211,0,0.000,67.881,0.013,67.894,68.783,956,33775630
"benchmark-example:dna-extra-8-gpu","bd/dna.100MB",8,262144,1000000,3211,3211,0,0.000,67.881,0.013,67.894,68.783,957,33803089
"benchmark-example:dna-extra-8-gpu","bd/dna.100MB",8,262144,1000000,3211,3211,0,0.000,67.881,0.013,67.894,68.783,958,33809824
"benchmark-example:dna-extra-8-gpu","bd/dna.100MB",8,262144,1000000,3211,3211,0,0.000,67.881,0.013,67.894,68.783,959,33821072
"benchmark-example:dna-extra-8-gpu","bd/dna.100MB",8,262144,1000000,3211,3211,0,0.000,67.881,0.013,67.894,68.783,960,33824515
"benchmark-example:dna-extra-8-gpu","bd/dna.100MB",8,262144,1000000,3211,3211,0,0.000,67.881,0.013,67.894,68.783,961,33831768
"benchmark-example:dna-extra-8-gpu","bd/dna.100MB",8,262144,1000000,3211,3211,0,0.000,67.881,0.013,67.894,68.783,962,33858688
"benchmark-example:dna-extra-8-gpu","bd/dna.100MB",8,262144,1000000,3211,3211,0,0.000,67.881,0.013,67.894,68.783,963,33875482
"benchmark-example:dna-extra-8-gpu","bd/dna.100MB",8,262144,1000000,3211,3211,0,0.000,67.881,0.013,67.894,68.783,964,33908804
"benchmark-example:dna-extra-8-gpu","bd/dna.100MB",8,262144,1000000,3211,3211,0,0.000,67.881,0.013,67.894,68.783,965,33924086
"benchmark-example:dna-extra-8-gpu","bd/dna.100MB",8,262144,1000000,3211,3211,0,0.000,67.881,0.013,67.894,68.783,966,33951149
"benchmark-example:dna-extra-8-gpu","bd/dna.100MB",8,262144,1000000,3211,3211,0,0.000,67.881,0.013,67.894,68.783,967,33966098
"benchmark-example:dna-extra-8-gpu","bd/dna.100MB",8,262144,1000000,3211,3211,0,0.000,67.881,0.013,67.894,68.783,968,33969685
"benchmark-example:dna-extra-8-gpu","bd/dna.100MB",8,262144,1000000,3211,3211,0,0.000,67.881,0.013,67.894,68.783,969,34042808
"benchmark-example:dna-extra-8-gpu","bd/dna.100MB",8,262144,1000000,3211,3211,0,0.000,67.881,0.013,67.894,68.783,970,34067140
"benchmark-example:dna-extra-8-gpu","bd/dna.100MB",8,262144,1000000,3211,3211,0,0.000,67.881,0.013,67.894,68.783,971,34080833
"benchmark-example:dna-extra-8-gpu","bd/dna.100MB",8,262144,1000000,3211,3211,0,0.000,67.881,0.013,67.894,68.783,972,34139759
"benchmark-example:dna-extra-8-gpu","bd/dna.100MB",8,262144,1000000,3211,3211,0,0.000,67.881,0.013,67.894,68.783,973,34162075
"benchmark-example:dna-extra-8-gpu","bd/dna.100MB",8,262144,1000000,3211,3211,0,0.000,67.881,0.013,67.894,68.783,974,34177854
"benchmark-example:dna-extra-8-gpu","bd/dna.100MB",8,262144,1000000,3211,3211,0,0.000,67.881,0.013,67.894,68.783,975,34192678
"benchmark-example:dna-extra-8-gpu","bd/dna.100MB",8,262144,1000000,3211,3211,0,0.000,67.881,0.013,67.894,68.783,976,34224725
"benchmark-example:dna-extra-8-gpu","bd/dna.100MB",8,262144,1000000,3211,3211,0,0.000,67.881,0.013,67.894,68.783,977,34287463
"benchmark-example:dna-extra-8-gpu","bd/dna.100MB",8,262144,1000000,3211,3211,0,0.000,67.881,0.013,67.894,68.783,978,34290254
"benchmark-example:dna-extra-8-gpu","bd/dna.100MB",8,262144,1000000,3211,3211,0,0.000,67.881,0.013,67.894,68.783,979,34333495
"benchmark-example:dna-extra-8-gpu","bd/dna.100MB",8,262144,1000000,3211,3211,0,0.000,67.881,0.013,67.894,68.783,980,34365609
"benchmark-example:dna-extra-8-gpu","bd/dna.100MB",8,262144,1000000,3211,3211,0,0.000,67.881,0.013,67.894,68.783,981,34374231
"benchmark-example:dna-extra-8-gpu","bd/dna.100MB",8,262144,1000000,3211,3211,0,0.000,67.881,0.013,67.894,68.783,982,34375916
"benchmark-example:dna-extra-8-gpu","bd/dna.100MB",8,262144,1000000,3211,3211,0,0.000,67.881,0.013,67.894,68.783,983,34386557
"benchmark-example:dna-extra-8-gpu","bd/dna.100MB",8,262144,1000000,3211,3211,0,0.000,67.881,0.013,67.894,68.783,984,34388699
"benchmark-example:dna-extra-8-gpu","bd/dna.100MB",8,262144,1000000,3211,3211,0,0.000,67.881,0.013,67.894,68.783,985,34388886
"benchmark-example:dna-extra-8-gpu","bd/dna.100MB",8,262144,1000000,3211,3211,0,0.000,67.881,0.013,67.894,68.783,986,34406903
"benchmark-example:dna-extra-8-gpu","bd/dna.100MB",8,262144,1000000,3211,3211,0,0.000,67.881,0.013,67.894,68.783,987,34418753
"benchmark-example:dna-extra-8-gpu","bd/dna.100MB",8,262144,1000000,3211,3211,0,0.000,67.881,0.013,67.894,68.783,988,34419420
"benchmark-example:dna-extra-8-gpu","bd/dna.100MB",8,262144,1000000,3211,3211,0,0.000,67.881,0.013,67.894,68.783,989,34437984
"benchmark-example:dna-extra-8-gpu","bd/dna.100MB",8,262144,1000000,3211,3211,0,0.000,67.881,0.013,67.894,68.783,990,34444007
"benchmark-example:dna-extra-8-gpu","bd/dna.100MB",8,262144,1000000,3211,3211,0,0.000,67.881,0.013,67.894,68.783,991,34444277
"benchmark-example:dna-extra-8-gpu","bd/dna.100MB",8,262144,1000000,3211,3211,0,0.000,67.881,0.013,67.894,68.783,992,34452587
"benchmark-example:dna-extra-8-gpu","bd/dna.100MB",8,262144,1000000,3211,3211,0,0.000,67.881,0.013,67.894,68.783,993,34467485
"benchmark-example:dna-extra-8-gpu","bd/dna.100MB",8,262144,1000000,3211,3211,0,0.000,67.881,0.013,67.894,68.783,994,34477082
"benchmark-example:dna-extra-8-gpu","bd/dna.100MB",8,262144,1000000,3211,3211,0,0.000,67.881,0.013,67.894,68.783,995,34494318
"benchmark-example:dna-extra-8-gpu","bd/dna.100MB",8,262144,1000000,3211,3211,0,0.000,67.881,0.013,67.894,68.783,996,34560540
"benchmark-example:dna-extra-8-gpu","bd/dna.100MB",8,262144,1000000,3211,3211,0,0.000,67.881,0.013,67.894,68.783,997,34635077
"benchmark-example:dna-extra-8-gpu","bd/dna.100MB",8,262144,1000000,3211,3211,0,0.000,67.881,0.013,67.894,68.783,998,34786370
"benchmark-example:dna-extra-8-gpu","bd/dna.100MB",8,262144,1000000,3211,3211,0,0.000,67.881,0.013,67.894,68.783,999,34808639
"benchmark-example:dna-extra-8-gpu","bd/dna.100MB",8,262144,1000000,3211,3211,0,0.000,67.881,0.013,67.894,68.783,1000,34853619
"benchmark-example:dna-extra-8-gpu","bd/dna.100MB",8,262144,1000000,3211,3211,0,0.000,67.881,0.013,67.894,68.783,1001,34863402
"benchmark-example:dna-extra-8-gpu","bd/dna.100MB",8,262144,1000000,3211,3211,0,0.000,67.881,0.013,67.894,68.783,1002,34868617
"benchmark-example:dna-extra-8-gpu","bd/dna.100MB",8,262144,1000000,3211,3211,0,0.000,67.881,0.013,67.894,68.783,1003,34878863
"benchmark-example:dna-extra-8-gpu","bd/dna.100MB",8,262144,1000000,3211,3211,0,0.000,67.881,0.013,67.894,68.783,1004,34901803
"benchmark-example:dna-extra-8-gpu","bd/dna.100MB",8,262144,1000000,3211,3211,0,0.000,67.881,0.013,67.894,68.783,1005,34917621
"benchmark-example:dna-extra-8-gpu","bd/dna.100MB",8,262144,1000000,3211,3211,0,0.000,67.881,0.013,67.894,68.783,1006,34922974
"benchmark-example:dna-extra-8-gpu","bd/dna.100MB",8,262144,1000000,3211,3211,0,0.000,67.881,0.013,67.894,68.783,1007,34943721
"benchmark-example:dna-extra-8-gpu","bd/dna.100MB",8,262144,1000000,3211,3211,0,0.000,67.881,0.013,67.894,68.783,1008,34976679
"benchmark-example:dna-extra-8-gpu","bd/dna.100MB",8,262144,1000000,3211,3211,0,0.000,67.881,0.013,67.894,68.783,1009,35004766
"benchmark-example:dna-extra-8-gpu","bd/dna.100MB",8,262144,1000000,3211,3211,0,0.000,67.881,0.013,67.894,68.783,1010,35007314
"benchmark-example:dna-extra-8-gpu","bd/dna.100MB",8,262144,1000000,3211,3211,0,0.000,67.881,0.013,67.894,68.783,1011,35021184
"benchmark-example:dna-extra-8-gpu","bd/dna.100MB",8,262144,1000000,3211,3211,0,0.000,67.881,0.013,67.894,68.783,1012,35094276
"benchmark-example:dna-extra-8-gpu","bd/dna.100MB",8,262144,1000000,3211,3211,0,0.000,67.881,0.013,67.894,68.783,1013,35109182
"benchmark-example:dna-extra-8-gpu","bd/dna.100MB",8,262144,1000000,3211,3211,0,0.000,67.881,0.013,67.894,68.783,1014,35217282
"benchmark-example:dna-extra-8-gpu","bd/dna.100MB",8,262144,1000000,3211,3211,0,0.000,67.881,0.013,67.894,68.783,1015,35257195
"benchmark-example:dna-extra-8-gpu","bd/dna.100MB",8,262144,1000000,3211,3211,0,0.000,67.881,0.013,67.894,68.783,1016,35271631
"benchmark-example:dna-extra-8-gpu","bd/dna.100MB",8,262144,1000000,3211,3211,0,0.000,67.881,0.013,67.894,68.783,1017,35300914
"benchmark-example:dna-extra-8-gpu","bd/dna.100MB",8,262144,1000000,3211,3211,0,0.000,67.881,0.013,67.894,68.783,1018,35336277
"benchmark-example:dna-extra-8-gpu","bd/dna.100MB",8,262144,1000000,3211,3211,0,0.000,67.881,0.013,67.894,68.783,1019,35391434
"benchmark-example:dna-extra-8-gpu","bd/dna.100MB",8,262144,1000000,3211,3211,0,0.000,67.881,0.013,67.894,68.783,1020,35395334
"benchmark-example:dna-extra-8-gpu","bd/dna.100MB",8,262144,1000000,3211,3211,0,0.000,67.881,0.013,67.894,68.783,1021,35421476
"benchmark-example:dna-extra-8-gpu","bd/dna.100MB",8,262144,1000000,3211,3211,0,0.000,67.881,0.013,67.894,68.783,1022,35445380
"benchmark-example:dna-extra-8-gpu","bd/dna.100MB",8,262144,1000000,3211,3211,0,0.000,67.881,0.013,67.894,68.783,1023,35485360
"benchmark-example:dna-extra-8-gpu","bd/dna.100MB",8,262144,1000000,3211,3211,0,0.000,67.881,0.013,67.894,68.783,1024,35486495
"benchmark-example:dna-extra-8-gpu","bd/dna.100MB",8,262144,1000000,3211,3211,0,0.000,67.881,0.013,67.894,68.783,1025,35497351
"benchmark-example:dna-extra-8-gpu","bd/dna.100MB",8,262144,1000000,3211,3211,0,0.000,67.881,0.013,67.894,68.783,1026,35564198
"benchmark-example:dna-extra-8-gpu","bd/dna.100MB",8,262144,1000000,3211,3211,0,0.000,67.881,0.013,67.894,68.783,1027,35587690
"benchmark-example:dna-extra-8-gpu","bd/dna.100MB",8,262144,1000000,3211,3211,0,0.000,67.881,0.013,67.894,68.783,1028,35589256
"benchmark-example:dna-extra-8-gpu","bd/dna.100MB",8,262144,1000000,3211,3211,0,0.000,67.881,0.013,67.894,68.783,1029,35602890
"benchmark-example:dna-extra-8-gpu","bd/dna.100MB",8,262144,1000000,3211,3211,0,0.000,67.881,0.013,67.894,68.783,1030,35616588
"benchmark-example:dna-extra-8-gpu","bd/dna.100MB",8,262144,1000000,3211,3211,0,0.000,67.881,0.013,67.894,68.783,1031,35664689
"benchmark-example:dna-extra-8-gpu","bd/dna.100MB",8,262144,1000000,3211,3211,0,0.000,67.881,0.013,67.894,68.783,1032,35671184
"benchmark-example:dna-extra-8-gpu","bd/dna.100MB",8,262144,1000000,3211,3211,0,0.000,67.881,0.013,67.894,68.783,1033,35693626
"benchmark-example:dna-extra-8-gpu","bd/dna.100MB",8,262144,1000000,3211,3211,0,0.000,67.881,0.013,67.894,68.783,1034,35700886
"benchmark-example:dna-extra-8-gpu","bd/dna.100MB",8,262144,1000000,3211,3211,0,0.000,67.881,0.013,67.894,68.783,1035,35727090
"benchmark-example:dna-extra-8-gpu","bd/dna.100MB",8,262144,1000000,3211,3211,0,0.000,67.881,0.013,67.894,68.783,1036,35727128
"benchmark-example:dna-extra-8-gpu","bd/dna.100MB",8,262144,1000000,3211,3211,0,0.000,67.881,0.013,67.894,68.783,1037,35738374
"benchmark-example:dna-extra-8-gpu","bd/dna.100MB",8,262144,1000000,3211,3211,0,0.000,67.881,0.013,67.894,68.783,1038,35783356
"benchmark-example:dna-extra-8-gpu","bd/dna.100MB",8,262144,1000000,3211,3211,0,0.000,67.881,0.013,67.894,68.783,1039,35790631
"benchmark-example:dna-extra-8-gpu","bd/dna.100MB",8,262144,1000000,3211,3211,0,0.000,67.881,0.013,67.894,68.783,1040,35815269
"benchmark-example:dna-extra-8-gpu","bd/dna.100MB",8,262144,1000000,3211,3211,0,0.000,67.881,0.013,67.894,68.783,1041,35819734
"benchmark-example:dna-extra-8-gpu","bd/dna.100MB",8,262144,1000000,3211,3211,0,0.000,67.881,0.013,67.894,68.783,1042,35819995
"benchmark-example:dna-extra-8-gpu","bd/dna.100MB",8,262144,1000000,3211,3211,0,0.000,67.881,0.013,67.894,68.783,1043,35873748
"benchmark-example:dna-extra-8-gpu","bd/dna.100MB",8,262144,1000000,3211,3211,0,0.000,67.881,0.013,67.894,68.783,1044,35878689
"benchmark-example:dna-extra-8-gpu","bd/dna.100MB",8,262144,1000000,3211,3211,0,0.000,67.881,0.013,67.894,68.783,1045,35939995
"benchmark-example:dna-extra-8-gpu","bd/dna.100MB",8,262144,1000000,3211,3211,0,0.000,67.881,0.013,67.894,68.783,1046,35951123
"benchmark-example:dna-extra-8-gpu","bd/dna.100MB",8,262144,1000000,3211,3211,0,0.000,67.881,0.013,67.894,68.783,1047,35965991
"benchmark-example:dna-extra-8-gpu","bd/dna.100MB",8,262144,1000000,3211,3211,0,0.000,67.881,0.013,67.894,68.783,1048,35998014
"benchmark-example:dna-extra-8-gpu","bd/dna.100MB",8,262144,1000000,3211,3211,0,0.000,67.881,0.013,67.894,68.783,1049,36065440
"benchmark-example:dna-extra-8-gpu","bd/dna.100MB",8,262144,1000000,3211,3211,0,0.000,67.881,0.013,67.894,68.783,1050,36067028
"benchmark-example:dna-extra-8-gpu","bd/dna.100MB",8,262144,1000000,3211,3211,0,0.000,67.881,0.013,67.894,68.783,1051,36100996
"benchmark-example:dna-extra-8-gpu","bd/dna.100MB",8,262144,1000000,3211,3211,0,0.000,67.881,0.013,67.894,68.783,1052,36109446
"benchmark-example:dna-extra-8-gpu","bd/dna.100MB",8,262144,1000000,3211,3211,0,0.000,67.881,0.013,67.894,68.783,1053,36109684
"benchmark-example:dna-extra-8-gpu","bd/dna.100MB",8,262144,1000000,3211,3211,0,0.000,67.881,0.013,67.894,68.783,1054,36132886
"benchmark-example:dna-extra-8-gpu","bd/dna.100MB",8,262144,1000000,3211,3211,0,0.000,67.881,0.013,67.894,68.783,1055,36169065
"benchmark-example:dna-extra-8-gpu","bd/dna.100MB",8,262144,1000000,3211,3211,0,0.000,67.881,0.013,67.894,68.783,1056,36179422
"benchmark-example:dna-extra-8-gpu","bd/dna.100MB",8,262144,1000000,3211,3211,0,0.000,67.881,0.013,67.894,68.783,1057,36211460
"benchmark-example:dna-extra-8-gpu","bd/dna.100MB",8,262144,1000000,3211,3211,0,0.000,67.881,0.013,67.894,68.783,1058,36235763
"benchmark-example:dna-extra-8-gpu","bd/dna.100MB",8,262144,1000000,3211,3211,0,0.000,67.881,0.013,67.894,68.783,1059,36243296
"benchmark-example:dna-extra-8-gpu","bd/dna.100MB",8,262144,1000000,3211,3211,0,0.000,67.881,0.013,67.894,68.783,1060,36264285
"benchmark-example:dna-extra-8-gpu","bd/dna.100MB",8,262144,1000000,3211,3211,0,0.000,67.881,0.013,67.894,68.783,1061,36277498
"benchmark-example:dna-extra-8-gpu","bd/dna.100MB",8,262144,1000000,3211,3211,0,0.000,67.881,0.013,67.894,68.783,1062,36312180
"benchmark-example:dna-extra-8-gpu","bd/dna.100MB",8,262144,1000000,3211,3211,0,0.000,67.881,0.013,67.894,68.783,1063,36317012
"benchmark-example:dna-extra-8-gpu","bd/dna.100MB",8,262144,1000000,3211,3211,0,0.000,67.881,0.013,67.894,68.783,1064,36352272
"benchmark-example:dna-extra-8-gpu","bd/dna.100MB",8,262144,1000000,3211,3211,0,0.000,67.881,0.013,67.894,68.783,1065,36361717
"benchmark-example:dna-extra-8-gpu","bd/dna.100MB",8,262144,1000000,3211,3211,0,0.000,67.881,0.013,67.894,68.783,1066,36361978
"benchmark-example:dna-extra-8-gpu","bd/dna.100MB",8,262144,1000000,3211,3211,0,0.000,67.881,0.013,67.894,68.783,1067,36375049
"benchmark-example:dna-extra-8-gpu","bd/dna.100MB",8,262144,1000000,3211,3211,0,0.000,67.881,0.013,67.894,68.783,1068,36386762
"benchmark-example:dna-extra-8-gpu","bd/dna.100MB",8,262144,1000000,3211,3211,0,0.000,67.881,0.013,67.894,68.783,1069,36406748
"benchmark-example:dna-extra-8-gpu","bd/dna.100MB",8,262144,1000000,3211,3211,0,0.000,67.881,0.013,67.894,68.783,1070,36422566
"benchmark-example:dna-extra-8-gpu","bd/dna.100MB",8,262144,1000000,3211,3211,0,0.000,67.881,0.013,67.894,68.783,1071,36430925
"benchmark-example:dna-extra-8-gpu","bd/dna.100MB",8,262144,1000000,3211,3211,0,0.000,67.881,0.013,67.894,68.783,1072,36440658
"benchmark-example:dna-extra-8-gpu","bd/dna.100MB",8,262144,1000000,3211,3211,0,0.000,67.881,0.013,67.894,68.783,1073,36490356
"benchmark-example:dna-extra-8-gpu","bd/dna.100MB",8,262144,1000000,3211,3211,0,0.000,67.881,0.013,67.894,68.783,1074,36551137
"benchmark-example:dna-extra-8-gpu","bd/dna.100MB",8,262144,1000000,3211,3211,0,0.000,67.881,0.013,67.894,68.783,1075,36818046
"benchmark-example:dna-extra-8-gpu","bd/dna.100MB",8,262144,1000000,3211,3211,0,0.000,67.881,0.013,67.894,68.783,1076,36854945
"benchmark-example:dna-extra-8-gpu","bd/dna.100MB",8,262144,1000000,3211,3211,0,0.000,67.881,0.013,67.894,68.783,1077,36871642
"benchmark-example:dna-extra-8-gpu","bd/dna.100MB",8,262144,1000000,3211,3211,0,0.000,67.881,0.013,67.894,68.783,1078,36885500
"benchmark-example:dna-extra-8-gpu","bd/dna.100MB",8,262144,1000000,3211,3211,0,0.000,67.881,0.013,67.894,68.783,1079,36954384
"benchmark-example:dna-extra-8-gpu","bd/dna.100MB",8,262144,1000000,3211,3211,0,0.000,67.881,0.013,67.894,68.783,1080,36986142
"benchmark-example:dna-extra-8-gpu","bd/dna.100MB",8,262144,1000000,3211,3211,0,0.000,67.881,0.013,67.894,68.783,1081,37012085
"benchmark-example:dna-extra-8-gpu","bd/dna.100MB",8,262144,1000000,3211,3211,0,0.000,67.881,0.013,67.894,68.783,1082,37056319
"benchmark-example:dna-extra-8-gpu","bd/dna.100MB",8,262144,1000000,3211,3211,0,0.000,67.881,0.013,67.894,68.783,1083,37100311
"benchmark-example:dna-extra-8-gpu","bd/dna.100MB",8,262144,1000000,3211,3211,0,0.000,67.881,0.013,67.894,68.783,1084,37104771
"benchmark-example:dna-extra-8-gpu","bd/dna.100MB",8,262144,1000000,3211,3211,0,0.000,67.881,0.013,67.894,68.783,1085,37118266
"benchmark-example:dna-extra-8-gpu","bd/dna.100MB",8,262144,1000000,3211,3211,0,0.000,67.881,0.013,67.894,68.783,1086,37178109
"benchmark-example:dna-extra-8-gpu","bd/dna.100MB",8,262144,1000000,3211,3211,0,0.000,67.881,0.013,67.894,68.783,1087,37188990
"benchmark-example:dna-extra-8-gpu","bd/dna.100MB",8,262144,1000000,3211,3211,0,0.000,67.881,0.013,67.894,68.783,1088,37217735
"benchmark-example:dna-extra-8-gpu","bd/dna.100MB",8,262144,1000000,3211,3211,0,0.000,67.881,0.013,67.894,68.783,1089,37218440
"benchmark-example:dna-extra-8-gpu","bd/dna.100MB",8,262144,1000000,3211,3211,0,0.000,67.881,0.013,67.894,68.783,1090,37229936
"benchmark-example:dna-extra-8-gpu","bd/dna.100MB",8,262144,1000000,3211,3211,0,0.000,67.881,0.013,67.894,68.783,1091,37303152
"benchmark-example:dna-extra-8-gpu","bd/dna.100MB",8,262144,1000000,3211,3211,0,0.000,67.881,0.013,67.894,68.783,1092,37327925
"benchmark-example:dna-extra-8-gpu","bd/dna.100MB",8,262144,1000000,3211,3211,0,0.000,67.881,0.013,67.894,68.783,1093,37357236
"benchmark-example:dna-extra-8-gpu","bd/dna.100MB",8,262144,1000000,3211,3211,0,0.000,67.881,0.013,67.894,68.783,1094,37363689
"benchmark-example:dna-extra-8-gpu","bd/dna.100MB",8,262144,1000000,3211,3211,0,0.000,67.881,0.013,67.894,68.783,1095,37405916
"benchmark-example:dna-extra-8-gpu","bd/dna.100MB",8,262144,1000000,3211,3211,0,0.000,67.881,0.013,67.894,68.783,1096,37406951
"benchmark-example:dna-extra-8-gpu","bd/dna.100MB",8,262144,1000000,3211,3211,0,0.000,67.881,0.013,67.894,68.783,1097,37478866
"benchmark-example:dna-extra-8-gpu","bd/dna.100MB",8,262144,1000000,3211,3211,0,0.000,67.881,0.013,67.894,68.783,1098,37481745
"benchmark-example:dna-extra-8-gpu","bd/dna.100MB",8,262144,1000000,3211,3211,0,0.000,67.881,0.013,67.894,68.783,1099,37509886
"benchmark-example:dna-extra-8-gpu","bd/dna.100MB",8,262144,1000000,3211,3211,0,0.000,67.881,0.013,67.894,68.783,1100,37518592
"benchmark-example:dna-extra-8-gpu","bd/dna.100MB",8,262144,1000000,3211,3211,0,0.000,67.881,0.013,67.894,68.783,1101,37543913
"benchmark-example:dna-extra-8-gpu","bd/dna.100MB",8,262144,1000000,3211,3211,0,0.000,67.881,0.013,67.894,68.783,1102,37556599
"benchmark-example:dna-extra-8-gpu","bd/dna.100MB",8,262144,1000000,3211,3211,0,0.000,67.881,0.013,67.894,68.783,1103,37568379
"benchmark-example:dna-extra-8-gpu","bd/dna.100MB",8,262144,1000000,3211,3211,0,0.000,67.881,0.013,67.894,68.783,1104,37573387
"benchmark-example:dna-extra-8-gpu","bd/dna.100MB",8,262144,1000000,3211,3211,0,0.000,67.881,0.013,67.894,68.783,1105,37609018
"benchmark-example:dna-extra-8-gpu","bd/dna.100MB",8,262144,1000000,3211,3211,0,0.000,67.881,0.013,67.894,68.783,1106,37643779
"benchmark-example:dna-extra-8-gpu","bd/dna.100MB",8,262144,1000000,3211,3211,0,0.000,67.881,0.013,67.894,68.783,1107,37678909
"benchmark-example:dna-extra-8-gpu","bd/dna.100MB",8,262144,1000000,3211,3211,0,0.000,67.881,0.013,67.894,68.783,1108,37714071
"benchmark-example:dna-extra-8-gpu","bd/dna.100MB",8,262144,1000000,3211,3211,0,0.000,67.881,0.013,67.894,68.783,1109,37721069
"benchmark-example:dna-extra-8-gpu","bd/dna.100MB",8,262144,1000000,3211,3211,0,0.000,67.881,0.013,67.894,68.783,1110,37760324
"benchmark-example:dna-extra-8-gpu","bd/dna.100MB",8,262144,1000000,3211,3211,0,0.000,67.881,0.013,67.894,68.783,1111,37769507
"benchmark-example:dna-extra-8-gpu","bd/dna.100MB",8,262144,1000000,3211,3211,0,0.000,67.881,0.013,67.894,68.783,1112,37791343
"benchmark-example:dna-extra-8-gpu","bd/dna.100MB",8,262144,1000000,3211,3211,0,0.000,67.881,0.013,67.894,68.783,1113,37853803
"benchmark-example:dna-extra-8-gpu","bd/dna.100MB",8,262144,1000000,3211,3211,0,0.000,67.881,0.013,67.894,68.783,1114,37856340
"benchmark-example:dna-extra-8-gpu","bd/dna.100MB",8,262144,1000000,3211,3211,0,0.000,67.881,0.013,67.894,68.783,1115,37871823
"benchmark-example:dna-extra-8-gpu","bd/dna.100MB",8,262144,1000000,3211,3211,0,0.000,67.881,0.013,67.894,68.783,1116,37878277
"benchmark-example:dna-extra-8-gpu","bd/dna.100MB",8,262144,1000000,3211,3211,0,0.000,67.881,0.013,67.894,68.783,1117,37971113
"benchmark-example:dna-extra-8-gpu","bd/dna.100MB",8,262144,1000000,3211,3211,0,0.000,67.881,0.013,67.894,68.783,1118,37985358
"benchmark-example:dna-extra-8-gpu","bd/dna.100MB",8,262144,1000000,3211,3211,0,0.000,67.881,0.013,67.894,68.783,1119,38059368
"benchmark-example:dna-extra-8-gpu","bd/dna.100MB",8,262144,1000000,3211,3211,0,0.000,67.881,0.013,67.894,68.783,1120,38084088
"benchmark-example:dna-extra-8-gpu","bd/dna.100MB",8,262144,1000000,3211,3211,0,0.000,67.881,0.013,67.894,68.783,1121,38166170
"benchmark-example:dna-extra-8-gpu","bd/dna.100MB",8,262144,1000000,3211,3211,0,0.000,67.881,0.013,67.894,68.783,1122,38166908
"benchmark-example:dna-extra-8-gpu","bd/dna.100MB",8,262144,1000000,3211,3211,0,0.000,67.881,0.013,67.894,68.783,1123,38227034
"benchmark-example:dna-extra-8-gpu","bd/dna.100MB",8,262144,1000000,3211,3211,0,0.000,67.881,0.013,67.894,68.783,1124,38252733
"benchmark-example:dna-extra-8-gpu","bd/dna.100MB",8,262144,1000000,3211,3211,0,0.000,67.881,0.013,67.894,68.783,1125,38262188
"benchmark-example:dna-extra-8-gpu","bd/dna.100MB",8,262144,1000000,3211,3211,0,0.000,67.881,0.013,67.894,68.783,1126,38268512
"benchmark-example:dna-extra-8-gpu","bd/dna.100MB",8,262144,1000000,3211,3211,0,0.000,67.881,0.013,67.894,68.783,1127,38284879
"benchmark-example:dna-extra-8-gpu","bd/dna.100MB",8,262144,1000000,3211,3211,0,0.000,67.881,0.013,67.894,68.783,1128,38285397
"benchmark-example:dna-extra-8-gpu","bd/dna.100MB",8,262144,1000000,3211,3211,0,0.000,67.881,0.013,67.894,68.783,1129,38308153
"benchmark-example:dna-extra-8-gpu","bd/dna.100MB",8,262144,1000000,3211,3211,0,0.000,67.881,0.013,67.894,68.783,1130,38312454
"benchmark-example:dna-extra-8-gpu","bd/dna.100MB",8,262144,1000000,3211,3211,0,0.000,67.881,0.013,67.894,68.783,1131,38330799
"benchmark-example:dna-extra-8-gpu","bd/dna.100MB",8,262144,1000000,3211,3211,0,0.000,67.881,0.013,67.894,68.783,1132,38364899
"benchmark-example:dna-extra-8-gpu","bd/dna.100MB",8,262144,1000000,3211,3211,0,0.000,67.881,0.013,67.894,68.783,1133,38374048
"benchmark-example:dna-extra-8-gpu","bd/dna.100MB",8,262144,1000000,3211,3211,0,0.000,67.881,0.013,67.894,68.783,1134,38382606
"benchmark-example:dna-extra-8-gpu","bd/dna.100MB",8,262144,1000000,3211,3211,0,0.000,67.881,0.013,67.894,68.783,1135,38406441
"benchmark-example:dna-extra-8-gpu","bd/dna.100MB",8,262144,1000000,3211,3211,0,0.000,67.881,0.013,67.894,68.783,1136,38425780
"benchmark-example:dna-extra-8-gpu","bd/dna.100MB",8,262144,1000000,3211,3211,0,0.000,67.881,0.013,67.894,68.783,1137,38528664
"benchmark-example:dna-extra-8-gpu","bd/dna.100MB",8,262144,1000000,3211,3211,0,0.000,67.881,0.013,67.894,68.783,1138,38537449
"benchmark-example:dna-extra-8-gpu","bd/dna.100MB",8,262144,1000000,3211,3211,0,0.000,67.881,0.013,67.894,68.783,1139,38558957
"benchmark-example:dna-extra-8-gpu","bd/dna.100MB",8,262144,1000000,3211,3211,0,0.000,67.881,0.013,67.894,68.783,1140,38572119
"benchmark-example:dna-extra-8-gpu","bd/dna.100MB",8,262144,1000000,3211,3211,0,0.000,67.881,0.013,67.894,68.783,1141,38611452
"benchmark-example:dna-extra-8-gpu","bd/dna.100MB",8,262144,1000000,3211,3211,0,0.000,67.881,0.013,67.894,68.783,1142,38612780
"benchmark-example:dna-extra-8-gpu","bd/dna.100MB",8,262144,1000000,3211,3211,0,0.000,67.881,0.013,67.894,68.783,1143,38721318
"benchmark-example:dna-extra-8-gpu","bd/dna.100MB",8,262144,1000000,3211,3211,0,0.000,67.881,0.013,67.894,68.783,1144,38723257
"benchmark-example:dna-extra-8-gpu","bd/dna.100MB",8,262144,1000000,3211,3211,0,0.000,67.881,0.013,67.894,68.783,1145,38826035
"benchmark-example:dna-extra-8-gpu","bd/dna.100MB",8,262144,1000000,3211,3211,0,0.000,67.881,0.013,67.894,68.783,1146,38842815
"benchmark-example:dna-extra-8-gpu","bd/dna.100MB",8,262144,1000000,3211,3211,0,0.000,67.881,0.013,67.894,68.783,1147,38880899
"benchmark-example:dna-extra-8-gpu","bd/dna.100MB",8,262144,1000000,3211,3211,0,0.000,67.881,0.013,67.894,68.783,1148,38887396
"benchmark-example:dna-extra-8-gpu","bd/dna.100MB",8,262144,1000000,3211,3211,0,0.000,67.881,0.013,67.894,68.783,1149,38906947
"benchmark-example:dna-extra-8-gpu","bd/dna.100MB",8,262144,1000000,3211,3211,0,0.000,67.881,0.013,67.894,68.783,1150,38981013
"benchmark-example:dna-extra-8-gpu","bd/dna.100MB",8,262144,1000000,3211,3211,0,0.000,67.881,0.013,67.894,68.783,1151,39000767
"benchmark-example:dna-extra-8-gpu","bd/dna.100MB",8,262144,1000000,3211,3211,0,0.000,67.881,0.013,67.894,68.783,1152,39022823
"benchmark-example:dna-extra-8-gpu","bd/dna.100MB",8,262144,1000000,3211,3211,0,0.000,67.881,0.013,67.894,68.783,1153,39035970
"benchmark-example:dna-extra-8-gpu","bd/dna.100MB",8,262144,1000000,3211,3211,0,0.000,67.881,0.013,67.894,68.783,1154,39059349
"benchmark-example:dna-extra-8-gpu","bd/dna.100MB",8,262144,1000000,3211,3211,0,0.000,67.881,0.013,67.894,68.783,1155,39063194
"benchmark-example:dna-extra-8-gpu","bd/dna.100MB",8,262144,1000000,3211,3211,0,0.000,67.881,0.013,67.894,68.783,1156,39185520
"benchmark-example:dna-extra-8-gpu","bd/dna.100MB",8,262144,1000000,3211,3211,0,0.000,67.881,0.013,67.894,68.783,1157,39194500
"benchmark-example:dna-extra-8-gpu","bd/dna.100MB",8,262144,1000000,3211,3211,0,0.000,67.881,0.013,67.894,68.783,1158,39209201
"benchmark-example:dna-extra-8-gpu","bd/dna.100MB",8,262144,1000000,3211,3211,0,0.000,67.881,0.013,67.894,68.783,1159,39281131
"benchmark-example:dna-extra-8-gpu","bd/dna.100MB",8,262144,1000000,3211,3211,0,0.000,67.881,0.013,67.894,68.783,1160,39302582
"benchmark-example:dna-extra-8-gpu","bd/dna.100MB",8,262144,1000000,3211,3211,0,0.000,67.881,0.013,67.894,68.783,1161,39308442
"benchmark-example:dna-extra-8-gpu","bd/dna.100MB",8,262144,1000000,3211,3211,0,0.000,67.881,0.013,67.894,68.783,1162,39321137
"benchmark-example:dna-extra-8-gpu","bd/dna.100MB",8,262144,1000000,3211,3211,0,0.000,67.881,0.013,67.894,68.783,1163,39323441
"benchmark-example:dna-extra-8-gpu","bd/dna.100MB",8,262144,1000000,3211,3211,0,0.000,67.881,0.013,67.894,68.783,1164,39391556
"benchmark-example:dna-extra-8-gpu","bd/dna.100MB",8,262144,1000000,3211,3211,0,0.000,67.881,0.013,67.894,68.783,1165,39398090
"benchmark-example:dna-extra-8-gpu","bd/dna.100MB",8,262144,1000000,3211,3211,0,0.000,67.881,0.013,67.894,68.783,1166,39445665
"benchmark-example:dna-extra-8-gpu","bd/dna.100MB",8,262144,1000000,3211,3211,0,0.000,67.881,0.013,67.894,68.783,1167,39447641
"benchmark-example:dna-extra-8-gpu","bd/dna.100MB",8,262144,1000000,3211,3211,0,0.000,67.881,0.013,67.894,68.783,1168,39496926
"benchmark-example:dna-extra-8-gpu","bd/dna.100MB",8,262144,1000000,3211,3211,0,0.000,67.881,0.013,67.894,68.783,1169,39508588
"benchmark-example:dna-extra-8-gpu","bd/dna.100MB",8,262144,1000000,3211,3211,0,0.000,67.881,0.013,67.894,68.783,1170,39548803
"benchmark-example:dna-extra-8-gpu","bd/dna.100MB",8,262144,1000000,3211,3211,0,0.000,67.881,0.013,67.894,68.783,1171,39630588
"benchmark-example:dna-extra-8-gpu","bd/dna.100MB",8,262144,1000000,3211,3211,0,0.000,67.881,0.013,67.894,68.783,1172,39680130
"benchmark-example:dna-extra-8-gpu","bd/dna.100MB",8,262144,1000000,3211,3211,0,0.000,67.881,0.013,67.894,68.783,1173,39683551
"benchmark-example:dna-extra-8-gpu","bd/dna.100MB",8,262144,1000000,3211,3211,0,0.000,67.881,0.013,67.894,68.783,1174,39710664
"benchmark-example:dna-extra-8-gpu","bd/dna.100MB",8,262144,1000000,3211,3211,0,0.000,67.881,0.013,67.894,68.783,1175,39827666
"benchmark-example:dna-extra-8-gpu","bd/dna.100MB",8,262144,1000000,3211,3211,0,0.000,67.881,0.013,67.894,68.783,1176,39842805
"benchmark-example:dna-extra-8-gpu","bd/dna.100MB",8,262144,1000000,3211,3211,0,0.000,67.881,0.013,67.894,68.783,1177,39851844
"benchmark-example:dna-extra-8-gpu","bd/dna.100MB",8,262144,1000000,3211,3211,0,0.000,67.881,0.013,67.894,68.783,1178,39889192
"benchmark-example:dna-extra-8-gpu","bd/dna.100MB",8,262144,1000000,3211,3211,0,0.000,67.881,0.013,67.894,68.783,1179,39908078
"benchmark-example:dna-extra-8-gpu","bd/dna.100MB",8,262144,1000000,3211,3211,0,0.000,67.881,0.013,67.894,68.783,1180,39915051
"benchmark-example:dna-extra-8-gpu","bd/dna.100MB",8,262144,1000000,3211,3211,0,0.000,67.881,0.013,67.894,68.783,1181,39945035
"benchmark-example:dna-extra-8-gpu","bd/dna.100MB",8,262144,1000000,3211,3211,0,0.000,67.881,0.013,67.894,68.783,1182,40005212
"benchmark-example:dna-extra-8-gpu","bd/dna.100MB",8,262144,1000000,3211,3211,0,0.000,67.881,0.013,67.894,68.783,1183,40099375
"benchmark-example:dna-extra-8-gpu","bd/dna.100MB",8,262144,1000000,3211,3211,0,0.000,67.881,0.013,67.894,68.783,1184,40142578
"benchmark-example:dna-extra-8-gpu","bd/dna.100MB",8,262144,1000000,3211,3211,0,0.000,67.881,0.013,67.894,68.783,1185,40173610
"benchmark-example:dna-extra-8-gpu","bd/dna.100MB",8,262144,1000000,3211,3211,0,0.000,67.881,0.013,67.894,68.783,1186,40207614
"benchmark-example:dna-extra-8-gpu","bd/dna.100MB",8,262144,1000000,3211,3211,0,0.000,67.881,0.013,67.894,68.783,1187,40230404
"benchmark-example:dna-extra-8-gpu","bd/dna.100MB",8,262144,1000000,3211,3211,0,0.000,67.881,0.013,67.894,68.783,1188,40241852
"benchmark-example:dna-extra-8-gpu","bd/dna.100MB",8,262144,1000000,3211,3211,0,0.000,67.881,0.013,67.894,68.783,1189,40261208
"benchmark-example:dna-extra-8-gpu","bd/dna.100MB",8,262144,1000000,3211,3211,0,0.000,67.881,0.013,67.894,68.783,1190,40290354
"benchmark-example:dna-extra-8-gpu","bd/dna.100MB",8,262144,1000000,3211,3211,0,0.000,67.881,0.013,67.894,68.783,1191,40325427
"benchmark-example:dna-extra-8-gpu","bd/dna.100MB",8,262144,1000000,3211,3211,0,0.000,67.881,0.013,67.894,68.783,1192,40410167
"benchmark-example:dna-extra-8-gpu","bd/dna.100MB",8,262144,1000000,3211,3211,0,0.000,67.881,0.013,67.894,68.783,1193,40411664
"benchmark-example:dna-extra-8-gpu","bd/dna.100MB",8,262144,1000000,3211,3211,0,0.000,67.881,0.013,67.894,68.783,1194,40458028
"benchmark-example:dna-extra-8-gpu","bd/dna.100MB",8,262144,1000000,3211,3211,0,0.000,67.881,0.013,67.894,68.783,1195,40495916
"benchmark-example:dna-extra-8-gpu","bd/dna.100MB",8,262144,1000000,3211,3211,0,0.000,67.881,0.013,67.894,68.783,1196,40509927
"benchmark-example:dna-extra-8-gpu","bd/dna.100MB",8,262144,1000000,3211,3211,0,0.000,67.881,0.013,67.894,68.783,1197,40532753
"benchmark-example:dna-extra-8-gpu","bd/dna.100MB",8,262144,1000000,3211,3211,0,0.000,67.881,0.013,67.894,68.783,1198,40533381
"benchmark-example:dna-extra-8-gpu","bd/dna.100MB",8,262144,1000000,3211,3211,0,0.000,67.881,0.013,67.894,68.783,1199,40542719
"benchmark-example:dna-extra-8-gpu","bd/dna.100MB",8,262144,1000000,3211,3211,0,0.000,67.881,0.013,67.894,68.783,1200,40549583
"benchmark-example:dna-extra-8-gpu","bd/dna.100MB",8,262144,1000000,3211,3211,0,0.000,67.881,0.013,67.894,68.783,1201,40605296
"benchmark-example:dna-extra-8-gpu","bd/dna.100MB",8,262144,1000000,3211,3211,0,0.000,67.881,0.013,67.894,68.783,1202,40627057
"benchmark-example:dna-extra-8-gpu","bd/dna.100MB",8,262144,1000000,3211,3211,0,0.000,67.881,0.013,67.894,68.783,1203,40631647
"benchmark-example:dna-extra-8-gpu","bd/dna.100MB",8,262144,1000000,3211,3211,0,0.000,67.881,0.013,67.894,68.783,1204,40705667
"benchmark-example:dna-extra-8-gpu","bd/dna.100MB",8,262144,1000000,3211,3211,0,0.000,67.881,0.013,67.894,68.783,1205,40757139
"benchmark-example:dna-extra-8-gpu","bd/dna.100MB",8,262144,1000000,3211,3211,0,0.000,67.881,0.013,67.894,68.783,1206,40786599
"benchmark-example:dna-extra-8-gpu","bd/dna.100MB",8,262144,1000000,3211,3211,0,0.000,67.881,0.013,67.894,68.783,1207,40835708
"benchmark-example:dna-extra-8-gpu","bd/dna.100MB",8,262144,1000000,3211,3211,0,0.000,67.881,0.013,67.894,68.783,1208,40865595
"benchmark-example:dna-extra-8-gpu","bd/dna.100MB",8,262144,1000000,3211,3211,0,0.000,67.881,0.013,67.894,68.783,1209,40958388
"benchmark-example:dna-extra-8-gpu","bd/dna.100MB",8,262144,1000000,3211,3211,0,0.000,67.881,0.013,67.894,68.783,1210,40982136
"benchmark-example:dna-extra-8-gpu","bd/dna.100MB",8,262144,1000000,3211,3211,0,0.000,67.881,0.013,67.894,68.783,1211,41032787
"benchmark-example:dna-extra-8-gpu","bd/dna.100MB",8,262144,1000000,3211,3211,0,0.000,67.881,0.013,67.894,68.783,1212,41040465
"benchmark-example:dna-extra-8-gpu","bd/dna.100MB",8,262144,1000000,3211,3211,0,0.000,67.881,0.013,67.894,68.783,1213,41080943
"benchmark-example:dna-extra-8-gpu","bd/dna.100MB",8,262144,1000000,3211,3211,0,0.000,67.881,0.013,67.894,68.783,1214,41109921
"benchmark-example:dna-extra-8-gpu","bd/dna.100MB",8,262144,1000000,3211,3211,0,0.000,67.881,0.013,67.894,68.783,1215,41130777
"benchmark-example:dna-extra-8-gpu","bd/dna.100MB",8,262144,1000000,3211,3211,0,0.000,67.881,0.013,67.894,68.783,1216,41198102
"benchmark-example:dna-extra-8-gpu","bd/dna.100MB",8,262144,1000000,3211,3211,0,0.000,67.881,0.013,67.894,68.783,1217,41198150
"benchmark-example:dna-extra-8-gpu","bd/dna.100MB",8,262144,1000000,3211,3211,0,0.000,67.881,0.013,67.894,68.783,1218,41198570
"benchmark-example:dna-extra-8-gpu","bd/dna.100MB",8,262144,1000000,3211,3211,0,0.000,67.881,0.013,67.894,68.783,1219,41276180
"benchmark-example:dna-extra-8-gpu","bd/dna.100MB",8,262144,1000000,3211,3211,0,0.000,67.881,0.013,67.894,68.783,1220,41309027
"benchmark-example:dna-extra-8-gpu","bd/dna.100MB",8,262144,1000000,3211,3211,0,0.000,67.881,0.013,67.894,68.783,1221,41343424
"benchmark-example:dna-extra-8-gpu","bd/dna.100MB",8,262144,1000000,3211,3211,0,0.000,67.881,0.013,67.894,68.783,1222,41343457
"benchmark-example:dna-extra-8-gpu","bd/dna.100MB",8,262144,1000000,3211,3211,0,0.000,67.881,0.013,67.894,68.783,1223,41362815
"benchmark-example:dna-extra-8-gpu","bd/dna.100MB",8,262144,1000000,3211,3211,0,0.000,67.881,0.013,67.894,68.783,1224,41385314
"benchmark-example:dna-extra-8-gpu","bd/dna.100MB",8,262144,1000000,3211,3211,0,0.000,67.881,0.013,67.894,68.783,1225,41390118
"benchmark-example:dna-extra-8-gpu","bd/dna.100MB",8,262144,1000000,3211,3211,0,0.000,67.881,0.013,67.894,68.783,1226,41446513
"benchmark-example:dna-extra-8-gpu","bd/dna.100MB",8,262144,1000000,3211,3211,0,0.000,67.881,0.013,67.894,68.783,1227,41453162
"benchmark-example:dna-extra-8-gpu","bd/dna.100MB",8,262144,1000000,3211,3211,0,0.000,67.881,0.013,67.894,68.783,1228,41473689
"benchmark-example:dna-extra-8-gpu","bd/dna.100MB",8,262144,1000000,3211,3211,0,0.000,67.881,0.013,67.894,68.783,1229,41493100
"benchmark-example:dna-extra-8-gpu","bd/dna.100MB",8,262144,1000000,3211,3211,0,0.000,67.881,0.013,67.894,68.783,1230,41494369
"benchmark-example:dna-extra-8-gpu","bd/dna.100MB",8,262144,1000000,3211,3211,0,0.000,67.881,0.013,67.894,68.783,1231,41510155
"benchmark-example:dna-extra-8-gpu","bd/dna.100MB",8,262144,1000000,3211,3211,0,0.000,67.881,0.013,67.894,68.783,1232,41556555
"benchmark-example:dna-extra-8-gpu","bd/dna.100MB",8,262144,1000000,3211,3211,0,0.000,67.881,0.013,67.894,68.783,1233,41695727
"benchmark-example:dna-extra-8-gpu","bd/dna.100MB",8,262144,1000000,3211,3211,0,0.000,67.881,0.013,67.894,68.783,1234,41773516
"benchmark-example:dna-extra-8-gpu","bd/dna.100MB",8,262144,1000000,3211,3211,0,0.000,67.881,0.013,67.894,68.783,1235,41811365
"benchmark-example:dna-extra-8-gpu","bd/dna.100MB",8,262144,1000000,3211,3211,0,0.000,67.881,0.013,67.894,68.783,1236,41823868
"benchmark-example:dna-extra-8-gpu","bd/dna.100MB",8,262144,1000000,3211,3211,0,0.000,67.881,0.013,67.894,68.783,1237,41825122
"benchmark-example:dna-extra-8-gpu","bd/dna.100MB",8,262144,1000000,3211,3211,0,0.000,67.881,0.013,67.894,68.783,1238,41833223
"benchmark-example:dna-extra-8-gpu","bd/dna.100MB",8,262144,1000000,3211,3211,0,0.000,67.881,0.013,67.894,68.783,1239,41857358
"benchmark-example:dna-extra-8-gpu","bd/dna.100MB",8,262144,1000000,3211,3211,0,0.000,67.881,0.013,67.894,68.783,1240,41893394
"benchmark-example:dna-extra-8-gpu","bd/dna.100MB",8,262144,1000000,3211,3211,0,0.000,67.881,0.013,67.894,68.783,1241,41935546
"benchmark-example:dna-extra-8-gpu","bd/dna.100MB",8,262144,1000000,3211,3211,0,0.000,67.881,0.013,67.894,68.783,1242,41946244
"benchmark-example:dna-extra-8-gpu","bd/dna.100MB",8,262144,1000000,3211,3211,0,0.000,67.881,0.013,67.894,68.783,1243,42006315
"benchmark-example:dna-extra-8-gpu","bd/dna.100MB",8,262144,1000000,3211,3211,0,0.000,67.881,0.013,67.894,68.783,1244,42033206
"benchmark-example:dna-extra-8-gpu","bd/dna.100MB",8,262144,1000000,3211,3211,0,0.000,67.881,0.013,67.894,68.783,1245,42087161
"benchmark-example:dna-extra-8-gpu","bd/dna.100MB",8,262144,1000000,3211,3211,0,0.000,67.881,0.013,67.894,68.783,1246,42149098
"benchmark-example:dna-extra-8-gpu","bd/dna.100MB",8,262144,1000000,3211,3211,0,0.000,67.881,0.013,67.894,68.783,1247,42171640
"benchmark-example:dna-extra-8-gpu","bd/dna.100MB",8,262144,1000000,3211,3211,0,0.000,67.881,0.013,67.894,68.783,1248,42194339
"benchmark-example:dna-extra-8-gpu","bd/dna.100MB",8,262144,1000000,3211,3211,0,0.000,67.881,0.013,67.894,68.783,1249,42220712
"benchmark-example:dna-extra-8-gpu","bd/dna.100MB",8,262144,1000000,3211,3211,0,0.000,67.881,0.013,67.894,68.783,1250,42221150
"benchmark-example:dna-extra-8-gpu","bd/dna.100MB",8,262144,1000000,3211,3211,0,0.000,67.881,0.013,67.894,68.783,1251,42281113
"benchmark-example:dna-extra-8-gpu","bd/dna.100MB",8,262144,1000000,3211,3211,0,0.000,67.881,0.013,67.894,68.783,1252,42319718
"benchmark-example:dna-extra-8-gpu","bd/dna.100MB",8,262144,1000000,3211,3211,0,0.000,67.881,0.013,67.894,68.783,1253,42393542
"benchmark-example:dna-extra-8-gpu","bd/dna.100MB",8,262144,1000000,3211,3211,0,0.000,67.881,0.013,67.894,68.783,1254,42396854
"benchmark-example:dna-extra-8-gpu","bd/dna.100MB",8,262144,1000000,3211,3211,0,0.000,67.881,0.013,67.894,68.783,1255,42428059
"benchmark-example:dna-extra-8-gpu","bd/dna.100MB",8,262144,1000000,3211,3211,0,0.000,67.881,0.013,67.894,68.783,1256,42449963
"benchmark-example:dna-extra-8-gpu","bd/dna.100MB",8,262144,1000000,3211,3211,0,0.000,67.881,0.013,67.894,68.783,1257,42457009
"benchmark-example:dna-extra-8-gpu","bd/dna.100MB",8,262144,1000000,3211,3211,0,0.000,67.881,0.013,67.894,68.783,1258,42481656
"benchmark-example:dna-extra-8-gpu","bd/dna.100MB",8,262144,1000000,3211,3211,0,0.000,67.881,0.013,67.894,68.783,1259,42505186
"benchmark-example:dna-extra-8-gpu","bd/dna.100MB",8,262144,1000000,3211,3211,0,0.000,67.881,0.013,67.894,68.783,1260,42552419
"benchmark-example:dna-extra-8-gpu","bd/dna.100MB",8,262144,1000000,3211,3211,0,0.000,67.881,0.013,67.894,68.783,1261,42567667
"benchmark-example:dna-extra-8-gpu","bd/dna.100MB",8,262144,1000000,3211,3211,0,0.000,67.881,0.013,67.894,68.783,1262,42578840
"benchmark-example:dna-extra-8-gpu","bd/dna.100MB",8,262144,1000000,3211,3211,0,0.000,67.881,0.013,67.894,68.783,1263,42599029
"benchmark-example:dna-extra-8-gpu","bd/dna.100MB",8,262144,1000000,3211,3211,0,0.000,67.881,0.013,67.894,68.783,1264,42626847
"benchmark-example:dna-extra-8-gpu","bd/dna.100MB",8,262144,1000000,3211,3211,0,0.000,67.881,0.013,67.894,68.783,1265,42646562
"benchmark-example:dna-extra-8-gpu","bd/dna.100MB",8,262144,1000000,3211,3211,0,0.000,67.881,0.013,67.894,68.783,1266,42658022
"benchmark-example:dna-extra-8-gpu","bd/dna.100MB",8,262144,1000000,3211,3211,0,0.000,67.881,0.013,67.894,68.783,1267,42659730
"benchmark-example:dna-extra-8-gpu","bd/dna.100MB",8,262144,1000000,3211,3211,0,0.000,67.881,0.013,67.894,68.783,1268,42730925
"benchmark-example:dna-extra-8-gpu","bd/dna.100MB",8,262144,1000000,3211,3211,0,0.000,67.881,0.013,67.894,68.783,1269,42734034
"benchmark-example:dna-extra-8-gpu","bd/dna.100MB",8,262144,1000000,3211,3211,0,0.000,67.881,0.013,67.894,68.783,1270,42767236
"benchmark-example:dna-extra-8-gpu","bd/dna.100MB",8,262144,1000000,3211,3211,0,0.000,67.881,0.013,67.894,68.783,1271,42771658
"benchmark-example:dna-extra-8-gpu","bd/dna.100MB",8,262144,1000000,3211,3211,0,0.000,67.881,0.013,67.894,68.783,1272,42777617
"benchmark-example:dna-extra-8-gpu","bd/dna.100MB",8,262144,1000000,3211,3211,0,0.000,67.881,0.013,67.894,68.783,1273,42841263
"benchmark-example:dna-extra-8-gpu","bd/dna.100MB",8,262144,1000000,3211,3211,0,0.000,67.881,0.013,67.894,68.783,1274,42843978
"benchmark-example:dna-extra-8-gpu","bd/dna.100MB",8,262144,1000000,3211,3211,0,0.000,67.881,0.013,67.894,68.783,1275,42851503
"benchmark-example:dna-extra-8-gpu","bd/dna.100MB",8,262144,1000000,3211,3211,0,0.000,67.881,0.013,67.894,68.783,1276,42852877
"benchmark-example:dna-extra-8-gpu","bd/dna.100MB",8,262144,1000000,3211,3211,0,0.000,67.881,0.013,67.894,68.783,1277,42914532
"benchmark-example:dna-extra-8-gpu","bd/dna.100MB",8,262144,1000000,3211,3211,0,0.000,67.881,0.013,67.894,68.783,1278,42916093
"benchmark-example:dna-extra-8-gpu","bd/dna.100MB",8,262144,1000000,3211,3211,0,0.000,67.881,0.013,67.894,68.783,1279,42930305
"benchmark-example:dna-extra-8-gpu","bd/dna.100MB",8,262144,1000000,3211,3211,0,0.000,67.881,0.013,67.894,68.783,1280,42971796
"benchmark-example:dna-extra-8-gpu","bd/dna.100MB",8,262144,1000000,3211,3211,0,0.000,67.881,0.013,67.894,68.783,1281,43012929
"benchmark-example:dna-extra-8-gpu","bd/dna.100MB",8,262144,1000000,3211,3211,0,0.000,67.881,0.013,67.894,68.783,1282,43056352
"benchmark-example:dna-extra-8-gpu","bd/dna.100MB",8,262144,1000000,3211,3211,0,0.000,67.881,0.013,67.894,68.783,1283,43066609
"benchmark-example:dna-extra-8-gpu","bd/dna.100MB",8,262144,1000000,3211,3211,0,0.000,67.881,0.013,67.894,68.783,1284,43071620
"benchmark-example:dna-extra-8-gpu","bd/dna.100MB",8,262144,1000000,3211,3211,0,0.000,67.881,0.013,67.894,68.783,1285,43071637
"benchmark-example:dna-extra-8-gpu","bd/dna.100MB",8,262144,1000000,3211,3211,0,0.000,67.881,0.013,67.894,68.783,1286,43111256
"benchmark-example:dna-extra-8-gpu","bd/dna.100MB",8,262144,1000000,3211,3211,0,0.000,67.881,0.013,67.894,68.783,1287,43134138
"benchmark-example:dna-extra-8-gpu","bd/dna.100MB",8,262144,1000000,3211,3211,0,0.000,67.881,0.013,67.894,68.783,1288,43136047
"benchmark-example:dna-extra-8-gpu","bd/dna.100MB",8,262144,1000000,3211,3211,0,0.000,67.881,0.013,67.894,68.783,1289,43140779
"benchmark-example:dna-extra-8-gpu","bd/dna.100MB",8,262144,1000000,3211,3211,0,0.000,67.881,0.013,67.894,68.783,1290,43248385
"benchmark-example:dna-extra-8-gpu","bd/dna.100MB",8,262144,1000000,3211,3211,0,0.000,67.881,0.013,67.894,68.783,1291,43259847
"benchmark-example:dna-extra-8-gpu","bd/dna.100MB",8,262144,1000000,3211,3211,0,0.000,67.881,0.013,67.894,68.783,1292,43263882
"benchmark-example:dna-extra-8-gpu","bd/dna.100MB",8,262144,1000000,3211,3211,0,0.000,67.881,0.013,67.894,68.783,1293,43276574
"benchmark-example:dna-extra-8-gpu","bd/dna.100MB",8,262144,1000000,3211,3211,0,0.000,67.881,0.013,67.894,68.783,1294,43324605
"benchmark-example:dna-extra-8-gpu","bd/dna.100MB",8,262144,1000000,3211,3211,0,0.000,67.881,0.013,67.894,68.783,1295,43325465
"benchmark-example:dna-extra-8-gpu","bd/dna.100MB",8,262144,1000000,3211,3211,0,0.000,67.881,0.013,67.894,68.783,1296,43345999
"benchmark-example:dna-extra-8-gpu","bd/dna.100MB",8,262144,1000000,3211,3211,0,0.000,67.881,0.013,67.894,68.783,1297,43349660
"benchmark-example:dna-extra-8-gpu","bd/dna.100MB",8,262144,1000000,3211,3211,0,0.000,67.881,0.013,67.894,68.783,1298,43361309
"benchmark-example:dna-extra-8-gpu","bd/dna.100MB",8,262144,1000000,3211,3211,0,0.000,67.881,0.013,67.894,68.783,1299,43400029
"benchmark-example:dna-extra-8-gpu","bd/dna.100MB",8,262144,1000000,3211,3211,0,0.000,67.881,0.013,67.894,68.783,1300,43403273
"benchmark-example:dna-extra-8-gpu","bd/dna.100MB",8,262144,1000000,3211,3211,0,0.000,67.881,0.013,67.894,68.783,1301,43410836
"benchmark-example:dna-extra-8-gpu","bd/dna.100MB",8,262144,1000000,3211,3211,0,0.000,67.881,0.013,67.894,68.783,1302,43448478
"benchmark-example:dna-extra-8-gpu","bd/dna.100MB",8,262144,1000000,3211,3211,0,0.000,67.881,0.013,67.894,68.783,1303,43488877
"benchmark-example:dna-extra-8-gpu","bd/dna.100MB",8,262144,1000000,3211,3211,0,0.000,67.881,0.013,67.894,68.783,1304,43494730
"benchmark-example:dna-extra-8-gpu","bd/dna.100MB",8,262144,1000000,3211,3211,0,0.000,67.881,0.013,67.894,68.783,1305,43542231
"benchmark-example:dna-extra-8-gpu","bd/dna.100MB",8,262144,1000000,3211,3211,0,0.000,67.881,0.013,67.894,68.783,1306,43542461
"benchmark-example:dna-extra-8-gpu","bd/dna.100MB",8,262144,1000000,3211,3211,0,0.000,67.881,0.013,67.894,68.783,1307,43571464
"benchmark-example:dna-extra-8-gpu","bd/dna.100MB",8,262144,1000000,3211,3211,0,0.000,67.881,0.013,67.894,68.783,1308,43578923
"benchmark-example:dna-extra-8-gpu","bd/dna.100MB",8,262144,1000000,3211,3211,0,0.000,67.881,0.013,67.894,68.783,1309,43645019
"benchmark-example:dna-extra-8-gpu","bd/dna.100MB",8,262144,1000000,3211,3211,0,0.000,67.881,0.013,67.894,68.783,1310,43668519
"benchmark-example:dna-extra-8-gpu","bd/dna.100MB",8,262144,1000000,3211,3211,0,0.000,67.881,0.013,67.894,68.783,1311,43672768
"benchmark-example:dna-extra-8-gpu","bd/dna.100MB",8,262144,1000000,3211,3211,0,0.000,67.881,0.013,67.894,68.783,1312,43696174
"benchmark-example:dna-extra-8-gpu","bd/dna.100MB",8,262144,1000000,3211,3211,0,0.000,67.881,0.013,67.894,68.783,1313,43718259
"benchmark-example:dna-extra-8-gpu","bd/dna.100MB",8,262144,1000000,3211,3211,0,0.000,67.881,0.013,67.894,68.783,1314,43794054
"benchmark-example:dna-extra-8-gpu","bd/dna.100MB",8,262144,1000000,3211,3211,0,0.000,67.881,0.013,67.894,68.783,1315,43795430
"benchmark-example:dna-extra-8-gpu","bd/dna.100MB",8,262144,1000000,3211,3211,0,0.000,67.881,0.013,67.894,68.783,1316,43813296
"benchmark-example:dna-extra-8-gpu","bd/dna.100MB",8,262144,1000000,3211,3211,0,0.000,67.881,0.013,67.894,68.783,1317,43844547
"benchmark-example:dna-extra-8-gpu","bd/dna.100MB",8,262144,1000000,3211,3211,0,0.000,67.881,0.013,67.894,68.783,1318,43873001
"benchmark-example:dna-extra-8-gpu","bd/dna.100MB",8,262144,1000000,3211,3211,0,0.000,67.881,0.013,67.894,68.783,1319,43889361
"benchmark-example:dna-extra-8-gpu","bd/dna.100MB",8,262144,1000000,3211,3211,0,0.000,67.881,0.013,67.894,68.783,1320,43915052
"benchmark-example:dna-extra-8-gpu","bd/dna.100MB",8,262144,1000000,3211,3211,0,0.000,67.881,0.013,67.894,68.783,1321,43923443
"benchmark-example:dna-extra-8-gpu","bd/dna.100MB",8,262144,1000000,3211,3211,0,0.000,67.881,0.013,67.894,68.783,1322,43946957
"benchmark-example:dna-extra-8-gpu","bd/dna.100MB",8,262144,1000000,3211,3211,0,0.000,67.881,0.013,67.894,68.783,1323,43976128
"benchmark-example:dna-extra-8-gpu","bd/dna.100MB",8,262144,1000000,3211,3211,0,0.000,67.881,0.013,67.894,68.783,1324,43986336
"benchmark-example:dna-extra-8-gpu","bd/dna.100MB",8,262144,1000000,3211,3211,0,0.000,67.881,0.013,67.894,68.783,1325,44026550
"benchmark-example:dna-extra-8-gpu","bd/dna.100MB",8,262144,1000000,3211,3211,0,0.000,67.881,0.013,67.894,68.783,1326,44028061
"benchmark-example:dna-extra-8-gpu","bd/dna.100MB",8,262144,1000000,3211,3211,0,0.000,67.881,0.013,67.894,68.783,1327,44038809
"benchmark-example:dna-extra-8-gpu","bd/dna.100MB",8,262144,1000000,3211,3211,0,0.000,67.881,0.013,67.894,68.783,1328,44065051
"benchmark-example:dna-extra-8-gpu","bd/dna.100MB",8,262144,1000000,3211,3211,0,0.000,67.881,0.013,67.894,68.783,1329,44076842
"benchmark-example:dna-extra-8-gpu","bd/dna.100MB",8,262144,1000000,3211,3211,0,0.000,67.881,0.013,67.894,68.783,1330,44119066
"benchmark-example:dna-extra-8-gpu","bd/dna.100MB",8,262144,1000000,3211,3211,0,0.000,67.881,0.013,67.894,68.783,1331,44130509
"benchmark-example:dna-extra-8-gpu","bd/dna.100MB",8,262144,1000000,3211,3211,0,0.000,67.881,0.013,67.894,68.783,1332,44132592
"benchmark-example:dna-extra-8-gpu","bd/dna.100MB",8,262144,1000000,3211,3211,0,0.000,67.881,0.013,67.894,68.783,1333,44143180
"benchmark-example:dna-extra-8-gpu","bd/dna.100MB",8,262144,1000000,3211,3211,0,0.000,67.881,0.013,67.894,68.783,1334,44148420
"benchmark-example:dna-extra-8-gpu","bd/dna.100MB",8,262144,1000000,3211,3211,0,0.000,67.881,0.013,67.894,68.783,1335,44185065
"benchmark-example:dna-extra-8-gpu","bd/dna.100MB",8,262144,1000000,3211,3211,0,0.000,67.881,0.013,67.894,68.783,1336,44211685
"benchmark-example:dna-extra-8-gpu","bd/dna.100MB",8,262144,1000000,3211,3211,0,0.000,67.881,0.013,67.894,68.783,1337,44230182
"benchmark-example:dna-extra-8-gpu","bd/dna.100MB",8,262144,1000000,3211,3211,0,0.000,67.881,0.013,67.894,68.783,1338,44240228
"benchmark-example:dna-extra-8-gpu","bd/dna.100MB",8,262144,1000000,3211,3211,0,0.000,67.881,0.013,67.894,68.783,1339,44260842
"benchmark-example:dna-extra-8-gpu","bd/dna.100MB",8,262144,1000000,3211,3211,0,0.000,67.881,0.013,67.894,68.783,1340,44262421
"benchmark-example:dna-extra-8-gpu","bd/dna.100MB",8,262144,1000000,3211,3211,0,0.000,67.881,0.013,67.894,68.783,1341,44264391
"benchmark-example:dna-extra-8-gpu","bd/dna.100MB",8,262144,1000000,3211,3211,0,0.000,67.881,0.013,67.894,68.783,1342,44281789
"benchmark-example:dna-extra-8-gpu","bd/dna.100MB",8,262144,1000000,3211,3211,0,0.000,67.881,0.013,67.894,68.783,1343,44284614
"benchmark-example:dna-extra-8-gpu","bd/dna.100MB",8,262144,1000000,3211,3211,0,0.000,67.881,0.013,67.894,68.783,1344,44357520
"benchmark-example:dna-extra-8-gpu","bd/dna.100MB",8,262144,1000000,3211,3211,0,0.000,67.881,0.013,67.894,68.783,1345,44358406
"benchmark-example:dna-extra-8-gpu","bd/dna.100MB",8,262144,1000000,3211,3211,0,0.000,67.881,0.013,67.894,68.783,1346,44383548
"benchmark-example:dna-extra-8-gpu","bd/dna.100MB",8,262144,1000000,3211,3211,0,0.000,67.881,0.013,67.894,68.783,1347,44389056
"benchmark-example:dna-extra-8-gpu","bd/dna.100MB",8,262144,1000000,3211,3211,0,0.000,67.881,0.013,67.894,68.783,1348,44428292
"benchmark-example:dna-extra-8-gpu","bd/dna.100MB",8,262144,1000000,3211,3211,0,0.000,67.881,0.013,67.894,68.783,1349,44464648
"benchmark-example:dna-extra-8-gpu","bd/dna.100MB",8,262144,1000000,3211,3211,0,0.000,67.881,0.013,67.894,68.783,1350,44493450
"benchmark-example:dna-extra-8-gpu","bd/dna.100MB",8,262144,1000000,3211,3211,0,0.000,67.881,0.013,67.894,68.783,1351,44504745
"benchmark-example:dna-extra-8-gpu","bd/dna.100MB",8,262144,1000000,3211,3211,0,0.000,67.881,0.013,67.894,68.783,1352,44530862
"benchmark-example:dna-extra-8-gpu","bd/dna.100MB",8,262144,1000000,3211,3211,0,0.000,67.881,0.013,67.894,68.783,1353,44531860
"benchmark-example:dna-extra-8-gpu","bd/dna.100MB",8,262144,1000000,3211,3211,0,0.000,67.881,0.013,67.894,68.783,1354,44541849
"benchmark-example:dna-extra-8-gpu","bd/dna.100MB",8,262144,1000000,3211,3211,0,0.000,67.881,0.013,67.894,68.783,1355,44547293
"benchmark-example:dna-extra-8-gpu","bd/dna.100MB",8,262144,1000000,3211,3211,0,0.000,67.881,0.013,67.894,68.783,1356,44683246
"benchmark-example:dna-extra-8-gpu","bd/dna.100MB",8,262144,1000000,3211,3211,0,0.000,67.881,0.013,67.894,68.783,1357,44752240
"benchmark-example:dna-extra-8-gpu","bd/dna.100MB",8,262144,1000000,3211,3211,0,0.000,67.881,0.013,67.894,68.783,1358,44757511
"benchmark-example:dna-extra-8-gpu","bd/dna.100MB",8,262144,1000000,3211,3211,0,0.000,67.881,0.013,67.894,68.783,1359,44760236
"benchmark-example:dna-extra-8-gpu","bd/dna.100MB",8,262144,1000000,3211,3211,0,0.000,67.881,0.013,67.894,68.783,1360,44764015
"benchmark-example:dna-extra-8-gpu","bd/dna.100MB",8,262144,1000000,3211,3211,0,0.000,67.881,0.013,67.894,68.783,1361,44853177
"benchmark-example:dna-extra-8-gpu","bd/dna.100MB",8,262144,1000000,3211,3211,0,0.000,67.881,0.013,67.894,68.783,1362,44861669
"benchmark-example:dna-extra-8-gpu","bd/dna.100MB",8,262144,1000000,3211,3211,0,0.000,67.881,0.013,67.894,68.783,1363,44868310
"benchmark-example:dna-extra-8-gpu","bd/dna.100MB",8,262144,1000000,3211,3211,0,0.000,67.881,0.013,67.894,68.783,1364,45006916
"benchmark-example:dna-extra-8-gpu","bd/dna.100MB",8,262144,1000000,3211,3211,0,0.000,67.881,0.013,67.894,68.783,1365,45033027
"benchmark-example:dna-extra-8-gpu","bd/dna.100MB",8,262144,1000000,3211,3211,0,0.000,67.881,0.013,67.894,68.783,1366,45062516
"benchmark-example:dna-extra-8-gpu","bd/dna.100MB",8,262144,1000000,3211,3211,0,0.000,67.881,0.013,67.894,68.783,1367,45105280
"benchmark-example:dna-extra-8-gpu","bd/dna.100MB",8,262144,1000000,3211,3211,0,0.000,67.881,0.013,67.894,68.783,1368,45148967
"benchmark-example:dna-extra-8-gpu","bd/dna.100MB",8,262144,1000000,3211,3211,0,0.000,67.881,0.013,67.894,68.783,1369,45196766
"benchmark-example:dna-extra-8-gpu","bd/dna.100MB",8,262144,1000000,3211,3211,0,0.000,67.881,0.013,67.894,68.783,1370,45278974
"benchmark-example:dna-extra-8-gpu","bd/dna.100MB",8,262144,1000000,3211,3211,0,0.000,67.881,0.013,67.894,68.783,1371,45298112
"benchmark-example:dna-extra-8-gpu","bd/dna.100MB",8,262144,1000000,3211,3211,0,0.000,67.881,0.013,67.894,68.783,1372,45307367
"benchmark-example:dna-extra-8-gpu","bd/dna.100MB",8,262144,1000000,3211,3211,0,0.000,67.881,0.013,67.894,68.783,1373,45319745
"benchmark-example:dna-extra-8-gpu","bd/dna.100MB",8,262144,1000000,3211,3211,0,0.000,67.881,0.013,67.894,68.783,1374,45326395
"benchmark-example:dna-extra-8-gpu","bd/dna.100MB",8,262144,1000000,3211,3211,0,0.000,67.881,0.013,67.894,68.783,1375,45356502
"benchmark-example:dna-extra-8-gpu","bd/dna.100MB",8,262144,1000000,3211,3211,0,0.000,67.881,0.013,67.894,68.783,1376,45397224
"benchmark-example:dna-extra-8-gpu","bd/dna.100MB",8,262144,1000000,3211,3211,0,0.000,67.881,0.013,67.894,68.783,1377,45419208
"benchmark-example:dna-extra-8-gpu","bd/dna.100MB",8,262144,1000000,3211,3211,0,0.000,67.881,0.013,67.894,68.783,1378,45527074
"benchmark-example:dna-extra-8-gpu","bd/dna.100MB",8,262144,1000000,3211,3211,0,0.000,67.881,0.013,67.894,68.783,1379,45564023
"benchmark-example:dna-extra-8-gpu","bd/dna.100MB",8,262144,1000000,3211,3211,0,0.000,67.881,0.013,67.894,68.783,1380,45572430
"benchmark-example:dna-extra-8-gpu","bd/dna.100MB",8,262144,1000000,3211,3211,0,0.000,67.881,0.013,67.894,68.783,1381,45624166
"benchmark-example:dna-extra-8-gpu","bd/dna.100MB",8,262144,1000000,3211,3211,0,0.000,67.881,0.013,67.894,68.783,1382,45650015
"benchmark-example:dna-extra-8-gpu","bd/dna.100MB",8,262144,1000000,3211,3211,0,0.000,67.881,0.013,67.894,68.783,1383,45669409
"benchmark-example:dna-extra-8-gpu","bd/dna.100MB",8,262144,1000000,3211,3211,0,0.000,67.881,0.013,67.894,68.783,1384,45703228
"benchmark-example:dna-extra-8-gpu","bd/dna.100MB",8,262144,1000000,3211,3211,0,0.000,67.881,0.013,67.894,68.783,1385,45709138
"benchmark-example:dna-extra-8-gpu","bd/dna.100MB",8,262144,1000000,3211,3211,0,0.000,67.881,0.013,67.894,68.783,1386,45730889
"benchmark-example:dna-extra-8-gpu","bd/dna.100MB",8,262144,1000000,3211,3211,0,0.000,67.881,0.013,67.894,68.783,1387,45752364
"benchmark-example:dna-extra-8-gpu","bd/dna.100MB",8,262144,1000000,3211,3211,0,0.000,67.881,0.013,67.894,68.783,1388,45752810
"benchmark-example:dna-extra-8-gpu","bd/dna.100MB",8,262144,1000000,3211,3211,0,0.000,67.881,0.013,67.894,68.783,1389,45772532
"benchmark-example:dna-extra-8-gpu","bd/dna.100MB",8,262144,1000000,3211,3211,0,0.000,67.881,0.013,67.894,68.783,1390,45961580
"benchmark-example:dna-extra-8-gpu","bd/dna.100MB",8,262144,1000000,3211,3211,0,0.000,67.881,0.013,67.894,68.783,1391,45999750
"benchmark-example:dna-extra-8-gpu","bd/dna.100MB",8,262144,1000000,3211,3211,0,0.000,67.881,0.013,67.894,68.783,1392,46015513
"benchmark-example:dna-extra-8-gpu","bd/dna.100MB",8,262144,1000000,3211,3211,0,0.000,67.881,0.013,67.894,68.783,1393,46027942
"benchmark-example:dna-extra-8-gpu","bd/dna.100MB",8,262144,1000000,3211,3211,0,0.000,67.881,0.013,67.894,68.783,1394,46086847
"benchmark-example:dna-extra-8-gpu","bd/dna.100MB",8,262144,1000000,3211,3211,0,0.000,67.881,0.013,67.894,68.783,1395,46282471
"benchmark-example:dna-extra-8-gpu","bd/dna.100MB",8,262144,1000000,3211,3211,0,0.000,67.881,0.013,67.894,68.783,1396,46338798
"benchmark-example:dna-extra-8-gpu","bd/dna.100MB",8,262144,1000000,3211,3211,0,0.000,67.881,0.013,67.894,68.783,1397,46403715
"benchmark-example:dna-extra-8-gpu","bd/dna.100MB",8,262144,1000000,3211,3211,0,0.000,67.881,0.013,67.894,68.783,1398,46440342
"benchmark-example:dna-extra-8-gpu","bd/dna.100MB",8,262144,1000000,3211,3211,0,0.000,67.881,0.013,67.894,68.783,1399,46486774
"benchmark-example:dna-extra-8-gpu","bd/dna.100MB",8,262144,1000000,3211,3211,0,0.000,67.881,0.013,67.894,68.783,1400,46492998
"benchmark-example:dna-extra-8-gpu","bd/dna.100MB",8,262144,1000000,3211,3211,0,0.000,67.881,0.013,67.894,68.783,1401,46499667
"benchmark-example:dna-extra-8-gpu","bd/dna.100MB",8,262144,1000000,3211,3211,0,0.000,67.881,0.013,67.894,68.783,1402,46576962
"benchmark-example:dna-extra-8-gpu","bd/dna.100MB",8,262144,1000000,3211,3211,0,0.000,67.881,0.013,67.894,68.783,1403,46636739
"benchmark-example:dna-extra-8-gpu","bd/dna.100MB",8,262144,1000000,3211,3211,0,0.000,67.881,0.013,67.894,68.783,1404,46661691
"benchmark-example:dna-extra-8-gpu","bd/dna.100MB",8,262144,1000000,3211,3211,0,0.000,67.881,0.013,67.894,68.783,1405,46764602
"benchmark-example:dna-extra-8-gpu","bd/dna.100MB",8,262144,1000000,3211,3211,0,0.000,67.881,0.013,67.894,68.783,1406,46811182
"benchmark-example:dna-extra-8-gpu","bd/dna.100MB",8,262144,1000000,3211,3211,0,0.000,67.881,0.013,67.894,68.783,1407,46846432
"benchmark-example:dna-extra-8-gpu","bd/dna.100MB",8,262144,1000000,3211,3211,0,0.000,67.881,0.013,67.894,68.783,1408,46851690
"benchmark-example:dna-extra-8-gpu","bd/dna.100MB",8,262144,1000000,3211,3211,0,0.000,67.881,0.013,67.894,68.783,1409,46920484
"benchmark-example:dna-extra-8-gpu","bd/dna.100MB",8,262144,1000000,3211,3211,0,0.000,67.881,0.013,67.894,68.783,1410,46934742
"benchmark-example:dna-extra-8-gpu","bd/dna.100MB",8,262144,1000000,3211,3211,0,0.000,67.881,0.013,67.894,68.783,1411,46934830
"benchmark-example:dna-extra-8-gpu","bd/dna.100MB",8,262144,1000000,3211,3211,0,0.000,67.881,0.013,67.894,68.783,1412,47014550
"benchmark-example:dna-extra-8-gpu","bd/dna.100MB",8,262144,1000000,3211,3211,0,0.000,67.881,0.013,67.894,68.783,1413,47040943
"benchmark-example:dna-extra-8-gpu","bd/dna.100MB",8,262144,1000000,3211,3211,0,0.000,67.881,0.013,67.894,68.783,1414,47098198
"benchmark-example:dna-extra-8-gpu","bd/dna.100MB",8,262144,1000000,3211,3211,0,0.000,67.881,0.013,67.894,68.783,1415,47124550
"benchmark-example:dna-extra-8-gpu","bd/dna.100MB",8,262144,1000000,3211,3211,0,0.000,67.881,0.013,67.894,68.783,1416,47227271
"benchmark-example:dna-extra-8-gpu","bd/dna.100MB",8,262144,1000000,3211,3211,0,0.000,67.881,0.013,67.894,68.783,1417,47258813
"benchmark-example:dna-extra-8-gpu","bd/dna.100MB",8,262144,1000000,3211,3211,0,0.000,67.881,0.013,67.894,68.783,1418,47269788
"benchmark-example:dna-extra-8-gpu","bd/dna.100MB",8,262144,1000000,3211,3211,0,0.000,67.881,0.013,67.894,68.783,1419,47284591
"benchmark-example:dna-extra-8-gpu","bd/dna.100MB",8,262144,1000000,3211,3211,0,0.000,67.881,0.013,67.894,68.783,1420,47324233
"benchmark-example:dna-extra-8-gpu","bd/dna.100MB",8,262144,1000000,3211,3211,0,0.000,67.881,0.013,67.894,68.783,1421,47377289
"benchmark-example:dna-extra-8-gpu","bd/dna.100MB",8,262144,1000000,3211,3211,0,0.000,67.881,0.013,67.894,68.783,1422,47413258
"benchmark-example:dna-extra-8-gpu","bd/dna.100MB",8,262144,1000000,3211,3211,0,0.000,67.881,0.013,67.894,68.783,1423,47493200
"benchmark-example:dna-extra-8-gpu","bd/dna.100MB",8,262144,1000000,3211,3211,0,0.000,67.881,0.013,67.894,68.783,1424,47509907
"benchmark-example:dna-extra-8-gpu","bd/dna.100MB",8,262144,1000000,3211,3211,0,0.000,67.881,0.013,67.894,68.783,1425,47573117
"benchmark-example:dna-extra-8-gpu","bd/dna.100MB",8,262144,1000000,3211,3211,0,0.000,67.881,0.013,67.894,68.783,1426,47694328
"benchmark-example:dna-extra-8-gpu","bd/dna.100MB",8,262144,1000000,3211,3211,0,0.000,67.881,0.013,67.894,68.783,1427,47720009
"benchmark-example:dna-extra-8-gpu","bd/dna.100MB",8,262144,1000000,3211,3211,0,0.000,67.881,0.013,67.894,68.783,1428,47753871
"benchmark-example:dna-extra-8-gpu","bd/dna.100MB",8,262144,1000000,3211,3211,0,0.000,67.881,0.013,67.894,68.783,1429,47802814
"benchmark-example:dna-extra-8-gpu","bd/dna.100MB",8,262144,1000000,3211,3211,0,0.000,67.881,0.013,67.894,68.783,1430,47805273
"benchmark-example:dna-extra-8-gpu","bd/dna.100MB",8,262144,1000000,3211,3211,0,0.000,67.881,0.013,67.894,68.783,1431,47820137
"benchmark-example:dna-extra-8-gpu","bd/dna.100MB",8,262144,1000000,3211,3211,0,0.000,67.881,0.013,67.894,68.783,1432,47822986
"benchmark-example:dna-extra-8-gpu","bd/dna.100MB",8,262144,1000000,3211,3211,0,0.000,67.881,0.013,67.894,68.783,1433,47840476
"benchmark-example:dna-extra-8-gpu","bd/dna.100MB",8,262144,1000000,3211,3211,0,0.000,67.881,0.013,67.894,68.783,1434,47854169
"benchmark-example:dna-extra-8-gpu","bd/dna.100MB",8,262144,1000000,3211,3211,0,0.000,67.881,0.013,67.894,68.783,1435,47894006
"benchmark-example:dna-extra-8-gpu","bd/dna.100MB",8,262144,1000000,3211,3211,0,0.000,67.881,0.013,67.894,68.783,1436,47904647
"benchmark-example:dna-extra-8-gpu","bd/dna.100MB",8,262144,1000000,3211,3211,0,0.000,67.881,0.013,67.894,68.783,1437,47924510
"benchmark-example:dna-extra-8-gpu","bd/dna.100MB",8,262144,1000000,3211,3211,0,0.000,67.881,0.013,67.894,68.783,1438,47947986
"benchmark-example:dna-extra-8-gpu","bd/dna.100MB",8,262144,1000000,3211,3211,0,0.000,67.881,0.013,67.894,68.783,1439,47994650
"benchmark-example:dna-extra-8-gpu","bd/dna.100MB",8,262144,1000000,3211,3211,0,0.000,67.881,0.013,67.894,68.783,1440,48084912
"benchmark-example:dna-extra-8-gpu","bd/dna.100MB",8,262144,1000000,3211,3211,0,0.000,67.881,0.013,67.894,68.783,1441,48126430
"benchmark-example:dna-extra-8-gpu","bd/dna.100MB",8,262144,1000000,3211,3211,0,0.000,67.881,0.013,67.894,68.783,1442,48131982
"benchmark-example:dna-extra-8-gpu","bd/dna.100MB",8,262144,1000000,3211,3211,0,0.000,67.881,0.013,67.894,68.783,1443,48161070
"benchmark-example:dna-extra-8-gpu","bd/dna.100MB",8,262144,1000000,3211,3211,0,0.000,67.881,0.013,67.894,68.783,1444,48175523
"benchmark-example:dna-extra-8-gpu","bd/dna.100MB",8,262144,1000000,3211,3211,0,0.000,67.881,0.013,67.894,68.783,1445,48192549
"benchmark-example:dna-extra-8-gpu","bd/dna.100MB",8,262144,1000000,3211,3211,0,0.000,67.881,0.013,67.894,68.783,1446,48239135
"benchmark-example:dna-extra-8-gpu","bd/dna.100MB",8,262144,1000000,3211,3211,0,0.000,67.881,0.013,67.894,68.783,1447,48250616
"benchmark-example:dna-extra-8-gpu","bd/dna.100MB",8,262144,1000000,3211,3211,0,0.000,67.881,0.013,67.894,68.783,1448,48290834
"benchmark-example:dna-extra-8-gpu","bd/dna.100MB",8,262144,1000000,3211,3211,0,0.000,67.881,0.013,67.894,68.783,1449,48295387
"benchmark-example:dna-extra-8-gpu","bd/dna.100MB",8,262144,1000000,3211,3211,0,0.000,67.881,0.013,67.894,68.783,1450,48302178
"benchmark-example:dna-extra-8-gpu","bd/dna.100MB",8,262144,1000000,3211,3211,0,0.000,67.881,0.013,67.894,68.783,1451,48308755
"benchmark-example:dna-extra-8-gpu","bd/dna.100MB",8,262144,1000000,3211,3211,0,0.000,67.881,0.013,67.894,68.783,1452,48366522
"benchmark-example:dna-extra-8-gpu","bd/dna.100MB",8,262144,1000000,3211,3211,0,0.000,67.881,0.013,67.894,68.783,1453,48379675
"benchmark-example:dna-extra-8-gpu","bd/dna.100MB",8,262144,1000000,3211,3211,0,0.000,67.881,0.013,67.894,68.783,1454,48411277
"benchmark-example:dna-extra-8-gpu","bd/dna.100MB",8,262144,1000000,3211,3211,0,0.000,67.881,0.013,67.894,68.783,1455,48420801
"benchmark-example:dna-extra-8-gpu","bd/dna.100MB",8,262144,1000000,3211,3211,0,0.000,67.881,0.013,67.894,68.783,1456,48456673
"benchmark-example:dna-extra-8-gpu","bd/dna.100MB",8,262144,1000000,3211,3211,0,0.000,67.881,0.013,67.894,68.783,1457,48458321
"benchmark-example:dna-extra-8-gpu","bd/dna.100MB",8,262144,1000000,3211,3211,0,0.000,67.881,0.013,67.894,68.783,1458,48481145
"benchmark-example:dna-extra-8-gpu","bd/dna.100MB",8,262144,1000000,3211,3211,0,0.000,67.881,0.013,67.894,68.783,1459,48488251
"benchmark-example:dna-extra-8-gpu","bd/dna.100MB",8,262144,1000000,3211,3211,0,0.000,67.881,0.013,67.894,68.783,1460,48527358
"benchmark-example:dna-extra-8-gpu","bd/dna.100MB",8,262144,1000000,3211,3211,0,0.000,67.881,0.013,67.894,68.783,1461,48571661
"benchmark-example:dna-extra-8-gpu","bd/dna.100MB",8,262144,1000000,3211,3211,0,0.000,67.881,0.013,67.894,68.783,1462,48593549
"benchmark-example:dna-extra-8-gpu","bd/dna.100MB",8,262144,1000000,3211,3211,0,0.000,67.881,0.013,67.894,68.783,1463,48628271
"benchmark-example:dna-extra-8-gpu","bd/dna.100MB",8,262144,1000000,3211,3211,0,0.000,67.881,0.013,67.894,68.783,1464,48677547
"benchmark-example:dna-extra-8-gpu","bd/dna.100MB",8,262144,1000000,3211,3211,0,0.000,67.881,0.013,67.894,68.783,1465,48692096
"benchmark-example:dna-extra-8-gpu","bd/dna.100MB",8,262144,1000000,3211,3211,0,0.000,67.881,0.013,67.894,68.783,1466,48698809
"benchmark-example:dna-extra-8-gpu","bd/dna.100MB",8,262144,1000000,3211,3211,0,0.000,67.881,0.013,67.894,68.783,1467,48704826
"benchmark-example:dna-extra-8-gpu","bd/dna.100MB",8,262144,1000000,3211,3211,0,0.000,67.881,0.013,67.894,68.783,1468,48721941
"benchmark-example:dna-extra-8-gpu","bd/dna.100MB",8,262144,1000000,3211,3211,0,0.000,67.881,0.013,67.894,68.783,1469,48757665
"benchmark-example:dna-extra-8-gpu","bd/dna.100MB",8,262144,1000000,3211,3211,0,0.000,67.881,0.013,67.894,68.783,1470,48762055
"benchmark-example:dna-extra-8-gpu","bd/dna.100MB",8,262144,1000000,3211,3211,0,0.000,67.881,0.013,67.894,68.783,1471,48762105
"benchmark-example:dna-extra-8-gpu","bd/dna.100MB",8,262144,1000000,3211,3211,0,0.000,67.881,0.013,67.894,68.783,1472,48776472
"benchmark-example:dna-extra-8-gpu","bd/dna.100MB",8,262144,1000000,3211,3211,0,0.000,67.881,0.013,67.894,68.783,1473,48782786
"benchmark-example:dna-extra-8-gpu","bd/dna.100MB",8,262144,1000000,3211,3211,0,0.000,67.881,0.013,67.894,68.783,1474,48807420
"benchmark-example:dna-extra-8-gpu","bd/dna.100MB",8,262144,1000000,3211,3211,0,0.000,67.881,0.013,67.894,68.783,1475,48835670
"benchmark-example:dna-extra-8-gpu","bd/dna.100MB",8,262144,1000000,3211,3211,0,0.000,67.881,0.013,67.894,68.783,1476,48847963
"benchmark-example:dna-extra-8-gpu","bd/dna.100MB",8,262144,1000000,3211,3211,0,0.000,67.881,0.013,67.894,68.783,1477,48886196
"benchmark-example:dna-extra-8-gpu","bd/dna.100MB",8,262144,1000000,3211,3211,0,0.000,67.881,0.013,67.894,68.783,1478,48888799
"benchmark-example:dna-extra-8-gpu","bd/dna.100MB",8,262144,1000000,3211,3211,0,0.000,67.881,0.013,67.894,68.783,1479,48928573
"benchmark-example:dna-extra-8-gpu","bd/dna.100MB",8,262144,1000000,3211,3211,0,0.000,67.881,0.013,67.894,68.783,1480,48942142
"benchmark-example:dna-extra-8-gpu","bd/dna.100MB",8,262144,1000000,3211,3211,0,0.000,67.881,0.013,67.894,68.783,1481,48947809
"benchmark-example:dna-extra-8-gpu","bd/dna.100MB",8,262144,1000000,3211,3211,0,0.000,67.881,0.013,67.894,68.783,1482,49138166
"benchmark-example:dna-extra-8-gpu","bd/dna.100MB",8,262144,1000000,3211,3211,0,0.000,67.881,0.013,67.894,68.783,1483,49165362
"benchmark-example:dna-extra-8-gpu","bd/dna.100MB",8,262144,1000000,3211,3211,0,0.000,67.881,0.013,67.894,68.783,1484,49169145
"benchmark-example:dna-extra-8-gpu","bd/dna.100MB",8,262144,1000000,3211,3211,0,0.000,67.881,0.013,67.894,68.783,1485,49173721
"benchmark-example:dna-extra-8-gpu","bd/dna.100MB",8,262144,1000000,3211,3211,0,0.000,67.881,0.013,67.894,68.783,1486,49179474
"benchmark-example:dna-extra-8-gpu","bd/dna.100MB",8,262144,1000000,3211,3211,0,0.000,67.881,0.013,67.894,68.783,1487,49196175
"benchmark-example:dna-extra-8-gpu","bd/dna.100MB",8,262144,1000000,3211,3211,0,0.000,67.881,0.013,67.894,68.783,1488,49274078
"benchmark-example:dna-extra-8-gpu","bd/dna.100MB",8,262144,1000000,3211,3211,0,0.000,67.881,0.013,67.894,68.783,1489,49283556
"benchmark-example:dna-extra-8-gpu","bd/dna.100MB",8,262144,1000000,3211,3211,0,0.000,67.881,0.013,67.894,68.783,1490,49285654
"benchmark-example:dna-extra-8-gpu","bd/dna.100MB",8,262144,1000000,3211,3211,0,0.000,67.881,0.013,67.894,68.783,1491,49295905
"benchmark-example:dna-extra-8-gpu","bd/dna.100MB",8,262144,1000000,3211,3211,0,0.000,67.881,0.013,67.894,68.783,1492,49318573
"benchmark-example:dna-extra-8-gpu","bd/dna.100MB",8,262144,1000000,3211,3211,0,0.000,67.881,0.013,67.894,68.783,1493,49373878
"benchmark-example:dna-extra-8-gpu","bd/dna.100MB",8,262144,1000000,3211,3211,0,0.000,67.881,0.013,67.894,68.783,1494,49476913
"benchmark-example:dna-extra-8-gpu","bd/dna.100MB",8,262144,1000000,3211,3211,0,0.000,67.881,0.013,67.894,68.783,1495,49573647
"benchmark-example:dna-extra-8-gpu","bd/dna.100MB",8,262144,1000000,3211,3211,0,0.000,67.881,0.013,67.894,68.783,1496,49612850
"benchmark-example:dna-extra-8-gpu","bd/dna.100MB",8,262144,1000000,3211,3211,0,0.000,67.881,0.013,67.894,68.783,1497,49662407
"benchmark-example:dna-extra-8-gpu","bd/dna.100MB",8,262144,1000000,3211,3211,0,0.000,67.881,0.013,67.894,68.783,1498,49674067
"benchmark-example:dna-extra-8-gpu","bd/dna.100MB",8,262144,1000000,3211,3211,0,0.000,67.881,0.013,67.894,68.783,1499,49684412
"benchmark-example:dna-extra-8-gpu","bd/dna.100MB",8,262144,1000000,3211,3211,0,0.000,67.881,0.013,67.894,68.783,1500,49736772
"benchmark-example:dna-extra-8-gpu","bd/dna.100MB",8,262144,1000000,3211,3211,0,0.000,67.881,0.013,67.894,68.783,1501,49784081
"benchmark-example:dna-extra-8-gpu","bd/dna.100MB",8,262144,1000000,3211,3211,0,0.000,67.881,0.013,67.894,68.783,1502,49805531
"benchmark-example:dna-extra-8-gpu","bd/dna.100MB",8,262144,1000000,3211,3211,0,0.000,67.881,0.013,67.894,68.783,1503,49875957
"benchmark-example:dna-extra-8-gpu","bd/dna.100MB",8,262144,1000000,3211,3211,0,0.000,67.881,0.013,67.894,68.783,1504,49960315
"benchmark-example:dna-extra-8-gpu","bd/dna.100MB",8,262144,1000000,3211,3211,0,0.000,67.881,0.013,67.894,68.783,1505,49969219
"benchmark-example:dna-extra-8-gpu","bd/dna.100MB",8,262144,1000000,3211,3211,0,0.000,67.881,0.013,67.894,68.783,1506,50046072
"benchmark-example:dna-extra-8-gpu","bd/dna.100MB",8,262144,1000000,3211,3211,0,0.000,67.881,0.013,67.894,68.783,1507,50120146
"benchmark-example:dna-extra-8-gpu","bd/dna.100MB",8,262144,1000000,3211,3211,0,0.000,67.881,0.013,67.894,68.783,1508,50164955
"benchmark-example:dna-extra-8-gpu","bd/dna.100MB",8,262144,1000000,3211,3211,0,0.000,67.881,0.013,67.894,68.783,1509,50232891
"benchmark-example:dna-extra-8-gpu","bd/dna.100MB",8,262144,1000000,3211,3211,0,0.000,67.881,0.013,67.894,68.783,1510,50239944
"benchmark-example:dna-extra-8-gpu","bd/dna.100MB",8,262144,1000000,3211,3211,0,0.000,67.881,0.013,67.894,68.783,1511,50288432
"benchmark-example:dna-extra-8-gpu","bd/dna.100MB",8,262144,1000000,3211,3211,0,0.000,67.881,0.013,67.894,68.783,1512,50308451
"benchmark-example:dna-extra-8-gpu","bd/dna.100MB",8,262144,1000000,3211,3211,0,0.000,67.881,0.013,67.894,68.783,1513,50430977
"benchmark-example:dna-extra-8-gpu","bd/dna.100MB",8,262144,1000000,3211,3211,0,0.000,67.881,0.013,67.894,68.783,1514,50470315
"benchmark-example:dna-extra-8-gpu","bd/dna.100MB",8,262144,1000000,3211,3211,0,0.000,67.881,0.013,67.894,68.783,1515,50480979
"benchmark-example:dna-extra-8-gpu","bd/dna.100MB",8,262144,1000000,3211,3211,0,0.000,67.881,0.013,67.894,68.783,1516,50489390
"benchmark-example:dna-extra-8-gpu","bd/dna.100MB",8,262144,1000000,3211,3211,0,0.000,67.881,0.013,67.894,68.783,1517,50493589
"benchmark-example:dna-extra-8-gpu","bd/dna.100MB",8,262144,1000000,3211,3211,0,0.000,67.881,0.013,67.894,68.783,1518,50498329
"benchmark-example:dna-extra-8-gpu","bd/dna.100MB",8,262144,1000000,3211,3211,0,0.000,67.881,0.013,67.894,68.783,1519,50530281
"benchmark-example:dna-extra-8-gpu","bd/dna.100MB",8,262144,1000000,3211,3211,0,0.000,67.881,0.013,67.894,68.783,1520,50535697
"benchmark-example:dna-extra-8-gpu","bd/dna.100MB",8,262144,1000000,3211,3211,0,0.000,67.881,0.013,67.894,68.783,1521,50537852
"benchmark-example:dna-extra-8-gpu","bd/dna.100MB",8,262144,1000000,3211,3211,0,0.000,67.881,0.013,67.894,68.783,1522,50539119
"benchmark-example:dna-extra-8-gpu","bd/dna.100MB",8,262144,1000000,3211,3211,0,0.000,67.881,0.013,67.894,68.783,1523,50558009
"benchmark-example:dna-extra-8-gpu","bd/dna.100MB",8,262144,1000000,3211,3211,0,0.000,67.881,0.013,67.894,68.783,1524,50617507
"benchmark-example:dna-extra-8-gpu","bd/dna.100MB",8,262144,1000000,3211,3211,0,0.000,67.881,0.013,67.894,68.783,1525,50698028
"benchmark-example:dna-extra-8-gpu","bd/dna.100MB",8,262144,1000000,3211,3211,0,0.000,67.881,0.013,67.894,68.783,1526,50800345
"benchmark-example:dna-extra-8-gpu","bd/dna.100MB",8,262144,1000000,3211,3211,0,0.000,67.881,0.013,67.894,68.783,1527,50838613
"benchmark-example:dna-extra-8-gpu","bd/dna.100MB",8,262144,1000000,3211,3211,0,0.000,67.881,0.013,67.894,68.783,1528,50840034
"benchmark-example:dna-extra-8-gpu","bd/dna.100MB",8,262144,1000000,3211,3211,0,0.000,67.881,0.013,67.894,68.783,1529,50863862
"benchmark-example:dna-extra-8-gpu","bd/dna.100MB",8,262144,1000000,3211,3211,0,0.000,67.881,0.013,67.894,68.783,1530,50869695
"benchmark-example:dna-extra-8-gpu","bd/dna.100MB",8,262144,1000000,3211,3211,0,0.000,67.881,0.013,67.894,68.783,1531,50877175
"benchmark-example:dna-extra-8-gpu","bd/dna.100MB",8,262144,1000000,3211,3211,0,0.000,67.881,0.013,67.894,68.783,1532,50899215
"benchmark-example:dna-extra-8-gpu","bd/dna.100MB",8,262144,1000000,3211,3211,0,0.000,67.881,0.013,67.894,68.783,1533,50922340
"benchmark-example:dna-extra-8-gpu","bd/dna.100MB",8,262144,1000000,3211,3211,0,0.000,67.881,0.013,67.894,68.783,1534,50944536
"benchmark-example:dna-extra-8-gpu","bd/dna.100MB",8,262144,1000000,3211,3211,0,0.000,67.881,0.013,67.894,68.783,1535,50992734
"benchmark-example:dna-extra-8-gpu","bd/dna.100MB",8,262144,1000000,3211,3211,0,0.000,67.881,0.013,67.894,68.783,1536,51158261
"benchmark-example:dna-extra-8-gpu","bd/dna.100MB",8,262144,1000000,3211,3211,0,0.000,67.881,0.013,67.894,68.783,1537,51179338
"benchmark-example:dna-extra-8-gpu","bd/dna.100MB",8,262144,1000000,3211,3211,0,0.000,67.881,0.013,67.894,68.783,1538,51234513
"benchmark-example:dna-extra-8-gpu","bd/dna.100MB",8,262144,1000000,3211,3211,0,0.000,67.881,0.013,67.894,68.783,1539,51307016
"benchmark-example:dna-extra-8-gpu","bd/dna.100MB",8,262144,1000000,3211,3211,0,0.000,67.881,0.013,67.894,68.783,1540,51308338
"benchmark-example:dna-extra-8-gpu","bd/dna.100MB",8,262144,1000000,3211,3211,0,0.000,67.881,0.013,67.894,68.783,1541,51331135
"benchmark-example:dna-extra-8-gpu","bd/dna.100MB",8,262144,1000000,3211,3211,0,0.000,67.881,0.013,67.894,68.783,1542,51507821
"benchmark-example:dna-extra-8-gpu","bd/dna.100MB",8,262144,1000000,3211,3211,0,0.000,67.881,0.013,67.894,68.783,1543,51558636
"benchmark-example:dna-extra-8-gpu","bd/dna.100MB",8,262144,1000000,3211,3211,0,0.000,67.881,0.013,67.894,68.783,1544,51561964
"benchmark-example:dna-extra-8-gpu","bd/dna.100MB",8,262144,1000000,3211,3211,0,0.000,67.881,0.013,67.894,68.783,1545,51574590
"benchmark-example:dna-extra-8-gpu","bd/dna.100MB",8,262144,1000000,3211,3211,0,0.000,67.881,0.013,67.894,68.783,1546,51660940
"benchmark-example:dna-extra-8-gpu","bd/dna.100MB",8,262144,1000000,3211,3211,0,0.000,67.881,0.013,67.894,68.783,1547,51706144
"benchmark-example:dna-extra-8-gpu","bd/dna.100MB",8,262144,1000000,3211,3211,0,0.000,67.881,0.013,67.894,68.783,1548,51834538
"benchmark-example:dna-extra-8-gpu","bd/dna.100MB",8,262144,1000000,3211,3211,0,0.000,67.881,0.013,67.894,68.783,1549,51924497
"benchmark-example:dna-extra-8-gpu","bd/dna.100MB",8,262144,1000000,3211,3211,0,0.000,67.881,0.013,67.894,68.783,1550,51941947
"benchmark-example:dna-extra-8-gpu","bd/dna.100MB",8,262144,1000000,3211,3211,0,0.000,67.881,0.013,67.894,68.783,1551,51943704
"benchmark-example:dna-extra-8-gpu","bd/dna.100MB",8,262144,1000000,3211,3211,0,0.000,67.881,0.013,67.894,68.783,1552,51953446
"benchmark-example:dna-extra-8-gpu","bd/dna.100MB",8,262144,1000000,3211,3211,0,0.000,67.881,0.013,67.894,68.783,1553,51992641
"benchmark-example:dna-extra-8-gpu","bd/dna.100MB",8,262144,1000000,3211,3211,0,0.000,67.881,0.013,67.894,68.783,1554,51997854
"benchmark-example:dna-extra-8-gpu","bd/dna.100MB",8,262144,1000000,3211,3211,0,0.000,67.881,0.013,67.894,68.783,1555,52010160
"benchmark-example:dna-extra-8-gpu","bd/dna.100MB",8,262144,1000000,3211,3211,0,0.000,67.881,0.013,67.894,68.783,1556,52037639
"benchmark-example:dna-extra-8-gpu","bd/dna.100MB",8,262144,1000000,3211,3211,0,0.000,67.881,0.013,67.894,68.783,1557,52039086
"benchmark-example:dna-extra-8-gpu","bd/dna.100MB",8,262144,1000000,3211,3211,0,0.000,67.881,0.013,67.894,68.783,1558,52091511
"benchmark-example:dna-extra-8-gpu","bd/dna.100MB",8,262144,1000000,3211,3211,0,0.000,67.881,0.013,67.894,68.783,1559,52109860
"benchmark-example:dna-extra-8-gpu","bd/dna.100MB",8,262144,1000000,3211,3211,0,0.000,67.881,0.013,67.894,68.783,1560,52111553
"benchmark-example:dna-extra-8-gpu","bd/dna.100MB",8,262144,1000000,3211,3211,0,0.000,67.881,0.013,67.894,68.783,1561,52111762
"benchmark-example:dna-extra-8-gpu","bd/dna.100MB",8,262144,1000000,3211,3211,0,0.000,67.881,0.013,67.894,68.783,1562,52135439
"benchmark-example:dna-extra-8-gpu","bd/dna.100MB",8,262144,1000000,3211,3211,0,0.000,67.881,0.013,67.894,68.783,1563,52184233
"benchmark-example:dna-extra-8-gpu","bd/dna.100MB",8,262144,1000000,3211,3211,0,0.000,67.881,0.013,67.894,68.783,1564,52269410
"benchmark-example:dna-extra-8-gpu","bd/dna.100MB",8,262144,1000000,3211,3211,0,0.000,67.881,0.013,67.894,68.783,1565,52277682
"benchmark-example:dna-extra-8-gpu","bd/dna.100MB",8,262144,1000000,3211,3211,0,0.000,67.881,0.013,67.894,68.783,1566,52326368
"benchmark-example:dna-extra-8-gpu","bd/dna.100MB",8,262144,1000000,3211,3211,0,0.000,67.881,0.013,67.894,68.783,1567,52345905
"benchmark-example:dna-extra-8-gpu","bd/dna.100MB",8,262144,1000000,3211,3211,0,0.000,67.881,0.013,67.894,68.783,1568,52365251
"benchmark-example:dna-extra-8-gpu","bd/dna.100MB",8,262144,1000000,3211,3211,0,0.000,67.881,0.013,67.894,68.783,1569,52395716
"benchmark-example:dna-extra-8-gpu","bd/dna.100MB",8,262144,1000000,3211,3211,0,0.000,67.881,0.013,67.894,68.783,1570,52513152
"benchmark-example:dna-extra-8-gpu","bd/dna.100MB",8,262144,1000000,3211,3211,0,0.000,67.881,0.013,67.894,68.783,1571,52565420
"benchmark-example:dna-extra-8-gpu","bd/dna.100MB",8,262144,1000000,3211,3211,0,0.000,67.881,0.013,67.894,68.783,1572,52567771
"benchmark-example:dna-extra-8-gpu","bd/dna.100MB",8,262144,1000000,3211,3211,0,0.000,67.881,0.013,67.894,68.783,1573,52577674
"benchmark-example:dna-extra-8-gpu","bd/dna.100MB",8,262144,1000000,3211,3211,0,0.000,67.881,0.013,67.894,68.783,1574,52617180
"benchmark-example:dna-extra-8-gpu","bd/dna.100MB",8,262144,1000000,3211,3211,0,0.000,67.881,0.013,67.894,68.783,1575,52621297
"benchmark-example:dna-extra-8-gpu","bd/dna.100MB",8,262144,1000000,3211,3211,0,0.000,67.881,0.013,67.894,68.783,1576,52688321
"benchmark-example:dna-extra-8-gpu","bd/dna.100MB",8,262144,1000000,3211,3211,0,0.000,67.881,0.013,67.894,68.783,1577,52709789
"benchmark-example:dna-extra-8-gpu","bd/dna.100MB",8,262144,1000000,3211,3211,0,0.000,67.881,0.013,67.894,68.783,1578,52871794
"benchmark-example:dna-extra-8-gpu","bd/dna.100MB",8,262144,1000000,3211,3211,0,0.000,67.881,0.013,67.894,68.783,1579,52916694
"benchmark-example:dna-extra-8-gpu","bd/dna.100MB",8,262144,1000000,3211,3211,0,0.000,67.881,0.013,67.894,68.783,1580,52919684
"benchmark-example:dna-extra-8-gpu","bd/dna.100MB",8,262144,1000000,3211,3211,0,0.000,67.881,0.013,67.894,68.783,1581,52958930
"benchmark-example:dna-extra-8-gpu","bd/dna.100MB",8,262144,1000000,3211,3211,0,0.000,67.881,0.013,67.894,68.783,1582,52974821
"benchmark-example:dna-extra-8-gpu","bd/dna.100MB",8,262144,1000000,3211,3211,0,0.000,67.881,0.013,67.894,68.783,1583,53003844
"benchmark-example:dna-extra-8-gpu","bd/dna.100MB",8,262144,1000000,3211,3211,0,0.000,67.881,0.013,67.894,68.783,1584,53045945
"benchmark-example:dna-extra-8-gpu","bd/dna.100MB",8,262144,1000000,3211,3211,0,0.000,67.881,0.013,67.894,68.783,1585,53096720
"benchmark-example:dna-extra-8-gpu","bd/dna.100MB",8,262144,1000000,3211,3211,0,0.000,67.881,0.013,67.894,68.783,1586,53233435
"benchmark-example:dna-extra-8-gpu","bd/dna.100MB",8,262144,1000000,3211,3211,0,0.000,67.881,0.013,67.894,68.783,1587,53267004
"benchmark-example:dna-extra-8-gpu","bd/dna.100MB",8,262144,1000000,3211,3211,0,0.000,67.881,0.013,67.894,68.783,1588,53341868
"benchmark-example:dna-extra-8-gpu","bd/dna.100MB",8,262144,1000000,3211,3211,0,0.000,67.881,0.013,67.894,68.783,1589,53355292
"benchmark-example:dna-extra-8-gpu","bd/dna.100MB",8,262144,1000000,3211,3211,0,0.000,67.881,0.013,67.894,68.783,1590,53395078
"benchmark-example:dna-extra-8-gpu","bd/dna.100MB",8,262144,1000000,3211,3211,0,0.000,67.881,0.013,67.894,68.783,1591,53399755
"benchmark-example:dna-extra-8-gpu","bd/dna.100MB",8,262144,1000000,3211,3211,0,0.000,67.881,0.013,67.894,68.783,1592,53449499
"benchmark-example:dna-extra-8-gpu","bd/dna.100MB",8,262144,1000000,3211,3211,0,0.000,67.881,0.013,67.894,68.783,1593,53488462
"benchmark-example:dna-extra-8-gpu","bd/dna.100MB",8,262144,1000000,3211,3211,0,0.000,67.881,0.013,67.894,68.783,1594,53508839
"benchmark-example:dna-extra-8-gpu","bd/dna.100MB",8,262144,1000000,3211,3211,0,0.000,67.881,0.013,67.894,68.783,1595,53512810
"benchmark-example:dna-extra-8-gpu","bd/dna.100MB",8,262144,1000000,3211,3211,0,0.000,67.881,0.013,67.894,68.783,1596,53529824
"benchmark-example:dna-extra-8-gpu","bd/dna.100MB",8,262144,1000000,3211,3211,0,0.000,67.881,0.013,67.894,68.783,1597,53549424
"benchmark-example:dna-extra-8-gpu","bd/dna.100MB",8,262144,1000000,3211,3211,0,0.000,67.881,0.013,67.894,68.783,1598,53600218
"benchmark-example:dna-extra-8-gpu","bd/dna.100MB",8,262144,1000000,3211,3211,0,0.000,67.881,0.013,67.894,68.783,1599,53609041
"benchmark-example:dna-extra-8-gpu","bd/dna.100MB",8,262144,1000000,3211,3211,0,0.000,67.881,0.013,67.894,68.783,1600,53633356
"benchmark-example:dna-extra-8-gpu","bd/dna.100MB",8,262144,1000000,3211,3211,0,0.000,67.881,0.013,67.894,68.783,1601,53671820
"benchmark-example:dna-extra-8-gpu","bd/dna.100MB",8,262144,1000000,3211,3211,0,0.000,67.881,0.013,67.894,68.783,1602,53691249
"benchmark-example:dna-extra-8-gpu","bd/dna.100MB",8,262144,1000000,3211,3211,0,0.000,67.881,0.013,67.894,68.783,1603,53710266
"benchmark-example:dna-extra-8-gpu","bd/dna.100MB",8,262144,1000000,3211,3211,0,0.000,67.881,0.013,67.894,68.783,1604,53710483
"benchmark-example:dna-extra-8-gpu","bd/dna.100MB",8,262144,1000000,3211,3211,0,0.000,67.881,0.013,67.894,68.783,1605,53711199
"benchmark-example:dna-extra-8-gpu","bd/dna.100MB",8,262144,1000000,3211,3211,0,0.000,67.881,0.013,67.894,68.783,1606,53716073
"benchmark-example:dna-extra-8-gpu","bd/dna.100MB",8,262144,1000000,3211,3211,0,0.000,67.881,0.013,67.894,68.783,1607,53843068
"benchmark-example:dna-extra-8-gpu","bd/dna.100MB",8,262144,1000000,3211,3211,0,0.000,67.881,0.013,67.894,68.783,1608,53861232
"benchmark-example:dna-extra-8-gpu","bd/dna.100MB",8,262144,1000000,3211,3211,0,0.000,67.881,0.013,67.894,68.783,1609,53861358
"benchmark-example:dna-extra-8-gpu","bd/dna.100MB",8,262144,1000000,3211,3211,0,0.000,67.881,0.013,67.894,68.783,1610,53916504
"benchmark-example:dna-extra-8-gpu","bd/dna.100MB",8,262144,1000000,3211,3211,0,0.000,67.881,0.013,67.894,68.783,1611,54000408
"benchmark-example:dna-extra-8-gpu","bd/dna.100MB",8,262144,1000000,3211,3211,0,0.000,67.881,0.013,67.894,68.783,1612,54043958
"benchmark-example:dna-extra-8-gpu","bd/dna.100MB",8,262144,1000000,3211,3211,0,0.000,67.881,0.013,67.894,68.783,1613,54078844
"benchmark-example:dna-extra-8-gpu","bd/dna.100MB",8,262144,1000000,3211,3211,0,0.000,67.881,0.013,67.894,68.783,1614,54092436
"benchmark-example:dna-extra-8-gpu","bd/dna.100MB",8,262144,1000000,3211,3211,0,0.000,67.881,0.013,67.894,68.783,1615,54126120
"benchmark-example:dna-extra-8-gpu","bd/dna.100MB",8,262144,1000000,3211,3211,0,0.000,67.881,0.013,67.894,68.783,1616,54126559
"benchmark-example:dna-extra-8-gpu","bd/dna.100MB",8,262144,1000000,3211,3211,0,0.000,67.881,0.013,67.894,68.783,1617,54132505
"benchmark-example:dna-extra-8-gpu","bd/dna.100MB",8,262144,1000000,3211,3211,0,0.000,67.881,0.013,67.894,68.783,1618,54138006
"benchmark-example:dna-extra-8-gpu","bd/dna.100MB",8,262144,1000000,3211,3211,0,0.000,67.881,0.013,67.894,68.783,1619,54173282
"benchmark-example:dna-extra-8-gpu","bd/dna.100MB",8,262144,1000000,3211,3211,0,0.000,67.881,0.013,67.894,68.783,1620,54180577
"benchmark-example:dna-extra-8-gpu","bd/dna.100MB",8,262144,1000000,3211,3211,0,0.000,67.881,0.013,67.894,68.783,1621,54181619
"benchmark-example:dna-extra-8-gpu","bd/dna.100MB",8,262144,1000000,3211,3211,0,0.000,67.881,0.013,67.894,68.783,1622,54187117
"benchmark-example:dna-extra-8-gpu","bd/dna.100MB",8,262144,1000000,3211,3211,0,0.000,67.881,0.013,67.894,68.783,1623,54207686
"benchmark-example:dna-extra-8-gpu","bd/dna.100MB",8,262144,1000000,3211,3211,0,0.000,67.881,0.013,67.894,68.783,1624,54222492
"benchmark-example:dna-extra-8-gpu","bd/dna.100MB",8,262144,1000000,3211,3211,0,0.000,67.881,0.013,67.894,68.783,1625,54226657
"benchmark-example:dna-extra-8-gpu","bd/dna.100MB",8,262144,1000000,3211,3211,0,0.000,67.881,0.013,67.894,68.783,1626,54279599
"benchmark-example:dna-extra-8-gpu","bd/dna.100MB",8,262144,1000000,3211,3211,0,0.000,67.881,0.013,67.894,68.783,1627,54288254
"benchmark-example:dna-extra-8-gpu","bd/dna.100MB",8,262144,1000000,3211,3211,0,0.000,67.881,0.013,67.894,68.783,1628,54383039
"benchmark-example:dna-extra-8-gpu","bd/dna.100MB",8,262144,1000000,3211,3211,0,0.000,67.881,0.013,67.894,68.783,1629,54444976
"benchmark-example:dna-extra-8-gpu","bd/dna.100MB",8,262144,1000000,3211,3211,0,0.000,67.881,0.013,67.894,68.783,1630,54450057
"benchmark-example:dna-extra-8-gpu","bd/dna.100MB",8,262144,1000000,3211,3211,0,0.000,67.881,0.013,67.894,68.783,1631,54472759
"benchmark-example:dna-extra-8-gpu","bd/dna.100MB",8,262144,1000000,3211,3211,0,0.000,67.881,0.013,67.894,68.783,1632,54481775
"benchmark-example:dna-extra-8-gpu","bd/dna.100MB",8,262144,1000000,3211,3211,0,0.000,67.881,0.013,67.894,68.783,1633,54482950
"benchmark-example:dna-extra-8-gpu","bd/dna.100MB",8,262144,1000000,3211,3211,0,0.000,67.881,0.013,67.894,68.783,1634,54522108
"benchmark-example:dna-extra-8-gpu","bd/dna.100MB",8,262144,1000000,3211,3211,0,0.000,67.881,0.013,67.894,68.783,1635,54542830
"benchmark-example:dna-extra-8-gpu","bd/dna.100MB",8,262144,1000000,3211,3211,0,0.000,67.881,0.013,67.894,68.783,1636,54553997
"benchmark-example:dna-extra-8-gpu","bd/dna.100MB",8,262144,1000000,3211,3211,0,0.000,67.881,0.013,67.894,68.783,1637,54572950
"benchmark-example:dna-extra-8-gpu","bd/dna.100MB",8,262144,1000000,3211,3211,0,0.000,67.881,0.013,67.894,68.783,1638,54628442
"benchmark-example:dna-extra-8-gpu","bd/dna.100MB",8,262144,1000000,3211,3211,0,0.000,67.881,0.013,67.894,68.783,1639,54656236
"benchmark-example:dna-extra-8-gpu","bd/dna.100MB",8,262144,1000000,3211,3211,0,0.000,67.881,0.013,67.894,68.783,1640,54662544
"benchmark-example:dna-extra-8-gpu","bd/dna.100MB",8,262144,1000000,3211,3211,0,0.000,67.881,0.013,67.894,68.783,1641,54716830
"benchmark-example:dna-extra-8-gpu","bd/dna.100MB",8,262144,1000000,3211,3211,0,0.000,67.881,0.013,67.894,68.783,1642,54756744
"benchmark-example:dna-extra-8-gpu","bd/dna.100MB",8,262144,1000000,3211,3211,0,0.000,67.881,0.013,67.894,68.783,1643,54767586
"benchmark-example:dna-extra-8-gpu","bd/dna.100MB",8,262144,1000000,3211,3211,0,0.000,67.881,0.013,67.894,68.783,1644,54781627
"benchmark-example:dna-extra-8-gpu","bd/dna.100MB",8,262144,1000000,3211,3211,0,0.000,67.881,0.013,67.894,68.783,1645,54790928
"benchmark-example:dna-extra-8-gpu","bd/dna.100MB",8,262144,1000000,3211,3211,0,0.000,67.881,0.013,67.894,68.783,1646,54834476
"benchmark-example:dna-extra-8-gpu","bd/dna.100MB",8,262144,1000000,3211,3211,0,0.000,67.881,0.013,67.894,68.783,1647,54836568
"benchmark-example:dna-extra-8-gpu","bd/dna.100MB",8,262144,1000000,3211,3211,0,0.000,67.881,0.013,67.894,68.783,1648,54839030
"benchmark-example:dna-extra-8-gpu","bd/dna.100MB",8,262144,1000000,3211,3211,0,0.000,67.881,0.013,67.894,68.783,1649,54842743
"benchmark-example:dna-extra-8-gpu","bd/dna.100MB",8,262144,1000000,3211,3211,0,0.000,67.881,0.013,67.894,68.783,1650,54850646
"benchmark-example:dna-extra-8-gpu","bd/dna.100MB",8,262144,1000000,3211,3211,0,0.000,67.881,0.013,67.894,68.783,1651,54899967
"benchmark-example:dna-extra-8-gpu","bd/dna.100MB",8,262144,1000000,3211,3211,0,0.000,67.881,0.013,67.894,68.783,1652,54910444
"benchmark-example:dna-extra-8-gpu","bd/dna.100MB",8,262144,1000000,3211,3211,0,0.000,67.881,0.013,67.894,68.783,1653,54935655
"benchmark-example:dna-extra-8-gpu","bd/dna.100MB",8,262144,1000000,3211,3211,0,0.000,67.881,0.013,67.894,68.783,1654,54995704
"benchmark-example:dna-extra-8-gpu","bd/dna.100MB",8,262144,1000000,3211,3211,0,0.000,67.881,0.013,67.894,68.783,1655,55048287
"benchmark-example:dna-extra-8-gpu","bd/dna.100MB",8,262144,1000000,3211,3211,0,0.000,67.881,0.013,67.894,68.783,1656,55064343
"benchmark-example:dna-extra-8-gpu","bd/dna.100MB",8,262144,1000000,3211,3211,0,0.000,67.881,0.013,67.894,68.783,1657,55080356
"benchmark-example:dna-extra-8-gpu","bd/dna.100MB",8,262144,1000000,3211,3211,0,0.000,67.881,0.013,67.894,68.783,1658,55131385
"benchmark-example:dna-extra-8-gpu","bd/dna.100MB",8,262144,1000000,3211,3211,0,0.000,67.881,0.013,67.894,68.783,1659,55145126
"benchmark-example:dna-extra-8-gpu","bd/dna.100MB",8,262144,1000000,3211,3211,0,0.000,67.881,0.013,67.894,68.783,1660,55299929
"benchmark-example:dna-extra-8-gpu","bd/dna.100MB",8,262144,1000000,3211,3211,0,0.000,67.881,0.013,67.894,68.783,1661,55352587
"benchmark-example:dna-extra-8-gpu","bd/dna.100MB",8,262144,1000000,3211,3211,0,0.000,67.881,0.013,67.894,68.783,1662,55354166
"benchmark-example:dna-extra-8-gpu","bd/dna.100MB",8,262144,1000000,3211,3211,0,0.000,67.881,0.013,67.894,68.783,1663,55354298
"benchmark-example:dna-extra-8-gpu","bd/dna.100MB",8,262144,1000000,3211,3211,0,0.000,67.881,0.013,67.894,68.783,1664,55471738
"benchmark-example:dna-extra-8-gpu","bd/dna.100MB",8,262144,1000000,3211,3211,0,0.000,67.881,0.013,67.894,68.783,1665,55480270
"benchmark-example:dna-extra-8-gpu","bd/dna.100MB",8,262144,1000000,3211,3211,0,0.000,67.881,0.013,67.894,68.783,1666,55503207
"benchmark-example:dna-extra-8-gpu","bd/dna.100MB",8,262144,1000000,3211,3211,0,0.000,67.881,0.013,67.894,68.783,1667,55594410
"benchmark-example:dna-extra-8-gpu","bd/dna.100MB",8,262144,1000000,3211,3211,0,0.000,67.881,0.013,67.894,68.783,1668,55690028
"benchmark-example:dna-extra-8-gpu","bd/dna.100MB",8,262144,1000000,3211,3211,0,0.000,67.881,0.013,67.894,68.783,1669,55724426
"benchmark-example:dna-extra-8-gpu","bd/dna.100MB",8,262144,1000000,3211,3211,0,0.000,67.881,0.013,67.894,68.783,1670,55735216
"benchmark-example:dna-extra-8-gpu","bd/dna.100MB",8,262144,1000000,3211,3211,0,0.000,67.881,0.013,67.894,68.783,1671,55777607
"benchmark-example:dna-extra-8-gpu","bd/dna.100MB",8,262144,1000000,3211,3211,0,0.000,67.881,0.013,67.894,68.783,1672,55785832
"benchmark-example:dna-extra-8-gpu","bd/dna.100MB",8,262144,1000000,3211,3211,0,0.000,67.881,0.013,67.894,68.783,1673,55797889
"benchmark-example:dna-extra-8-gpu","bd/dna.100MB",8,262144,1000000,3211,3211,0,0.000,67.881,0.013,67.894,68.783,1674,55827552
"benchmark-example:dna-extra-8-gpu","bd/dna.100MB",8,262144,1000000,3211,3211,0,0.000,67.881,0.013,67.894,68.783,1675,55866409
"benchmark-example:dna-extra-8-gpu","bd/dna.100MB",8,262144,1000000,3211,3211,0,0.000,67.881,0.013,67.894,68.783,1676,55942391
"benchmark-example:dna-extra-8-gpu","bd/dna.100MB",8,262144,1000000,3211,3211,0,0.000,67.881,0.013,67.894,68.783,1677,55977376
"benchmark-example:dna-extra-8-gpu","bd/dna.100MB",8,262144,1000000,3211,3211,0,0.000,67.881,0.013,67.894,68.783,1678,55997809
"benchmark-example:dna-extra-8-gpu","bd/dna.100MB",8,262144,1000000,3211,3211,0,0.000,67.881,0.013,67.894,68.783,1679,56074946
"benchmark-example:dna-extra-8-gpu","bd/dna.100MB",8,262144,1000000,3211,3211,0,0.000,67.881,0.013,67.894,68.783,1680,56080145
"benchmark-example:dna-extra-8-gpu","bd/dna.100MB",8,262144,1000000,3211,3211,0,0.000,67.881,0.013,67.894,68.783,1681,56159796
"benchmark-example:dna-extra-8-gpu","bd/dna.100MB",8,262144,1000000,3211,3211,0,0.000,67.881,0.013,67.894,68.783,1682,56217620
"benchmark-example:dna-extra-8-gpu","bd/dna.100MB",8,262144,1000000,3211,3211,0,0.000,67.881,0.013,67.894,68.783,1683,56342020
"benchmark-example:dna-extra-8-gpu","bd/dna.100MB",8,262144,1000000,3211,3211,0,0.000,67.881,0.013,67.894,68.783,1684,56352754
"benchmark-example:dna-extra-8-gpu","bd/dna.100MB",8,262144,1000000,3211,3211,0,0.000,67.881,0.013,67.894,68.783,1685,56383872
"benchmark-example:dna-extra-8-gpu","bd/dna.100MB",8,262144,1000000,3211,3211,0,0.000,67.881,0.013,67.894,68.783,1686,56425565
"benchmark-example:dna-extra-8-gpu","bd/dna.100MB",8,262144,1000000,3211,3211,0,0.000,67.881,0.013,67.894,68.783,1687,56511675
"benchmark-example:dna-extra-8-gpu","bd/dna.100MB",8,262144,1000000,3211,3211,0,0.000,67.881,0.013,67.894,68.783,1688,56518310
"benchmark-example:dna-extra-8-gpu","bd/dna.100MB",8,262144,1000000,3211,3211,0,0.000,67.881,0.013,67.894,68.783,1689,56527210
"benchmark-example:dna-extra-8-gpu","bd/dna.100MB",8,262144,1000000,3211,3211,0,0.000,67.881,0.013,67.894,68.783,1690,56603457
"benchmark-example:dna-extra-8-gpu","bd/dna.100MB",8,262144,1000000,3211,3211,0,0.000,67.881,0.013,67.894,68.783,1691,56674236
"benchmark-example:dna-extra-8-gpu","bd/dna.100MB",8,262144,1000000,3211,3211,0,0.000,67.881,0.013,67.894,68.783,1692,56690767
"benchmark-example:dna-extra-8-gpu","bd/dna.100MB",8,262144,1000000,3211,3211,0,0.000,67.881,0.013,67.894,68.783,1693,56757048
"benchmark-example:dna-extra-8-gpu","bd/dna.100MB",8,262144,1000000,3211,3211,0,0.000,67.881,0.013,67.894,68.783,1694,56763954
"benchmark-example:dna-extra-8-gpu","bd/dna.100MB",8,262144,1000000,3211,3211,0,0.000,67.881,0.013,67.894,68.783,1695,56802220
"benchmark-example:dna-extra-8-gpu","bd/dna.100MB",8,262144,1000000,3211,3211,0,0.000,67.881,0.013,67.894,68.783,1696,56859118
"benchmark-example:dna-extra-8-gpu","bd/dna.100MB",8,262144,1000000,3211,3211,0,0.000,67.881,0.013,67.894,68.783,1697,56930985
"benchmark-example:dna-extra-8-gpu","bd/dna.100MB",8,262144,1000000,3211,3211,0,0.000,67.881,0.013,67.894,68.783,1698,56941512
"benchmark-example:dna-extra-8-gpu","bd/dna.100MB",8,262144,1000000,3211,3211,0,0.000,67.881,0.013,67.894,68.783,1699,57104566
"benchmark-example:dna-extra-8-gpu","bd/dna.100MB",8,262144,1000000,3211,3211,0,0.000,67.881,0.013,67.894,68.783,1700,57155048
"benchmark-example:dna-extra-8-gpu","bd/dna.100MB",8,262144,1000000,3211,3211,0,0.000,67.881,0.013,67.894,68.783,1701,57179741
"benchmark-example:dna-extra-8-gpu","bd/dna.100MB",8,262144,1000000,3211,3211,0,0.000,67.881,0.013,67.894,68.783,1702,57182686
"benchmark-example:dna-extra-8-gpu","bd/dna.100MB",8,262144,1000000,3211,3211,0,0.000,67.881,0.013,67.894,68.783,1703,57183420
"benchmark-example:dna-extra-8-gpu","bd/dna.100MB",8,262144,1000000,3211,3211,0,0.000,67.881,0.013,67.894,68.783,1704,57185840
"benchmark-example:dna-extra-8-gpu","bd/dna.100MB",8,262144,1000000,3211,3211,0,0.000,67.881,0.013,67.894,68.783,1705,57192917
"benchmark-example:dna-extra-8-gpu","bd/dna.100MB",8,262144,1000000,3211,3211,0,0.000,67.881,0.013,67.894,68.783,1706,57206715
"benchmark-example:dna-extra-8-gpu","bd/dna.100MB",8,262144,1000000,3211,3211,0,0.000,67.881,0.013,67.894,68.783,1707,57243808
"benchmark-example:dna-extra-8-gpu","bd/dna.100MB",8,262144,1000000,3211,3211,0,0.000,67.881,0.013,67.894,68.783,1708,57263794
"benchmark-example:dna-extra-8-gpu","bd/dna.100MB",8,262144,1000000,3211,3211,0,0.000,67.881,0.013,67.894,68.783,1709,57274199
"benchmark-example:dna-extra-8-gpu","bd/dna.100MB",8,262144,1000000,3211,3211,0,0.000,67.881,0.013,67.894,68.783,1710,57292616
"benchmark-example:dna-extra-8-gpu","bd/dna.100MB",8,262144,1000000,3211,3211,0,0.000,67.881,0.013,67.894,68.783,1711,57334290
"benchmark-example:dna-extra-8-gpu","bd/dna.100MB",8,262144,1000000,3211,3211,0,0.000,67.881,0.013,67.894,68.783,1712,57391350
"benchmark-example:dna-extra-8-gpu","bd/dna.100MB",8,262144,1000000,3211,3211,0,0.000,67.881,0.013,67.894,68.783,1713,57408983
"benchmark-example:dna-extra-8-gpu","bd/dna.100MB",8,262144,1000000,3211,3211,0,0.000,67.881,0.013,67.894,68.783,1714,57414022
"benchmark-example:dna-extra-8-gpu","bd/dna.100MB",8,262144,1000000,3211,3211,0,0.000,67.881,0.013,67.894,68.783,1715,57428300
"benchmark-example:dna-extra-8-gpu","bd/dna.100MB",8,262144,1000000,3211,3211,0,0.000,67.881,0.013,67.894,68.783,1716,57527070
"benchmark-example:dna-extra-8-gpu","bd/dna.100MB",8,262144,1000000,3211,3211,0,0.000,67.881,0.013,67.894,68.783,1717,57552733
"benchmark-example:dna-extra-8-gpu","bd/dna.100MB",8,262144,1000000,3211,3211,0,0.000,67.881,0.013,67.894,68.783,1718,57648405
"benchmark-example:dna-extra-8-gpu","bd/dna.100MB",8,262144,1000000,3211,3211,0,0.000,67.881,0.013,67.894,68.783,1719,57696046
"benchmark-example:dna-extra-8-gpu","bd/dna.100MB",8,262144,1000000,3211,3211,0,0.000,67.881,0.013,67.894,68.783,1720,57727201
"benchmark-example:dna-extra-8-gpu","bd/dna.100MB",8,262144,1000000,3211,3211,0,0.000,67.881,0.013,67.894,68.783,1721,57782977
"benchmark-example:dna-extra-8-gpu","bd/dna.100MB",8,262144,1000000,3211,3211,0,0.000,67.881,0.013,67.894,68.783,1722,57824805
"benchmark-example:dna-extra-8-gpu","bd/dna.100MB",8,262144,1000000,3211,3211,0,0.000,67.881,0.013,67.894,68.783,1723,57861340
"benchmark-example:dna-extra-8-gpu","bd/dna.100MB",8,262144,1000000,3211,3211,0,0.000,67.881,0.013,67.894,68.783,1724,57912517
"benchmark-example:dna-extra-8-gpu","bd/dna.100MB",8,262144,1000000,3211,3211,0,0.000,67.881,0.013,67.894,68.783,1725,57924194
"benchmark-example:dna-extra-8-gpu","bd/dna.100MB",8,262144,1000000,3211,3211,0,0.000,67.881,0.013,67.894,68.783,1726,57982232
"benchmark-example:dna-extra-8-gpu","bd/dna.100MB",8,262144,1000000,3211,3211,0,0.000,67.881,0.013,67.894,68.783,1727,58009834
"benchmark-example:dna-extra-8-gpu","bd/dna.100MB",8,262144,1000000,3211,3211,0,0.000,67.881,0.013,67.894,68.783,1728,58035485
"benchmark-example:dna-extra-8-gpu","bd/dna.100MB",8,262144,1000000,3211,3211,0,0.000,67.881,0.013,67.894,68.783,1729,58134904
"benchmark-example:dna-extra-8-gpu","bd/dna.100MB",8,262144,1000000,3211,3211,0,0.000,67.881,0.013,67.894,68.783,1730,58153220
"benchmark-example:dna-extra-8-gpu","bd/dna.100MB",8,262144,1000000,3211,3211,0,0.000,67.881,0.013,67.894,68.783,1731,58181599
"benchmark-example:dna-extra-8-gpu","bd/dna.100MB",8,262144,1000000,3211,3211,0,0.000,67.881,0.013,67.894,68.783,1732,58186845
"benchmark-example:dna-extra-8-gpu","bd/dna.100MB",8,262144,1000000,3211,3211,0,0.000,67.881,0.013,67.894,68.783,1733,58223008
"benchmark-example:dna-extra-8-gpu","bd/dna.100MB",8,262144,1000000,3211,3211,0,0.000,67.881,0.013,67.894,68.783,1734,58276170
"benchmark-example:dna-extra-8-gpu","bd/dna.100MB",8,262144,1000000,3211,3211,0,0.000,67.881,0.013,67.894,68.783,1735,58278537
"benchmark-example:dna-extra-8-gpu","bd/dna.100MB",8,262144,1000000,3211,3211,0,0.000,67.881,0.013,67.894,68.783,1736,58315908
"benchmark-example:dna-extra-8-gpu","bd/dna.100MB",8,262144,1000000,3211,3211,0,0.000,67.881,0.013,67.894,68.783,1737,58317162
"benchmark-example:dna-extra-8-gpu","bd/dna.100MB",8,262144,1000000,3211,3211,0,0.000,67.881,0.013,67.894,68.783,1738,58434142
"benchmark-example:dna-extra-8-gpu","bd/dna.100MB",8,262144,1000000,3211,3211,0,0.000,67.881,0.013,67.894,68.783,1739,58453502
"benchmark-example:dna-extra-8-gpu","bd/dna.100MB",8,262144,1000000,3211,3211,0,0.000,67.881,0.013,67.894,68.783,1740,58486058
"benchmark-example:dna-extra-8-gpu","bd/dna.100MB",8,262144,1000000,3211,3211,0,0.000,67.881,0.013,67.894,68.783,1741,58508040
"benchmark-example:dna-extra-8-gpu","bd/dna.100MB",8,262144,1000000,3211,3211,0,0.000,67.881,0.013,67.894,68.783,1742,58514927
"benchmark-example:dna-extra-8-gpu","bd/dna.100MB",8,262144,1000000,3211,3211,0,0.000,67.881,0.013,67.894,68.783,1743,58612997
"benchmark-example:dna-extra-8-gpu","bd/dna.100MB",8,262144,1000000,3211,3211,0,0.000,67.881,0.013,67.894,68.783,1744,58646561
"benchmark-example:dna-extra-8-gpu","bd/dna.100MB",8,262144,1000000,3211,3211,0,0.000,67.881,0.013,67.894,68.783,1745,58692319
"benchmark-example:dna-extra-8-gpu","bd/dna.100MB",8,262144,1000000,3211,3211,0,0.000,67.881,0.013,67.894,68.783,1746,58739853
"benchmark-example:dna-extra-8-gpu","bd/dna.100MB",8,262144,1000000,3211,3211,0,0.000,67.881,0.013,67.894,68.783,1747,58760895
"benchmark-example:dna-extra-8-gpu","bd/dna.100MB",8,262144,1000000,3211,3211,0,0.000,67.881,0.013,67.894,68.783,1748,58776357
"benchmark-example:dna-extra-8-gpu","bd/dna.100MB",8,262144,1000000,3211,3211,0,0.000,67.881,0.013,67.894,68.783,1749,58787249
"benchmark-example:dna-extra-8-gpu","bd/dna.100MB",8,262144,1000000,3211,3211,0,0.000,67.881,0.013,67.894,68.783,1750,58852404
"benchmark-example:dna-extra-8-gpu","bd/dna.100MB",8,262144,1000000,3211,3211,0,0.000,67.881,0.013,67.894,68.783,1751,58879083
"benchmark-example:dna-extra-8-gpu","bd/dna.100MB",8,262144,1000000,3211,3211,0,0.000,67.881,0.013,67.894,68.783,1752,58879947
"benchmark-example:dna-extra-8-gpu","bd/dna.100MB",8,262144,1000000,3211,3211,0,0.000,67.881,0.013,67.894,68.783,1753,58906285
"benchmark-example:dna-extra-8-gpu","bd/dna.100MB",8,262144,1000000,3211,3211,0,0.000,67.881,0.013,67.894,68.783,1754,58948574
"benchmark-example:dna-extra-8-gpu","bd/dna.100MB",8,262144,1000000,3211,3211,0,0.000,67.881,0.013,67.894,68.783,1755,59025255
"benchmark-example:dna-extra-8-gpu","bd/dna.100MB",8,262144,1000000,3211,3211,0,0.000,67.881,0.013,67.894,68.783,1756,59075758
"benchmark-example:dna-extra-8-gpu","bd/dna.100MB",8,262144,1000000,3211,3211,0,0.000,67.881,0.013,67.894,68.783,1757,59183967
"benchmark-example:dna-extra-8-gpu","bd/dna.100MB",8,262144,1000000,3211,3211,0,0.000,67.881,0.013,67.894,68.783,1758,59280031
"benchmark-example:dna-extra-8-gpu","bd/dna.100MB",8,262144,1000000,3211,3211,0,0.000,67.881,0.013,67.894,68.783,1759,59398386
"benchmark-example:dna-extra-8-gpu","bd/dna.100MB",8,262144,1000000,3211,3211,0,0.000,67.881,0.013,67.894,68.783,1760,59412324
"benchmark-example:dna-extra-8-gpu","bd/dna.100MB",8,262144,1000000,3211,3211,0,0.000,67.881,0.013,67.894,68.783,1761,59431332
"benchmark-example:dna-extra-8-gpu","bd/dna.100MB",8,262144,1000000,3211,3211,0,0.000,67.881,0.013,67.894,68.783,1762,59441762
"benchmark-example:dna-extra-8-gpu","bd/dna.100MB",8,262144,1000000,3211,3211,0,0.000,67.881,0.013,67.894,68.783,1763,59452463
"benchmark-example:dna-extra-8-gpu","bd/dna.100MB",8,262144,1000000,3211,3211,0,0.000,67.881,0.013,67.894,68.783,1764,59459206
"benchmark-example:dna-extra-8-gpu","bd/dna.100MB",8,262144,1000000,3211,3211,0,0.000,67.881,0.013,67.894,68.783,1765,59488111
"benchmark-example:dna-extra-8-gpu","bd/dna.100MB",8,262144,1000000,3211,3211,0,0.000,67.881,0.013,67.894,68.783,1766,59509565
"benchmark-example:dna-extra-8-gpu","bd/dna.100MB",8,262144,1000000,3211,3211,0,0.000,67.881,0.013,67.894,68.783,1767,59554713
"benchmark-example:dna-extra-8-gpu","bd/dna.100MB",8,262144,1000000,3211,3211,0,0.000,67.881,0.013,67.894,68.783,1768,59668888
"benchmark-example:dna-extra-8-gpu","bd/dna.100MB",8,262144,1000000,3211,3211,0,0.000,67.881,0.013,67.894,68.783,1769,59672733
"benchmark-example:dna-extra-8-gpu","bd/dna.100MB",8,262144,1000000,3211,3211,0,0.000,67.881,0.013,67.894,68.783,1770,59726028
"benchmark-example:dna-extra-8-gpu","bd/dna.100MB",8,262144,1000000,3211,3211,0,0.000,67.881,0.013,67.894,68.783,1771,59735432
"benchmark-example:dna-extra-8-gpu","bd/dna.100MB",8,262144,1000000,3211,3211,0,0.000,67.881,0.013,67.894,68.783,1772,59743361
"benchmark-example:dna-extra-8-gpu","bd/dna.100MB",8,262144,1000000,3211,3211,0,0.000,67.881,0.013,67.894,68.783,1773,59767769
"benchmark-example:dna-extra-8-gpu","bd/dna.100MB",8,262144,1000000,3211,3211,0,0.000,67.881,0.013,67.894,68.783,1774,59786635
"benchmark-example:dna-extra-8-gpu","bd/dna.100MB",8,262144,1000000,3211,3211,0,0.000,67.881,0.013,67.894,68.783,1775,59847124
"benchmark-example:dna-extra-8-gpu","bd/dna.100MB",8,262144,1000000,3211,3211,0,0.000,67.881,0.013,67.894,68.783,1776,59873344
"benchmark-example:dna-extra-8-gpu","bd/dna.100MB",8,262144,1000000,3211,3211,0,0.000,67.881,0.013,67.894,68.783,1777,59905626
"benchmark-example:dna-extra-8-gpu","bd/dna.100MB",8,262144,1000000,3211,3211,0,0.000,67.881,0.013,67.894,68.783,1778,59922540
"benchmark-example:dna-extra-8-gpu","bd/dna.100MB",8,262144,1000000,3211,3211,0,0.000,67.881,0.013,67.894,68.783,1779,59985086
"benchmark-example:dna-extra-8-gpu","bd/dna.100MB",8,262144,1000000,3211,3211,0,0.000,67.881,0.013,67.894,68.783,1780,60060968
"benchmark-example:dna-extra-8-gpu","bd/dna.100MB",8,262144,1000000,3211,3211,0,0.000,67.881,0.013,67.894,68.783,1781,60086128
"benchmark-example:dna-extra-8-gpu","bd/dna.100MB",8,262144,1000000,3211,3211,0,0.000,67.881,0.013,67.894,68.783,1782,60091548
"benchmark-example:dna-extra-8-gpu","bd/dna.100MB",8,262144,1000000,3211,3211,0,0.000,67.881,0.013,67.894,68.783,1783,60097314
"benchmark-example:dna-extra-8-gpu","bd/dna.100MB",8,262144,1000000,3211,3211,0,0.000,67.881,0.013,67.894,68.783,1784,60172525
"benchmark-example:dna-extra-8-gpu","bd/dna.100MB",8,262144,1000000,3211,3211,0,0.000,67.881,0.013,67.894,68.783,1785,60177426
"benchmark-example:dna-extra-8-gpu","bd/dna.100MB",8,262144,1000000,3211,3211,0,0.000,67.881,0.013,67.894,68.783,1786,60178657
"benchmark-example:dna-extra-8-gpu","bd/dna.100MB",8,262144,1000000,3211,3211,0,0.000,67.881,0.013,67.894,68.783,1787,60183302
"benchmark-example:dna-extra-8-gpu","bd/dna.100MB",8,262144,1000000,3211,3211,0,0.000,67.881,0.013,67.894,68.783,1788,60196179
"benchmark-example:dna-extra-8-gpu","bd/dna.100MB",8,262144,1000000,3211,3211,0,0.000,67.881,0.013,67.894,68.783,1789,60210285
"benchmark-example:dna-extra-8-gpu","bd/dna.100MB",8,262144,1000000,3211,3211,0,0.000,67.881,0.013,67.894,68.783,1790,60250987
"benchmark-example:dna-extra-8-gpu","bd/dna.100MB",8,262144,1000000,3211,3211,0,0.000,67.881,0.013,67.894,68.783,1791,60318627
"benchmark-example:dna-extra-8-gpu","bd/dna.100MB",8,262144,1000000,3211,3211,0,0.000,67.881,0.013,67.894,68.783,1792,60392929
"benchmark-example:dna-extra-8-gpu","bd/dna.100MB",8,262144,1000000,3211,3211,0,0.000,67.881,0.013,67.894,68.783,1793,60403816
"benchmark-example:dna-extra-8-gpu","bd/dna.100MB",8,262144,1000000,3211,3211,0,0.000,67.881,0.013,67.894,68.783,1794,60408801
"benchmark-example:dna-extra-8-gpu","bd/dna.100MB",8,262144,1000000,3211,3211,0,0.000,67.881,0.013,67.894,68.783,1795,60409818
"benchmark-example:dna-extra-8-gpu","bd/dna.100MB",8,262144,1000000,3211,3211,0,0.000,67.881,0.013,67.894,68.783,1796,60426698
"benchmark-example:dna-extra-8-gpu","bd/dna.100MB",8,262144,1000000,3211,3211,0,0.000,67.881,0.013,67.894,68.783,1797,60427481
"benchmark-example:dna-extra-8-gpu","bd/dna.100MB",8,262144,1000000,3211,3211,0,0.000,67.881,0.013,67.894,68.783,1798,60429820
"benchmark-example:dna-extra-8-gpu","bd/dna.100MB",8,262144,1000000,3211,3211,0,0.000,67.881,0.013,67.894,68.783,1799,60519671
"benchmark-example:dna-extra-8-gpu","bd/dna.100MB",8,262144,1000000,3211,3211,0,0.000,67.881,0.013,67.894,68.783,1800,60539642
"benchmark-example:dna-extra-8-gpu","bd/dna.100MB",8,262144,1000000,3211,3211,0,0.000,67.881,0.013,67.894,68.783,1801,60569320
"benchmark-example:dna-extra-8-gpu","bd/dna.100MB",8,262144,1000000,3211,3211,0,0.000,67.881,0.013,67.894,68.783,1802,60627337
"benchmark-example:dna-extra-8-gpu","bd/dna.100MB",8,262144,1000000,3211,3211,0,0.000,67.881,0.013,67.894,68.783,1803,60689445
"benchmark-example:dna-extra-8-gpu","bd/dna.100MB",8,262144,1000000,3211,3211,0,0.000,67.881,0.013,67.894,68.783,1804,60707349
"benchmark-example:dna-extra-8-gpu","bd/dna.100MB",8,262144,1000000,3211,3211,0,0.000,67.881,0.013,67.894,68.783,1805,60707673
"benchmark-example:dna-extra-8-gpu","bd/dna.100MB",8,262144,1000000,3211,3211,0,0.000,67.881,0.013,67.894,68.783,1806,60748406
"benchmark-example:dna-extra-8-gpu","bd/dna.100MB",8,262144,1000000,3211,3211,0,0.000,67.881,0.013,67.894,68.783,1807,60772917
"benchmark-example:dna-extra-8-gpu","bd/dna.100MB",8,262144,1000000,3211,3211,0,0.000,67.881,0.013,67.894,68.783,1808,60831877
"benchmark-example:dna-extra-8-gpu","bd/dna.100MB",8,262144,1000000,3211,3211,0,0.000,67.881,0.013,67.894,68.783,1809,60851259
"benchmark-example:dna-extra-8-gpu","bd/dna.100MB",8,262144,1000000,3211,3211,0,0.000,67.881,0.013,67.894,68.783,1810,60880703
"benchmark-example:dna-extra-8-gpu","bd/dna.100MB",8,262144,1000000,3211,3211,0,0.000,67.881,0.013,67.894,68.783,1811,60899537
"benchmark-example:dna-extra-8-gpu","bd/dna.100MB",8,262144,1000000,3211,3211,0,0.000,67.881,0.013,67.894,68.783,1812,60916016
"benchmark-example:dna-extra-8-gpu","bd/dna.100MB",8,262144,1000000,3211,3211,0,0.000,67.881,0.013,67.894,68.783,1813,60928760
"benchmark-example:dna-extra-8-gpu","bd/dna.100MB",8,262144,1000000,3211,3211,0,0.000,67.881,0.013,67.894,68.783,1814,60954061
"benchmark-example:dna-extra-8-gpu","bd/dna.100MB",8,262144,1000000,3211,3211,0,0.000,67.881,0.013,67.894,68.783,1815,60968450
"benchmark-example:dna-extra-8-gpu","bd/dna.100MB",8,262144,1000000,3211,3211,0,0.000,67.881,0.013,67.894,68.783,1816,61009926
"benchmark-example:dna-extra-8-gpu","bd/dna.100MB",8,262144,1000000,3211,3211,0,0.000,67.881,0.013,67.894,68.783,1817,61021943
"benchmark-example:dna-extra-8-gpu","bd/dna.100MB",8,262144,1000000,3211,3211,0,0.000,67.881,0.013,67.894,68.783,1818,61135062
"benchmark-example:dna-extra-8-gpu","bd/dna.100MB",8,262144,1000000,3211,3211,0,0.000,67.881,0.013,67.894,68.783,1819,61140412
"benchmark-example:dna-extra-8-gpu","bd/dna.100MB",8,262144,1000000,3211,3211,0,0.000,67.881,0.013,67.894,68.783,1820,61159579
"benchmark-example:dna-extra-8-gpu","bd/dna.100MB",8,262144,1000000,3211,3211,0,0.000,67.881,0.013,67.894,68.783,1821,61181331
"benchmark-example:dna-extra-8-gpu","bd/dna.100MB",8,262144,1000000,3211,3211,0,0.000,67.881,0.013,67.894,68.783,1822,61184684
"benchmark-example:dna-extra-8-gpu","bd/dna.100MB",8,262144,1000000,3211,3211,0,0.000,67.881,0.013,67.894,68.783,1823,61190686
"benchmark-example:dna-extra-8-gpu","bd/dna.100MB",8,262144,1000000,3211,3211,0,0.000,67.881,0.013,67.894,68.783,1824,61194505
"benchmark-example:dna-extra-8-gpu","bd/dna.100MB",8,262144,1000000,3211,3211,0,0.000,67.881,0.013,67.894,68.783,1825,61284584
"benchmark-example:dna-extra-8-gpu","bd/dna.100MB",8,262144,1000000,3211,3211,0,0.000,67.881,0.013,67.894,68.783,1826,61314286
"benchmark-example:dna-extra-8-gpu","bd/dna.100MB",8,262144,1000000,3211,3211,0,0.000,67.881,0.013,67.894,68.783,1827,61336670
"benchmark-example:dna-extra-8-gpu","bd/dna.100MB",8,262144,1000000,3211,3211,0,0.000,67.881,0.013,67.894,68.783,1828,61358431
"benchmark-example:dna-extra-8-gpu","bd/dna.100MB",8,262144,1000000,3211,3211,0,0.000,67.881,0.013,67.894,68.783,1829,61371992
"benchmark-example:dna-extra-8-gpu","bd/dna.100MB",8,262144,1000000,3211,3211,0,0.000,67.881,0.013,67.894,68.783,1830,61392516
"benchmark-example:dna-extra-8-gpu","bd/dna.100MB",8,262144,1000000,3211,3211,0,0.000,67.881,0.013,67.894,68.783,1831,61417384
"benchmark-example:dna-extra-8-gpu","bd/dna.100MB",8,262144,1000000,3211,3211,0,0.000,67.881,0.013,67.894,68.783,1832,61455531
"benchmark-example:dna-extra-8-gpu","bd/dna.100MB",8,262144,1000000,3211,3211,0,0.000,67.881,0.013,67.894,68.783,1833,61473774
"benchmark-example:dna-extra-8-gpu","bd/dna.100MB",8,262144,1000000,3211,3211,0,0.000,67.881,0.013,67.894,68.783,1834,61633818
"benchmark-example:dna-extra-8-gpu","bd/dna.100MB",8,262144,1000000,3211,3211,0,0.000,67.881,0.013,67.894,68.783,1835,61660322
"benchmark-example:dna-extra-8-gpu","bd/dna.100MB",8,262144,1000000,3211,3211,0,0.000,67.881,0.013,67.894,68.783,1836,61687046
"benchmark-example:dna-extra-8-gpu","bd/dna.100MB",8,262144,1000000,3211,3211,0,0.000,67.881,0.013,67.894,68.783,1837,61688650
"benchmark-example:dna-extra-8-gpu","bd/dna.100MB",8,262144,1000000,3211,3211,0,0.000,67.881,0.013,67.894,68.783,1838,61692967
"benchmark-example:dna-extra-8-gpu","bd/dna.100MB",8,262144,1000000,3211,3211,0,0.000,67.881,0.013,67.894,68.783,1839,61711729
"benchmark-example:dna-extra-8-gpu","bd/dna.100MB",8,262144,1000000,3211,3211,0,0.000,67.881,0.013,67.894,68.783,1840,61733082
"benchmark-example:dna-extra-8-gpu","bd/dna.100MB",8,262144,1000000,3211,3211,0,0.000,67.881,0.013,67.894,68.783,1841,61736325
"benchmark-example:dna-extra-8-gpu","bd/dna.100MB",8,262144,1000000,3211,3211,0,0.000,67.881,0.013,67.894,68.783,1842,61748253
"benchmark-example:dna-extra-8-gpu","bd/dna.100MB",8,262144,1000000,3211,3211,0,0.000,67.881,0.013,67.894,68.783,1843,61772666
"benchmark-example:dna-extra-8-gpu","bd/dna.100MB",8,262144,1000000,3211,3211,0,0.000,67.881,0.013,67.894,68.783,1844,61782278
"benchmark-example:dna-extra-8-gpu","bd/dna.100MB",8,262144,1000000,3211,3211,0,0.000,67.881,0.013,67.894,68.783,1845,61790937
"benchmark-example:dna-extra-8-gpu","bd/dna.100MB",8,262144,1000000,3211,3211,0,0.000,67.881,0.013,67.894,68.783,1846,61800706
"benchmark-example:dna-extra-8-gpu","bd/dna.100MB",8,262144,1000000,3211,3211,0,0.000,67.881,0.013,67.894,68.783,1847,61824714
"benchmark-example:dna-extra-8-gpu","bd/dna.100MB",8,262144,1000000,3211,3211,0,0.000,67.881,0.013,67.894,68.783,1848,61842744
"benchmark-example:dna-extra-8-gpu","bd/dna.100MB",8,262144,1000000,3211,3211,0,0.000,67.881,0.013,67.894,68.783,1849,61848539
"benchmark-example:dna-extra-8-gpu","bd/dna.100MB",8,262144,1000000,3211,3211,0,0.000,67.881,0.013,67.894,68.783,1850,61861264
"benchmark-example:dna-extra-8-gpu","bd/dna.100MB",8,262144,1000000,3211,3211,0,0.000,67.881,0.013,67.894,68.783,1851,61875650
"benchmark-example:dna-extra-8-gpu","bd/dna.100MB",8,262144,1000000,3211,3211,0,0.000,67.881,0.013,67.894,68.783,1852,61926554
"benchmark-example:dna-extra-8-gpu","bd/dna.100MB",8,262144,1000000,3211,3211,0,0.000,67.881,0.013,67.894,68.783,1853,61965674
"benchmark-example:dna-extra-8-gpu","bd/dna.100MB",8,262144,1000000,3211,3211,0,0.000,67.881,0.013,67.894,68.783,1854,62038851
"benchmark-example:dna-extra-8-gpu","bd/dna.100MB",8,262144,1000000,3211,3211,0,0.000,67.881,0.013,67.894,68.783,1855,62046013
"benchmark-example:dna-extra-8-gpu","bd/dna.100MB",8,262144,1000000,3211,3211,0,0.000,67.881,0.013,67.894,68.783,1856,62053857
"benchmark-example:dna-extra-8-gpu","bd/dna.100MB",8,262144,1000000,3211,3211,0,0.000,67.881,0.013,67.894,68.783,1857,62175773
"benchmark-example:dna-extra-8-gpu","bd/dna.100MB",8,262144,1000000,3211,3211,0,0.000,67.881,0.013,67.894,68.783,1858,62203316
"benchmark-example:dna-extra-8-gpu","bd/dna.100MB",8,262144,1000000,3211,3211,0,0.000,67.881,0.013,67.894,68.783,1859,62226714
"benchmark-example:dna-extra-8-gpu","bd/dna.100MB",8,262144,1000000,3211,3211,0,0.000,67.881,0.013,67.894,68.783,1860,62337716
"benchmark-example:dna-extra-8-gpu","bd/dna.100MB",8,262144,1000000,3211,3211,0,0.000,67.881,0.013,67.894,68.783,1861,62355655
"benchmark-example:dna-extra-8-gpu","bd/dna.100MB",8,262144,1000000,3211,3211,0,0.000,67.881,0.013,67.894,68.783,1862,62388666
"benchmark-example:dna-extra-8-gpu","bd/dna.100MB",8,262144,1000000,3211,3211,0,0.000,67.881,0.013,67.894,68.783,1863,62448779
"benchmark-example:dna-extra-8-gpu","bd/dna.100MB",8,262144,1000000,3211,3211,0,0.000,67.881,0.013,67.894,68.783,1864,62477318
"benchmark-example:dna-extra-8-gpu","bd/dna.100MB",8,262144,1000000,3211,3211,0,0.000,67.881,0.013,67.894,68.783,1865,62548657
"benchmark-example:dna-extra-8-gpu","bd/dna.100MB",8,262144,1000000,3211,3211,0,0.000,67.881,0.013,67.894,68.783,1866,62550846
"benchmark-example:dna-extra-8-gpu","bd/dna.100MB",8,262144,1000000,3211,3211,0,0.000,67.881,0.013,67.894,68.783,1867,62551673
"benchmark-example:dna-extra-8-gpu","bd/dna.100MB",8,262144,1000000,3211,3211,0,0.000,67.881,0.013,67.894,68.783,1868,62572171
"benchmark-example:dna-extra-8-gpu","bd/dna.100MB",8,262144,1000000,3211,3211,0,0.000,67.881,0.013,67.894,68.783,1869,62574886
"benchmark-example:dna-extra-8-gpu","bd/dna.100MB",8,262144,1000000,3211,3211,0,0.000,67.881,0.013,67.894,68.783,1870,62615659
"benchmark-example:dna-extra-8-gpu","bd/dna.100MB",8,262144,1000000,3211,3211,0,0.000,67.881,0.013,67.894,68.783,1871,62644235
"benchmark-example:dna-extra-8-gpu","bd/dna.100MB",8,262144,1000000,3211,3211,0,0.000,67.881,0.013,67.894,68.783,1872,62665863
"benchmark-example:dna-extra-8-gpu","bd/dna.100MB",8,262144,1000000,3211,3211,0,0.000,67.881,0.013,67.894,68.783,1873,62670250
"benchmark-example:dna-extra-8-gpu","bd/dna.100MB",8,262144,1000000,3211,3211,0,0.000,67.881,0.013,67.894,68.783,1874,62681999
"benchmark-example:dna-extra-8-gpu","bd/dna.100MB",8,262144,1000000,3211,3211,0,0.000,67.881,0.013,67.894,68.783,1875,62682857
"benchmark-example:dna-extra-8-gpu","bd/dna.100MB",8,262144,1000000,3211,3211,0,0.000,67.881,0.013,67.894,68.783,1876,62796303
"benchmark-example:dna-extra-8-gpu","bd/dna.100MB",8,262144,1000000,3211,3211,0,0.000,67.881,0.013,67.894,68.783,1877,62833534
"benchmark-example:dna-extra-8-gpu","bd/dna.100MB",8,262144,1000000,3211,3211,0,0.000,67.881,0.013,67.894,68.783,1878,62841204
"benchmark-example:dna-extra-8-gpu","bd/dna.100MB",8,262144,1000000,3211,3211,0,0.000,67.881,0.013,67.894,68.783,1879,62910339
"benchmark-example:dna-extra-8-gpu","bd/dna.100MB",8,262144,1000000,3211,3211,0,0.000,67.881,0.013,67.894,68.783,1880,62921082
"benchmark-example:dna-extra-8-gpu","bd/dna.100MB",8,262144,1000000,3211,3211,0,0.000,67.881,0.013,67.894,68.783,1881,62924007
"benchmark-example:dna-extra-8-gpu","bd/dna.100MB",8,262144,1000000,3211,3211,0,0.000,67.881,0.013,67.894,68.783,1882,62982029
"benchmark-example:dna-extra-8-gpu","bd/dna.100MB",8,262144,1000000,3211,3211,0,0.000,67.881,0.013,67.894,68.783,1883,63038323
"benchmark-example:dna-extra-8-gpu","bd/dna.100MB",8,262144,1000000,3211,3211,0,0.000,67.881,0.013,67.894,68.783,1884,63050406
"benchmark-example:dna-extra-8-gpu","bd/dna.100MB",8,262144,1000000,3211,3211,0,0.000,67.881,0.013,67.894,68.783,1885,63052274
"benchmark-example:dna-extra-8-gpu","bd/dna.100MB",8,262144,1000000,3211,3211,0,0.000,67.881,0.013,67.894,68.783,1886,63123365
"benchmark-example:dna-extra-8-gpu","bd/dna.100MB",8,262144,1000000,3211,3211,0,0.000,67.881,0.013,67.894,68.783,1887,63136354
"benchmark-example:dna-extra-8-gpu","bd/dna.100MB",8,262144,1000000,3211,3211,0,0.000,67.881,0.013,67.894,68.783,1888,63180079
"benchmark-example:dna-extra-8-gpu","bd/dna.100MB",8,262144,1000000,3211,3211,0,0.000,67.881,0.013,67.894,68.783,1889,63389284
"benchmark-example:dna-extra-8-gpu","bd/dna.100MB",8,262144,1000000,3211,3211,0,0.000,67.881,0.013,67.894,68.783,1890,63466491
"benchmark-example:dna-extra-8-gpu","bd/dna.100MB",8,262144,1000000,3211,3211,0,0.000,67.881,0.013,67.894,68.783,1891,63558983
"benchmark-example:dna-extra-8-gpu","bd/dna.100MB",8,262144,1000000,3211,3211,0,0.000,67.881,0.013,67.894,68.783,1892,63561370
"benchmark-example:dna-extra-8-gpu","bd/dna.100MB",8,262144,1000000,3211,3211,0,0.000,67.881,0.013,67.894,68.783,1893,63575114
"benchmark-example:dna-extra-8-gpu","bd/dna.100MB",8,262144,1000000,3211,3211,0,0.000,67.881,0.013,67.894,68.783,1894,63580363
"benchmark-example:dna-extra-8-gpu","bd/dna.100MB",8,262144,1000000,3211,3211,0,0.000,67.881,0.013,67.894,68.783,1895,63601549
"benchmark-example:dna-extra-8-gpu","bd/dna.100MB",8,262144,1000000,3211,3211,0,0.000,67.881,0.013,67.894,68.783,1896,63633471
"benchmark-example:dna-extra-8-gpu","bd/dna.100MB",8,262144,1000000,3211,3211,0,0.000,67.881,0.013,67.894,68.783,1897,63637419
"benchmark-example:dna-extra-8-gpu","bd/dna.100MB",8,262144,1000000,3211,3211,0,0.000,67.881,0.013,67.894,68.783,1898,63650603
"benchmark-example:dna-extra-8-gpu","bd/dna.100MB",8,262144,1000000,3211,3211,0,0.000,67.881,0.013,67.894,68.783,1899,63655207
"benchmark-example:dna-extra-8-gpu","bd/dna.100MB",8,262144,1000000,3211,3211,0,0.000,67.881,0.013,67.894,68.783,1900,63669530
"benchmark-example:dna-extra-8-gpu","bd/dna.100MB",8,262144,1000000,3211,3211,0,0.000,67.881,0.013,67.894,68.783,1901,63681114
"benchmark-example:dna-extra-8-gpu","bd/dna.100MB",8,262144,1000000,3211,3211,0,0.000,67.881,0.013,67.894,68.783,1902,63722408
"benchmark-example:dna-extra-8-gpu","bd/dna.100MB",8,262144,1000000,3211,3211,0,0.000,67.881,0.013,67.894,68.783,1903,63754968
"benchmark-example:dna-extra-8-gpu","bd/dna.100MB",8,262144,1000000,3211,3211,0,0.000,67.881,0.013,67.894,68.783,1904,63847432
"benchmark-example:dna-extra-8-gpu","bd/dna.100MB",8,262144,1000000,3211,3211,0,0.000,67.881,0.013,67.894,68.783,1905,63946326
"benchmark-example:dna-extra-8-gpu","bd/dna.100MB",8,262144,1000000,3211,3211,0,0.000,67.881,0.013,67.894,68.783,1906,63949622
"benchmark-example:dna-extra-8-gpu","bd/dna.100MB",8,262144,1000000,3211,3211,0,0.000,67.881,0.013,67.894,68.783,1907,63966680
"benchmark-example:dna-extra-8-gpu","bd/dna.100MB",8,262144,1000000,3211,3211,0,0.000,67.881,0.013,67.894,68.783,1908,64038967
"benchmark-example:dna-extra-8-gpu","bd/dna.100MB",8,262144,1000000,3211,3211,0,0.000,67.881,0.013,67.894,68.783,1909,64062136
"benchmark-example:dna-extra-8-gpu","bd/dna.100MB",8,262144,1000000,3211,3211,0,0.000,67.881,0.013,67.894,68.783,1910,64076488
"benchmark-example:dna-extra-8-gpu","bd/dna.100MB",8,262144,1000000,3211,3211,0,0.000,67.881,0.013,67.894,68.783,1911,64102786
"benchmark-example:dna-extra-8-gpu","bd/dna.100MB",8,262144,1000000,3211,3211,0,0.000,67.881,0.013,67.894,68.783,1912,64141350
"benchmark-example:dna-extra-8-gpu","bd/dna.100MB",8,262144,1000000,3211,3211,0,0.000,67.881,0.013,67.894,68.783,1913,64232801
"benchmark-example:dna-extra-8-gpu","bd/dna.100MB",8,262144,1000000,3211,3211,0,0.000,67.881,0.013,67.894,68.783,1914,64249446
"benchmark-example:dna-extra-8-gpu","bd/dna.100MB",8,262144,1000000,3211,3211,0,0.000,67.881,0.013,67.894,68.783,1915,64384121
"benchmark-example:dna-extra-8-gpu","bd/dna.100MB",8,262144,1000000,3211,3211,0,0.000,67.881,0.013,67.894,68.783,1916,64414998
"benchmark-example:dna-extra-8-gpu","bd/dna.100MB",8,262144,1000000,3211,3211,0,0.000,67.881,0.013,67.894,68.783,1917,64468169
"benchmark-example:dna-extra-8-gpu","bd/dna.100MB",8,262144,1000000,3211,3211,0,0.000,67.881,0.013,67.894,68.783,1918,64470323
"benchmark-example:dna-extra-8-gpu","bd/dna.100MB",8,262144,1000000,3211,3211,0,0.000,67.881,0.013,67.894,68.783,1919,64481482
"benchmark-example:dna-extra-8-gpu","bd/dna.100MB",8,262144,1000000,3211,3211,0,0.000,67.881,0.013,67.894,68.783,1920,64485839
"benchmark-example:dna-extra-8-gpu","bd/dna.100MB",8,262144,1000000,3211,3211,0,0.000,67.881,0.013,67.894,68.783,1921,64599217
"benchmark-example:dna-extra-8-gpu","bd/dna.100MB",8,262144,1000000,3211,3211,0,0.000,67.881,0.013,67.894,68.783,1922,64634411
"benchmark-example:dna-extra-8-gpu","bd/dna.100MB",8,262144,1000000,3211,3211,0,0.000,67.881,0.013,67.894,68.783,1923,64681328
"benchmark-example:dna-extra-8-gpu","bd/dna.100MB",8,262144,1000000,3211,3211,0,0.000,67.881,0.013,67.894,68.783,1924,64760395
"benchmark-example:dna-extra-8-gpu","bd/dna.100MB",8,262144,1000000,3211,3211,0,0.000,67.881,0.013,67.894,68.783,1925,64775936
"benchmark-example:dna-extra-8-gpu","bd/dna.100MB",8,262144,1000000,3211,3211,0,0.000,67.881,0.013,67.894,68.783,1926,64777035
"benchmark-example:dna-extra-8-gpu","bd/dna.100MB",8,262144,1000000,3211,3211,0,0.000,67.881,0.013,67.894,68.783,1927,64797823
"benchmark-example:dna-extra-8-gpu","bd/dna.100MB",8,262144,1000000,3211,3211,0,0.000,67.881,0.013,67.894,68.783,1928,64804592
"benchmark-example:dna-extra-8-gpu","bd/dna.100MB",8,262144,1000000,3211,3211,0,0.000,67.881,0.013,67.894,68.783,1929,64838578
"benchmark-example:dna-extra-8-gpu","bd/dna.100MB",8,262144,1000000,3211,3211,0,0.000,67.881,0.013,67.894,68.783,1930,64838631
"benchmark-example:dna-extra-8-gpu","bd/dna.100MB",8,262144,1000000,3211,3211,0,0.000,67.881,0.013,67.894,68.783,1931,64945298
"benchmark-example:dna-extra-8-gpu","bd/dna.100MB",8,262144,1000000,3211,3211,0,0.000,67.881,0.013,67.894,68.783,1932,64964678
"benchmark-example:dna-extra-8-gpu","bd/dna.100MB",8,262144,1000000,3211,3211,0,0.000,67.881,0.013,67.894,68.783,1933,64999962
"benchmark-example:dna-extra-8-gpu","bd/dna.100MB",8,262144,1000000,3211,3211,0,0.000,67.881,0.013,67.894,68.783,1934,65016667
"benchmark-example:dna-extra-8-gpu","bd/dna.100MB",8,262144,1000000,3211,3211,0,0.000,67.881,0.013,67.894,68.783,1935,65043954
"benchmark-example:dna-extra-8-gpu","bd/dna.100MB",8,262144,1000000,3211,3211,0,0.000,67.881,0.013,67.894,68.783,1936,65049270
"benchmark-example:dna-extra-8-gpu","bd/dna.100MB",8,262144,1000000,3211,3211,0,0.000,67.881,0.013,67.894,68.783,1937,65065107
"benchmark-example:dna-extra-8-gpu","bd/dna.100MB",8,262144,1000000,3211,3211,0,0.000,67.881,0.013,67.894,68.783,1938,65084878
"benchmark-example:dna-extra-8-gpu","bd/dna.100MB",8,262144,1000000,3211,3211,0,0.000,67.881,0.013,67.894,68.783,1939,65116180
"benchmark-example:dna-extra-8-gpu","bd/dna.100MB",8,262144,1000000,3211,3211,0,0.000,67.881,0.013,67.894,68.783,1940,65133394
"benchmark-example:dna-extra-8-gpu","bd/dna.100MB",8,262144,1000000,3211,3211,0,0.000,67.881,0.013,67.894,68.783,1941,65148648
"benchmark-example:dna-extra-8-gpu","bd/dna.100MB",8,262144,1000000,3211,3211,0,0.000,67.881,0.013,67.894,68.783,1942,65171376
"benchmark-example:dna-extra-8-gpu","bd/dna.100MB",8,262144,1000000,3211,3211,0,0.000,67.881,0.013,67.894,68.783,1943,65180738
"benchmark-example:dna-extra-8-gpu","bd/dna.100MB",8,262144,1000000,3211,3211,0,0.000,67.881,0.013,67.894,68.783,1944,65181736
"benchmark-example:dna-extra-8-gpu","bd/dna.100MB",8,262144,1000000,3211,3211,0,0.000,67.881,0.013,67.894,68.783,1945,65207753
"benchmark-example:dna-extra-8-gpu","bd/dna.100MB",8,262144,1000000,3211,3211,0,0.000,67.881,0.013,67.894,68.783,1946,65246607
"benchmark-example:dna-extra-8-gpu","bd/dna.100MB",8,262144,1000000,3211,3211,0,0.000,67.881,0.013,67.894,68.783,1947,65346479
"benchmark-example:dna-extra-8-gpu","bd/dna.100MB",8,262144,1000000,3211,3211,0,0.000,67.881,0.013,67.894,68.783,1948,65385094
"benchmark-example:dna-extra-8-gpu","bd/dna.100MB",8,262144,1000000,3211,3211,0,0.000,67.881,0.013,67.894,68.783,1949,65395698
"benchmark-example:dna-extra-8-gpu","bd/dna.100MB",8,262144,1000000,3211,3211,0,0.000,67.881,0.013,67.894,68.783,1950,65432718
"benchmark-example:dna-extra-8-gpu","bd/dna.100MB",8,262144,1000000,3211,3211,0,0.000,67.881,0.013,67.894,68.783,1951,65452543
"benchmark-example:dna-extra-8-gpu","bd/dna.100MB",8,262144,1000000,3211,3211,0,0.000,67.881,0.013,67.894,68.783,1952,65490371
"benchmark-example:dna-extra-8-gpu","bd/dna.100MB",8,262144,1000000,3211,3211,0,0.000,67.881,0.013,67.894,68.783,1953,65529997
"benchmark-example:dna-extra-8-gpu","bd/dna.100MB",8,262144,1000000,3211,3211,0,0.000,67.881,0.013,67.894,68.783,1954,65601210
"benchmark-example:dna-extra-8-gpu","bd/dna.100MB",8,262144,1000000,3211,3211,0,0.000,67.881,0.013,67.894,68.783,1955,65606736
"benchmark-example:dna-extra-8-gpu","bd/dna.100MB",8,262144,1000000,3211,3211,0,0.000,67.881,0.013,67.894,68.783,1956,65639890
"benchmark-example:dna-extra-8-gpu","bd/dna.100MB",8,262144,1000000,3211,3211,0,0.000,67.881,0.013,67.894,68.783,1957,65694838
"benchmark-example:dna-extra-8-gpu","bd/dna.100MB",8,262144,1000000,3211,3211,0,0.000,67.881,0.013,67.894,68.783,1958,65715257
"benchmark-example:dna-extra-8-gpu","bd/dna.100MB",8,262144,1000000,3211,3211,0,0.000,67.881,0.013,67.894,68.783,1959,65724479
"benchmark-example:dna-extra-8-gpu","bd/dna.100MB",8,262144,1000000,3211,3211,0,0.000,67.881,0.013,67.894,68.783,1960,65736209
"benchmark-example:dna-extra-8-gpu","bd/dna.100MB",8,262144,1000000,3211,3211,0,0.000,67.881,0.013,67.894,68.783,1961,65803703
"benchmark-example:dna-extra-8-gpu","bd/dna.100MB",8,262144,1000000,3211,3211,0,0.000,67.881,0.013,67.894,68.783,1962,65892126
"benchmark-example:dna-extra-8-gpu","bd/dna.100MB",8,262144,1000000,3211,3211,0,0.000,67.881,0.013,67.894,68.783,1963,65985027
"benchmark-example:dna-extra-8-gpu","bd/dna.100MB",8,262144,1000000,3211,3211,0,0.000,67.881,0.013,67.894,68.783,1964,66002434
"benchmark-example:dna-extra-8-gpu","bd/dna.100MB",8,262144,1000000,3211,3211,0,0.000,67.881,0.013,67.894,68.783,1965,66024593
"benchmark-example:dna-extra-8-gpu","bd/dna.100MB",8,262144,1000000,3211,3211,0,0.000,67.881,0.013,67.894,68.783,1966,66031720
"benchmark-example:dna-extra-8-gpu","bd/dna.100MB",8,262144,1000000,3211,3211,0,0.000,67.881,0.013,67.894,68.783,1967,66032006
"benchmark-example:dna-extra-8-gpu","bd/dna.100MB",8,262144,1000000,3211,3211,0,0.000,67.881,0.013,67.894,68.783,1968,66058735
"benchmark-example:dna-extra-8-gpu","bd/dna.100MB",8,262144,1000000,3211,3211,0,0.000,67.881,0.013,67.894,68.783,1969,66133520
"benchmark-example:dna-extra-8-gpu","bd/dna.100MB",8,262144,1000000,3211,3211,0,0.000,67.881,0.013,67.894,68.783,1970,66148159
"benchmark-example:dna-extra-8-gpu","bd/dna.100MB",8,262144,1000000,3211,3211,0,0.000,67.881,0.013,67.894,68.783,1971,66174157
"benchmark-example:dna-extra-8-gpu","bd/dna.100MB",8,262144,1000000,3211,3211,0,0.000,67.881,0.013,67.894,68.783,1972,66189559
"benchmark-example:dna-extra-8-gpu","bd/dna.100MB",8,262144,1000000,3211,3211,0,0.000,67.881,0.013,67.894,68.783,1973,66224310
"benchmark-example:dna-extra-8-gpu","bd/dna.100MB",8,262144,1000000,3211,3211,0,0.000,67.881,0.013,67.894,68.783,1974,66229747
"benchmark-example:dna-extra-8-gpu","bd/dna.100MB",8,262144,1000000,3211,3211,0,0.000,67.881,0.013,67.894,68.783,1975,66255508
"benchmark-example:dna-extra-8-gpu","bd/dna.100MB",8,262144,1000000,3211,3211,0,0.000,67.881,0.013,67.894,68.783,1976,66281031
"benchmark-example:dna-extra-8-gpu","bd/dna.100MB",8,262144,1000000,3211,3211,0,0.000,67.881,0.013,67.894,68.783,1977,66281727
"benchmark-example:dna-extra-8-gpu","bd/dna.100MB",8,262144,1000000,3211,3211,0,0.000,67.881,0.013,67.894,68.783,1978,66293933
"benchmark-example:dna-extra-8-gpu","bd/dna.100MB",8,262144,1000000,3211,3211,0,0.000,67.881,0.013,67.894,68.783,1979,66330075
"benchmark-example:dna-extra-8-gpu","bd/dna.100MB",8,262144,1000000,3211,3211,0,0.000,67.881,0.013,67.894,68.783,1980,66386201
"benchmark-example:dna-extra-8-gpu","bd/dna.100MB",8,262144,1000000,3211,3211,0,0.000,67.881,0.013,67.894,68.783,1981,66400111
"benchmark-example:dna-extra-8-gpu","bd/dna.100MB",8,262144,1000000,3211,3211,0,0.000,67.881,0.013,67.894,68.783,1982,66420351
"benchmark-example:dna-extra-8-gpu","bd/dna.100MB",8,262144,1000000,3211,3211,0,0.000,67.881,0.013,67.894,68.783,1983,66423162
"benchmark-example:dna-extra-8-gpu","bd/dna.100MB",8,262144,1000000,3211,3211,0,0.000,67.881,0.013,67.894,68.783,1984,66447319
"benchmark-example:dna-extra-8-gpu","bd/dna.100MB",8,262144,1000000,3211,3211,0,0.000,67.881,0.013,67.894,68.783,1985,66504930
"benchmark-example:dna-extra-8-gpu","bd/dna.100MB",8,262144,1000000,3211,3211,0,0.000,67.881,0.013,67.894,68.783,1986,66507602
"benchmark-example:dna-extra-8-gpu","bd/dna.100MB",8,262144,1000000,3211,3211,0,0.000,67.881,0.013,67.894,68.783,1987,66517145
"benchmark-example:dna-extra-8-gpu","bd/dna.100MB",8,262144,1000000,3211,3211,0,0.000,67.881,0.013,67.894,68.783,1988,66610391
"benchmark-example:dna-extra-8-gpu","bd/dna.100MB",8,262144,1000000,3211,3211,0,0.000,67.881,0.013,67.894,68.783,1989,66613467
"benchmark-example:dna-extra-8-gpu","bd/dna.100MB",8,262144,1000000,3211,3211,0,0.000,67.881,0.013,67.894,68.783,1990,66636426
"benchmark-example:dna-extra-8-gpu","bd/dna.100MB",8,262144,1000000,3211,3211,0,0.000,67.881,0.013,67.894,68.783,1991,66642515
"benchmark-example:dna-extra-8-gpu","bd/dna.100MB",8,262144,1000000,3211,3211,0,0.000,67.881,0.013,67.894,68.783,1992,66655774
"benchmark-example:dna-extra-8-gpu","bd/dna.100MB",8,262144,1000000,3211,3211,0,0.000,67.881,0.013,67.894,68.783,1993,66751057
"benchmark-example:dna-extra-8-gpu","bd/dna.100MB",8,262144,1000000,3211,3211,0,0.000,67.881,0.013,67.894,68.783,1994,66780188
"benchmark-example:dna-extra-8-gpu","bd/dna.100MB",8,262144,1000000,3211,3211,0,0.000,67.881,0.013,67.894,68.783,1995,66861875
"benchmark-example:dna-extra-8-gpu","bd/dna.100MB",8,262144,1000000,3211,3211,0,0.000,67.881,0.013,67.894,68.783,1996,66877242
"benchmark-example:dna-extra-8-gpu","bd/dna.100MB",8,262144,1000000,3211,3211,0,0.000,67.881,0.013,67.894,68.783,1997,66933094
"benchmark-example:dna-extra-8-gpu","bd/dna.100MB",8,262144,1000000,3211,3211,0,0.000,67.881,0.013,67.894,68.783,1998,67010607
"benchmark-example:dna-extra-8-gpu","bd/dna.100MB",8,262144,1000000,3211,3211,0,0.000,67.881,0.013,67.894,68.783,1999,67035316
"benchmark-example:dna-extra-8-gpu","bd/dna.100MB",8,262144,1000000,3211,3211,0,0.000,67.881,0.013,67.894,68.783,2000,67079737
"benchmark-example:dna-extra-8-gpu","bd/dna.100MB",8,262144,1000000,3211,3211,0,0.000,67.881,0.013,67.894,68.783,2001,67149239
"benchmark-example:dna-extra-8-gpu","bd/dna.100MB",8,262144,1000000,3211,3211,0,0.000,67.881,0.013,67.894,68.783,2002,67157873
"benchmark-example:dna-extra-8-gpu","bd/dna.100MB",8,262144,1000000,3211,3211,0,0.000,67.881,0.013,67.894,68.783,2003,67160497
"benchmark-example:dna-extra-8-gpu","bd/dna.100MB",8,262144,1000000,3211,3211,0,0.000,67.881,0.013,67.894,68.783,2004,67188345
"benchmark-example:dna-extra-8-gpu","bd/dna.100MB",8,262144,1000000,3211,3211,0,0.000,67.881,0.013,67.894,68.783,2005,67195349
"benchmark-example:dna-extra-8-gpu","bd/dna.100MB",8,262144,1000000,3211,3211,0,0.000,67.881,0.013,67.894,68.783,2006,67249847
"benchmark-example:dna-extra-8-gpu","bd/dna.100MB",8,262144,1000000,3211,3211,0,0.000,67.881,0.013,67.894,68.783,2007,67303038
"benchmark-example:dna-extra-8-gpu","bd/dna.100MB",8,262144,1000000,3211,3211,0,0.000,67.881,0.013,67.894,68.783,2008,67328747
"benchmark-example:dna-extra-8-gpu","bd/dna.100MB",8,262144,1000000,3211,3211,0,0.000,67.881,0.013,67.894,68.783,2009,67345036
"benchmark-example:dna-extra-8-gpu","bd/dna.100MB",8,262144,1000000,3211,3211,0,0.000,67.881,0.013,67.894,68.783,2010,67365453
"benchmark-example:dna-extra-8-gpu","bd/dna.100MB",8,262144,1000000,3211,3211,0,0.000,67.881,0.013,67.894,68.783,2011,67389624
"benchmark-example:dna-extra-8-gpu","bd/dna.100MB",8,262144,1000000,3211,3211,0,0.000,67.881,0.013,67.894,68.783,2012,67519999
"benchmark-example:dna-extra-8-gpu","bd/dna.100MB",8,262144,1000000,3211,3211,0,0.000,67.881,0.013,67.894,68.783,2013,67528122
"benchmark-example:dna-extra-8-gpu","bd/dna.100MB",8,262144,1000000,3211,3211,0,0.000,67.881,0.013,67.894,68.783,2014,67547866
"benchmark-example:dna-extra-8-gpu","bd/dna.100MB",8,262144,1000000,3211,3211,0,0.000,67.881,0.013,67.894,68.783,2015,67589234
"benchmark-example:dna-extra-8-gpu","bd/dna.100MB",8,262144,1000000,3211,3211,0,0.000,67.881,0.013,67.894,68.783,2016,67609181
"benchmark-example:dna-extra-8-gpu","bd/dna.100MB",8,262144,1000000,3211,3211,0,0.000,67.881,0.013,67.894,68.783,2017,67610522
"benchmark-example:dna-extra-8-gpu","bd/dna.100MB",8,262144,1000000,3211,3211,0,0.000,67.881,0.013,67.894,68.783,2018,67634953
"benchmark-example:dna-extra-8-gpu","bd/dna.100MB",8,262144,1000000,3211,3211,0,0.000,67.881,0.013,67.894,68.783,2019,67675381
"benchmark-example:dna-extra-8-gpu","bd/dna.100MB",8,262144,1000000,3211,3211,0,0.000,67.881,0.013,67.894,68.783,2020,67702878
"benchmark-example:dna-extra-8-gpu","bd/dna.100MB",8,262144,1000000,3211,3211,0,0.000,67.881,0.013,67.894,68.783,2021,67759831
"benchmark-example:dna-extra-8-gpu","bd/dna.100MB",8,262144,1000000,3211,3211,0,0.000,67.881,0.013,67.894,68.783,2022,67805896
"benchmark-example:dna-extra-8-gpu","bd/dna.100MB",8,262144,1000000,3211,3211,0,0.000,67.881,0.013,67.894,68.783,2023,67822632
"benchmark-example:dna-extra-8-gpu","bd/dna.100MB",8,262144,1000000,3211,3211,0,0.000,67.881,0.013,67.894,68.783,2024,67841148
"benchmark-example:dna-extra-8-gpu","bd/dna.100MB",8,262144,1000000,3211,3211,0,0.000,67.881,0.013,67.894,68.783,2025,67869689
"benchmark-example:dna-extra-8-gpu","bd/dna.100MB",8,262144,1000000,3211,3211,0,0.000,67.881,0.013,67.894,68.783,2026,67902588
"benchmark-example:dna-extra-8-gpu","bd/dna.100MB",8,262144,1000000,3211,3211,0,0.000,67.881,0.013,67.894,68.783,2027,67920538
"benchmark-example:dna-extra-8-gpu","bd/dna.100MB",8,262144,1000000,3211,3211,0,0.000,67.881,0.013,67.894,68.783,2028,67952595
"benchmark-example:dna-extra-8-gpu","bd/dna.100MB",8,262144,1000000,3211,3211,0,0.000,67.881,0.013,67.894,68.783,2029,67967020
"benchmark-example:dna-extra-8-gpu","bd/dna.100MB",8,262144,1000000,3211,3211,0,0.000,67.881,0.013,67.894,68.783,2030,68026355
"benchmark-example:dna-extra-8-gpu","bd/dna.100MB",8,262144,1000000,3211,3211,0,0.000,67.881,0.013,67.894,68.783,2031,68040869
"benchmark-example:dna-extra-8-gpu","bd/dna.100MB",8,262144,1000000,3211,3211,0,0.000,67.881,0.013,67.894,68.783,2032,68043087
"benchmark-example:dna-extra-8-gpu","bd/dna.100MB",8,262144,1000000,3211,3211,0,0.000,67.881,0.013,67.894,68.783,2033,68083249
"benchmark-example:dna-extra-8-gpu","bd/dna.100MB",8,262144,1000000,3211,3211,0,0.000,67.881,0.013,67.894,68.783,2034,68198767
"benchmark-example:dna-extra-8-gpu","bd/dna.100MB",8,262144,1000000,3211,3211,0,0.000,67.881,0.013,67.894,68.783,2035,68233716
"benchmark-example:dna-extra-8-gpu","bd/dna.100MB",8,262144,1000000,3211,3211,0,0.000,67.881,0.013,67.894,68.783,2036,68268769
"benchmark-example:dna-extra-8-gpu","bd/dna.100MB",8,262144,1000000,3211,3211,0,0.000,67.881,0.013,67.894,68.783,2037,68275699
"benchmark-example:dna-extra-8-gpu","bd/dna.100MB",8,262144,1000000,3211,3211,0,0.000,67.881,0.013,67.894,68.783,2038,68280656
"benchmark-example:dna-extra-8-gpu","bd/dna.100MB",8,262144,1000000,3211,3211,0,0.000,67.881,0.013,67.894,68.783,2039,68391597
"benchmark-example:dna-extra-8-gpu","bd/dna.100MB",8,262144,1000000,3211,3211,0,0.000,67.881,0.013,67.894,68.783,2040,68421092
"benchmark-example:dna-extra-8-gpu","bd/dna.100MB",8,262144,1000000,3211,3211,0,0.000,67.881,0.013,67.894,68.783,2041,68592764
"benchmark-example:dna-extra-8-gpu","bd/dna.100MB",8,262144,1000000,3211,3211,0,0.000,67.881,0.013,67.894,68.783,2042,68627273
"benchmark-example:dna-extra-8-gpu","bd/dna.100MB",8,262144,1000000,3211,3211,0,0.000,67.881,0.013,67.894,68.783,2043,68632054
"benchmark-example:dna-extra-8-gpu","bd/dna.100MB",8,262144,1000000,3211,3211,0,0.000,67.881,0.013,67.894,68.783,2044,68670083
"benchmark-example:dna-extra-8-gpu","bd/dna.100MB",8,262144,1000000,3211,3211,0,0.000,67.881,0.013,67.894,68.783,2045,68678266
"benchmark-example:dna-extra-8-gpu","bd/dna.100MB",8,262144,1000000,3211,3211,0,0.000,67.881,0.013,67.894,68.783,2046,68694864
"benchmark-example:dna-extra-8-gpu","bd/dna.100MB",8,262144,1000000,3211,3211,0,0.000,67.881,0.013,67.894,68.783,2047,68711714
"benchmark-example:dna-extra-8-gpu","bd/dna.100MB",8,262144,1000000,3211,3211,0,0.000,67.881,0.013,67.894,68.783,2048,68819927
"benchmark-example:dna-extra-8-gpu","bd/dna.100MB",8,262144,1000000,3211,3211,0,0.000,67.881,0.013,67.894,68.783,2049,69086792
"benchmark-example:dna-extra-8-gpu","bd/dna.100MB",8,262144,1000000,3211,3211,0,0.000,67.881,0.013,67.894,68.783,2050,69117903
"benchmark-example:dna-extra-8-gpu","bd/dna.100MB",8,262144,1000000,3211,3211,0,0.000,67.881,0.013,67.894,68.783,2051,69134612
"benchmark-example:dna-extra-8-gpu","bd/dna.100MB",8,262144,1000000,3211,3211,0,0.000,67.881,0.013,67.894,68.783,2052,69256201
"benchmark-example:dna-extra-8-gpu","bd/dna.100MB",8,262144,1000000,3211,3211,0,0.000,67.881,0.013,67.894,68.783,2053,69257230
"benchmark-example:dna-extra-8-gpu","bd/dna.100MB",8,262144,1000000,3211,3211,0,0.000,67.881,0.013,67.894,68.783,2054,69278493
"benchmark-example:dna-extra-8-gpu","bd/dna.100MB",8,262144,1000000,3211,3211,0,0.000,67.881,0.013,67.894,68.783,2055,69289369
"benchmark-example:dna-extra-8-gpu","bd/dna.100MB",8,262144,1000000,3211,3211,0,0.000,67.881,0.013,67.894,68.783,2056,69306353
"benchmark-example:dna-extra-8-gpu","bd/dna.100MB",8,262144,1000000,3211,3211,0,0.000,67.881,0.013,67.894,68.783,2057,69309920
"benchmark-example:dna-extra-8-gpu","bd/dna.100MB",8,262144,1000000,3211,3211,0,0.000,67.881,0.013,67.894,68.783,2058,69371039
"benchmark-example:dna-extra-8-gpu","bd/dna.100MB",8,262144,1000000,3211,3211,0,0.000,67.881,0.013,67.894,68.783,2059,69378853
"benchmark-example:dna-extra-8-gpu","bd/dna.100MB",8,262144,1000000,3211,3211,0,0.000,67.881,0.013,67.894,68.783,2060,69389056
"benchmark-example:dna-extra-8-gpu","bd/dna.100MB",8,262144,1000000,3211,3211,0,0.000,67.881,0.013,67.894,68.783,2061,69424343
"benchmark-example:dna-extra-8-gpu","bd/dna.100MB",8,262144,1000000,3211,3211,0,0.000,67.881,0.013,67.894,68.783,2062,69433092
"benchmark-example:dna-extra-8-gpu","bd/dna.100MB",8,262144,1000000,3211,3211,0,0.000,67.881,0.013,67.894,68.783,2063,69445587
"benchmark-example:dna-extra-8-gpu","bd/dna.100MB",8,262144,1000000,3211,3211,0,0.000,67.881,0.013,67.894,68.783,2064,69560199
"benchmark-example:dna-extra-8-gpu","bd/dna.100MB",8,262144,1000000,3211,3211,0,0.000,67.881,0.013,67.894,68.783,2065,69585931
"benchmark-example:dna-extra-8-gpu","bd/dna.100MB",8,262144,1000000,3211,3211,0,0.000,67.881,0.013,67.894,68.783,2066,69644282
"benchmark-example:dna-extra-8-gpu","bd/dna.100MB",8,262144,1000000,3211,3211,0,0.000,67.881,0.013,67.894,68.783,2067,69709589
"benchmark-example:dna-extra-8-gpu","bd/dna.100MB",8,262144,1000000,3211,3211,0,0.000,67.881,0.013,67.894,68.783,2068,69751283
"benchmark-example:dna-extra-8-gpu","bd/dna.100MB",8,262144,1000000,3211,3211,0,0.000,67.881,0.013,67.894,68.783,2069,69788298
"benchmark-example:dna-extra-8-gpu","bd/dna.100MB",8,262144,1000000,3211,3211,0,0.000,67.881,0.013,67.894,68.783,2070,69788778
"benchmark-example:dna-extra-8-gpu","bd/dna.100MB",8,262144,1000000,3211,3211,0,0.000,67.881,0.013,67.894,68.783,2071,69812429
"benchmark-example:dna-extra-8-gpu","bd/dna.100MB",8,262144,1000000,3211,3211,0,0.000,67.881,0.013,67.894,68.783,2072,69817584
"benchmark-example:dna-extra-8-gpu","bd/dna.100MB",8,262144,1000000,3211,3211,0,0.000,67.881,0.013,67.894,68.783,2073,69894266
"benchmark-example:dna-extra-8-gpu","bd/dna.100MB",8,262144,1000000,3211,3211,0,0.000,67.881,0.013,67.894,68.783,2074,69919904
"benchmark-example:dna-extra-8-gpu","bd/dna.100MB",8,262144,1000000,3211,3211,0,0.000,67.881,0.013,67.894,68.783,2075,69944757
"benchmark-example:dna-extra-8-gpu","bd/dna.100MB",8,262144,1000000,3211,3211,0,0.000,67.881,0.013,67.894,68.783,2076,69954773
"benchmark-example:dna-extra-8-gpu","bd/dna.100MB",8,262144,1000000,3211,3211,0,0.000,67.881,0.013,67.894,68.783,2077,69959863
"benchmark-example:dna-extra-8-gpu","bd/dna.100MB",8,262144,1000000,3211,3211,0,0.000,67.881,0.013,67.894,68.783,2078,70031758
"benchmark-example:dna-extra-8-gpu","bd/dna.100MB",8,262144,1000000,3211,3211,0,0.000,67.881,0.013,67.894,68.783,2079,70070631
"benchmark-example:dna-extra-8-gpu","bd/dna.100MB",8,262144,1000000,3211,3211,0,0.000,67.881,0.013,67.894,68.783,2080,70085138
"benchmark-example:dna-extra-8-gpu","bd/dna.100MB",8,262144,1000000,3211,3211,0,0.000,67.881,0.013,67.894,68.783,2081,70091311
"benchmark-example:dna-extra-8-gpu","bd/dna.100MB",8,262144,1000000,3211,3211,0,0.000,67.881,0.013,67.894,68.783,2082,70102644
"benchmark-example:dna-extra-8-gpu","bd/dna.100MB",8,262144,1000000,3211,3211,0,0.000,67.881,0.013,67.894,68.783,2083,70116456
"benchmark-example:dna-extra-8-gpu","bd/dna.100MB",8,262144,1000000,3211,3211,0,0.000,67.881,0.013,67.894,68.783,2084,70150748
"benchmark-example:dna-extra-8-gpu","bd/dna.100MB",8,262144,1000000,3211,3211,0,0.000,67.881,0.013,67.894,68.783,2085,70173069
"benchmark-example:dna-extra-8-gpu","bd/dna.100MB",8,262144,1000000,3211,3211,0,0.000,67.881,0.013,67.894,68.783,2086,70248113
"benchmark-example:dna-extra-8-gpu","bd/dna.100MB",8,262144,1000000,3211,3211,0,0.000,67.881,0.013,67.894,68.783,2087,70327585
"benchmark-example:dna-extra-8-gpu","bd/dna.100MB",8,262144,1000000,3211,3211,0,0.000,67.881,0.013,67.894,68.783,2088,70365430
"benchmark-example:dna-extra-8-gpu","bd/dna.100MB",8,262144,1000000,3211,3211,0,0.000,67.881,0.013,67.894,68.783,2089,70377520
"benchmark-example:dna-extra-8-gpu","bd/dna.100MB",8,262144,1000000,3211,3211,0,0.000,67.881,0.013,67.894,68.783,2090,70415604
"benchmark-example:dna-extra-8-gpu","bd/dna.100MB",8,262144,1000000,3211,3211,0,0.000,67.881,0.013,67.894,68.783,2091,70423030
"benchmark-example:dna-extra-8-gpu","bd/dna.100MB",8,262144,1000000,3211,3211,0,0.000,67.881,0.013,67.894,68.783,2092,70439316
"benchmark-example:dna-extra-8-gpu","bd/dna.100MB",8,262144,1000000,3211,3211,0,0.000,67.881,0.013,67.894,68.783,2093,70484422
"benchmark-example:dna-extra-8-gpu","bd/dna.100MB",8,262144,1000000,3211,3211,0,0.000,67.881,0.013,67.894,68.783,2094,70487379
"benchmark-example:dna-extra-8-gpu","bd/dna.100MB",8,262144,1000000,3211,3211,0,0.000,67.881,0.013,67.894,68.783,2095,70524938
"benchmark-example:dna-extra-8-gpu","bd/dna.100MB",8,262144,1000000,3211,3211,0,0.000,67.881,0.013,67.894,68.783,2096,70533084
"benchmark-example:dna-extra-8-gpu","bd/dna.100MB",8,262144,1000000,3211,3211,0,0.000,67.881,0.013,67.894,68.783,2097,70602370
"benchmark-example:dna-extra-8-gpu","bd/dna.100MB",8,262144,1000000,3211,3211,0,0.000,67.881,0.013,67.894,68.783,2098,70663615
"benchmark-example:dna-extra-8-gpu","bd/dna.100MB",8,262144,1000000,3211,3211,0,0.000,67.881,0.013,67.894,68.783,2099,70679160
"benchmark-example:dna-extra-8-gpu","bd/dna.100MB",8,262144,1000000,3211,3211,0,0.000,67.881,0.013,67.894,68.783,2100,70781497
"benchmark-example:dna-extra-8-gpu","bd/dna.100MB",8,262144,1000000,3211,3211,0,0.000,67.881,0.013,67.894,68.783,2101,70803886
"benchmark-example:dna-extra-8-gpu","bd/dna.100MB",8,262144,1000000,3211,3211,0,0.000,67.881,0.013,67.894,68.783,2102,70808226
"benchmark-example:dna-extra-8-gpu","bd/dna.100MB",8,262144,1000000,3211,3211,0,0.000,67.881,0.013,67.894,68.783,2103,70846531
"benchmark-example:dna-extra-8-gpu","bd/dna.100MB",8,262144,1000000,3211,3211,0,0.000,67.881,0.013,67.894,68.783,2104,70891697
"benchmark-example:dna-extra-8-gpu","bd/dna.100MB",8,262144,1000000,3211,3211,0,0.000,67.881,0.013,67.894,68.783,2105,70935909
"benchmark-example:dna-extra-8-gpu","bd/dna.100MB",8,262144,1000000,3211,3211,0,0.000,67.881,0.013,67.894,68.783,2106,71008935
"benchmark-example:dna-extra-8-gpu","bd/dna.100MB",8,262144,1000000,3211,3211,0,0.000,67.881,0.013,67.894,68.783,2107,71034659
"benchmark-example:dna-extra-8-gpu","bd/dna.100MB",8,262144,1000000,3211,3211,0,0.000,67.881,0.013,67.894,68.783,2108,71051570
"benchmark-example:dna-extra-8-gpu","bd/dna.100MB",8,262144,1000000,3211,3211,0,0.000,67.881,0.013,67.894,68.783,2109,71068867
"benchmark-example:dna-extra-8-gpu","bd/dna.100MB",8,262144,1000000,3211,3211,0,0.000,67.881,0.013,67.894,68.783,2110,71125171
"benchmark-example:dna-extra-8-gpu","bd/dna.100MB",8,262144,1000000,3211,3211,0,0.000,67.881,0.013,67.894,68.783,2111,71178180
"benchmark-example:dna-extra-8-gpu","bd/dna.100MB",8,262144,1000000,3211,3211,0,0.000,67.881,0.013,67.894,68.783,2112,71178244
"benchmark-example:dna-extra-8-gpu","bd/dna.100MB",8,262144,1000000,3211,3211,0,0.000,67.881,0.013,67.894,68.783,2113,71183867
"benchmark-example:dna-extra-8-gpu","bd/dna.100MB",8,262144,1000000,3211,3211,0,0.000,67.881,0.013,67.894,68.783,2114,71252429
"benchmark-example:dna-extra-8-gpu","bd/dna.100MB",8,262144,1000000,3211,3211,0,0.000,67.881,0.013,67.894,68.783,2115,71257825
"benchmark-example:dna-extra-8-gpu","bd/dna.100MB",8,262144,1000000,3211,3211,0,0.000,67.881,0.013,67.894,68.783,2116,71394927
"benchmark-example:dna-extra-8-gpu","bd/dna.100MB",8,262144,1000000,3211,3211,0,0.000,67.881,0.013,67.894,68.783,2117,71429814
"benchmark-example:dna-extra-8-gpu","bd/dna.100MB",8,262144,1000000,3211,3211,0,0.000,67.881,0.013,67.894,68.783,2118,71442766
"benchmark-example:dna-extra-8-gpu","bd/dna.100MB",8,262144,1000000,3211,3211,0,0.000,67.881,0.013,67.894,68.783,2119,71486863
"benchmark-example:dna-extra-8-gpu","bd/dna.100MB",8,262144,1000000,3211,3211,0,0.000,67.881,0.013,67.894,68.783,2120,71528890
"benchmark-example:dna-extra-8-gpu","bd/dna.100MB",8,262144,1000000,3211,3211,0,0.000,67.881,0.013,67.894,68.783,2121,71549650
"benchmark-example:dna-extra-8-gpu","bd/dna.100MB",8,262144,1000000,3211,3211,0,0.000,67.881,0.013,67.894,68.783,2122,71556590
"benchmark-example:dna-extra-8-gpu","bd/dna.100MB",8,262144,1000000,3211,3211,0,0.000,67.881,0.013,67.894,68.783,2123,71563307
"benchmark-example:dna-extra-8-gpu","bd/dna.100MB",8,262144,1000000,3211,3211,0,0.000,67.881,0.013,67.894,68.783,2124,71563825
"benchmark-example:dna-extra-8-gpu","bd/dna.100MB",8,262144,1000000,3211,3211,0,0.000,67.881,0.013,67.894,68.783,2125,71604902
"benchmark-example:dna-extra-8-gpu","bd/dna.100MB",8,262144,1000000,3211,3211,0,0.000,67.881,0.013,67.894,68.783,2126,71649640
"benchmark-example:dna-extra-8-gpu","bd/dna.100MB",8,262144,1000000,3211,3211,0,0.000,67.881,0.013,67.894,68.783,2127,71658296
"benchmark-example:dna-extra-8-gpu","bd/dna.100MB",8,262144,1000000,3211,3211,0,0.000,67.881,0.013,67.894,68.783,2128,71751161
"benchmark-example:dna-extra-8-gpu","bd/dna.100MB",8,262144,1000000,3211,3211,0,0.000,67.881,0.013,67.894,68.783,2129,71761338
"benchmark-example:dna-extra-8-gpu","bd/dna.100MB",8,262144,1000000,3211,3211,0,0.000,67.881,0.013,67.894,68.783,2130,71775476
"benchmark-example:dna-extra-8-gpu","bd/dna.100MB",8,262144,1000000,3211,3211,0,0.000,67.881,0.013,67.894,68.783,2131,71781215
"benchmark-example:dna-extra-8-gpu","bd/dna.100MB",8,262144,1000000,3211,3211,0,0.000,67.881,0.013,67.894,68.783,2132,71864372
"benchmark-example:dna-extra-8-gpu","bd/dna.100MB",8,262144,1000000,3211,3211,0,0.000,67.881,0.013,67.894,68.783,2133,71870821
"benchmark-example:dna-extra-8-gpu","bd/dna.100MB",8,262144,1000000,3211,3211,0,0.000,67.881,0.013,67.894,68.783,2134,71878995
"benchmark-example:dna-extra-8-gpu","bd/dna.100MB",8,262144,1000000,3211,3211,0,0.000,67.881,0.013,67.894,68.783,2135,71905110
"benchmark-example:dna-extra-8-gpu","bd/dna.100MB",8,262144,1000000,3211,3211,0,0.000,67.881,0.013,67.894,68.783,2136,71945285
"benchmark-example:dna-extra-8-gpu","bd/dna.100MB",8,262144,1000000,3211,3211,0,0.000,67.881,0.013,67.894,68.783,2137,71949926
"benchmark-example:dna-extra-8-gpu","bd/dna.100MB",8,262144,1000000,3211,3211,0,0.000,67.881,0.013,67.894,68.783,2138,71982824
"benchmark-example:dna-extra-8-gpu","bd/dna.100MB",8,262144,1000000,3211,3211,0,0.000,67.881,0.013,67.894,68.783,2139,71994931
"benchmark-example:dna-extra-8-gpu","bd/dna.100MB",8,262144,1000000,3211,3211,0,0.000,67.881,0.013,67.894,68.783,2140,72016550
"benchmark-example:dna-extra-8-gpu","bd/dna.100MB",8,262144,1000000,3211,3211,0,0.000,67.881,0.013,67.894,68.783,2141,72021462
"benchmark-example:dna-extra-8-gpu","bd/dna.100MB",8,262144,1000000,3211,3211,0,0.000,67.881,0.013,67.894,68.783,2142,72026413
"benchmark-example:dna-extra-8-gpu","bd/dna.100MB",8,262144,1000000,3211,3211,0,0.000,67.881,0.013,67.894,68.783,2143,72026542
"benchmark-example:dna-extra-8-gpu","bd/dna.100MB",8,262144,1000000,3211,3211,0,0.000,67.881,0.013,67.894,68.783,2144,72044044
"benchmark-example:dna-extra-8-gpu","bd/dna.100MB",8,262144,1000000,3211,3211,0,0.000,67.881,0.013,67.894,68.783,2145,72052643
"benchmark-example:dna-extra-8-gpu","bd/dna.100MB",8,262144,1000000,3211,3211,0,0.000,67.881,0.013,67.894,68.783,2146,72071961
"benchmark-example:dna-extra-8-gpu","bd/dna.100MB",8,262144,1000000,3211,3211,0,0.000,67.881,0.013,67.894,68.783,2147,72101251
"benchmark-example:dna-extra-8-gpu","bd/dna.100MB",8,262144,1000000,3211,3211,0,0.000,67.881,0.013,67.894,68.783,2148,72106068
"benchmark-example:dna-extra-8-gpu","bd/dna.100MB",8,262144,1000000,3211,3211,0,0.000,67.881,0.013,67.894,68.783,2149,72133949
"benchmark-example:dna-extra-8-gpu","bd/dna.100MB",8,262144,1000000,3211,3211,0,0.000,67.881,0.013,67.894,68.783,2150,72149967
"benchmark-example:dna-extra-8-gpu","bd/dna.100MB",8,262144,1000000,3211,3211,0,0.000,67.881,0.013,67.894,68.783,2151,72158859
"benchmark-example:dna-extra-8-gpu","bd/dna.100MB",8,262144,1000000,3211,3211,0,0.000,67.881,0.013,67.894,68.783,2152,72218652
"benchmark-example:dna-extra-8-gpu","bd/dna.100MB",8,262144,1000000,3211,3211,0,0.000,67.881,0.013,67.894,68.783,2153,72225225
"benchmark-example:dna-extra-8-gpu","bd/dna.100MB",8,262144,1000000,3211,3211,0,0.000,67.881,0.013,67.894,68.783,2154,72231543
"benchmark-example:dna-extra-8-gpu","bd/dna.100MB",8,262144,1000000,3211,3211,0,0.000,67.881,0.013,67.894,68.783,2155,72237052
"benchmark-example:dna-extra-8-gpu","bd/dna.100MB",8,262144,1000000,3211,3211,0,0.000,67.881,0.013,67.894,68.783,2156,72294866
"benchmark-example:dna-extra-8-gpu","bd/dna.100MB",8,262144,1000000,3211,3211,0,0.000,67.881,0.013,67.894,68.783,2157,72298943
"benchmark-example:dna-extra-8-gpu","bd/dna.100MB",8,262144,1000000,3211,3211,0,0.000,67.881,0.013,67.894,68.783,2158,72300475
"benchmark-example:dna-extra-8-gpu","bd/dna.100MB",8,262144,1000000,3211,3211,0,0.000,67.881,0.013,67.894,68.783,2159,72300674
"benchmark-example:dna-extra-8-gpu","bd/dna.100MB",8,262144,1000000,3211,3211,0,0.000,67.881,0.013,67.894,68.783,2160,72348578
"benchmark-example:dna-extra-8-gpu","bd/dna.100MB",8,262144,1000000,3211,3211,0,0.000,67.881,0.013,67.894,68.783,2161,72365710
"benchmark-example:dna-extra-8-gpu","bd/dna.100MB",8,262144,1000000,3211,3211,0,0.000,67.881,0.013,67.894,68.783,2162,72391079
"benchmark-example:dna-extra-8-gpu","bd/dna.100MB",8,262144,1000000,3211,3211,0,0.000,67.881,0.013,67.894,68.783,2163,72393243
"benchmark-example:dna-extra-8-gpu","bd/dna.100MB",8,262144,1000000,3211,3211,0,0.000,67.881,0.013,67.894,68.783,2164,72417975
"benchmark-example:dna-extra-8-gpu","bd/dna.100MB",8,262144,1000000,3211,3211,0,0.000,67.881,0.013,67.894,68.783,2165,72428660
"benchmark-example:dna-extra-8-gpu","bd/dna.100MB",8,262144,1000000,3211,3211,0,0.000,67.881,0.013,67.894,68.783,2166,72431742
"benchmark-example:dna-extra-8-gpu","bd/dna.100MB",8,262144,1000000,3211,3211,0,0.000,67.881,0.013,67.894,68.783,2167,72446592
"benchmark-example:dna-extra-8-gpu","bd/dna.100MB",8,262144,1000000,3211,3211,0,0.000,67.881,0.013,67.894,68.783,2168,72459944
"benchmark-example:dna-extra-8-gpu","bd/dna.100MB",8,262144,1000000,3211,3211,0,0.000,67.881,0.013,67.894,68.783,2169,72483011
"benchmark-example:dna-extra-8-gpu","bd/dna.100MB",8,262144,1000000,3211,3211,0,0.000,67.881,0.013,67.894,68.783,2170,72495917
"benchmark-example:dna-extra-8-gpu","bd/dna.100MB",8,262144,1000000,3211,3211,0,0.000,67.881,0.013,67.894,68.783,2171,72513734
"benchmark-example:dna-extra-8-gpu","bd/dna.100MB",8,262144,1000000,3211,3211,0,0.000,67.881,0.013,67.894,68.783,2172,72513892
"benchmark-example:dna-extra-8-gpu","bd/dna.100MB",8,262144,1000000,3211,3211,0,0.000,67.881,0.013,67.894,68.783,2173,72515863
"benchmark-example:dna-extra-8-gpu","bd/dna.100MB",8,262144,1000000,3211,3211,0,0.000,67.881,0.013,67.894,68.783,2174,72562547
"benchmark-example:dna-extra-8-gpu","bd/dna.100MB",8,262144,1000000,3211,3211,0,0.000,67.881,0.013,67.894,68.783,2175,72591740
"benchmark-example:dna-extra-8-gpu","bd/dna.100MB",8,262144,1000000,3211,3211,0,0.000,67.881,0.013,67.894,68.783,2176,72607430
"benchmark-example:dna-extra-8-gpu","bd/dna.100MB",8,262144,1000000,3211,3211,0,0.000,67.881,0.013,67.894,68.783,2177,72615604
"benchmark-example:dna-extra-8-gpu","bd/dna.100MB",8,262144,1000000,3211,3211,0,0.000,67.881,0.013,67.894,68.783,2178,72645493
"benchmark-example:dna-extra-8-gpu","bd/dna.100MB",8,262144,1000000,3211,3211,0,0.000,67.881,0.013,67.894,68.783,2179,72647401
"benchmark-example:dna-extra-8-gpu","bd/dna.100MB",8,262144,1000000,3211,3211,0,0.000,67.881,0.013,67.894,68.783,2180,72690653
"benchmark-example:dna-extra-8-gpu","bd/dna.100MB",8,262144,1000000,3211,3211,0,0.000,67.881,0.013,67.894,68.783,2181,72724441
"benchmark-example:dna-extra-8-gpu","bd/dna.100MB",8,262144,1000000,3211,3211,0,0.000,67.881,0.013,67.894,68.783,2182,72780225
"benchmark-example:dna-extra-8-gpu","bd/dna.100MB",8,262144,1000000,3211,3211,0,0.000,67.881,0.013,67.894,68.783,2183,72805794
"benchmark-example:dna-extra-8-gpu","bd/dna.100MB",8,262144,1000000,3211,3211,0,0.000,67.881,0.013,67.894,68.783,2184,72908102
"benchmark-example:dna-extra-8-gpu","bd/dna.100MB",8,262144,1000000,3211,3211,0,0.000,67.881,0.013,67.894,68.783,2185,72913935
"benchmark-example:dna-extra-8-gpu","bd/dna.100MB",8,262144,1000000,3211,3211,0,0.000,67.881,0.013,67.894,68.783,2186,72924639
"benchmark-example:dna-extra-8-gpu","bd/dna.100MB",8,262144,1000000,3211,3211,0,0.000,67.881,0.013,67.894,68.783,2187,72968579
"benchmark-example:dna-extra-8-gpu","bd/dna.100MB",8,262144,1000000,3211,3211,0,0.000,67.881,0.013,67.894,68.783,2188,72974966
"benchmark-example:dna-extra-8-gpu","bd/dna.100MB",8,262144,1000000,3211,3211,0,0.000,67.881,0.013,67.894,68.783,2189,73004786
"benchmark-example:dna-extra-8-gpu","bd/dna.100MB",8,262144,1000000,3211,3211,0,0.000,67.881,0.013,67.894,68.783,2190,73089797
"benchmark-example:dna-extra-8-gpu","bd/dna.100MB",8,262144,1000000,3211,3211,0,0.000,67.881,0.013,67.894,68.783,2191,73092149
"benchmark-example:dna-extra-8-gpu","bd/dna.100MB",8,262144,1000000,3211,3211,0,0.000,67.881,0.013,67.894,68.783,2192,73095301
"benchmark-example:dna-extra-8-gpu","bd/dna.100MB",8,262144,1000000,3211,3211,0,0.000,67.881,0.013,67.894,68.783,2193,73115857
"benchmark-example:dna-extra-8-gpu","bd/dna.100MB",8,262144,1000000,3211,3211,0,0.000,67.881,0.013,67.894,68.783,2194,73140640
"benchmark-example:dna-extra-8-gpu","bd/dna.100MB",8,262144,1000000,3211,3211,0,0.000,67.881,0.013,67.894,68.783,2195,73239516
"benchmark-example:dna-extra-8-gpu","bd/dna.100MB",8,262144,1000000,3211,3211,0,0.000,67.881,0.013,67.894,68.783,2196,73249013
"benchmark-example:dna-extra-8-gpu","bd/dna.100MB",8,262144,1000000,3211,3211,0,0.000,67.881,0.013,67.894,68.783,2197,73316100
"benchmark-example:dna-extra-8-gpu","bd/dna.100MB",8,262144,1000000,3211,3211,0,0.000,67.881,0.013,67.894,68.783,2198,73316598
"benchmark-example:dna-extra-8-gpu","bd/dna.100MB",8,262144,1000000,3211,3211,0,0.000,67.881,0.013,67.894,68.783,2199,73318978
"benchmark-example:dna-extra-8-gpu","bd/dna.100MB",8,262144,1000000,3211,3211,0,0.000,67.881,0.013,67.894,68.783,2200,73327876
"benchmark-example:dna-extra-8-gpu","bd/dna.100MB",8,262144,1000000,3211,3211,0,0.000,67.881,0.013,67.894,68.783,2201,73335573
"benchmark-example:dna-extra-8-gpu","bd/dna.100MB",8,262144,1000000,3211,3211,0,0.000,67.881,0.013,67.894,68.783,2202,73374699
"benchmark-example:dna-extra-8-gpu","bd/dna.100MB",8,262144,1000000,3211,3211,0,0.000,67.881,0.013,67.894,68.783,2203,73398088
"benchmark-example:dna-extra-8-gpu","bd/dna.100MB",8,262144,1000000,3211,3211,0,0.000,67.881,0.013,67.894,68.783,2204,73423920
"benchmark-example:dna-extra-8-gpu","bd/dna.100MB",8,262144,1000000,3211,3211,0,0.000,67.881,0.013,67.894,68.783,2205,73423932
"benchmark-example:dna-extra-8-gpu","bd/dna.100MB",8,262144,1000000,3211,3211,0,0.000,67.881,0.013,67.894,68.783,2206,73427492
"benchmark-example:dna-extra-8-gpu","bd/dna.100MB",8,262144,1000000,3211,3211,0,0.000,67.881,0.013,67.894,68.783,2207,73499523
"benchmark-example:dna-extra-8-gpu","bd/dna.100MB",8,262144,1000000,3211,3211,0,0.000,67.881,0.013,67.894,68.783,2208,73507875
"benchmark-example:dna-extra-8-gpu","bd/dna.100MB",8,262144,1000000,3211,3211,0,0.000,67.881,0.013,67.894,68.783,2209,73513633
"benchmark-example:dna-extra-8-gpu","bd/dna.100MB",8,262144,1000000,3211,3211,0,0.000,67.881,0.013,67.894,68.783,2210,73529043
"benchmark-example:dna-extra-8-gpu","bd/dna.100MB",8,262144,1000000,3211,3211,0,0.000,67.881,0.013,67.894,68.783,2211,73572262
"benchmark-example:dna-extra-8-gpu","bd/dna.100MB",8,262144,1000000,3211,3211,0,0.000,67.881,0.013,67.894,68.783,2212,73586042
"benchmark-example:dna-extra-8-gpu","bd/dna.100MB",8,262144,1000000,3211,3211,0,0.000,67.881,0.013,67.894,68.783,2213,73603752
"benchmark-example:dna-extra-8-gpu","bd/dna.100MB",8,262144,1000000,3211,3211,0,0.000,67.881,0.013,67.894,68.783,2214,73626513
"benchmark-example:dna-extra-8-gpu","bd/dna.100MB",8,262144,1000000,3211,3211,0,0.000,67.881,0.013,67.894,68.783,2215,73672352
"benchmark-example:dna-extra-8-gpu","bd/dna.100MB",8,262144,1000000,3211,3211,0,0.000,67.881,0.013,67.894,68.783,2216,73679004
"benchmark-example:dna-extra-8-gpu","bd/dna.100MB",8,262144,1000000,3211,3211,0,0.000,67.881,0.013,67.894,68.783,2217,73684617
"benchmark-example:dna-extra-8-gpu","bd/dna.100MB",8,262144,1000000,3211,3211,0,0.000,67.881,0.013,67.894,68.783,2218,73698572
"benchmark-example:dna-extra-8-gpu","bd/dna.100MB",8,262144,1000000,3211,3211,0,0.000,67.881,0.013,67.894,68.783,2219,73724725
"benchmark-example:dna-extra-8-gpu","bd/dna.100MB",8,262144,1000000,3211,3211,0,0.000,67.881,0.013,67.894,68.783,2220,73740536
"benchmark-example:dna-extra-8-gpu","bd/dna.100MB",8,262144,1000000,3211,3211,0,0.000,67.881,0.013,67.894,68.783,2221,73845979
"benchmark-example:dna-extra-8-gpu","bd/dna.100MB",8,262144,1000000,3211,3211,0,0.000,67.881,0.013,67.894,68.783,2222,73878126
"benchmark-example:dna-extra-8-gpu","bd/dna.100MB",8,262144,1000000,3211,3211,0,0.000,67.881,0.013,67.894,68.783,2223,73880764
"benchmark-example:dna-extra-8-gpu","bd/dna.100MB",8,262144,1000000,3211,3211,0,0.000,67.881,0.013,67.894,68.783,2224,73921826
"benchmark-example:dna-extra-8-gpu","bd/dna.100MB",8,262144,1000000,3211,3211,0,0.000,67.881,0.013,67.894,68.783,2225,73981010
"benchmark-example:dna-extra-8-gpu","bd/dna.100MB",8,262144,1000000,3211,3211,0,0.000,67.881,0.013,67.894,68.783,2226,73982776
"benchmark-example:dna-extra-8-gpu","bd/dna.100MB",8,262144,1000000,3211,3211,0,0.000,67.881,0.013,67.894,68.783,2227,74173804
"benchmark-example:dna-extra-8-gpu","bd/dna.100MB",8,262144,1000000,3211,3211,0,0.000,67.881,0.013,67.894,68.783,2228,74220239
"benchmark-example:dna-extra-8-gpu","bd/dna.100MB",8,262144,1000000,3211,3211,0,0.000,67.881,0.013,67.894,68.783,2229,74265126
"benchmark-example:dna-extra-8-gpu","bd/dna.100MB",8,262144,1000000,3211,3211,0,0.000,67.881,0.013,67.894,68.783,2230,74299123
"benchmark-example:dna-extra-8-gpu","bd/dna.100MB",8,262144,1000000,3211,3211,0,0.000,67.881,0.013,67.894,68.783,2231,74313036
"benchmark-example:dna-extra-8-gpu","bd/dna.100MB",8,262144,1000000,3211,3211,0,0.000,67.881,0.013,67.894,68.783,2232,74384890
"benchmark-example:dna-extra-8-gpu","bd/dna.100MB",8,262144,1000000,3211,3211,0,0.000,67.881,0.013,67.894,68.783,2233,74440741
"benchmark-example:dna-extra-8-gpu","bd/dna.100MB",8,262144,1000000,3211,3211,0,0.000,67.881,0.013,67.894,68.783,2234,74475629
"benchmark-example:dna-extra-8-gpu","bd/dna.100MB",8,262144,1000000,3211,3211,0,0.000,67.881,0.013,67.894,68.783,2235,74534262
"benchmark-example:dna-extra-8-gpu","bd/dna.100MB",8,262144,1000000,3211,3211,0,0.000,67.881,0.013,67.894,68.783,2236,74552968
"benchmark-example:dna-extra-8-gpu","bd/dna.100MB",8,262144,1000000,3211,3211,0,0.000,67.881,0.013,67.894,68.783,2237,74587680
"benchmark-example:dna-extra-8-gpu","bd/dna.100MB",8,262144,1000000,3211,3211,0,0.000,67.881,0.013,67.894,68.783,2238,74621999
"benchmark-example:dna-extra-8-gpu","bd/dna.100MB",8,262144,1000000,3211,3211,0,0.000,67.881,0.013,67.894,68.783,2239,74664087
"benchmark-example:dna-extra-8-gpu","bd/dna.100MB",8,262144,1000000,3211,3211,0,0.000,67.881,0.013,67.894,68.783,2240,74819689
"benchmark-example:dna-extra-8-gpu","bd/dna.100MB",8,262144,1000000,3211,3211,0,0.000,67.881,0.013,67.894,68.783,2241,74848685
"benchmark-example:dna-extra-8-gpu","bd/dna.100MB",8,262144,1000000,3211,3211,0,0.000,67.881,0.013,67.894,68.783,2242,74966078
"benchmark-example:dna-extra-8-gpu","bd/dna.100MB",8,262144,1000000,3211,3211,0,0.000,67.881,0.013,67.894,68.783,2243,74971127
"benchmark-example:dna-extra-8-gpu","bd/dna.100MB",8,262144,1000000,3211,3211,0,0.000,67.881,0.013,67.894,68.783,2244,74975295
"benchmark-example:dna-extra-8-gpu","bd/dna.100MB",8,262144,1000000,3211,3211,0,0.000,67.881,0.013,67.894,68.783,2245,75027689
"benchmark-example:dna-extra-8-gpu","bd/dna.100MB",8,262144,1000000,3211,3211,0,0.000,67.881,0.013,67.894,68.783,2246,75093418
"benchmark-example:dna-extra-8-gpu","bd/dna.100MB",8,262144,1000000,3211,3211,0,0.000,67.881,0.013,67.894,68.783,2247,75098420
"benchmark-example:dna-extra-8-gpu","bd/dna.100MB",8,262144,1000000,3211,3211,0,0.000,67.881,0.013,67.894,68.783,2248,75127940
"benchmark-example:dna-extra-8-gpu","bd/dna.100MB",8,262144,1000000,3211,3211,0,0.000,67.881,0.013,67.894,68.783,2249,75133879
"benchmark-example:dna-extra-8-gpu","bd/dna.100MB",8,262144,1000000,3211,3211,0,0.000,67.881,0.013,67.894,68.783,2250,75183150
"benchmark-example:dna-extra-8-gpu","bd/dna.100MB",8,262144,1000000,3211,3211,0,0.000,67.881,0.013,67.894,68.783,2251,75280365
"benchmark-example:dna-extra-8-gpu","bd/dna.100MB",8,262144,1000000,3211,3211,0,0.000,67.881,0.013,67.894,68.783,2252,75358901
"benchmark-example:dna-extra-8-gpu","bd/dna.100MB",8,262144,1000000,3211,3211,0,0.000,67.881,0.013,67.894,68.783,2253,75372603
"benchmark-example:dna-extra-8-gpu","bd/dna.100MB",8,262144,1000000,3211,3211,0,0.000,67.881,0.013,67.894,68.783,2254,75393605
"benchmark-example:dna-extra-8-gpu","bd/dna.100MB",8,262144,1000000,3211,3211,0,0.000,67.881,0.013,67.894,68.783,2255,75414989
"benchmark-example:dna-extra-8-gpu","bd/dna.100MB",8,262144,1000000,3211,3211,0,0.000,67.881,0.013,67.894,68.783,2256,75446153
"benchmark-example:dna-extra-8-gpu","bd/dna.100MB",8,262144,1000000,3211,3211,0,0.000,67.881,0.013,67.894,68.783,2257,75463451
"benchmark-example:dna-extra-8-gpu","bd/dna.100MB",8,262144,1000000,3211,3211,0,0.000,67.881,0.013,67.894,68.783,2258,75470599
"benchmark-example:dna-extra-8-gpu","bd/dna.100MB",8,262144,1000000,3211,3211,0,0.000,67.881,0.013,67.894,68.783,2259,75480899
"benchmark-example:dna-extra-8-gpu","bd/dna.100MB",8,262144,1000000,3211,3211,0,0.000,67.881,0.013,67.894,68.783,2260,75486518
"benchmark-example:dna-extra-8-gpu","bd/dna.100MB",8,262144,1000000,3211,3211,0,0.000,67.881,0.013,67.894,68.783,2261,75578747
"benchmark-example:dna-extra-8-gpu","bd/dna.100MB",8,262144,1000000,3211,3211,0,0.000,67.881,0.013,67.894,68.783,2262,75598635
"benchmark-example:dna-extra-8-gpu","bd/dna.100MB",8,262144,1000000,3211,3211,0,0.000,67.881,0.013,67.894,68.783,2263,75617556
"benchmark-example:dna-extra-8-gpu","bd/dna.100MB",8,262144,1000000,3211,3211,0,0.000,67.881,0.013,67.894,68.783,2264,75675980
"benchmark-example:dna-extra-8-gpu","bd/dna.100MB",8,262144,1000000,3211,3211,0,0.000,67.881,0.013,67.894,68.783,2265,75735021
"benchmark-example:dna-extra-8-gpu","bd/dna.100MB",8,262144,1000000,3211,3211,0,0.000,67.881,0.013,67.894,68.783,2266,75742048
"benchmark-example:dna-extra-8-gpu","bd/dna.100MB",8,262144,1000000,3211,3211,0,0.000,67.881,0.013,67.894,68.783,2267,75800019
"benchmark-example:dna-extra-8-gpu","bd/dna.100MB",8,262144,1000000,3211,3211,0,0.000,67.881,0.013,67.894,68.783,2268,75806139
"benchmark-example:dna-extra-8-gpu","bd/dna.100MB",8,262144,1000000,3211,3211,0,0.000,67.881,0.013,67.894,68.783,2269,75809249
"benchmark-example:dna-extra-8-gpu","bd/dna.100MB",8,262144,1000000,3211,3211,0,0.000,67.881,0.013,67.894,68.783,2270,75812977
"benchmark-example:dna-extra-8-gpu","bd/dna.100MB",8,262144,1000000,3211,3211,0,0.000,67.881,0.013,67.894,68.783,2271,75857665
"benchmark-example:dna-extra-8-gpu","bd/dna.100MB",8,262144,1000000,3211,3211,0,0.000,67.881,0.013,67.894,68.783,2272,75900737
"benchmark-example:dna-extra-8-gpu","bd/dna.100MB",8,262144,1000000,3211,3211,0,0.000,67.881,0.013,67.894,68.783,2273,75930716
"benchmark-example:dna-extra-8-gpu","bd/dna.100MB",8,262144,1000000,3211,3211,0,0.000,67.881,0.013,67.894,68.783,2274,76004606
"benchmark-example:dna-extra-8-gpu","bd/dna.100MB",8,262144,1000000,3211,3211,0,0.000,67.881,0.013,67.894,68.783,2275,76014037
"benchmark-example:dna-extra-8-gpu","bd/dna.100MB",8,262144,1000000,3211,3211,0,0.000,67.881,0.013,67.894,68.783,2276,76015657
"benchmark-example:dna-extra-8-gpu","bd/dna.100MB",8,262144,1000000,3211,3211,0,0.000,67.881,0.013,67.894,68.783,2277,76020821
"benchmark-example:dna-extra-8-gpu","bd/dna.100MB",8,262144,1000000,3211,3211,0,0.000,67.881,0.013,67.894,68.783,2278,76075639
"benchmark-example:dna-extra-8-gpu","bd/dna.100MB",8,262144,1000000,3211,3211,0,0.000,67.881,0.013,67.894,68.783,2279,76147672
"benchmark-example:dna-extra-8-gpu","bd/dna.100MB",8,262144,1000000,3211,3211,0,0.000,67.881,0.013,67.894,68.783,2280,76159754
"benchmark-example:dna-extra-8-gpu","bd/dna.100MB",8,262144,1000000,3211,3211,0,0.000,67.881,0.013,67.894,68.783,2281,76176695
"benchmark-example:dna-extra-8-gpu","bd/dna.100MB",8,262144,1000000,3211,3211,0,0.000,67.881,0.013,67.894,68.783,2282,76249024
"benchmark-example:dna-extra-8-gpu","bd/dna.100MB",8,262144,1000000,3211,3211,0,0.000,67.881,0.013,67.894,68.783,2283,76256050
"benchmark-example:dna-extra-8-gpu","bd/dna.100MB",8,262144,1000000,3211,3211,0,0.000,67.881,0.013,67.894,68.783,2284,76264977
"benchmark-example:dna-extra-8-gpu","bd/dna.100MB",8,262144,1000000,3211,3211,0,0.000,67.881,0.013,67.894,68.783,2285,76273903
"benchmark-example:dna-extra-8-gpu","bd/dna.100MB",8,262144,1000000,3211,3211,0,0.000,67.881,0.013,67.894,68.783,2286,76401295
"benchmark-example:dna-extra-8-gpu","bd/dna.100MB",8,262144,1000000,3211,3211,0,0.000,67.881,0.013,67.894,68.783,2287,76407628
"benchmark-example:dna-extra-8-gpu","bd/dna.100MB",8,262144,1000000,3211,3211,0,0.000,67.881,0.013,67.894,68.783,2288,76420497
"benchmark-example:dna-extra-8-gpu","bd/dna.100MB",8,262144,1000000,3211,3211,0,0.000,67.881,0.013,67.894,68.783,2289,76558892
"benchmark-example:dna-extra-8-gpu","bd/dna.100MB",8,262144,1000000,3211,3211,0,0.000,67.881,0.013,67.894,68.783,2290,76575563
"benchmark-example:dna-extra-8-gpu","bd/dna.100MB",8,262144,1000000,3211,3211,0,0.000,67.881,0.013,67.894,68.783,2291,76605879
"benchmark-example:dna-extra-8-gpu","bd/dna.100MB",8,262144,1000000,3211,3211,0,0.000,67.881,0.013,67.894,68.783,2292,76620786
"benchmark-example:dna-extra-8-gpu","bd/dna.100MB",8,262144,1000000,3211,3211,0,0.000,67.881,0.013,67.894,68.783,2293,76638628
"benchmark-example:dna-extra-8-gpu","bd/dna.100MB",8,262144,1000000,3211,3211,0,0.000,67.881,0.013,67.894,68.783,2294,76682631
"benchmark-example:dna-extra-8-gpu","bd/dna.100MB",8,262144,1000000,3211,3211,0,0.000,67.881,0.013,67.894,68.783,2295,76712519
"benchmark-example:dna-extra-8-gpu","bd/dna.100MB",8,262144,1000000,3211,3211,0,0.000,67.881,0.013,67.894,68.783,2296,76727535
"benchmark-example:dna-extra-8-gpu","bd/dna.100MB",8,262144,1000000,3211,3211,0,0.000,67.881,0.013,67.894,68.783,2297,76741353
"benchmark-example:dna-extra-8-gpu","bd/dna.100MB",8,262144,1000000,3211,3211,0,0.000,67.881,0.013,67.894,68.783,2298,76790078
"benchmark-example:dna-extra-8-gpu","bd/dna.100MB",8,262144,1000000,3211,3211,0,0.000,67.881,0.013,67.894,68.783,2299,76827655
"benchmark-example:dna-extra-8-gpu","bd/dna.100MB",8,262144,1000000,3211,3211,0,0.000,67.881,0.013,67.894,68.783,2300,76884667
"benchmark-example:dna-extra-8-gpu","bd/dna.100MB",8,262144,1000000,3211,3211,0,0.000,67.881,0.013,67.894,68.783,2301,76890489
"benchmark-example:dna-extra-8-gpu","bd/dna.100MB",8,262144,1000000,3211,3211,0,0.000,67.881,0.013,67.894,68.783,2302,76915241
"benchmark-example:dna-extra-8-gpu","bd/dna.100MB",8,262144,1000000,3211,3211,0,0.000,67.881,0.013,67.894,68.783,2303,76930261
"benchmark-example:dna-extra-8-gpu","bd/dna.100MB",8,262144,1000000,3211,3211,0,0.000,67.881,0.013,67.894,68.783,2304,76943567
"benchmark-example:dna-extra-8-gpu","bd/dna.100MB",8,262144,1000000,3211,3211,0,0.000,67.881,0.013,67.894,68.783,2305,76946022
"benchmark-example:dna-extra-8-gpu","bd/dna.100MB",8,262144,1000000,3211,3211,0,0.000,67.881,0.013,67.894,68.783,2306,76950363
"benchmark-example:dna-extra-8-gpu","bd/dna.100MB",8,262144,1000000,3211,3211,0,0.000,67.881,0.013,67.894,68.783,2307,76951480
"benchmark-example:dna-extra-8-gpu","bd/dna.100MB",8,262144,1000000,3211,3211,0,0.000,67.881,0.013,67.894,68.783,2308,76991624
"benchmark-example:dna-extra-8-gpu","bd/dna.100MB",8,262144,1000000,3211,3211,0,0.000,67.881,0.013,67.894,68.783,2309,77011075
"benchmark-example:dna-extra-8-gpu","bd/dna.100MB",8,262144,1000000,3211,3211,0,0.000,67.881,0.013,67.894,68.783,2310,77043627
"benchmark-example:dna-extra-8-gpu","bd/dna.100MB",8,262144,1000000,3211,3211,0,0.000,67.881,0.013,67.894,68.783,2311,77074621
"benchmark-example:dna-extra-8-gpu","bd/dna.100MB",8,262144,1000000,3211,3211,0,0.000,67.881,0.013,67.894,68.783,2312,77120826
"benchmark-example:dna-extra-8-gpu","bd/dna.100MB",8,262144,1000000,3211,3211,0,0.000,67.881,0.013,67.894,68.783,2313,77170287
"benchmark-example:dna-extra-8-gpu","bd/dna.100MB",8,262144,1000000,3211,3211,0,0.000,67.881,0.013,67.894,68.783,2314,77282975
"benchmark-example:dna-extra-8-gpu","bd/dna.100MB",8,262144,1000000,3211,3211,0,0.000,67.881,0.013,67.894,68.783,2315,77314757
"benchmark-example:dna-extra-8-gpu","bd/dna.100MB",8,262144,1000000,3211,3211,0,0.000,67.881,0.013,67.894,68.783,2316,77353194
"benchmark-example:dna-extra-8-gpu","bd/dna.100MB",8,262144,1000000,3211,3211,0,0.000,67.881,0.013,67.894,68.783,2317,77373569
"benchmark-example:dna-extra-8-gpu","bd/dna.100MB",8,262144,1000000,3211,3211,0,0.000,67.881,0.013,67.894,68.783,2318,77407389
"benchmark-example:dna-extra-8-gpu","bd/dna.100MB",8,262144,1000000,3211,3211,0,0.000,67.881,0.013,67.894,68.783,2319,77431853
"benchmark-example:dna-extra-8-gpu","bd/dna.100MB",8,262144,1000000,3211,3211,0,0.000,67.881,0.013,67.894,68.783,2320,77467685
"benchmark-example:dna-extra-8-gpu","bd/dna.100MB",8,262144,1000000,3211,3211,0,0.000,67.881,0.013,67.894,68.783,2321,77469178
"benchmark-example:dna-extra-8-gpu","bd/dna.100MB",8,262144,1000000,3211,3211,0,0.000,67.881,0.013,67.894,68.783,2322,77473092
"benchmark-example:dna-extra-8-gpu","bd/dna.100MB",8,262144,1000000,3211,3211,0,0.000,67.881,0.013,67.894,68.783,2323,77474367
"benchmark-example:dna-extra-8-gpu","bd/dna.100MB",8,262144,1000000,3211,3211,0,0.000,67.881,0.013,67.894,68.783,2324,77478006
"benchmark-example:dna-extra-8-gpu","bd/dna.100MB",8,262144,1000000,3211,3211,0,0.000,67.881,0.013,67.894,68.783,2325,77506590
"benchmark-example:dna-extra-8-gpu","bd/dna.100MB",8,262144,1000000,3211,3211,0,0.000,67.881,0.013,67.894,68.783,2326,77514391
"benchmark-example:dna-extra-8-gpu","bd/dna.100MB",8,262144,1000000,3211,3211,0,0.000,67.881,0.013,67.894,68.783,2327,77520623
"benchmark-example:dna-extra-8-gpu","bd/dna.100MB",8,262144,1000000,3211,3211,0,0.000,67.881,0.013,67.894,68.783,2328,77525017
"benchmark-example:dna-extra-8-gpu","bd/dna.100MB",8,262144,1000000,3211,3211,0,0.000,67.881,0.013,67.894,68.783,2329,77550392
"benchmark-example:dna-extra-8-gpu","bd/dna.100MB",8,262144,1000000,3211,3211,0,0.000,67.881,0.013,67.894,68.783,2330,77653319
"benchmark-example:dna-extra-8-gpu","bd/dna.100MB",8,262144,1000000,3211,3211,0,0.000,67.881,0.013,67.894,68.783,2331,77747293
"benchmark-example:dna-extra-8-gpu","bd/dna.100MB",8,262144,1000000,3211,3211,0,0.000,67.881,0.013,67.894,68.783,2332,77752156
"benchmark-example:dna-extra-8-gpu","bd/dna.100MB",8,262144,1000000,3211,3211,0,0.000,67.881,0.013,67.894,68.783,2333,77756186
"benchmark-example:dna-extra-8-gpu","bd/dna.100MB",8,262144,1000000,3211,3211,0,0.000,67.881,0.013,67.894,68.783,2334,77789719
"benchmark-example:dna-extra-8-gpu","bd/dna.100MB",8,262144,1000000,3211,3211,0,0.000,67.881,0.013,67.894,68.783,2335,77793467
"benchmark-example:dna-extra-8-gpu","bd/dna.100MB",8,262144,1000000,3211,3211,0,0.000,67.881,0.013,67.894,68.783,2336,77821320
"benchmark-example:dna-extra-8-gpu","bd/dna.100MB",8,262144,1000000,3211,3211,0,0.000,67.881,0.013,67.894,68.783,2337,77829626
"benchmark-example:dna-extra-8-gpu","bd/dna.100MB",8,262144,1000000,3211,3211,0,0.000,67.881,0.013,67.894,68.783,2338,77829677
"benchmark-example:dna-extra-8-gpu","bd/dna.100MB",8,262144,1000000,3211,3211,0,0.000,67.881,0.013,67.894,68.783,2339,77873212
"benchmark-example:dna-extra-8-gpu","bd/dna.100MB",8,262144,1000000,3211,3211,0,0.000,67.881,0.013,67.894,68.783,2340,77893658
"benchmark-example:dna-extra-8-gpu","bd/dna.100MB",8,262144,1000000,3211,3211,0,0.000,67.881,0.013,67.894,68.783,2341,77905538
"benchmark-example:dna-extra-8-gpu","bd/dna.100MB",8,262144,1000000,3211,3211,0,0.000,67.881,0.013,67.894,68.783,2342,77991776
"benchmark-example:dna-extra-8-gpu","bd/dna.100MB",8,262144,1000000,3211,3211,0,0.000,67.881,0.013,67.894,68.783,2343,78015738
"benchmark-example:dna-extra-8-gpu","bd/dna.100MB",8,262144,1000000,3211,3211,0,0.000,67.881,0.013,67.894,68.783,2344,78023201
"benchmark-example:dna-extra-8-gpu","bd/dna.100MB",8,262144,1000000,3211,3211,0,0.000,67.881,0.013,67.894,68.783,2345,78025367
"benchmark-example:dna-extra-8-gpu","bd/dna.100MB",8,262144,1000000,3211,3211,0,0.000,67.881,0.013,67.894,68.783,2346,78055047
"benchmark-example:dna-extra-8-gpu","bd/dna.100MB",8,262144,1000000,3211,3211,0,0.000,67.881,0.013,67.894,68.783,2347,78055997
"benchmark-example:dna-extra-8-gpu","bd/dna.100MB",8,262144,1000000,3211,3211,0,0.000,67.881,0.013,67.894,68.783,2348,78095988
"benchmark-example:dna-extra-8-gpu","bd/dna.100MB",8,262144,1000000,3211,3211,0,0.000,67.881,0.013,67.894,68.783,2349,78102437
"benchmark-example:dna-extra-8-gpu","bd/dna.100MB",8,262144,1000000,3211,3211,0,0.000,67.881,0.013,67.894,68.783,2350,78104137
"benchmark-example:dna-extra-8-gpu","bd/dna.100MB",8,262144,1000000,3211,3211,0,0.000,67.881,0.013,67.894,68.783,2351,78112043
"benchmark-example:dna-extra-8-gpu","bd/dna.100MB",8,262144,1000000,3211,3211,0,0.000,67.881,0.013,67.894,68.783,2352,78149661
"benchmark-example:dna-extra-8-gpu","bd/dna.100MB",8,262144,1000000,3211,3211,0,0.000,67.881,0.013,67.894,68.783,2353,78229726
"benchmark-example:dna-extra-8-gpu","bd/dna.100MB",8,262144,1000000,3211,3211,0,0.000,67.881,0.013,67.894,68.783,2354,78275253
"benchmark-example:dna-extra-8-gpu","bd/dna.100MB",8,262144,1000000,3211,3211,0,0.000,67.881,0.013,67.894,68.783,2355,78278198
"benchmark-example:dna-extra-8-gpu","bd/dna.100MB",8,262144,1000000,3211,3211,0,0.000,67.881,0.013,67.894,68.783,2356,78304909
"benchmark-example:dna-extra-8-gpu","bd/dna.100MB",8,262144,1000000,3211,3211,0,0.000,67.881,0.013,67.894,68.783,2357,78305529
"benchmark-example:dna-extra-8-gpu","bd/dna.100MB",8,262144,1000000,3211,3211,0,0.000,67.881,0.013,67.894,68.783,2358,78313260
"benchmark-example:dna-extra-8-gpu","bd/dna.100MB",8,262144,1000000,3211,3211,0,0.000,67.881,0.013,67.894,68.783,2359,78323673
"benchmark-example:dna-extra-8-gpu","bd/dna.100MB",8,262144,1000000,3211,3211,0,0.000,67.881,0.013,67.894,68.783,2360,78332363
"benchmark-example:dna-extra-8-gpu","bd/dna.100MB",8,262144,1000000,3211,3211,0,0.000,67.881,0.013,67.894,68.783,2361,78391616
"benchmark-example:dna-extra-8-gpu","bd/dna.100MB",8,262144,1000000,3211,3211,0,0.000,67.881,0.013,67.894,68.783,2362,78409354
"benchmark-example:dna-extra-8-gpu","bd/dna.100MB",8,262144,1000000,3211,3211,0,0.000,67.881,0.013,67.894,68.783,2363,78425833
"benchmark-example:dna-extra-8-gpu","bd/dna.100MB",8,262144,1000000,3211,3211,0,0.000,67.881,0.013,67.894,68.783,2364,78433713
"benchmark-example:dna-extra-8-gpu","bd/dna.100MB",8,262144,1000000,3211,3211,0,0.000,67.881,0.013,67.894,68.783,2365,78468931
"benchmark-example:dna-extra-8-gpu","bd/dna.100MB",8,262144,1000000,3211,3211,0,0.000,67.881,0.013,67.894,68.783,2366,78480174
"benchmark-example:dna-extra-8-gpu","bd/dna.100MB",8,262144,1000000,3211,3211,0,0.000,67.881,0.013,67.894,68.783,2367,78480984
"benchmark-example:dna-extra-8-gpu","bd/dna.100MB",8,262144,1000000,3211,3211,0,0.000,67.881,0.013,67.894,68.783,2368,78484993
"benchmark-example:dna-extra-8-gpu","bd/dna.100MB",8,262144,1000000,3211,3211,0,0.000,67.881,0.013,67.894,68.783,2369,78536206
"benchmark-example:dna-extra-8-gpu","bd/dna.100MB",8,262144,1000000,3211,3211,0,0.000,67.881,0.013,67.894,68.783,2370,78546479
"benchmark-example:dna-extra-8-gpu","bd/dna.100MB",8,262144,1000000,3211,3211,0,0.000,67.881,0.013,67.894,68.783,2371,78556864
"benchmark-example:dna-extra-8-gpu","bd/dna.100MB",8,262144,1000000,3211,3211,0,0.000,67.881,0.013,67.894,68.783,2372,78562002
"benchmark-example:dna-extra-8-gpu","bd/dna.100MB",8,262144,1000000,3211,3211,0,0.000,67.881,0.013,67.894,68.783,2373,78575718
"benchmark-example:dna-extra-8-gpu","bd/dna.100MB",8,262144,1000000,3211,3211,0,0.000,67.881,0.013,67.894,68.783,2374,78583567
"benchmark-example:dna-extra-8-gpu","bd/dna.100MB",8,262144,1000000,3211,3211,0,0.000,67.881,0.013,67.894,68.783,2375,78586391
"benchmark-example:dna-extra-8-gpu","bd/dna.100MB",8,262144,1000000,3211,3211,0,0.000,67.881,0.013,67.894,68.783,2376,78665340
"benchmark-example:dna-extra-8-gpu","bd/dna.100MB",8,262144,1000000,3211,3211,0,0.000,67.881,0.013,67.894,68.783,2377,78752294
"benchmark-example:dna-extra-8-gpu","bd/dna.100MB",8,262144,1000000,3211,3211,0,0.000,67.881,0.013,67.894,68.783,2378,78762388
"benchmark-example:dna-extra-8-gpu","bd/dna.100MB",8,262144,1000000,3211,3211,0,0.000,67.881,0.013,67.894,68.783,2379,78779055
"benchmark-example:dna-extra-8-gpu","bd/dna.100MB",8,262144,1000000,3211,3211,0,0.000,67.881,0.013,67.894,68.783,2380,78787886
"benchmark-example:dna-extra-8-gpu","bd/dna.100MB",8,262144,1000000,3211,3211,0,0.000,67.881,0.013,67.894,68.783,2381,78817269
"benchmark-example:dna-extra-8-gpu","bd/dna.100MB",8,262144,1000000,3211,3211,0,0.000,67.881,0.013,67.894,68.783,2382,78859669
"benchmark-example:dna-extra-8-gpu","bd/dna.100MB",8,262144,1000000,3211,3211,0,0.000,67.881,0.013,67.894,68.783,2383,78888124
"benchmark-example:dna-extra-8-gpu","bd/dna.100MB",8,262144,1000000,3211,3211,0,0.000,67.881,0.013,67.894,68.783,2384,78902562
"benchmark-example:dna-extra-8-gpu","bd/dna.100MB",8,262144,1000000,3211,3211,0,0.000,67.881,0.013,67.894,68.783,2385,78935187
"benchmark-example:dna-extra-8-gpu","bd/dna.100MB",8,262144,1000000,3211,3211,0,0.000,67.881,0.013,67.894,68.783,2386,78939673
"benchmark-example:dna-extra-8-gpu","bd/dna.100MB",8,262144,1000000,3211,3211,0,0.000,67.881,0.013,67.894,68.783,2387,78946353
"benchmark-example:dna-extra-8-gpu","bd/dna.100MB",8,262144,1000000,3211,3211,0,0.000,67.881,0.013,67.894,68.783,2388,78972979
"benchmark-example:dna-extra-8-gpu","bd/dna.100MB",8,262144,1000000,3211,3211,0,0.000,67.881,0.013,67.894,68.783,2389,78972990
"benchmark-example:dna-extra-8-gpu","bd/dna.100MB",8,262144,1000000,3211,3211,0,0.000,67.881,0.013,67.894,68.783,2390,78996567
"benchmark-example:dna-extra-8-gpu","bd/dna.100MB",8,262144,1000000,3211,3211,0,0.000,67.881,0.013,67.894,68.783,2391,79002175
"benchmark-example:dna-extra-8-gpu","bd/dna.100MB",8,262144,1000000,3211,3211,0,0.000,67.881,0.013,67.894,68.783,2392,79034936
"benchmark-example:dna-extra-8-gpu","bd/dna.100MB",8,262144,1000000,3211,3211,0,0.000,67.881,0.013,67.894,68.783,2393,79091507
"benchmark-example:dna-extra-8-gpu","bd/dna.100MB",8,262144,1000000,3211,3211,0,0.000,67.881,0.013,67.894,68.783,2394,79126142
"benchmark-example:dna-extra-8-gpu","bd/dna.100MB",8,262144,1000000,3211,3211,0,0.000,67.881,0.013,67.894,68.783,2395,79143539
"benchmark-example:dna-extra-8-gpu","bd/dna.100MB",8,262144,1000000,3211,3211,0,0.000,67.881,0.013,67.894,68.783,2396,79196011
"benchmark-example:dna-extra-8-gpu","bd/dna.100MB",8,262144,1000000,3211,3211,0,0.000,67.881,0.013,67.894,68.783,2397,79231511
"benchmark-example:dna-extra-8-gpu","bd/dna.100MB",8,262144,1000000,3211,3211,0,0.000,67.881,0.013,67.894,68.783,2398,79264456
"benchmark-example:dna-extra-8-gpu","bd/dna.100MB",8,262144,1000000,3211,3211,0,0.000,67.881,0.013,67.894,68.783,2399,79287433
"benchmark-example:dna-extra-8-gpu","bd/dna.100MB",8,262144,1000000,3211,3211,0,0.000,67.881,0.013,67.894,68.783,2400,79289669
"benchmark-example:dna-extra-8-gpu","bd/dna.100MB",8,262144,1000000,3211,3211,0,0.000,67.881,0.013,67.894,68.783,2401,79309107
"benchmark-example:dna-extra-8-gpu","bd/dna.100MB",8,262144,1000000,3211,3211,0,0.000,67.881,0.013,67.894,68.783,2402,79400799
"benchmark-example:dna-extra-8-gpu","bd/dna.100MB",8,262144,1000000,3211,3211,0,0.000,67.881,0.013,67.894,68.783,2403,79434368
"benchmark-example:dna-extra-8-gpu","bd/dna.100MB",8,262144,1000000,3211,3211,0,0.000,67.881,0.013,67.894,68.783,2404,79546719
"benchmark-example:dna-extra-8-gpu","bd/dna.100MB",8,262144,1000000,3211,3211,0,0.000,67.881,0.013,67.894,68.783,2405,79611750
"benchmark-example:dna-extra-8-gpu","bd/dna.100MB",8,262144,1000000,3211,3211,0,0.000,67.881,0.013,67.894,68.783,2406,79617147
"benchmark-example:dna-extra-8-gpu","bd/dna.100MB",8,262144,1000000,3211,3211,0,0.000,67.881,0.013,67.894,68.783,2407,79620199
"benchmark-example:dna-extra-8-gpu","bd/dna.100MB",8,262144,1000000,3211,3211,0,0.000,67.881,0.013,67.894,68.783,2408,79876613
"benchmark-example:dna-extra-8-gpu","bd/dna.100MB",8,262144,1000000,3211,3211,0,0.000,67.881,0.013,67.894,68.783,2409,79887372
"benchmark-example:dna-extra-8-gpu","bd/dna.100MB",8,262144,1000000,3211,3211,0,0.000,67.881,0.013,67.894,68.783,2410,79990884
"benchmark-example:dna-extra-8-gpu","bd/dna.100MB",8,262144,1000000,3211,3211,0,0.000,67.881,0.013,67.894,68.783,2411,80019563
"benchmark-example:dna-extra-8-gpu","bd/dna.100MB",8,262144,1000000,3211,3211,0,0.000,67.881,0.013,67.894,68.783,2412,80019577
"benchmark-example:dna-extra-8-gpu","bd/dna.100MB",8,262144,1000000,3211,3211,0,0.000,67.881,0.013,67.894,68.783,2413,80023256
"benchmark-example:dna-extra-8-gpu","bd/dna.100MB",8,262144,1000000,3211,3211,0,0.000,67.881,0.013,67.894,68.783,2414,80049780
"benchmark-example:dna-extra-8-gpu","bd/dna.100MB",8,262144,1000000,3211,3211,0,0.000,67.881,0.013,67.894,68.783,2415,80068824
"benchmark-example:dna-extra-8-gpu","bd/dna.100MB",8,262144,1000000,3211,3211,0,0.000,67.881,0.013,67.894,68.783,2416,80114834
"benchmark-example:dna-extra-8-gpu","bd/dna.100MB",8,262144,1000000,3211,3211,0,0.000,67.881,0.013,67.894,68.783,2417,80120568
"benchmark-example:dna-extra-8-gpu","bd/dna.100MB",8,262144,1000000,3211,3211,0,0.000,67.881,0.013,67.894,68.783,2418,80120887
"benchmark-example:dna-extra-8-gpu","bd/dna.100MB",8,262144,1000000,3211,3211,0,0.000,67.881,0.013,67.894,68.783,2419,80144991
"benchmark-example:dna-extra-8-gpu","bd/dna.100MB",8,262144,1000000,3211,3211,0,0.000,67.881,0.013,67.894,68.783,2420,80147723
"benchmark-example:dna-extra-8-gpu","bd/dna.100MB",8,262144,1000000,3211,3211,0,0.000,67.881,0.013,67.894,68.783,2421,80274964
"benchmark-example:dna-extra-8-gpu","bd/dna.100MB",8,262144,1000000,3211,3211,0,0.000,67.881,0.013,67.894,68.783,2422,80314312
"benchmark-example:dna-extra-8-gpu","bd/dna.100MB",8,262144,1000000,3211,3211,0,0.000,67.881,0.013,67.894,68.783,2423,80320469
"benchmark-example:dna-extra-8-gpu","bd/dna.100MB",8,262144,1000000,3211,3211,0,0.000,67.881,0.013,67.894,68.783,2424,80339587
"benchmark-example:dna-extra-8-gpu","bd/dna.100MB",8,262144,1000000,3211,3211,0,0.000,67.881,0.013,67.894,68.783,2425,80393562
"benchmark-example:dna-extra-8-gpu","bd/dna.100MB",8,262144,1000000,3211,3211,0,0.000,67.881,0.013,67.894,68.783,2426,80458788
"benchmark-example:dna-extra-8-gpu","bd/dna.100MB",8,262144,1000000,3211,3211,0,0.000,67.881,0.013,67.894,68.783,2427,80483105
"benchmark-example:dna-extra-8-gpu","bd/dna.100MB",8,262144,1000000,3211,3211,0,0.000,67.881,0.013,67.894,68.783,2428,80561439
"benchmark-example:dna-extra-8-gpu","bd/dna.100MB",8,262144,1000000,3211,3211,0,0.000,67.881,0.013,67.894,68.783,2429,80599274
"benchmark-example:dna-extra-8-gpu","bd/dna.100MB",8,262144,1000000,3211,3211,0,0.000,67.881,0.013,67.894,68.783,2430,80614799
"benchmark-example:dna-extra-8-gpu","bd/dna.100MB",8,262144,1000000,3211,3211,0,0.000,67.881,0.013,67.894,68.783,2431,80615898
"benchmark-example:dna-extra-8-gpu","bd/dna.100MB",8,262144,1000000,3211,3211,0,0.000,67.881,0.013,67.894,68.783,2432,80633036
"benchmark-example:dna-extra-8-gpu","bd/dna.100MB",8,262144,1000000,3211,3211,0,0.000,67.881,0.013,67.894,68.783,2433,80685906
"benchmark-example:dna-extra-8-gpu","bd/dna.100MB",8,262144,1000000,3211,3211,0,0.000,67.881,0.013,67.894,68.783,2434,80709167
"benchmark-example:dna-extra-8-gpu","bd/dna.100MB",8,262144,1000000,3211,3211,0,0.000,67.881,0.013,67.894,68.783,2435,80721307
"benchmark-example:dna-extra-8-gpu","bd/dna.100MB",8,262144,1000000,3211,3211,0,0.000,67.881,0.013,67.894,68.783,2436,80733969
"benchmark-example:dna-extra-8-gpu","bd/dna.100MB",8,262144,1000000,3211,3211,0,0.000,67.881,0.013,67.894,68.783,2437,80738525
"benchmark-example:dna-extra-8-gpu","bd/dna.100MB",8,262144,1000000,3211,3211,0,0.000,67.881,0.013,67.894,68.783,2438,80836739
"benchmark-example:dna-extra-8-gpu","bd/dna.100MB",8,262144,1000000,3211,3211,0,0.000,67.881,0.013,67.894,68.783,2439,80850278
"benchmark-example:dna-extra-8-gpu","bd/dna.100MB",8,262144,1000000,3211,3211,0,0.000,67.881,0.013,67.894,68.783,2440,80851672
"benchmark-example:dna-extra-8-gpu","bd/dna.100MB",8,262144,1000000,3211,3211,0,0.000,67.881,0.013,67.894,68.783,2441,80867774
"benchmark-example:dna-extra-8-gpu","bd/dna.100MB",8,262144,1000000,3211,3211,0,0.000,67.881,0.013,67.894,68.783,2442,80881023
"benchmark-example:dna-extra-8-gpu","bd/dna.100MB",8,262144,1000000,3211,3211,0,0.000,67.881,0.013,67.894,68.783,2443,80896367
"benchmark-example:dna-extra-8-gpu","bd/dna.100MB",8,262144,1000000,3211,3211,0,0.000,67.881,0.013,67.894,68.783,2444,80903343
"benchmark-example:dna-extra-8-gpu","bd/dna.100MB",8,262144,1000000,3211,3211,0,0.000,67.881,0.013,67.894,68.783,2445,80903871
"benchmark-example:dna-extra-8-gpu","bd/dna.100MB",8,262144,1000000,3211,3211,0,0.000,67.881,0.013,67.894,68.783,2446,80959436
"benchmark-example:dna-extra-8-gpu","bd/dna.100MB",8,262144,1000000,3211,3211,0,0.000,67.881,0.013,67.894,68.783,2447,81048045
"benchmark-example:dna-extra-8-gpu","bd/dna.100MB",8,262144,1000000,3211,3211,0,0.000,67.881,0.013,67.894,68.783,2448,81051184
"benchmark-example:dna-extra-8-gpu","bd/dna.100MB",8,262144,1000000,3211,3211,0,0.000,67.881,0.013,67.894,68.783,2449,81069769
"benchmark-example:dna-extra-8-gpu","bd/dna.100MB",8,262144,1000000,3211,3211,0,0.000,67.881,0.013,67.894,68.783,2450,81070002
"benchmark-example:dna-extra-8-gpu","bd/dna.100MB",8,262144,1000000,3211,3211,0,0.000,67.881,0.013,67.894,68.783,2451,81126039
"benchmark-example:dna-extra-8-gpu","bd/dna.100MB",8,262144,1000000,3211,3211,0,0.000,67.881,0.013,67.894,68.783,2452,81172739
"benchmark-example:dna-extra-8-gpu","bd/dna.100MB",8,262144,1000000,3211,3211,0,0.000,67.881,0.013,67.894,68.783,2453,81180412
"benchmark-example:dna-extra-8-gpu","bd/dna.100MB",8,262144,1000000,3211,3211,0,0.000,67.881,0.013,67.894,68.783,2454,81190763
"benchmark-example:dna-extra-8-gpu","bd/dna.100MB",8,262144,1000000,3211,3211,0,0.000,67.881,0.013,67.894,68.783,2455,81190821
"benchmark-example:dna-extra-8-gpu","bd/dna.100MB",8,262144,1000000,3211,3211,0,0.000,67.881,0.013,67.894,68.783,2456,81217514
"benchmark-example:dna-extra-8-gpu","bd/dna.100MB",8,262144,1000000,3211,3211,0,0.000,67.881,0.013,67.894,68.783,2457,81242386
"benchmark-example:dna-extra-8-gpu","bd/dna.100MB",8,262144,1000000,3211,3211,0,0.000,67.881,0.013,67.894,68.783,2458,81246395
"benchmark-example:dna-extra-8-gpu","bd/dna.100MB",8,262144,1000000,3211,3211,0,0.000,67.881,0.013,67.894,68.783,2459,81323551
"benchmark-example:dna-extra-8-gpu","bd/dna.100MB",8,262144,1000000,3211,3211,0,0.000,67.881,0.013,67.894,68.783,2460,81350536
"benchmark-example:dna-extra-8-gpu","bd/dna.100MB",8,262144,1000000,3211,3211,0,0.000,67.881,0.013,67.894,68.783,2461,81360618
"benchmark-example:dna-extra-8-gpu","bd/dna.100MB",8,262144,1000000,3211,3211,0,0.000,67.881,0.013,67.894,68.783,2462,81361840
"benchmark-example:dna-extra-8-gpu","bd/dna.100MB",8,262144,1000000,3211,3211,0,0.000,67.881,0.013,67.894,68.783,2463,81399734
"benchmark-example:dna-extra-8-gpu","bd/dna.100MB",8,262144,1000000,3211,3211,0,0.000,67.881,0.013,67.894,68.783,2464,81421335
"benchmark-example:dna-extra-8-gpu","bd/dna.100MB",8,262144,1000000,3211,3211,0,0.000,67.881,0.013,67.894,68.783,2465,81480937
"benchmark-example:dna-extra-8-gpu","bd/dna.100MB",8,262144,1000000,3211,3211,0,0.000,67.881,0.013,67.894,68.783,2466,81495562
"benchmark-example:dna-extra-8-gpu","bd/dna.100MB",8,262144,1000000,3211,3211,0,0.000,67.881,0.013,67.894,68.783,2467,81524005
"benchmark-example:dna-extra-8-gpu","bd/dna.100MB",8,262144,1000000,3211,3211,0,0.000,67.881,0.013,67.894,68.783,2468,81551906
"benchmark-example:dna-extra-8-gpu","bd/dna.100MB",8,262144,1000000,3211,3211,0,0.000,67.881,0.013,67.894,68.783,2469,81560083
"benchmark-example:dna-extra-8-gpu","bd/dna.100MB",8,262144,1000000,3211,3211,0,0.000,67.881,0.013,67.894,68.783,2470,81580707
"benchmark-example:dna-extra-8-gpu","bd/dna.100MB",8,262144,1000000,3211,3211,0,0.000,67.881,0.013,67.894,68.783,2471,81587778
"benchmark-example:dna-extra-8-gpu","bd/dna.100MB",8,262144,1000000,3211,3211,0,0.000,67.881,0.013,67.894,68.783,2472,81626153
"benchmark-example:dna-extra-8-gpu","bd/dna.100MB",8,262144,1000000,3211,3211,0,0.000,67.881,0.013,67.894,68.783,2473,81627600
"benchmark-example:dna-extra-8-gpu","bd/dna.100MB",8,262144,1000000,3211,3211,0,0.000,67.881,0.013,67.894,68.783,2474,81696723
"benchmark-example:dna-extra-8-gpu","bd/dna.100MB",8,262144,1000000,3211,3211,0,0.000,67.881,0.013,67.894,68.783,2475,81699448
"benchmark-example:dna-extra-8-gpu","bd/dna.100MB",8,262144,1000000,3211,3211,0,0.000,67.881,0.013,67.894,68.783,2476,81768326
"benchmark-example:dna-extra-8-gpu","bd/dna.100MB",8,262144,1000000,3211,3211,0,0.000,67.881,0.013,67.894,68.783,2477,81802109
"benchmark-example:dna-extra-8-gpu","bd/dna.100MB",8,262144,1000000,3211,3211,0,0.000,67.881,0.013,67.894,68.783,2478,81821710
"benchmark-example:dna-extra-8-gpu","bd/dna.100MB",8,262144,1000000,3211,3211,0,0.000,67.881,0.013,67.894,68.783,2479,81931100
"benchmark-example:dna-extra-8-gpu","bd/dna.100MB",8,262144,1000000,3211,3211,0,0.000,67.881,0.013,67.894,68.783,2480,81944420
"benchmark-example:dna-extra-8-gpu","bd/dna.100MB",8,262144,1000000,3211,3211,0,0.000,67.881,0.013,67.894,68.783,2481,81977378
"benchmark-example:dna-extra-8-gpu","bd/dna.100MB",8,262144,1000000,3211,3211,0,0.000,67.881,0.013,67.894,68.783,2482,82009834
"benchmark-example:dna-extra-8-gpu","bd/dna.100MB",8,262144,1000000,3211,3211,0,0.000,67.881,0.013,67.894,68.783,2483,82035653
"benchmark-example:dna-extra-8-gpu","bd/dna.100MB",8,262144,1000000,3211,3211,0,0.000,67.881,0.013,67.894,68.783,2484,82037079
"benchmark-example:dna-extra-8-gpu","bd/dna.100MB",8,262144,1000000,3211,3211,0,0.000,67.881,0.013,67.894,68.783,2485,82051861
"benchmark-example:dna-extra-8-gpu","bd/dna.100MB",8,262144,1000000,3211,3211,0,0.000,67.881,0.013,67.894,68.783,2486,82060204
"benchmark-example:dna-extra-8-gpu","bd/dna.100MB",8,262144,1000000,3211,3211,0,0.000,67.881,0.013,67.894,68.783,2487,82060351
"benchmark-example:dna-extra-8-gpu","bd/dna.100MB",8,262144,1000000,3211,3211,0,0.000,67.881,0.013,67.894,68.783,2488,82077861
"benchmark-example:dna-extra-8-gpu","bd/dna.100MB",8,262144,1000000,3211,3211,0,0.000,67.881,0.013,67.894,68.783,2489,82083244
"benchmark-example:dna-extra-8-gpu","bd/dna.100MB",8,262144,1000000,3211,3211,0,0.000,67.881,0.013,67.894,68.783,2490,82096127
"benchmark-example:dna-extra-8-gpu","bd/dna.100MB",8,262144,1000000,3211,3211,0,0.000,67.881,0.013,67.894,68.783,2491,82121515
"benchmark-example:dna-extra-8-gpu","bd/dna.100MB",8,262144,1000000,3211,3211,0,0.000,67.881,0.013,67.894,68.783,2492,82126258
"benchmark-example:dna-extra-8-gpu","bd/dna.100MB",8,262144,1000000,3211,3211,0,0.000,67.881,0.013,67.894,68.783,2493,82128421
"benchmark-example:dna-extra-8-gpu","bd/dna.100MB",8,262144,1000000,3211,3211,0,0.000,67.881,0.013,67.894,68.783,2494,82129887
"benchmark-example:dna-extra-8-gpu","bd/dna.100MB",8,262144,1000000,3211,3211,0,0.000,67.881,0.013,67.894,68.783,2495,82187749
"benchmark-example:dna-extra-8-gpu","bd/dna.100MB",8,262144,1000000,3211,3211,0,0.000,67.881,0.013,67.894,68.783,2496,82243233
"benchmark-example:dna-extra-8-gpu","bd/dna.100MB",8,262144,1000000,3211,3211,0,0.000,67.881,0.013,67.894,68.783,2497,82271468
"benchmark-example:dna-extra-8-gpu","bd/dna.100MB",8,262144,1000000,3211,3211,0,0.000,67.881,0.013,67.894,68.783,2498,82305531
"benchmark-example:dna-extra-8-gpu","bd/dna.100MB",8,262144,1000000,3211,3211,0,0.000,67.881,0.013,67.894,68.783,2499,82336448
"benchmark-example:dna-extra-8-gpu","bd/dna.100MB",8,262144,1000000,3211,3211,0,0.000,67.881,0.013,67.894,68.783,2500,82347446
"benchmark-example:dna-extra-8-gpu","bd/dna.100MB",8,262144,1000000,3211,3211,0,0.000,67.881,0.013,67.894,68.783,2501,82458055
"benchmark-example:dna-extra-8-gpu","bd/dna.100MB",8,262144,1000000,3211,3211,0,0.000,67.881,0.013,67.894,68.783,2502,82461025
"benchmark-example:dna-extra-8-gpu","bd/dna.100MB",8,262144,1000000,3211,3211,0,0.000,67.881,0.013,67.894,68.783,2503,82484358
"benchmark-example:dna-extra-8-gpu","bd/dna.100MB",8,262144,1000000,3211,3211,0,0.000,67.881,0.013,67.894,68.783,2504,82577751
"benchmark-example:dna-extra-8-gpu","bd/dna.100MB",8,262144,1000000,3211,3211,0,0.000,67.881,0.013,67.894,68.783,2505,82586123
"benchmark-example:dna-extra-8-gpu","bd/dna.100MB",8,262144,1000000,3211,3211,0,0.000,67.881,0.013,67.894,68.783,2506,82778653
"benchmark-example:dna-extra-8-gpu","bd/dna.100MB",8,262144,1000000,3211,3211,0,0.000,67.881,0.013,67.894,68.783,2507,82791674
"benchmark-example:dna-extra-8-gpu","bd/dna.100MB",8,262144,1000000,3211,3211,0,0.000,67.881,0.013,67.894,68.783,2508,82821917
"benchmark-example:dna-extra-8-gpu","bd/dna.100MB",8,262144,1000000,3211,3211,0,0.000,67.881,0.013,67.894,68.783,2509,82828367
"benchmark-example:dna-extra-8-gpu","bd/dna.100MB",8,262144,1000000,3211,3211,0,0.000,67.881,0.013,67.894,68.783,2510,82832453
"benchmark-example:dna-extra-8-gpu","bd/dna.100MB",8,262144,1000000,3211,3211,0,0.000,67.881,0.013,67.894,68.783,2511,82857083
"benchmark-example:dna-extra-8-gpu","bd/dna.100MB",8,262144,1000000,3211,3211,0,0.000,67.881,0.013,67.894,68.783,2512,82872776
"benchmark-example:dna-extra-8-gpu","bd/dna.100MB",8,262144,1000000,3211,3211,0,0.000,67.881,0.013,67.894,68.783,2513,82873059
"benchmark-example:dna-extra-8-gpu","bd/dna.100MB",8,262144,1000000,3211,3211,0,0.000,67.881,0.013,67.894,68.783,2514,82877139
"benchmark-example:dna-extra-8-gpu","bd/dna.100MB",8,262144,1000000,3211,3211,0,0.000,67.881,0.013,67.894,68.783,2515,83004632
"benchmark-example:dna-extra-8-gpu","bd/dna.100MB",8,262144,1000000,3211,3211,0,0.000,67.881,0.013,67.894,68.783,2516,83051320
"benchmark-example:dna-extra-8-gpu","bd/dna.100MB",8,262144,1000000,3211,3211,0,0.000,67.881,0.013,67.894,68.783,2517,83057385
"benchmark-example:dna-extra-8-gpu","bd/dna.100MB",8,262144,1000000,3211,3211,0,0.000,67.881,0.013,67.894,68.783,2518,83072423
"benchmark-example:dna-extra-8-gpu","bd/dna.100MB",8,262144,1000000,3211,3211,0,0.000,67.881,0.013,67.894,68.783,2519,83093894
"benchmark-example:dna-extra-8-gpu","bd/dna.100MB",8,262144,1000000,3211,3211,0,0.000,67.881,0.013,67.894,68.783,2520,83153353
"benchmark-example:dna-extra-8-gpu","bd/dna.100MB",8,262144,1000000,3211,3211,0,0.000,67.881,0.013,67.894,68.783,2521,83158574
"benchmark-example:dna-extra-8-gpu","bd/dna.100MB",8,262144,1000000,3211,3211,0,0.000,67.881,0.013,67.894,68.783,2522,83163921
"benchmark-example:dna-extra-8-gpu","bd/dna.100MB",8,262144,1000000,3211,3211,0,0.000,67.881,0.013,67.894,68.783,2523,83170461
"benchmark-example:dna-extra-8-gpu","bd/dna.100MB",8,262144,1000000,3211,3211,0,0.000,67.881,0.013,67.894,68.783,2524,83245962
"benchmark-example:dna-extra-8-gpu","bd/dna.100MB",8,262144,1000000,3211,3211,0,0.000,67.881,0.013,67.894,68.783,2525,83253528
"benchmark-example:dna-extra-8-gpu","bd/dna.100MB",8,262144,1000000,3211,3211,0,0.000,67.881,0.013,67.894,68.783,2526,83270783
"benchmark-example:dna-extra-8-gpu","bd/dna.100MB",8,262144,1000000,3211,3211,0,0.000,67.881,0.013,67.894,68.783,2527,83278500
"benchmark-example:dna-extra-8-gpu","bd/dna.100MB",8,262144,1000000,3211,3211,0,0.000,67.881,0.013,67.894,68.783,2528,83323932
"benchmark-example:dna-extra-8-gpu","bd/dna.100MB",8,262144,1000000,3211,3211,0,0.000,67.881,0.013,67.894,68.783,2529,83327455
"benchmark-example:dna-extra-8-gpu","bd/dna.100MB",8,262144,1000000,3211,3211,0,0.000,67.881,0.013,67.894,68.783,2530,83365965
"benchmark-example:dna-extra-8-gpu","bd/dna.100MB",8,262144,1000000,3211,3211,0,0.000,67.881,0.013,67.894,68.783,2531,83386100
"benchmark-example:dna-extra-8-gpu","bd/dna.100MB",8,262144,1000000,3211,3211,0,0.000,67.881,0.013,67.894,68.783,2532,83395142
"benchmark-example:dna-extra-8-gpu","bd/dna.100MB",8,262144,1000000,3211,3211,0,0.000,67.881,0.013,67.894,68.783,2533,83399104
"benchmark-example:dna-extra-8-gpu","bd/dna.100MB",8,262144,1000000,3211,3211,0,0.000,67.881,0.013,67.894,68.783,2534,83413368
"benchmark-example:dna-extra-8-gpu","bd/dna.100MB",8,262144,1000000,3211,3211,0,0.000,67.881,0.013,67.894,68.783,2535,83413578
"benchmark-example:dna-extra-8-gpu","bd/dna.100MB",8,262144,1000000,3211,3211,0,0.000,67.881,0.013,67.894,68.783,2536,83430980
"benchmark-example:dna-extra-8-gpu","bd/dna.100MB",8,262144,1000000,3211,3211,0,0.000,67.881,0.013,67.894,68.783,2537,83434661
"benchmark-example:dna-extra-8-gpu","bd/dna.100MB",8,262144,1000000,3211,3211,0,0.000,67.881,0.013,67.894,68.783,2538,83439354
"benchmark-example:dna-extra-8-gpu","bd/dna.100MB",8,262144,1000000,3211,3211,0,0.000,67.881,0.013,67.894,68.783,2539,83444686
"benchmark-example:dna-extra-8-gpu","bd/dna.100MB",8,262144,1000000,3211,3211,0,0.000,67.881,0.013,67.894,68.783,2540,83575259
"benchmark-example:dna-extra-8-gpu","bd/dna.100MB",8,262144,1000000,3211,3211,0,0.000,67.881,0.013,67.894,68.783,2541,83581909
"benchmark-example:dna-extra-8-gpu","bd/dna.100MB",8,262144,1000000,3211,3211,0,0.000,67.881,0.013,67.894,68.783,2542,83620275
"benchmark-example:dna-extra-8-gpu","bd/dna.100MB",8,262144,1000000,3211,3211,0,0.000,67.881,0.013,67.894,68.783,2543,83628452
"benchmark-example:dna-extra-8-gpu","bd/dna.100MB",8,262144,1000000,3211,3211,0,0.000,67.881,0.013,67.894,68.783,2544,83628804
"benchmark-example:dna-extra-8-gpu","bd/dna.100MB",8,262144,1000000,3211,3211,0,0.000,67.881,0.013,67.894,68.783,2545,83689674
"benchmark-example:dna-extra-8-gpu","bd/dna.100MB",8,262144,1000000,3211,3211,0,0.000,67.881,0.013,67.894,68.783,2546,83728185
"benchmark-example:dna-extra-8-gpu","bd/dna.100MB",8,262144,1000000,3211,3211,0,0.000,67.881,0.013,67.894,68.783,2547,83805800
"benchmark-example:dna-extra-8-gpu","bd/dna.100MB",8,262144,1000000,3211,3211,0,0.000,67.881,0.013,67.894,68.783,2548,83845055
"benchmark-example:dna-extra-8-gpu","bd/dna.100MB",8,262144,1000000,3211,3211,0,0.000,67.881,0.013,67.894,68.783,2549,83847964
"benchmark-example:dna-extra-8-gpu","bd/dna.100MB",8,262144,1000000,3211,3211,0,0.000,67.881,0.013,67.894,68.783,2550,83862796
"benchmark-example:dna-extra-8-gpu","bd/dna.100MB",8,262144,1000000,3211,3211,0,0.000,67.881,0.013,67.894,68.783,2551,83889837
"benchmark-example:dna-extra-8-gpu","bd/dna.100MB",8,262144,1000000,3211,3211,0,0.000,67.881,0.013,67.894,68.783,2552,83892288
"benchmark-example:dna-extra-8-gpu","bd/dna.100MB",8,262144,1000000,3211,3211,0,0.000,67.881,0.013,67.894,68.783,2553,83901533
"benchmark-example:dna-extra-8-gpu","bd/dna.100MB",8,262144,1000000,3211,3211,0,0.000,67.881,0.013,67.894,68.783,2554,83903415
"benchmark-example:dna-extra-8-gpu","bd/dna.100MB",8,262144,1000000,3211,3211,0,0.000,67.881,0.013,67.894,68.783,2555,83913735
"benchmark-example:dna-extra-8-gpu","bd/dna.100MB",8,262144,1000000,3211,3211,0,0.000,67.881,0.013,67.894,68.783,2556,83924950
"benchmark-example:dna-extra-8-gpu","bd/dna.100MB",8,262144,1000000,3211,3211,0,0.000,67.881,0.013,67.894,68.783,2557,83983960
"benchmark-example:dna-extra-8-gpu","bd/dna.100MB",8,262144,1000000,3211,3211,0,0.000,67.881,0.013,67.894,68.783,2558,84083725
"benchmark-example:dna-extra-8-gpu","bd/dna.100MB",8,262144,1000000,3211,3211,0,0.000,67.881,0.013,67.894,68.783,2559,84182842
"benchmark-example:dna-extra-8-gpu","bd/dna.100MB",8,262144,1000000,3211,3211,0,0.000,67.881,0.013,67.894,68.783,2560,84218088
"benchmark-example:dna-extra-8-gpu","bd/dna.100MB",8,262144,1000000,3211,3211,0,0.000,67.881,0.013,67.894,68.783,2561,84289631
"benchmark-example:dna-extra-8-gpu","bd/dna.100MB",8,262144,1000000,3211,3211,0,0.000,67.881,0.013,67.894,68.783,2562,84323627
"benchmark-example:dna-extra-8-gpu","bd/dna.100MB",8,262144,1000000,3211,3211,0,0.000,67.881,0.013,67.894,68.783,2563,84333572
"benchmark-example:dna-extra-8-gpu","bd/dna.100MB",8,262144,1000000,3211,3211,0,0.000,67.881,0.013,67.894,68.783,2564,84409761
"benchmark-example:dna-extra-8-gpu","bd/dna.100MB",8,262144,1000000,3211,3211,0,0.000,67.881,0.013,67.894,68.783,2565,84485257
"benchmark-example:dna-extra-8-gpu","bd/dna.100MB",8,262144,1000000,3211,3211,0,0.000,67.881,0.013,67.894,68.783,2566,84502577
"benchmark-example:dna-extra-8-gpu","bd/dna.100MB",8,262144,1000000,3211,3211,0,0.000,67.881,0.013,67.894,68.783,2567,84512541
"benchmark-example:dna-extra-8-gpu","bd/dna.100MB",8,262144,1000000,3211,3211,0,0.000,67.881,0.013,67.894,68.783,2568,84535578
"benchmark-example:dna-extra-8-gpu","bd/dna.100MB",8,262144,1000000,3211,3211,0,0.000,67.881,0.013,67.894,68.783,2569,84551605
"benchmark-example:dna-extra-8-gpu","bd/dna.100MB",8,262144,1000000,3211,3211,0,0.000,67.881,0.013,67.894,68.783,2570,84611285
"benchmark-example:dna-extra-8-gpu","bd/dna.100MB",8,262144,1000000,3211,3211,0,0.000,67.881,0.013,67.894,68.783,2571,84781958
"benchmark-example:dna-extra-8-gpu","bd/dna.100MB",8,262144,1000000,3211,3211,0,0.000,67.881,0.013,67.894,68.783,2572,84787168
"benchmark-example:dna-extra-8-gpu","bd/dna.100MB",8,262144,1000000,3211,3211,0,0.000,67.881,0.013,67.894,68.783,2573,84843286
"benchmark-example:dna-extra-8-gpu","bd/dna.100MB",8,262144,1000000,3211,3211,0,0.000,67.881,0.013,67.894,68.783,2574,84887452
"benchmark-example:dna-extra-8-gpu","bd/dna.100MB",8,262144,1000000,3211,3211,0,0.000,67.881,0.013,67.894,68.783,2575,84943760
"benchmark-example:dna-extra-8-gpu","bd/dna.100MB",8,262144,1000000,3211,3211,0,0.000,67.881,0.013,67.894,68.783,2576,84959321
"benchmark-example:dna-extra-8-gpu","bd/dna.100MB",8,262144,1000000,3211,3211,0,0.000,67.881,0.013,67.894,68.783,2577,85011459
"benchmark-example:dna-extra-8-gpu","bd/dna.100MB",8,262144,1000000,3211,3211,0,0.000,67.881,0.013,67.894,68.783,2578,85021012
"benchmark-example:dna-extra-8-gpu","bd/dna.100MB",8,262144,1000000,3211,3211,0,0.000,67.881,0.013,67.894,68.783,2579,85026676
"benchmark-example:dna-extra-8-gpu","bd/dna.100MB",8,262144,1000000,3211,3211,0,0.000,67.881,0.013,67.894,68.783,2580,85054712
"benchmark-example:dna-extra-8-gpu","bd/dna.100MB",8,262144,1000000,3211,3211,0,0.000,67.881,0.013,67.894,68.783,2581,85074308
"benchmark-example:dna-extra-8-gpu","bd/dna.100MB",8,262144,1000000,3211,3211,0,0.000,67.881,0.013,67.894,68.783,2582,85093036
"benchmark-example:dna-extra-8-gpu","bd/dna.100MB",8,262144,1000000,3211,3211,0,0.000,67.881,0.013,67.894,68.783,2583,85106719
"benchmark-example:dna-extra-8-gpu","bd/dna.100MB",8,262144,1000000,3211,3211,0,0.000,67.881,0.013,67.894,68.783,2584,85109573
"benchmark-example:dna-extra-8-gpu","bd/dna.100MB",8,262144,1000000,3211,3211,0,0.000,67.881,0.013,67.894,68.783,2585,85114697
"benchmark-example:dna-extra-8-gpu","bd/dna.100MB",8,262144,1000000,3211,3211,0,0.000,67.881,0.013,67.894,68.783,2586,85184013
"benchmark-example:dna-extra-8-gpu","bd/dna.100MB",8,262144,1000000,3211,3211,0,0.000,67.881,0.013,67.894,68.783,2587,85217227
"benchmark-example:dna-extra-8-gpu","bd/dna.100MB",8,262144,1000000,3211,3211,0,0.000,67.881,0.013,67.894,68.783,2588,85223472
"benchmark-example:dna-extra-8-gpu","bd/dna.100MB",8,262144,1000000,3211,3211,0,0.000,67.881,0.013,67.894,68.783,2589,85231831
"benchmark-example:dna-extra-8-gpu","bd/dna.100MB",8,262144,1000000,3211,3211,0,0.000,67.881,0.013,67.894,68.783,2590,85255527
"benchmark-example:dna-extra-8-gpu","bd/dna.100MB",8,262144,1000000,3211,3211,0,0.000,67.881,0.013,67.894,68.783,2591,85290395
"benchmark-example:dna-extra-8-gpu","bd/dna.100MB",8,262144,1000000,3211,3211,0,0.000,67.881,0.013,67.894,68.783,2592,85351121
"benchmark-example:dna-extra-8-gpu","bd/dna.100MB",8,262144,1000000,3211,3211,0,0.000,67.881,0.013,67.894,68.783,2593,85358386
"benchmark-example:dna-extra-8-gpu","bd/dna.100MB",8,262144,1000000,3211,3211,0,0.000,67.881,0.013,67.894,68.783,2594,85408333
"benchmark-example:dna-extra-8-gpu","bd/dna.100MB",8,262144,1000000,3211,3211,0,0.000,67.881,0.013,67.894,68.783,2595,85493328
"benchmark-example:dna-extra-8-gpu","bd/dna.100MB",8,262144,1000000,3211,3211,0,0.000,67.881,0.013,67.894,68.783,2596,85501380
"benchmark-example:dna-extra-8-gpu","bd/dna.100MB",8,262144,1000000,3211,3211,0,0.000,67.881,0.013,67.894,68.783,2597,85567921
"benchmark-example:dna-extra-8-gpu","bd/dna.100MB",8,262144,1000000,3211,3211,0,0.000,67.881,0.013,67.894,68.783,2598,85594051
"benchmark-example:dna-extra-8-gpu","bd/dna.100MB",8,262144,1000000,3211,3211,0,0.000,67.881,0.013,67.894,68.783,2599,85695860
"benchmark-example:dna-extra-8-gpu","bd/dna.100MB",8,262144,1000000,3211,3211,0,0.000,67.881,0.013,67.894,68.783,2600,85714585
"benchmark-example:dna-extra-8-gpu","bd/dna.100MB",8,262144,1000000,3211,3211,0,0.000,67.881,0.013,67.894,68.783,2601,85779022
"benchmark-example:dna-extra-8-gpu","bd/dna.100MB",8,262144,1000000,3211,3211,0,0.000,67.881,0.013,67.894,68.783,2602,85817737
"benchmark-example:dna-extra-8-gpu","bd/dna.100MB",8,262144,1000000,3211,3211,0,0.000,67.881,0.013,67.894,68.783,2603,85860534
"benchmark-example:dna-extra-8-gpu","bd/dna.100MB",8,262144,1000000,3211,3211,0,0.000,67.881,0.013,67.894,68.783,2604,85878081
"benchmark-example:dna-extra-8-gpu","bd/dna.100MB",8,262144,1000000,3211,3211,0,0.000,67.881,0.013,67.894,68.783,2605,85909489
"benchmark-example:dna-extra-8-gpu","bd/dna.100MB",8,262144,1000000,3211,3211,0,0.000,67.881,0.013,67.894,68.783,2606,85994232
"benchmark-example:dna-extra-8-gpu","bd/dna.100MB",8,262144,1000000,3211,3211,0,0.000,67.881,0.013,67.894,68.783,2607,86007130
"benchmark-example:dna-extra-8-gpu","bd/dna.100MB",8,262144,1000000,3211,3211,0,0.000,67.881,0.013,67.894,68.783,2608,86077235
"benchmark-example:dna-extra-8-gpu","bd/dna.100MB",8,262144,1000000,3211,3211,0,0.000,67.881,0.013,67.894,68.783,2609,86129625
"benchmark-example:dna-extra-8-gpu","bd/dna.100MB",8,262144,1000000,3211,3211,0,0.000,67.881,0.013,67.894,68.783,2610,86135707
"benchmark-example:dna-extra-8-gpu","bd/dna.100MB",8,262144,1000000,3211,3211,0,0.000,67.881,0.013,67.894,68.783,2611,86139904
"benchmark-example:dna-extra-8-gpu","bd/dna.100MB",8,262144,1000000,3211,3211,0,0.000,67.881,0.013,67.894,68.783,2612,86168106
"benchmark-example:dna-extra-8-gpu","bd/dna.100MB",8,262144,1000000,3211,3211,0,0.000,67.881,0.013,67.894,68.783,2613,86282668
"benchmark-example:dna-extra-8-gpu","bd/dna.100MB",8,262144,1000000,3211,3211,0,0.000,67.881,0.013,67.894,68.783,2614,86301181
"benchmark-example:dna-extra-8-gpu","bd/dna.100MB",8,262144,1000000,3211,3211,0,0.000,67.881,0.013,67.894,68.783,2615,86341088
"benchmark-example:dna-extra-8-gpu","bd/dna.100MB",8,262144,1000000,3211,3211,0,0.000,67.881,0.013,67.894,68.783,2616,86394960
"benchmark-example:dna-extra-8-gpu","bd/dna.100MB",8,262144,1000000,3211,3211,0,0.000,67.881,0.013,67.894,68.783,2617,86398043
"benchmark-example:dna-extra-8-gpu","bd/dna.100MB",8,262144,1000000,3211,3211,0,0.000,67.881,0.013,67.894,68.783,2618,86516558
"benchmark-example:dna-extra-8-gpu","bd/dna.100MB",8,262144,1000000,3211,3211,0,0.000,67.881,0.013,67.894,68.783,2619,86527206
"benchmark-example:dna-extra-8-gpu","bd/dna.100MB",8,262144,1000000,3211,3211,0,0.000,67.881,0.013,67.894,68.783,2620,86564499
"benchmark-example:dna-extra-8-gpu","bd/dna.100MB",8,262144,1000000,3211,3211,0,0.000,67.881,0.013,67.894,68.783,2621,86568523
"benchmark-example:dna-extra-8-gpu","bd/dna.100MB",8,262144,1000000,3211,3211,0,0.000,67.881,0.013,67.894,68.783,2622,86590855
"benchmark-example:dna-extra-8-gpu","bd/dna.100MB",8,262144,1000000,3211,3211,0,0.000,67.881,0.013,67.894,68.783,2623,86608318
"benchmark-example:dna-extra-8-gpu","bd/dna.100MB",8,262144,1000000,3211,3211,0,0.000,67.881,0.013,67.894,68.783,2624,86616029
"benchmark-example:dna-extra-8-gpu","bd/dna.100MB",8,262144,1000000,3211,3211,0,0.000,67.881,0.013,67.894,68.783,2625,86619897
"benchmark-example:dna-extra-8-gpu","bd/dna.100MB",8,262144,1000000,3211,3211,0,0.000,67.881,0.013,67.894,68.783,2626,86651124
"benchmark-example:dna-extra-8-gpu","bd/dna.100MB",8,262144,1000000,3211,3211,0,0.000,67.881,0.013,67.894,68.783,2627,86657585
"benchmark-example:dna-extra-8-gpu","bd/dna.100MB",8,262144,1000000,3211,3211,0,0.000,67.881,0.013,67.894,68.783,2628,86724453
"benchmark-example:dna-extra-8-gpu","bd/dna.100MB",8,262144,1000000,3211,3211,0,0.000,67.881,0.013,67.894,68.783,2629,86736922
"benchmark-example:dna-extra-8-gpu","bd/dna.100MB",8,262144,1000000,3211,3211,0,0.000,67.881,0.013,67.894,68.783,2630,86763588
"benchmark-example:dna-extra-8-gpu","bd/dna.100MB",8,262144,1000000,3211,3211,0,0.000,67.881,0.013,67.894,68.783,2631,86807036
"benchmark-example:dna-extra-8-gpu","bd/dna.100MB",8,262144,1000000,3211,3211,0,0.000,67.881,0.013,67.894,68.783,2632,86929004
"benchmark-example:dna-extra-8-gpu","bd/dna.100MB",8,262144,1000000,3211,3211,0,0.000,67.881,0.013,67.894,68.783,2633,86953216
"benchmark-example:dna-extra-8-gpu","bd/dna.100MB",8,262144,1000000,3211,3211,0,0.000,67.881,0.013,67.894,68.783,2634,86975593
"benchmark-example:dna-extra-8-gpu","bd/dna.100MB",8,262144,1000000,3211,3211,0,0.000,67.881,0.013,67.894,68.783,2635,86999891
"benchmark-example:dna-extra-8-gpu","bd/dna.100MB",8,262144,1000000,3211,3211,0,0.000,67.881,0.013,67.894,68.783,2636,87000299
"benchmark-example:dna-extra-8-gpu","bd/dna.100MB",8,262144,1000000,3211,3211,0,0.000,67.881,0.013,67.894,68.783,2637,87113472
"benchmark-example:dna-extra-8-gpu","bd/dna.100MB",8,262144,1000000,3211,3211,0,0.000,67.881,0.013,67.894,68.783,2638,87124490
"benchmark-example:dna-extra-8-gpu","bd/dna.100MB",8,262144,1000000,3211,3211,0,0.000,67.881,0.013,67.894,68.783,2639,87204104
"benchmark-example:dna-extra-8-gpu","bd/dna.100MB",8,262144,1000000,3211,3211,0,0.000,67.881,0.013,67.894,68.783,2640,87224295
"benchmark-example:dna-extra-8-gpu","bd/dna.100MB",8,262144,1000000,3211,3211,0,0.000,67.881,0.013,67.894,68.783,2641,87231051
"benchmark-example:dna-extra-8-gpu","bd/dna.100MB",8,262144,1000000,3211,3211,0,0.000,67.881,0.013,67.894,68.783,2642,87333556
"benchmark-example:dna-extra-8-gpu","bd/dna.100MB",8,262144,1000000,3211,3211,0,0.000,67.881,0.013,67.894,68.783,2643,87427422
"benchmark-example:dna-extra-8-gpu","bd/dna.100MB",8,262144,1000000,3211,3211,0,0.000,67.881,0.013,67.894,68.783,2644,87496832
"benchmark-example:dna-extra-8-gpu","bd/dna.100MB",8,262144,1000000,3211,3211,0,0.000,67.881,0.013,67.894,68.783,2645,87528892
"benchmark-example:dna-extra-8-gpu","bd/dna.100MB",8,262144,1000000,3211,3211,0,0.000,67.881,0.013,67.894,68.783,2646,87532305
"benchmark-example:dna-extra-8-gpu","bd/dna.100MB",8,262144,1000000,3211,3211,0,0.000,67.881,0.013,67.894,68.783,2647,87614826
"benchmark-example:dna-extra-8-gpu","bd/dna.100MB",8,262144,1000000,3211,3211,0,0.000,67.881,0.013,67.894,68.783,2648,87632933
"benchmark-example:dna-extra-8-gpu","bd/dna.100MB",8,262144,1000000,3211,3211,0,0.000,67.881,0.013,67.894,68.783,2649,87654686
"benchmark-example:dna-extra-8-gpu","bd/dna.100MB",8,262144,1000000,3211,3211,0,0.000,67.881,0.013,67.894,68.783,2650,87685043
"benchmark-example:dna-extra-8-gpu","bd/dna.100MB",8,262144,1000000,3211,3211,0,0.000,67.881,0.013,67.894,68.783,2651,87691644
"benchmark-example:dna-extra-8-gpu","bd/dna.100MB",8,262144,1000000,3211,3211,0,0.000,67.881,0.013,67.894,68.783,2652,87709840
"benchmark-example:dna-extra-8-gpu","bd/dna.100MB",8,262144,1000000,3211,3211,0,0.000,67.881,0.013,67.894,68.783,2653,87737681
"benchmark-example:dna-extra-8-gpu","bd/dna.100MB",8,262144,1000000,3211,3211,0,0.000,67.881,0.013,67.894,68.783,2654,87772801
"benchmark-example:dna-extra-8-gpu","bd/dna.100MB",8,262144,1000000,3211,3211,0,0.000,67.881,0.013,67.894,68.783,2655,87813114
"benchmark-example:dna-extra-8-gpu","bd/dna.100MB",8,262144,1000000,3211,3211,0,0.000,67.881,0.013,67.894,68.783,2656,87820971
"benchmark-example:dna-extra-8-gpu","bd/dna.100MB",8,262144,1000000,3211,3211,0,0.000,67.881,0.013,67.894,68.783,2657,87825442
"benchmark-example:dna-extra-8-gpu","bd/dna.100MB",8,262144,1000000,3211,3211,0,0.000,67.881,0.013,67.894,68.783,2658,87845657
"benchmark-example:dna-extra-8-gpu","bd/dna.100MB",8,262144,1000000,3211,3211,0,0.000,67.881,0.013,67.894,68.783,2659,87846879
"benchmark-example:dna-extra-8-gpu","bd/dna.100MB",8,262144,1000000,3211,3211,0,0.000,67.881,0.013,67.894,68.783,2660,87906093
"benchmark-example:dna-extra-8-gpu","bd/dna.100MB",8,262144,1000000,3211,3211,0,0.000,67.881,0.013,67.894,68.783,2661,87910046
"benchmark-example:dna-extra-8-gpu","bd/dna.100MB",8,262144,1000000,3211,3211,0,0.000,67.881,0.013,67.894,68.783,2662,87915763
"benchmark-example:dna-extra-8-gpu","bd/dna.100MB",8,262144,1000000,3211,3211,0,0.000,67.881,0.013,67.894,68.783,2663,87920868
"benchmark-example:dna-extra-8-gpu","bd/dna.100MB",8,262144,1000000,3211,3211,0,0.000,67.881,0.013,67.894,68.783,2664,87950856
"benchmark-example:dna-extra-8-gpu","bd/dna.100MB",8,262144,1000000,3211,3211,0,0.000,67.881,0.013,67.894,68.783,2665,87977347
"benchmark-example:dna-extra-8-gpu","bd/dna.100MB",8,262144,1000000,3211,3211,0,0.000,67.881,0.013,67.894,68.783,2666,88034645
"benchmark-example:dna-extra-8-gpu","bd/dna.100MB",8,262144,1000000,3211,3211,0,0.000,67.881,0.013,67.894,68.783,2667,88056253
"benchmark-example:dna-extra-8-gpu","bd/dna.100MB",8,262144,1000000,3211,3211,0,0.000,67.881,0.013,67.894,68.783,2668,88065589
"benchmark-example:dna-extra-8-gpu","bd/dna.100MB",8,262144,1000000,3211,3211,0,0.000,67.881,0.013,67.894,68.783,2669,88070127
"benchmark-example:dna-extra-8-gpu","bd/dna.100MB",8,262144,1000000,3211,3211,0,0.000,67.881,0.013,67.894,68.783,2670,88074742
"benchmark-example:dna-extra-8-gpu","bd/dna.100MB",8,262144,1000000,3211,3211,0,0.000,67.881,0.013,67.894,68.783,2671,88081464
"benchmark-example:dna-extra-8-gpu","bd/dna.100MB",8,262144,1000000,3211,3211,0,0.000,67.881,0.013,67.894,68.783,2672,88093775
"benchmark-example:dna-extra-8-gpu","bd/dna.100MB",8,262144,1000000,3211,3211,0,0.000,67.881,0.013,67.894,68.783,2673,88134463
"benchmark-example:dna-extra-8-gpu","bd/dna.100MB",8,262144,1000000,3211,3211,0,0.000,67.881,0.013,67.894,68.783,2674,88266850
"benchmark-example:dna-extra-8-gpu","bd/dna.100MB",8,262144,1000000,3211,3211,0,0.000,67.881,0.013,67.894,68.783,2675,88291463
"benchmark-example:dna-extra-8-gpu","bd/dna.100MB",8,262144,1000000,3211,3211,0,0.000,67.881,0.013,67.894,68.783,2676,88338343
"benchmark-example:dna-extra-8-gpu","bd/dna.100MB",8,262144,1000000,3211,3211,0,0.000,67.881,0.013,67.894,68.783,2677,88379631
"benchmark-example:dna-extra-8-gpu","bd/dna.100MB",8,262144,1000000,3211,3211,0,0.000,67.881,0.013,67.894,68.783,2678,88403389
"benchmark-example:dna-extra-8-gpu","bd/dna.100MB",8,262144,1000000,3211,3211,0,0.000,67.881,0.013,67.894,68.783,2679,88415462
"benchmark-example:dna-extra-8-gpu","bd/dna.100MB",8,262144,1000000,3211,3211,0,0.000,67.881,0.013,67.894,68.783,2680,88415886
"benchmark-example:dna-extra-8-gpu","bd/dna.100MB",8,262144,1000000,3211,3211,0,0.000,67.881,0.013,67.894,68.783,2681,88472937
"benchmark-example:dna-extra-8-gpu","bd/dna.100MB",8,262144,1000000,3211,3211,0,0.000,67.881,0.013,67.894,68.783,2682,88475645
"benchmark-example:dna-extra-8-gpu","bd/dna.100MB",8,262144,1000000,3211,3211,0,0.000,67.881,0.013,67.894,68.783,2683,88478293
"benchmark-example:dna-extra-8-gpu","bd/dna.100MB",8,262144,1000000,3211,3211,0,0.000,67.881,0.013,67.894,68.783,2684,88480145
"benchmark-example:dna-extra-8-gpu","bd/dna.100MB",8,262144,1000000,3211,3211,0,0.000,67.881,0.013,67.894,68.783,2685,88485024
"benchmark-example:dna-extra-8-gpu","bd/dna.100MB",8,262144,1000000,3211,3211,0,0.000,67.881,0.013,67.894,68.783,2686,88491496
"benchmark-example:dna-extra-8-gpu","bd/dna.100MB",8,262144,1000000,3211,3211,0,0.000,67.881,0.013,67.894,68.783,2687,88519604
"benchmark-example:dna-extra-8-gpu","bd/dna.100MB",8,262144,1000000,3211,3211,0,0.000,67.881,0.013,67.894,68.783,2688,88524256
"benchmark-example:dna-extra-8-gpu","bd/dna.100MB",8,262144,1000000,3211,3211,0,0.000,67.881,0.013,67.894,68.783,2689,88547952
"benchmark-example:dna-extra-8-gpu","bd/dna.100MB",8,262144,1000000,3211,3211,0,0.000,67.881,0.013,67.894,68.783,2690,88569882
"benchmark-example:dna-extra-8-gpu","bd/dna.100MB",8,262144,1000000,3211,3211,0,0.000,67.881,0.013,67.894,68.783,2691,88591102
"benchmark-example:dna-extra-8-gpu","bd/dna.100MB",8,262144,1000000,3211,3211,0,0.000,67.881,0.013,67.894,68.783,2692,88594202
"benchmark-example:dna-extra-8-gpu","bd/dna.100MB",8,262144,1000000,3211,3211,0,0.000,67.881,0.013,67.894,68.783,2693,88610505
"benchmark-example:dna-extra-8-gpu","bd/dna.100MB",8,262144,1000000,3211,3211,0,0.000,67.881,0.013,67.894,68.783,2694,88629027
"benchmark-example:dna-extra-8-gpu","bd/dna.100MB",8,262144,1000000,3211,3211,0,0.000,67.881,0.013,67.894,68.783,2695,88641077
"benchmark-example:dna-extra-8-gpu","bd/dna.100MB",8,262144,1000000,3211,3211,0,0.000,67.881,0.013,67.894,68.783,2696,88653861
"benchmark-example:dna-extra-8-gpu","bd/dna.100MB",8,262144,1000000,3211,3211,0,0.000,67.881,0.013,67.894,68.783,2697,88662337
"benchmark-example:dna-extra-8-gpu","bd/dna.100MB",8,262144,1000000,3211,3211,0,0.000,67.881,0.013,67.894,68.783,2698,88682639
"benchmark-example:dna-extra-8-gpu","bd/dna.100MB",8,262144,1000000,3211,3211,0,0.000,67.881,0.013,67.894,68.783,2699,88703449
"benchmark-example:dna-extra-8-gpu","bd/dna.100MB",8,262144,1000000,3211,3211,0,0.000,67.881,0.013,67.894,68.783,2700,88737936
"benchmark-example:dna-extra-8-gpu","bd/dna.100MB",8,262144,1000000,3211,3211,0,0.000,67.881,0.013,67.894,68.783,2701,88797948
"benchmark-example:dna-extra-8-gpu","bd/dna.100MB",8,262144,1000000,3211,3211,0,0.000,67.881,0.013,67.894,68.783,2702,88858921
"benchmark-example:dna-extra-8-gpu","bd/dna.100MB",8,262144,1000000,3211,3211,0,0.000,67.881,0.013,67.894,68.783,2703,88878475
"benchmark-example:dna-extra-8-gpu","bd/dna.100MB",8,262144,1000000,3211,3211,0,0.000,67.881,0.013,67.894,68.783,2704,88880960
"benchmark-example:dna-extra-8-gpu","bd/dna.100MB",8,262144,1000000,3211,3211,0,0.000,67.881,0.013,67.894,68.783,2705,88915548
"benchmark-example:dna-extra-8-gpu","bd/dna.100MB",8,262144,1000000,3211,3211,0,0.000,67.881,0.013,67.894,68.783,2706,88917565
"benchmark-example:dna-extra-8-gpu","bd/dna.100MB",8,262144,1000000,3211,3211,0,0.000,67.881,0.013,67.894,68.783,2707,89002736
"benchmark-example:dna-extra-8-gpu","bd/dna.100MB",8,262144,1000000,3211,3211,0,0.000,67.881,0.013,67.894,68.783,2708,89055966
"benchmark-example:dna-extra-8-gpu","bd/dna.100MB",8,262144,1000000,3211,3211,0,0.000,67.881,0.013,67.894,68.783,2709,89062526
"benchmark-example:dna-extra-8-gpu","bd/dna.100MB",8,262144,1000000,3211,3211,0,0.000,67.881,0.013,67.894,68.783,2710,89137328
"benchmark-example:dna-extra-8-gpu","bd/dna.100MB",8,262144,1000000,3211,3211,0,0.000,67.881,0.013,67.894,68.783,2711,89155110
"benchmark-example:dna-extra-8-gpu","bd/dna.100MB",8,262144,1000000,3211,3211,0,0.000,67.881,0.013,67.894,68.783,2712,89157580
"benchmark-example:dna-extra-8-gpu","bd/dna.100MB",8,262144,1000000,3211,3211,0,0.000,67.881,0.013,67.894,68.783,2713,89193311
"benchmark-example:dna-extra-8-gpu","bd/dna.100MB",8,262144,1000000,3211,3211,0,0.000,67.881,0.013,67.894,68.783,2714,89194657
"benchmark-example:dna-extra-8-gpu","bd/dna.100MB",8,262144,1000000,3211,3211,0,0.000,67.881,0.013,67.894,68.783,2715,89222280
"benchmark-example:dna-extra-8-gpu","bd/dna.100MB",8,262144,1000000,3211,3211,0,0.000,67.881,0.013,67.894,68.783,2716,89223946
"benchmark-example:dna-extra-8-gpu","bd/dna.100MB",8,262144,1000000,3211,3211,0,0.000,67.881,0.013,67.894,68.783,2717,89228551
"benchmark-example:dna-extra-8-gpu","bd/dna.100MB",8,262144,1000000,3211,3211,0,0.000,67.881,0.013,67.894,68.783,2718,89233207
"benchmark-example:dna-extra-8-gpu","bd/dna.100MB",8,262144,1000000,3211,3211,0,0.000,67.881,0.013,67.894,68.783,2719,89244720
"benchmark-example:dna-extra-8-gpu","bd/dna.100MB",8,262144,1000000,3211,3211,0,0.000,67.881,0.013,67.894,68.783,2720,89250036
"benchmark-example:dna-extra-8-gpu","bd/dna.100MB",8,262144,1000000,3211,3211,0,0.000,67.881,0.013,67.894,68.783,2721,89281350
"benchmark-example:dna-extra-8-gpu","bd/dna.100MB",8,262144,1000000,3211,3211,0,0.000,67.881,0.013,67.894,68.783,2722,89362612
"benchmark-example:dna-extra-8-gpu","bd/dna.100MB",8,262144,1000000,3211,3211,0,0.000,67.881,0.013,67.894,68.783,2723,89400796
"benchmark-example:dna-extra-8-gpu","bd/dna.100MB",8,262144,1000000,3211,3211,0,0.000,67.881,0.013,67.894,68.783,2724,89401819
"benchmark-example:dna-extra-8-gpu","bd/dna.100MB",8,262144,1000000,3211,3211,0,0.000,67.881,0.013,67.894,68.783,2725,89438101
"benchmark-example:dna-extra-8-gpu","bd/dna.100MB",8,262144,1000000,3211,3211,0,0.000,67.881,0.013,67.894,68.783,2726,89447781
"benchmark-example:dna-extra-8-gpu","bd/dna.100MB",8,262144,1000000,3211,3211,0,0.000,67.881,0.013,67.894,68.783,2727,89459778
"benchmark-example:dna-extra-8-gpu","bd/dna.100MB",8,262144,1000000,3211,3211,0,0.000,67.881,0.013,67.894,68.783,2728,89518974
"benchmark-example:dna-extra-8-gpu","bd/dna.100MB",8,262144,1000000,3211,3211,0,0.000,67.881,0.013,67.894,68.783,2729,89547455
"benchmark-example:dna-extra-8-gpu","bd/dna.100MB",8,262144,1000000,3211,3211,0,0.000,67.881,0.013,67.894,68.783,2730,89582880
"benchmark-example:dna-extra-8-gpu","bd/dna.100MB",8,262144,1000000,3211,3211,0,0.000,67.881,0.013,67.894,68.783,2731,89659864
"benchmark-example:dna-extra-8-gpu","bd/dna.100MB",8,262144,1000000,3211,3211,0,0.000,67.881,0.013,67.894,68.783,2732,89736683
"benchmark-example:dna-extra-8-gpu","bd/dna.100MB",8,262144,1000000,3211,3211,0,0.000,67.881,0.013,67.894,68.783,2733,89787794
"benchmark-example:dna-extra-8-gpu","bd/dna.100MB",8,262144,1000000,3211,3211,0,0.000,67.881,0.013,67.894,68.783,2734,89794942
"benchmark-example:dna-extra-8-gpu","bd/dna.100MB",8,262144,1000000,3211,3211,0,0.000,67.881,0.013,67.894,68.783,2735,89882253
"benchmark-example:dna-extra-8-gpu","bd/dna.100MB",8,262144,1000000,3211,3211,0,0.000,67.881,0.013,67.894,68.783,2736,89896188
"benchmark-example:dna-extra-8-gpu","bd/dna.100MB",8,262144,1000000,3211,3211,0,0.000,67.881,0.013,67.894,68.783,2737,89906017
"benchmark-example:dna-extra-8-gpu","bd/dna.100MB",8,262144,1000000,3211,3211,0,0.000,67.881,0.013,67.894,68.783,2738,89931908
"benchmark-example:dna-extra-8-gpu","bd/dna.100MB",8,262144,1000000,3211,3211,0,0.000,67.881,0.013,67.894,68.783,2739,89936897
"benchmark-example:dna-extra-8-gpu","bd/dna.100MB",8,262144,1000000,3211,3211,0,0.000,67.881,0.013,67.894,68.783,2740,89975166
"benchmark-example:dna-extra-8-gpu","bd/dna.100MB",8,262144,1000000,3211,3211,0,0.000,67.881,0.013,67.894,68.783,2741,89975432
"benchmark-example:dna-extra-8-gpu","bd/dna.100MB",8,262144,1000000,3211,3211,0,0.000,67.881,0.013,67.894,68.783,2742,90016587
"benchmark-example:dna-extra-8-gpu","bd/dna.100MB",8,262144,1000000,3211,3211,0,0.000,67.881,0.013,67.894,68.783,2743,90096091
"benchmark-example:dna-extra-8-gpu","bd/dna.100MB",8,262144,1000000,3211,3211,0,0.000,67.881,0.013,67.894,68.783,2744,90101235
"benchmark-example:dna-extra-8-gpu","bd/dna.100MB",8,262144,1000000,3211,3211,0,0.000,67.881,0.013,67.894,68.783,2745,90108934
"benchmark-example:dna-extra-8-gpu","bd/dna.100MB",8,262144,1000000,3211,3211,0,0.000,67.881,0.013,67.894,68.783,2746,90123850
"benchmark-example:dna-extra-8-gpu","bd/dna.100MB",8,262144,1000000,3211,3211,0,0.000,67.881,0.013,67.894,68.783,2747,90127238
"benchmark-example:dna-extra-8-gpu","bd/dna.100MB",8,262144,1000000,3211,3211,0,0.000,67.881,0.013,67.894,68.783,2748,90134511
"benchmark-example:dna-extra-8-gpu","bd/dna.100MB",8,262144,1000000,3211,3211,0,0.000,67.881,0.013,67.894,68.783,2749,90146236
"benchmark-example:dna-extra-8-gpu","bd/dna.100MB",8,262144,1000000,3211,3211,0,0.000,67.881,0.013,67.894,68.783,2750,90167881
"benchmark-example:dna-extra-8-gpu","bd/dna.100MB",8,262144,1000000,3211,3211,0,0.000,67.881,0.013,67.894,68.783,2751,90204865
"benchmark-example:dna-extra-8-gpu","bd/dna.100MB",8,262144,1000000,3211,3211,0,0.000,67.881,0.013,67.894,68.783,2752,90261331
"benchmark-example:dna-extra-8-gpu","bd/dna.100MB",8,262144,1000000,3211,3211,0,0.000,67.881,0.013,67.894,68.783,2753,90275245
"benchmark-example:dna-extra-8-gpu","bd/dna.100MB",8,262144,1000000,3211,3211,0,0.000,67.881,0.013,67.894,68.783,2754,90294197
"benchmark-example:dna-extra-8-gpu","bd/dna.100MB",8,262144,1000000,3211,3211,0,0.000,67.881,0.013,67.894,68.783,2755,90301492
"benchmark-example:dna-extra-8-gpu","bd/dna.100MB",8,262144,1000000,3211,3211,0,0.000,67.881,0.013,67.894,68.783,2756,90327367
"benchmark-example:dna-extra-8-gpu","bd/dna.100MB",8,262144,1000000,3211,3211,0,0.000,67.881,0.013,67.894,68.783,2757,90376296
"benchmark-example:dna-extra-8-gpu","bd/dna.100MB",8,262144,1000000,3211,3211,0,0.000,67.881,0.013,67.894,68.783,2758,90416306
"benchmark-example:dna-extra-8-gpu","bd/dna.100MB",8,262144,1000000,3211,3211,0,0.000,67.881,0.013,67.894,68.783,2759,90436068
"benchmark-example:dna-extra-8-gpu","bd/dna.100MB",8,262144,1000000,3211,3211,0,0.000,67.881,0.013,67.894,68.783,2760,90437718
"benchmark-example:dna-extra-8-gpu","bd/dna.100MB",8,262144,1000000,3211,3211,0,0.000,67.881,0.013,67.894,68.783,2761,90450056
"benchmark-example:dna-extra-8-gpu","bd/dna.100MB",8,262144,1000000,3211,3211,0,0.000,67.881,0.013,67.894,68.783,2762,90453908
"benchmark-example:dna-extra-8-gpu","bd/dna.100MB",8,262144,1000000,3211,3211,0,0.000,67.881,0.013,67.894,68.783,2763,90483082
"benchmark-example:dna-extra-8-gpu","bd/dna.100MB",8,262144,1000000,3211,3211,0,0.000,67.881,0.013,67.894,68.783,2764,90493009
"benchmark-example:dna-extra-8-gpu","bd/dna.100MB",8,262144,1000000,3211,3211,0,0.000,67.881,0.013,67.894,68.783,2765,90535699
"benchmark-example:dna-extra-8-gpu","bd/dna.100MB",8,262144,1000000,3211,3211,0,0.000,67.881,0.013,67.894,68.783,2766,90545405
"benchmark-example:dna-extra-8-gpu","bd/dna.100MB",8,262144,1000000,3211,3211,0,0.000,67.881,0.013,67.894,68.783,2767,90555360
"benchmark-example:dna-extra-8-gpu","bd/dna.100MB",8,262144,1000000,3211,3211,0,0.000,67.881,0.013,67.894,68.783,2768,90577574
"benchmark-example:dna-extra-8-gpu","bd/dna.100MB",8,262144,1000000,3211,3211,0,0.000,67.881,0.013,67.894,68.783,2769,90590987
"benchmark-example:dna-extra-8-gpu","bd/dna.100MB",8,262144,1000000,3211,3211,0,0.000,67.881,0.013,67.894,68.783,2770,90612729
"benchmark-example:dna-extra-8-gpu","bd/dna.100MB",8,262144,1000000,3211,3211,0,0.000,67.881,0.013,67.894,68.783,2771,90636068
"benchmark-example:dna-extra-8-gpu","bd/dna.100MB",8,262144,1000000,3211,3211,0,0.000,67.881,0.013,67.894,68.783,2772,90682126
"benchmark-example:dna-extra-8-gpu","bd/dna.100MB",8,262144,1000000,3211,3211,0,0.000,67.881,0.013,67.894,68.783,2773,90732059
"benchmark-example:dna-extra-8-gpu","bd/dna.100MB",8,262144,1000000,3211,3211,0,0.000,67.881,0.013,67.894,68.783,2774,90770689
"benchmark-example:dna-extra-8-gpu","bd/dna.100MB",8,262144,1000000,3211,3211,0,0.000,67.881,0.013,67.894,68.783,2775,90797015
"benchmark-example:dna-extra-8-gpu","bd/dna.100MB",8,262144,1000000,3211,3211,0,0.000,67.881,0.013,67.894,68.783,2776,90838959
"benchmark-example:dna-extra-8-gpu","bd/dna.100MB",8,262144,1000000,3211,3211,0,0.000,67.881,0.013,67.894,68.783,2777,90871440
"benchmark-example:dna-extra-8-gpu","bd/dna.100MB",8,262144,1000000,3211,3211,0,0.000,67.881,0.013,67.894,68.783,2778,90886276
"benchmark-example:dna-extra-8-gpu","bd/dna.100MB",8,262144,1000000,3211,3211,0,0.000,67.881,0.013,67.894,68.783,2779,90887357
"benchmark-example:dna-extra-8-gpu","bd/dna.100MB",8,262144,1000000,3211,3211,0,0.000,67.881,0.013,67.894,68.783,2780,90926030
"benchmark-example:dna-extra-8-gpu","bd/dna.100MB",8,262144,1000000,3211,3211,0,0.000,67.881,0.013,67.894,68.783,2781,90937481
"benchmark-example:dna-extra-8-gpu","bd/dna.100MB",8,262144,1000000,3211,3211,0,0.000,67.881,0.013,67.894,68.783,2782,90954086
"benchmark-example:dna-extra-8-gpu","bd/dna.100MB",8,262144,1000000,3211,3211,0,0.000,67.881,0.013,67.894,68.783,2783,91069275
"benchmark-example:dna-extra-8-gpu","bd/dna.100MB",8,262144,1000000,3211,3211,0,0.000,67.881,0.013,67.894,68.783,2784,91072294
"benchmark-example:dna-extra-8-gpu","bd/dna.100MB",8,262144,1000000,3211,3211,0,0.000,67.881,0.013,67.894,68.783,2785,91087309
"benchmark-example:dna-extra-8-gpu","bd/dna.100MB",8,262144,1000000,3211,3211,0,0.000,67.881,0.013,67.894,68.783,2786,91111179
"benchmark-example:dna-extra-8-gpu","bd/dna.100MB",8,262144,1000000,3211,3211,0,0.000,67.881,0.013,67.894,68.783,2787,91122574
"benchmark-example:dna-extra-8-gpu","bd/dna.100MB",8,262144,1000000,3211,3211,0,0.000,67.881,0.013,67.894,68.783,2788,91168296
"benchmark-example:dna-extra-8-gpu","bd/dna.100MB",8,262144,1000000,3211,3211,0,0.000,67.881,0.013,67.894,68.783,2789,91172677
"benchmark-example:dna-extra-8-gpu","bd/dna.100MB",8,262144,1000000,3211,3211,0,0.000,67.881,0.013,67.894,68.783,2790,91196451
"benchmark-example:dna-extra-8-gpu","bd/dna.100MB",8,262144,1000000,3211,3211,0,0.000,67.881,0.013,67.894,68.783,2791,91241197
"benchmark-example:dna-extra-8-gpu","bd/dna.100MB",8,262144,1000000,3211,3211,0,0.000,67.881,0.013,67.894,68.783,2792,91258254
"benchmark-example:dna-extra-8-gpu","bd/dna.100MB",8,262144,1000000,3211,3211,0,0.000,67.881,0.013,67.894,68.783,2793,91282726
"benchmark-example:dna-extra-8-gpu","bd/dna.100MB",8,262144,1000000,3211,3211,0,0.000,67.881,0.013,67.894,68.783,2794,91284349
"benchmark-example:dna-extra-8-gpu","bd/dna.100MB",8,262144,1000000,3211,3211,0,0.000,67.881,0.013,67.894,68.783,2795,91286575
"benchmark-example:dna-extra-8-gpu","bd/dna.100MB",8,262144,1000000,3211,3211,0,0.000,67.881,0.013,67.894,68.783,2796,91290639
"benchmark-example:dna-extra-8-gpu","bd/dna.100MB",8,262144,1000000,3211,3211,0,0.000,67.881,0.013,67.894,68.783,2797,91292391
"benchmark-example:dna-extra-8-gpu","bd/dna.100MB",8,262144,1000000,3211,3211,0,0.000,67.881,0.013,67.894,68.783,2798,91308284
"benchmark-example:dna-extra-8-gpu","bd/dna.100MB",8,262144,1000000,3211,3211,0,0.000,67.881,0.013,67.894,68.783,2799,91312236
"benchmark-example:dna-extra-8-gpu","bd/dna.100MB",8,262144,1000000,3211,3211,0,0.000,67.881,0.013,67.894,68.783,2800,91330707
"benchmark-example:dna-extra-8-gpu","bd/dna.100MB",8,262144,1000000,3211,3211,0,0.000,67.881,0.013,67.894,68.783,2801,91334470
"benchmark-example:dna-extra-8-gpu","bd/dna.100MB",8,262144,1000000,3211,3211,0,0.000,67.881,0.013,67.894,68.783,2802,91337398
"benchmark-example:dna-extra-8-gpu","bd/dna.100MB",8,262144,1000000,3211,3211,0,0.000,67.881,0.013,67.894,68.783,2803,91350612
"benchmark-example:dna-extra-8-gpu","bd/dna.100MB",8,262144,1000000,3211,3211,0,0.000,67.881,0.013,67.894,68.783,2804,91389068
"benchmark-example:dna-extra-8-gpu","bd/dna.100MB",8,262144,1000000,3211,3211,0,0.000,67.881,0.013,67.894,68.783,2805,91390691
"benchmark-example:dna-extra-8-gpu","bd/dna.100MB",8,262144,1000000,3211,3211,0,0.000,67.881,0.013,67.894,68.783,2806,91392917
"benchmark-example:dna-extra-8-gpu","bd/dna.100MB",8,262144,1000000,3211,3211,0,0.000,67.881,0.013,67.894,68.783,2807,91396981
"benchmark-example:dna-extra-8-gpu","bd/dna.100MB",8,262144,1000000,3211,3211,0,0.000,67.881,0.013,67.894,68.783,2808,91398733
"benchmark-example:dna-extra-8-gpu","bd/dna.100MB",8,262144,1000000,3211,3211,0,0.000,67.881,0.013,67.894,68.783,2809,91449554
"benchmark-example:dna-extra-8-gpu","bd/dna.100MB",8,262144,1000000,3211,3211,0,0.000,67.881,0.013,67.894,68.783,2810,91479439
"benchmark-example:dna-extra-8-gpu","bd/dna.100MB",8,262144,1000000,3211,3211,0,0.000,67.881,0.013,67.894,68.783,2811,91521507
"benchmark-example:dna-extra-8-gpu","bd/dna.100MB",8,262144,1000000,3211,3211,0,0.000,67.881,0.013,67.894,68.783,2812,91553926
"benchmark-example:dna-extra-8-gpu","bd/dna.100MB",8,262144,1000000,3211,3211,0,0.000,67.881,0.013,67.894,68.783,2813,91557135
"benchmark-example:dna-extra-8-gpu","bd/dna.100MB",8,262144,1000000,3211,3211,0,0.000,67.881,0.013,67.894,68.783,2814,91606349
"benchmark-example:dna-extra-8-gpu","bd/dna.100MB",8,262144,1000000,3211,3211,0,0.000,67.881,0.013,67.894,68.783,2815,91664027
"benchmark-example:dna-extra-8-gpu","bd/dna.100MB",8,262144,1000000,3211,3211,0,0.000,67.881,0.013,67.894,68.783,2816,91677191
"benchmark-example:dna-extra-8-gpu","bd/dna.100MB",8,262144,1000000,3211,3211,0,0.000,67.881,0.013,67.894,68.783,2817,91680998
"benchmark-example:dna-extra-8-gpu","bd/dna.100MB",8,262144,1000000,3211,3211,0,0.000,67.881,0.013,67.894,68.783,2818,91697197
"benchmark-example:dna-extra-8-gpu","bd/dna.100MB",8,262144,1000000,3211,3211,0,0.000,67.881,0.013,67.894,68.783,2819,91738036
"benchmark-example:dna-extra-8-gpu","bd/dna.100MB",8,262144,1000000,3211,3211,0,0.000,67.881,0.013,67.894,68.783,2820,91751993
"benchmark-example:dna-extra-8-gpu","bd/dna.100MB",8,262144,1000000,3211,3211,0,0.000,67.881,0.013,67.894,68.783,2821,91756554
"benchmark-example:dna-extra-8-gpu","bd/dna.100MB",8,262144,1000000,3211,3211,0,0.000,67.881,0.013,67.894,68.783,2822,91778637
"benchmark-example:dna-extra-8-gpu","bd/dna.100MB",8,262144,1000000,3211,3211,0,0.000,67.881,0.013,67.894,68.783,2823,91797909
"benchmark-example:dna-extra-8-gpu","bd/dna.100MB",8,262144,1000000,3211,3211,0,0.000,67.881,0.013,67.894,68.783,2824,91822994
"benchmark-example:dna-extra-8-gpu","bd/dna.100MB",8,262144,1000000,3211,3211,0,0.000,67.881,0.013,67.894,68.783,2825,91838144
"benchmark-example:dna-extra-8-gpu","bd/dna.100MB",8,262144,1000000,3211,3211,0,0.000,67.881,0.013,67.894,68.783,2826,91862482
"benchmark-example:dna-extra-8-gpu","bd/dna.100MB",8,262144,1000000,3211,3211,0,0.000,67.881,0.013,67.894,68.783,2827,91924065
"benchmark-example:dna-extra-8-gpu","bd/dna.100MB",8,262144,1000000,3211,3211,0,0.000,67.881,0.013,67.894,68.783,2828,91951335
"benchmark-example:dna-extra-8-gpu","bd/dna.100MB",8,262144,1000000,3211,3211,0,0.000,67.881,0.013,67.894,68.783,2829,91977267
"benchmark-example:dna-extra-8-gpu","bd/dna.100MB",8,262144,1000000,3211,3211,0,0.000,67.881,0.013,67.894,68.783,2830,91983750
"benchmark-example:dna-extra-8-gpu","bd/dna.100MB",8,262144,1000000,3211,3211,0,0.000,67.881,0.013,67.894,68.783,2831,92002147
"benchmark-example:dna-extra-8-gpu","bd/dna.100MB",8,262144,1000000,3211,3211,0,0.000,67.881,0.013,67.894,68.783,2832,92021182
"benchmark-example:dna-extra-8-gpu","bd/dna.100MB",8,262144,1000000,3211,3211,0,0.000,67.881,0.013,67.894,68.783,2833,92026961
"benchmark-example:dna-extra-8-gpu","bd/dna.100MB",8,262144,1000000,3211,3211,0,0.000,67.881,0.013,67.894,68.783,2834,92121714
"benchmark-example:dna-extra-8-gpu","bd/dna.100MB",8,262144,1000000,3211,3211,0,0.000,67.881,0.013,67.894,68.783,2835,92122676
"benchmark-example:dna-extra-8-gpu","bd/dna.100MB",8,262144,1000000,3211,3211,0,0.000,67.881,0.013,67.894,68.783,2836,92123205
"benchmark-example:dna-extra-8-gpu","bd/dna.100MB",8,262144,1000000,3211,3211,0,0.000,67.881,0.013,67.894,68.783,2837,92167773
"benchmark-example:dna-extra-8-gpu","bd/dna.100MB",8,262144,1000000,3211,3211,0,0.000,67.881,0.013,67.894,68.783,2838,92194226
"benchmark-example:dna-extra-8-gpu","bd/dna.100MB",8,262144,1000000,3211,3211,0,0.000,67.881,0.013,67.894,68.783,2839,92198192
"benchmark-example:dna-extra-8-gpu","bd/dna.100MB",8,262144,1000000,3211,3211,0,0.000,67.881,0.013,67.894,68.783,2840,92211988
"benchmark-example:dna-extra-8-gpu","bd/dna.100MB",8,262144,1000000,3211,3211,0,0.000,67.881,0.013,67.894,68.783,2841,92217547
"benchmark-example:dna-extra-8-gpu","bd/dna.100MB",8,262144,1000000,3211,3211,0,0.000,67.881,0.013,67.894,68.783,2842,92219089
"benchmark-example:dna-extra-8-gpu","bd/dna.100MB",8,262144,1000000,3211,3211,0,0.000,67.881,0.013,67.894,68.783,2843,92274815
"benchmark-example:dna-extra-8-gpu","bd/dna.100MB",8,262144,1000000,3211,3211,0,0.000,67.881,0.013,67.894,68.783,2844,92355478
"benchmark-example:dna-extra-8-gpu","bd/dna.100MB",8,262144,1000000,3211,3211,0,0.000,67.881,0.013,67.894,68.783,2845,92361038
"benchmark-example:dna-extra-8-gpu","bd/dna.100MB",8,262144,1000000,3211,3211,0,0.000,67.881,0.013,67.894,68.783,2846,92380474
"benchmark-example:dna-extra-8-gpu","bd/dna.100MB",8,262144,1000000,3211,3211,0,0.000,67.881,0.013,67.894,68.783,2847,92392308
"benchmark-example:dna-extra-8-gpu","bd/dna.100MB",8,262144,1000000,3211,3211,0,0.000,67.881,0.013,67.894,68.783,2848,92400386
"benchmark-example:dna-extra-8-gpu","bd/dna.100MB",8,262144,1000000,3211,3211,0,0.000,67.881,0.013,67.894,68.783,2849,92468680
"benchmark-example:dna-extra-8-gpu","bd/dna.100MB",8,262144,1000000,3211,3211,0,0.000,67.881,0.013,67.894,68.783,2850,92475101
"benchmark-example:dna-extra-8-gpu","bd/dna.100MB",8,262144,1000000,3211,3211,0,0.000,67.881,0.013,67.894,68.783,2851,92505800
"benchmark-example:dna-extra-8-gpu","bd/dna.100MB",8,262144,1000000,3211,3211,0,0.000,67.881,0.013,67.894,68.783,2852,92527998
"benchmark-example:dna-extra-8-gpu","bd/dna.100MB",8,262144,1000000,3211,3211,0,0.000,67.881,0.013,67.894,68.783,2853,92569761
"benchmark-example:dna-extra-8-gpu","bd/dna.100MB",8,262144,1000000,3211,3211,0,0.000,67.881,0.013,67.894,68.783,2854,92628224
"benchmark-example:dna-extra-8-gpu","bd/dna.100MB",8,262144,1000000,3211,3211,0,0.000,67.881,0.013,67.894,68.783,2855,92692439
"benchmark-example:dna-extra-8-gpu","bd/dna.100MB",8,262144,1000000,3211,3211,0,0.000,67.881,0.013,67.894,68.783,2856,92718410
"benchmark-example:dna-extra-8-gpu","bd/dna.100MB",8,262144,1000000,3211,3211,0,0.000,67.881,0.013,67.894,68.783,2857,92726735
"benchmark-example:dna-extra-8-gpu","bd/dna.100MB",8,262144,1000000,3211,3211,0,0.000,67.881,0.013,67.894,68.783,2858,92753284
"benchmark-example:dna-extra-8-gpu","bd/dna.100MB",8,262144,1000000,3211,3211,0,0.000,67.881,0.013,67.894,68.783,2859,92772175
"benchmark-example:dna-extra-8-gpu","bd/dna.100MB",8,262144,1000000,3211,3211,0,0.000,67.881,0.013,67.894,68.783,2860,92829706
"benchmark-example:dna-extra-8-gpu","bd/dna.100MB",8,262144,1000000,3211,3211,0,0.000,67.881,0.013,67.894,68.783,2861,92880429
"benchmark-example:dna-extra-8-gpu","bd/dna.100MB",8,262144,1000000,3211,3211,0,0.000,67.881,0.013,67.894,68.783,2862,92906288
"benchmark-example:dna-extra-8-gpu","bd/dna.100MB",8,262144,1000000,3211,3211,0,0.000,67.881,0.013,67.894,68.783,2863,92923978
"benchmark-example:dna-extra-8-gpu","bd/dna.100MB",8,262144,1000000,3211,3211,0,0.000,67.881,0.013,67.894,68.783,2864,92938612
"benchmark-example:dna-extra-8-gpu","bd/dna.100MB",8,262144,1000000,3211,3211,0,0.000,67.881,0.013,67.894,68.783,2865,93024560
"benchmark-example:dna-extra-8-gpu","bd/dna.100MB",8,262144,1000000,3211,3211,0,0.000,67.881,0.013,67.894,68.783,2866,93061186
"benchmark-example:dna-extra-8-gpu","bd/dna.100MB",8,262144,1000000,3211,3211,0,0.000,67.881,0.013,67.894,68.783,2867,93084308
"benchmark-example:dna-extra-8-gpu","bd/dna.100MB",8,262144,1000000,3211,3211,0,0.000,67.881,0.013,67.894,68.783,2868,93091481
"benchmark-example:dna-extra-8-gpu","bd/dna.100MB",8,262144,1000000,3211,3211,0,0.000,67.881,0.013,67.894,68.783,2869,93116805
"benchmark-example:dna-extra-8-gpu","bd/dna.100MB",8,262144,1000000,3211,3211,0,0.000,67.881,0.013,67.894,68.783,2870,93175785
"benchmark-example:dna-extra-8-gpu","bd/dna.100MB",8,262144,1000000,3211,3211,0,0.000,67.881,0.013,67.894,68.783,2871,93193523
"benchmark-example:dna-extra-8-gpu","bd/dna.100MB",8,262144,1000000,3211,3211,0,0.000,67.881,0.013,67.894,68.783,2872,93199823
"benchmark-example:dna-extra-8-gpu","bd/dna.100MB",8,262144,1000000,3211,3211,0,0.000,67.881,0.013,67.894,68.783,2873,93203372
"benchmark-example:dna-extra-8-gpu","bd/dna.100MB",8,262144,1000000,3211,3211,0,0.000,67.881,0.013,67.894,68.783,2874,93250973
"benchmark-example:dna-extra-8-gpu","bd/dna.100MB",8,262144,1000000,3211,3211,0,0.000,67.881,0.013,67.894,68.783,2875,93262436
"benchmark-example:dna-extra-8-gpu","bd/dna.100MB",8,262144,1000000,3211,3211,0,0.000,67.881,0.013,67.894,68.783,2876,93266288
"benchmark-example:dna-extra-8-gpu","bd/dna.100MB",8,262144,1000000,3211,3211,0,0.000,67.881,0.013,67.894,68.783,2877,93315480
"benchmark-example:dna-extra-8-gpu","bd/dna.100MB",8,262144,1000000,3211,3211,0,0.000,67.881,0.013,67.894,68.783,2878,93375080
"benchmark-example:dna-extra-8-gpu","bd/dna.100MB",8,262144,1000000,3211,3211,0,0.000,67.881,0.013,67.894,68.783,2879,93376113
"benchmark-example:dna-extra-8-gpu","bd/dna.100MB",8,262144,1000000,3211,3211,0,0.000,67.881,0.013,67.894,68.783,2880,93454261
"benchmark-example:dna-extra-8-gpu","bd/dna.100MB",8,262144,1000000,3211,3211,0,0.000,67.881,0.013,67.894,68.783,2881,93510619
"benchmark-example:dna-extra-8-gpu","bd/dna.100MB",8,262144,1000000,3211,3211,0,0.000,67.881,0.013,67.894,68.783,2882,93547097
"benchmark-example:dna-extra-8-gpu","bd/dna.100MB",8,262144,1000000,3211,3211,0,0.000,67.881,0.013,67.894,68.783,2883,93578940
"benchmark-example:dna-extra-8-gpu","bd/dna.100MB",8,262144,1000000,3211,3211,0,0.000,67.881,0.013,67.894,68.783,2884,93582355
"benchmark-example:dna-extra-8-gpu","bd/dna.100MB",8,262144,1000000,3211,3211,0,0.000,67.881,0.013,67.894,68.783,2885,93620883
"benchmark-example:dna-extra-8-gpu","bd/dna.100MB",8,262144,1000000,3211,3211,0,0.000,67.881,0.013,67.894,68.783,2886,93627391
"benchmark-example:dna-extra-8-gpu","bd/dna.100MB",8,262144,1000000,3211,3211,0,0.000,67.881,0.013,67.894,68.783,2887,93677874
"benchmark-example:dna-extra-8-gpu","bd/dna.100MB",8,262144,1000000,3211,3211,0,0.000,67.881,0.013,67.894,68.783,2888,93683694
"benchmark-example:dna-extra-8-gpu","bd/dna.100MB",8,262144,1000000,3211,3211,0,0.000,67.881,0.013,67.894,68.783,2889,93699051
"benchmark-example:dna-extra-8-gpu","bd/dna.100MB",8,262144,1000000,3211,3211,0,0.000,67.881,0.013,67.894,68.783,2890,93716962
"benchmark-example:dna-extra-8-gpu","bd/dna.100MB",8,262144,1000000,3211,3211,0,0.000,67.881,0.013,67.894,68.783,2891,93719288
"benchmark-example:dna-extra-8-gpu","bd/dna.100MB",8,262144,1000000,3211,3211,0,0.000,67.881,0.013,67.894,68.783,2892,93727052
"benchmark-example:dna-extra-8-gpu","bd/dna.100MB",8,262144,1000000,3211,3211,0,0.000,67.881,0.013,67.894,68.783,2893,93831455
"benchmark-example:dna-extra-8-gpu","bd/dna.100MB",8,262144,1000000,3211,3211,0,0.000,67.881,0.013,67.894,68.783,2894,93839789
"benchmark-example:dna-extra-8-gpu","bd/dna.100MB",8,262144,1000000,3211,3211,0,0.000,67.881,0.013,67.894,68.783,2895,93849340
"benchmark-example:dna-extra-8-gpu","bd/dna.100MB",8,262144,1000000,3211,3211,0,0.000,67.881,0.013,67.894,68.783,2896,93915889
"benchmark-example:dna-extra-8-gpu","bd/dna.100MB",8,262144,1000000,3211,3211,0,0.000,67.881,0.013,67.894,68.783,2897,93990948
"benchmark-example:dna-extra-8-gpu","bd/dna.100MB",8,262144,1000000,3211,3211,0,0.000,67.881,0.013,67.894,68.783,2898,94009220
"benchmark-example:dna-extra-8-gpu","bd/dna.100MB",8,262144,1000000,3211,3211,0,0.000,67.881,0.013,67.894,68.783,2899,94025903
"benchmark-example:dna-extra-8-gpu","bd/dna.100MB",8,262144,1000000,3211,3211,0,0.000,67.881,0.013,67.894,68.783,2900,94048912
"benchmark-example:dna-extra-8-gpu","bd/dna.100MB",8,262144,1000000,3211,3211,0,0.000,67.881,0.013,67.894,68.783,2901,94076926
"benchmark-example:dna-extra-8-gpu","bd/dna.100MB",8,262144,1000000,3211,3211,0,0.000,67.881,0.013,67.894,68.783,2902,94156188
"benchmark-example:dna-extra-8-gpu","bd/dna.100MB",8,262144,1000000,3211,3211,0,0.000,67.881,0.013,67.894,68.783,2903,94163736
"benchmark-example:dna-extra-8-gpu","bd/dna.100MB",8,262144,1000000,3211,3211,0,0.000,67.881,0.013,67.894,68.783,2904,94168745
"benchmark-example:dna-extra-8-gpu","bd/dna.100MB",8,262144,1000000,3211,3211,0,0.000,67.881,0.013,67.894,68.783,2905,94174871
"benchmark-example:dna-extra-8-gpu","bd/dna.100MB",8,262144,1000000,3211,3211,0,0.000,67.881,0.013,67.894,68.783,2906,94214440
"benchmark-example:dna-extra-8-gpu","bd/dna.100MB",8,262144,1000000,3211,3211,0,0.000,67.881,0.013,67.894,68.783,2907,94224810
"benchmark-example:dna-extra-8-gpu","bd/dna.100MB",8,262144,1000000,3211,3211,0,0.000,67.881,0.013,67.894,68.783,2908,94237218
"benchmark-example:dna-extra-8-gpu","bd/dna.100MB",8,262144,1000000,3211,3211,0,0.000,67.881,0.013,67.894,68.783,2909,94252885
"benchmark-example:dna-extra-8-gpu","bd/dna.100MB",8,262144,1000000,3211,3211,0,0.000,67.881,0.013,67.894,68.783,2910,94296008
"benchmark-example:dna-extra-8-gpu","bd/dna.100MB",8,262144,1000000,3211,3211,0,0.000,67.881,0.013,67.894,68.783,2911,94345191
"benchmark-example:dna-extra-8-gpu","bd/dna.100MB",8,262144,1000000,3211,3211,0,0.000,67.881,0.013,67.894,68.783,2912,94346863
"benchmark-example:dna-extra-8-gpu","bd/dna.100MB",8,262144,1000000,3211,3211,0,0.000,67.881,0.013,67.894,68.783,2913,94448345
"benchmark-example:dna-extra-8-gpu","bd/dna.100MB",8,262144,1000000,3211,3211,0,0.000,67.881,0.013,67.894,68.783,2914,94502912
"benchmark-example:dna-extra-8-gpu","bd/dna.100MB",8,262144,1000000,3211,3211,0,0.000,67.881,0.013,67.894,68.783,2915,94565714
"benchmark-example:dna-extra-8-gpu","bd/dna.100MB",8,262144,1000000,3211,3211,0,0.000,67.881,0.013,67.894,68.783,2916,94625614
"benchmark-example:dna-extra-8-gpu","bd/dna.100MB",8,262144,1000000,3211,3211,0,0.000,67.881,0.013,67.894,68.783,2917,94639296
"benchmark-example:dna-extra-8-gpu","bd/dna.100MB",8,262144,1000000,3211,3211,0,0.000,67.881,0.013,67.894,68.783,2918,94688715
"benchmark-example:dna-extra-8-gpu","bd/dna.100MB",8,262144,1000000,3211,3211,0,0.000,67.881,0.013,67.894,68.783,2919,94694583
"benchmark-example:dna-extra-8-gpu","bd/dna.100MB",8,262144,1000000,3211,3211,0,0.000,67.881,0.013,67.894,68.783,2920,94732883
"benchmark-example:dna-extra-8-gpu","bd/dna.100MB",8,262144,1000000,3211,3211,0,0.000,67.881,0.013,67.894,68.783,2921,94745130
"benchmark-example:dna-extra-8-gpu","bd/dna.100MB",8,262144,1000000,3211,3211,0,0.000,67.881,0.013,67.894,68.783,2922,94759324
"benchmark-example:dna-extra-8-gpu","bd/dna.100MB",8,262144,1000000,3211,3211,0,0.000,67.881,0.013,67.894,68.783,2923,94845698
"benchmark-example:dna-extra-8-gpu","bd/dna.100MB",8,262144,1000000,3211,3211,0,0.000,67.881,0.013,67.894,68.783,2924,94854178
"benchmark-example:dna-extra-8-gpu","bd/dna.100MB",8,262144,1000000,3211,3211,0,0.000,67.881,0.013,67.894,68.783,2925,94866920
"benchmark-example:dna-extra-8-gpu","bd/dna.100MB",8,262144,1000000,3211,3211,0,0.000,67.881,0.013,67.894,68.783,2926,94957555
"benchmark-example:dna-extra-8-gpu","bd/dna.100MB",8,262144,1000000,3211,3211,0,0.000,67.881,0.013,67.894,68.783,2927,94994917
"benchmark-example:dna-extra-8-gpu","bd/dna.100MB",8,262144,1000000,3211,3211,0,0.000,67.881,0.013,67.894,68.783,2928,95004351
"benchmark-example:dna-extra-8-gpu","bd/dna.100MB",8,262144,1000000,3211,3211,0,0.000,67.881,0.013,67.894,68.783,2929,95031947
"benchmark-example:dna-extra-8-gpu","bd/dna.100MB",8,262144,1000000,3211,3211,0,0.000,67.881,0.013,67.894,68.783,2930,95064454
"benchmark-example:dna-extra-8-gpu","bd/dna.100MB",8,262144,1000000,3211,3211,0,0.000,67.881,0.013,67.894,68.783,2931,95078459
"benchmark-example:dna-extra-8-gpu","bd/dna.100MB",8,262144,1000000,3211,3211,0,0.000,67.881,0.013,67.894,68.783,2932,95082295
"benchmark-example:dna-extra-8-gpu","bd/dna.100MB",8,262144,1000000,3211,3211,0,0.000,67.881,0.013,67.894,68.783,2933,95235909
"benchmark-example:dna-extra-8-gpu","bd/dna.100MB",8,262144,1000000,3211,3211,0,0.000,67.881,0.013,67.894,68.783,2934,95266471
"benchmark-example:dna-extra-8-gpu","bd/dna.100MB",8,262144,1000000,3211,3211,0,0.000,67.881,0.013,67.894,68.783,2935,95272309
"benchmark-example:dna-extra-8-gpu","bd/dna.100MB",8,262144,1000000,3211,3211,0,0.000,67.881,0.013,67.894,68.783,2936,95282435
"benchmark-example:dna-extra-8-gpu","bd/dna.100MB",8,262144,1000000,3211,3211,0,0.000,67.881,0.013,67.894,68.783,2937,95282853
"benchmark-example:dna-extra-8-gpu","bd/dna.100MB",8,262144,1000000,3211,3211,0,0.000,67.881,0.013,67.894,68.783,2938,95295885
"benchmark-example:dna-extra-8-gpu","bd/dna.100MB",8,262144,1000000,3211,3211,0,0.000,67.881,0.013,67.894,68.783,2939,95344356
"benchmark-example:dna-extra-8-gpu","bd/dna.100MB",8,262144,1000000,3211,3211,0,0.000,67.881,0.013,67.894,68.783,2940,95393369
"benchmark-example:dna-extra-8-gpu","bd/dna.100MB",8,262144,1000000,3211,3211,0,0.000,67.881,0.013,67.894,68.783,2941,95422598
"benchmark-example:dna-extra-8-gpu","bd/dna.100MB",8,262144,1000000,3211,3211,0,0.000,67.881,0.013,67.894,68.783,2942,95432398
"benchmark-example:dna-extra-8-gpu","bd/dna.100MB",8,262144,1000000,3211,3211,0,0.000,67.881,0.013,67.894,68.783,2943,95461479
"benchmark-example:dna-extra-8-gpu","bd/dna.100MB",8,262144,1000000,3211,3211,0,0.000,67.881,0.013,67.894,68.783,2944,95523238
"benchmark-example:dna-extra-8-gpu","bd/dna.100MB",8,262144,1000000,3211,3211,0,0.000,67.881,0.013,67.894,68.783,2945,95553158
"benchmark-example:dna-extra-8-gpu","bd/dna.100MB",8,262144,1000000,3211,3211,0,0.000,67.881,0.013,67.894,68.783,2946,95593553
"benchmark-example:dna-extra-8-gpu","bd/dna.100MB",8,262144,1000000,3211,3211,0,0.000,67.881,0.013,67.894,68.783,2947,95602241
"benchmark-example:dna-extra-8-gpu","bd/dna.100MB",8,262144,1000000,3211,3211,0,0.000,67.881,0.013,67.894,68.783,2948,95616708
"benchmark-example:dna-extra-8-gpu","bd/dna.100MB",8,262144,1000000,3211,3211,0,0.000,67.881,0.013,67.894,68.783,2949,95660232
"benchmark-example:dna-extra-8-gpu","bd/dna.100MB",8,262144,1000000,3211,3211,0,0.000,67.881,0.013,67.894,68.783,2950,95762572
"benchmark-example:dna-extra-8-gpu","bd/dna.100MB",8,262144,1000000,3211,3211,0,0.000,67.881,0.013,67.894,68.783,2951,95767740
"benchmark-example:dna-extra-8-gpu","bd/dna.100MB",8,262144,1000000,3211,3211,0,0.000,67.881,0.013,67.894,68.783,2952,95775293
"benchmark-example:dna-extra-8-gpu","bd/dna.100MB",8,262144,1000000,3211,3211,0,0.000,67.881,0.013,67.894,68.783,2953,95861281
"benchmark-example:dna-extra-8-gpu","bd/dna.100MB",8,262144,1000000,3211,3211,0,0.000,67.881,0.013,67.894,68.783,2954,95936082
"benchmark-example:dna-extra-8-gpu","bd/dna.100MB",8,262144,1000000,3211,3211,0,0.000,67.881,0.013,67.894,68.783,2955,96027782
"benchmark-example:dna-extra-8-gpu","bd/dna.100MB",8,262144,1000000,3211,3211,0,0.000,67.881,0.013,67.894,68.783,2956,96091184
"benchmark-example:dna-extra-8-gpu","bd/dna.100MB",8,262144,1000000,3211,3211,0,0.000,67.881,0.013,67.894,68.783,2957,96099019
"benchmark-example:dna-extra-8-gpu","bd/dna.100MB",8,262144,1000000,3211,3211,0,0.000,67.881,0.013,67.894,68.783,2958,96140540
"benchmark-example:dna-extra-8-gpu","bd/dna.100MB",8,262144,1000000,3211,3211,0,0.000,67.881,0.013,67.894,68.783,2959,96152552
"benchmark-example:dna-extra-8-gpu","bd/dna.100MB",8,262144,1000000,3211,3211,0,0.000,67.881,0.013,67.894,68.783,2960,96176178
"benchmark-example:dna-extra-8-gpu","bd/dna.100MB",8,262144,1000000,3211,3211,0,0.000,67.881,0.013,67.894,68.783,2961,96241404
"benchmark-example:dna-extra-8-gpu","bd/dna.100MB",8,262144,1000000,3211,3211,0,0.000,67.881,0.013,67.894,68.783,2962,96259896
"benchmark-example:dna-extra-8-gpu","bd/dna.100MB",8,262144,1000000,3211,3211,0,0.000,67.881,0.013,67.894,68.783,2963,96261143
"benchmark-example:dna-extra-8-gpu","bd/dna.100MB",8,262144,1000000,3211,3211,0,0.000,67.881,0.013,67.894,68.783,2964,96274105
"benchmark-example:dna-extra-8-gpu","bd/dna.100MB",8,262144,1000000,3211,3211,0,0.000,67.881,0.013,67.894,68.783,2965,96303530
"benchmark-example:dna-extra-8-gpu","bd/dna.100MB",8,262144,1000000,3211,3211,0,0.000,67.881,0.013,67.894,68.783,2966,96309566
"benchmark-example:dna-extra-8-gpu","bd/dna.100MB",8,262144,1000000,3211,3211,0,0.000,67.881,0.013,67.894,68.783,2967,96310372
"benchmark-example:dna-extra-8-gpu","bd/dna.100MB",8,262144,1000000,3211,3211,0,0.000,67.881,0.013,67.894,68.783,2968,96314399
"benchmark-example:dna-extra-8-gpu","bd/dna.100MB",8,262144,1000000,3211,3211,0,0.000,67.881,0.013,67.894,68.783,2969,96315406
"benchmark-example:dna-extra-8-gpu","bd/dna.100MB",8,262144,1000000,3211,3211,0,0.000,67.881,0.013,67.894,68.783,2970,96330704
"benchmark-example:dna-extra-8-gpu","bd/dna.100MB",8,262144,1000000,3211,3211,0,0.000,67.881,0.013,67.894,68.783,2971,96401521
"benchmark-example:dna-extra-8-gpu","bd/dna.100MB",8,262144,1000000,3211,3211,0,0.000,67.881,0.013,67.894,68.783,2972,96477662
"benchmark-example:dna-extra-8-gpu","bd/dna.100MB",8,262144,1000000,3211,3211,0,0.000,67.881,0.013,67.894,68.783,2973,96488715
"benchmark-example:dna-extra-8-gpu","bd/dna.100MB",8,262144,1000000,3211,3211,0,0.000,67.881,0.013,67.894,68.783,2974,96575598
"benchmark-example:dna-extra-8-gpu","bd/dna.100MB",8,262144,1000000,3211,3211,0,0.000,67.881,0.013,67.894,68.783,2975,96687719
"benchmark-example:dna-extra-8-gpu","bd/dna.100MB",8,262144,1000000,3211,3211,0,0.000,67.881,0.013,67.894,68.783,2976,96738356
"benchmark-example:dna-extra-8-gpu","bd/dna.100MB",8,262144,1000000,3211,3211,0,0.000,67.881,0.013,67.894,68.783,2977,96744277
"benchmark-example:dna-extra-8-gpu","bd/dna.100MB",8,262144,1000000,3211,3211,0,0.000,67.881,0.013,67.894,68.783,2978,96745281
"benchmark-example:dna-extra-8-gpu","bd/dna.100MB",8,262144,1000000,3211,3211,0,0.000,67.881,0.013,67.894,68.783,2979,96746192
"benchmark-example:dna-extra-8-gpu","bd/dna.100MB",8,262144,1000000,3211,3211,0,0.000,67.881,0.013,67.894,68.783,2980,96773668
"benchmark-example:dna-extra-8-gpu","bd/dna.100MB",8,262144,1000000,3211,3211,0,0.000,67.881,0.013,67.894,68.783,2981,96792173
"benchmark-example:dna-extra-8-gpu","bd/dna.100MB",8,262144,1000000,3211,3211,0,0.000,67.881,0.013,67.894,68.783,2982,96991470
"benchmark-example:dna-extra-8-gpu","bd/dna.100MB",8,262144,1000000,3211,3211,0,0.000,67.881,0.013,67.894,68.783,2983,97040584
"benchmark-example:dna-extra-8-gpu","bd/dna.100MB",8,262144,1000000,3211,3211,0,0.000,67.881,0.013,67.894,68.783,2984,97102971
"benchmark-example:dna-extra-8-gpu","bd/dna.100MB",8,262144,1000000,3211,3211,0,0.000,67.881,0.013,67.894,68.783,2985,97116298
"benchmark-example:dna-extra-8-gpu","bd/dna.100MB",8,262144,1000000,3211,3211,0,0.000,67.881,0.013,67.894,68.783,2986,97213895
"benchmark-example:dna-extra-8-gpu","bd/dna.100MB",8,262144,1000000,3211,3211,0,0.000,67.881,0.013,67.894,68.783,2987,97340526
"benchmark-example:dna-extra-8-gpu","bd/dna.100MB",8,262144,1000000,3211,3211,0,0.000,67.881,0.013,67.894,68.783,2988,97356611
"benchmark-example:dna-extra-8-gpu","bd/dna.100MB",8,262144,1000000,3211,3211,0,0.000,67.881,0.013,67.894,68.783,2989,97389747
"benchmark-example:dna-extra-8-gpu","bd/dna.100MB",8,262144,1000000,3211,3211,0,0.000,67.881,0.013,67.894,68.783,2990,97415638
"benchmark-example:dna-extra-8-gpu","bd/dna.100MB",8,262144,1000000,3211,3211,0,0.000,67.881,0.013,67.894,68.783,2991,97428737
"benchmark-example:dna-extra-8-gpu","bd/dna.100MB",8,262144,1000000,3211,3211,0,0.000,67.881,0.013,67.894,68.783,2992,97463453
"benchmark-example:dna-extra-8-gpu","bd/dna.100MB",8,262144,1000000,3211,3211,0,0.000,67.881,0.013,67.894,68.783,2993,97471592
"benchmark-example:dna-extra-8-gpu","bd/dna.100MB",8,262144,1000000,3211,3211,0,0.000,67.881,0.013,67.894,68.783,2994,97510969
"benchmark-example:dna-extra-8-gpu","bd/dna.100MB",8,262144,1000000,3211,3211,0,0.000,67.881,0.013,67.894,68.783,2995,97534229
"benchmark-example:dna-extra-8-gpu","bd/dna.100MB",8,262144,1000000,3211,3211,0,0.000,67.881,0.013,67.894,68.783,2996,97568683
"benchmark-example:dna-extra-8-gpu","bd/dna.100MB",8,262144,1000000,3211,3211,0,0.000,67.881,0.013,67.894,68.783,2997,97586631
"benchmark-example:dna-extra-8-gpu","bd/dna.100MB",8,262144,1000000,3211,3211,0,0.000,67.881,0.013,67.894,68.783,2998,97591306
"benchmark-example:dna-extra-8-gpu","bd/dna.100MB",8,262144,1000000,3211,3211,0,0.000,67.881,0.013,67.894,68.783,2999,97703863
"benchmark-example:dna-extra-8-gpu","bd/dna.100MB",8,262144,1000000,3211,3211,0,0.000,67.881,0.013,67.894,68.783,3000,97737837
"benchmark-example:dna-extra-8-gpu","bd/dna.100MB",8,262144,1000000,3211,3211,0,0.000,67.881,0.013,67.894,68.783,3001,97756023
"benchmark-example:dna-extra-8-gpu","bd/dna.100MB",8,262144,1000000,3211,3211,0,0.000,67.881,0.013,67.894,68.783,3002,97772372
"benchmark-example:dna-extra-8-gpu","bd/dna.100MB",8,262144,1000000,3211,3211,0,0.000,67.881,0.013,67.894,68.783,3003,97781627
"benchmark-example:dna-extra-8-gpu","bd/dna.100MB",8,262144,1000000,3211,3211,0,0.000,67.881,0.013,67.894,68.783,3004,97803131
"benchmark-example:dna-extra-8-gpu","bd/dna.100MB",8,262144,1000000,3211,3211,0,0.000,67.881,0.013,67.894,68.783,3005,97816681
"benchmark-example:dna-extra-8-gpu","bd/dna.100MB",8,262144,1000000,3211,3211,0,0.000,67.881,0.013,67.894,68.783,3006,97823336
"benchmark-example:dna-extra-8-gpu","bd/dna.100MB",8,262144,1000000,3211,3211,0,0.000,67.881,0.013,67.894,68.783,3007,97843685
"benchmark-example:dna-extra-8-gpu","bd/dna.100MB",8,262144,1000000,3211,3211,0,0.000,67.881,0.013,67.894,68.783,3008,97856032
"benchmark-example:dna-extra-8-gpu","bd/dna.100MB",8,262144,1000000,3211,3211,0,0.000,67.881,0.013,67.894,68.783,3009,97864548
"benchmark-example:dna-extra-8-gpu","bd/dna.100MB",8,262144,1000000,3211,3211,0,0.000,67.881,0.013,67.894,68.783,3010,97868424
"benchmark-example:dna-extra-8-gpu","bd/dna.100MB",8,262144,1000000,3211,3211,0,0.000,67.881,0.013,67.894,68.783,3011,97886535
"benchmark-example:dna-extra-8-gpu","bd/dna.100MB",8,262144,1000000,3211,3211,0,0.000,67.881,0.013,67.894,68.783,3012,97912170
"benchmark-example:dna-extra-8-gpu","bd/dna.100MB",8,262144,1000000,3211,3211,0,0.000,67.881,0.013,67.894,68.783,3013,97987221
"benchmark-example:dna-extra-8-gpu","bd/dna.100MB",8,262144,1000000,3211,3211,0,0.000,67.881,0.013,67.894,68.783,3014,98051270
"benchmark-example:dna-extra-8-gpu","bd/dna.100MB",8,262144,1000000,3211,3211,0,0.000,67.881,0.013,67.894,68.783,3015,98069752
"benchmark-example:dna-extra-8-gpu","bd/dna.100MB",8,262144,1000000,3211,3211,0,0.000,67.881,0.013,67.894,68.783,3016,98236018
"benchmark-example:dna-extra-8-gpu","bd/dna.100MB",8,262144,1000000,3211,3211,0,0.000,67.881,0.013,67.894,68.783,3017,98266346
"benchmark-example:dna-extra-8-gpu","bd/dna.100MB",8,262144,1000000,3211,3211,0,0.000,67.881,0.013,67.894,68.783,3018,98297023
"benchmark-example:dna-extra-8-gpu","bd/dna.100MB",8,262144,1000000,3211,3211,0,0.000,67.881,0.013,67.894,68.783,3019,98355725
"benchmark-example:dna-extra-8-gpu","bd/dna.100MB",8,262144,1000000,3211,3211,0,0.000,67.881,0.013,67.894,68.783,3020,98391443
"benchmark-example:dna-extra-8-gpu","bd/dna.100MB",8,262144,1000000,3211,3211,0,0.000,67.881,0.013,67.894,68.783,3021,98407886
"benchmark-example:dna-extra-8-gpu","bd/dna.100MB",8,262144,1000000,3211,3211,0,0.000,67.881,0.013,67.894,68.783,3022,98418980
"benchmark-example:dna-extra-8-gpu","bd/dna.100MB",8,262144,1000000,3211,3211,0,0.000,67.881,0.013,67.894,68.783,3023,98481226
"benchmark-example:dna-extra-8-gpu","bd/dna.100MB",8,262144,1000000,3211,3211,0,0.000,67.881,0.013,67.894,68.783,3024,98482501
"benchmark-example:dna-extra-8-gpu","bd/dna.100MB",8,262144,1000000,3211,3211,0,0.000,67.881,0.013,67.894,68.783,3025,98506704
"benchmark-example:dna-extra-8-gpu","bd/dna.100MB",8,262144,1000000,3211,3211,0,0.000,67.881,0.013,67.894,68.783,3026,98548346
"benchmark-example:dna-extra-8-gpu","bd/dna.100MB",8,262144,1000000,3211,3211,0,0.000,67.881,0.013,67.894,68.783,3027,98580067
"benchmark-example:dna-extra-8-gpu","bd/dna.100MB",8,262144,1000000,3211,3211,0,0.000,67.881,0.013,67.894,68.783,3028,98585926
"benchmark-example:dna-extra-8-gpu","bd/dna.100MB",8,262144,1000000,3211,3211,0,0.000,67.881,0.013,67.894,68.783,3029,98603603
"benchmark-example:dna-extra-8-gpu","bd/dna.100MB",8,262144,1000000,3211,3211,0,0.000,67.881,0.013,67.894,68.783,3030,98620973
"benchmark-example:dna-extra-8-gpu","bd/dna.100MB",8,262144,1000000,3211,3211,0,0.000,67.881,0.013,67.894,68.783,3031,98660403
"benchmark-example:dna-extra-8-gpu","bd/dna.100MB",8,262144,1000000,3211,3211,0,0.000,67.881,0.013,67.894,68.783,3032,98696099
"benchmark-example:dna-extra-8-gpu","bd/dna.100MB",8,262144,1000000,3211,3211,0,0.000,67.881,0.013,67.894,68.783,3033,98715862
"benchmark-example:dna-extra-8-gpu","bd/dna.100MB",8,262144,1000000,3211,3211,0,0.000,67.881,0.013,67.894,68.783,3034,98724819
"benchmark-example:dna-extra-8-gpu","bd/dna.100MB",8,262144,1000000,3211,3211,0,0.000,67.881,0.013,67.894,68.783,3035,98737340
"benchmark-example:dna-extra-8-gpu","bd/dna.100MB",8,262144,1000000,3211,3211,0,0.000,67.881,0.013,67.894,68.783,3036,98741111
"benchmark-example:dna-extra-8-gpu","bd/dna.100MB",8,262144,1000000,3211,3211,0,0.000,67.881,0.013,67.894,68.783,3037,98775019
"benchmark-example:dna-extra-8-gpu","bd/dna.100MB",8,262144,1000000,3211,3211,0,0.000,67.881,0.013,67.894,68.783,3038,98808844
"benchmark-example:dna-extra-8-gpu","bd/dna.100MB",8,262144,1000000,3211,3211,0,0.000,67.881,0.013,67.894,68.783,3039,98815986
"benchmark-example:dna-extra-8-gpu","bd/dna.100MB",8,262144,1000000,3211,3211,0,0.000,67.881,0.013,67.894,68.783,3040,98900717
"benchmark-example:dna-extra-8-gpu","bd/dna.100MB",8,262144,1000000,3211,3211,0,0.000,67.881,0.013,67.894,68.783,3041,98970237
"benchmark-example:dna-extra-8-gpu","bd/dna.100MB",8,262144,1000000,3211,3211,0,0.000,67.881,0.013,67.894,68.783,3042,99016347
"benchmark-example:dna-extra-8-gpu","bd/dna.100MB",8,262144,1000000,3211,3211,0,0.000,67.881,0.013,67.894,68.783,3043,99072950
"benchmark-example:dna-extra-8-gpu","bd/dna.100MB",8,262144,1000000,3211,3211,0,0.000,67.881,0.013,67.894,68.783,3044,99209210
"benchmark-example:dna-extra-8-gpu","bd/dna.100MB",8,262144,1000000,3211,3211,0,0.000,67.881,0.013,67.894,68.783,3045,99280449
"benchmark-example:dna-extra-8-gpu","bd/dna.100MB",8,262144,1000000,3211,3211,0,0.000,67.881,0.013,67.894,68.783,3046,99321291
"benchmark-example:dna-extra-8-gpu","bd/dna.100MB",8,262144,1000000,3211,3211,0,0.000,67.881,0.013,67.894,68.783,3047,99340621
"benchmark-example:dna-extra-8-gpu","bd/dna.100MB",8,262144,1000000,3211,3211,0,0.000,67.881,0.013,67.894,68.783,3048,99352637
"benchmark-example:dna-extra-8-gpu","bd/dna.100MB",8,262144,1000000,3211,3211,0,0.000,67.881,0.013,67.894,68.783,3049,99409594
"benchmark-example:dna-extra-8-gpu","bd/dna.100MB",8,262144,1000000,3211,3211,0,0.000,67.881,0.013,67.894,68.783,3050,99427508
"benchmark-example:dna-extra-8-gpu","bd/dna.100MB",8,262144,1000000,3211,3211,0,0.000,67.881,0.013,67.894,68.783,3051,99431591
"benchmark-example:dna-extra-8-gpu","bd/dna.100MB",8,262144,1000000,3211,3211,0,0.000,67.881,0.013,67.894,68.783,3052,99479376
"benchmark-example:dna-extra-8-gpu","bd/dna.100MB",8,262144,1000000,3211,3211,0,0.000,67.881,0.013,67.894,68.783,3053,99563127
"benchmark-example:dna-extra-8-gpu","bd/dna.100MB",8,262144,1000000,3211,3211,0,0.000,67.881,0.013,67.894,68.783,3054,99622752
"benchmark-example:dna-extra-8-gpu","bd/dna.100MB",8,262144,1000000,3211,3211,0,0.000,67.881,0.013,67.894,68.783,3055,99639193
"benchmark-example:dna-extra-8-gpu","bd/dna.100MB",8,262144,1000000,3211,3211,0,0.000,67.881,0.013,67.894,68.783,3056,99647607
"benchmark-example:dna-extra-8-gpu","bd/dna.100MB",8,262144,1000000,3211,3211,0,0.000,67.881,0.013,67.894,68.783,3057,99654027
"benchmark-example:dna-extra-8-gpu","bd/dna.100MB",8,262144,1000000,3211,3211,0,0.000,67.881,0.013,67.894,68.783,3058,99692912
"benchmark-example:dna-extra-8-gpu","bd/dna.100MB",8,262144,1000000,3211,3211,0,0.000,67.881,0.013,67.894,68.783,3059,99719999
"benchmark-example:dna-extra-8-gpu","bd/dna.100MB",8,262144,1000000,3211,3211,0,0.000,67.881,0.013,67.894,68.783,3060,99733655
"benchmark-example:dna-extra-8-gpu","bd/dna.100MB",8,262144,1000000,3211,3211,0,0.000,67.881,0.013,67.894,68.783,3061,99772312
"benchmark-example:dna-extra-8-gpu","bd/dna.100MB",8,262144,1000000,3211,3211,0,0.000,67.881,0.013,67.894,68.783,3062,99791867
"benchmark-example:dna-extra-8-gpu","bd/dna.100MB",8,262144,1000000,3211,3211,0,0.000,67.881,0.013,67.894,68.783,3063,99795094
"benchmark-example:dna-extra-8-gpu","bd/dna.100MB",8,262144,1000000,3211,3211,0,0.000,67.881,0.013,67.894,68.783,3064,99808086
"benchmark-example:dna-extra-8-gpu","bd/dna.100MB",8,262144,1000000,3211,3211,0,0.000,67.881,0.013,67.894,68.783,3065,99851408
"benchmark-example:dna-extra-8-gpu","bd/dna.100MB",8,262144,1000000,3211,3211,0,0.000,67.881,0.013,67.894,68.783,3066,99868231
"benchmark-example:dna-extra-8-gpu","bd/dna.100MB",8,262144,1000000,3211,3211,0,0.000,67.881,0.013,67.894,68.783,3067,99930235
"benchmark-example:dna-extra-8-gpu","bd/dna.100MB",8,262144,1000000,3211,3211,0,0.000,67.881,0.013,67.894,68.783,3068,99947958
"benchmark-example:dna-extra-8-gpu","bd/dna.100MB",8,262144,1000000,3211,3211,0,0.000,67.881,0.013,67.894,68.783,3069,99965550
"benchmark-example:dna-extra-8-gpu","bd/dna.100MB",8,262144,1000000,3211,3211,0,0.000,67.881,0.013,67.894,68.783,3070,99995551
"benchmark-example:dna-extra-8-gpu","bd/dna.100MB",8,262144,1000000,3211,3211,0,0.000,67.881,0.013,67.894,68.783,3071,100064225
"benchmark-example:dna-extra-8-gpu","bd/dna.100MB",8,262144,1000000,3211,3211,0,0.000,67.881,0.013,67.894,68.783,3072,100069223
"benchmark-example:dna-extra-8-gpu","bd/dna.100MB",8,262144,1000000,3211,3211,0,0.000,67.881,0.013,67.894,68.783,3073,100105959
"benchmark-example:dna-extra-8-gpu","bd/dna.100MB",8,262144,1000000,3211,3211,0,0.000,67.881,0.013,67.894,68.783,3074,100116883
"benchmark-example:dna-extra-8-gpu","bd/dna.100MB",8,262144,1000000,3211,3211,0,0.000,67.881,0.013,67.894,68.783,3075,100139183
"benchmark-example:dna-extra-8-gpu","bd/dna.100MB",8,262144,1000000,3211,3211,0,0.000,67.881,0.013,67.894,68.783,3076,100171028
"benchmark-example:dna-extra-8-gpu","bd/dna.100MB",8,262144,1000000,3211,3211,0,0.000,67.881,0.013,67.894,68.783,3077,100183210
"benchmark-example:dna-extra-8-gpu","bd/dna.100MB",8,262144,1000000,3211,3211,0,0.000,67.881,0.013,67.894,68.783,3078,100274039
"benchmark-example:dna-extra-8-gpu","bd/dna.100MB",8,262144,1000000,3211,3211,0,0.000,67.881,0.013,67.894,68.783,3079,100299317
"benchmark-example:dna-extra-8-gpu","bd/dna.100MB",8,262144,1000000,3211,3211,0,0.000,67.881,0.013,67.894,68.783,3080,100340922
"benchmark-example:dna-extra-8-gpu","bd/dna.100MB",8,262144,1000000,3211,3211,0,0.000,67.881,0.013,67.894,68.783,3081,100434012
"benchmark-example:dna-extra-8-gpu","bd/dna.100MB",8,262144,1000000,3211,3211,0,0.000,67.881,0.013,67.894,68.783,3082,100487779
"benchmark-example:dna-extra-8-gpu","bd/dna.100MB",8,262144,1000000,3211,3211,0,0.000,67.881,0.013,67.894,68.783,3083,100507925
"benchmark-example:dna-extra-8-gpu","bd/dna.100MB",8,262144,1000000,3211,3211,0,0.000,67.881,0.013,67.894,68.783,3084,100510115
"benchmark-example:dna-extra-8-gpu","bd/dna.100MB",8,262144,1000000,3211,3211,0,0.000,67.881,0.013,67.894,68.783,3085,100574987
"benchmark-example:dna-extra-8-gpu","bd/dna.100MB",8,262144,1000000,3211,3211,0,0.000,67.881,0.013,67.894,68.783,3086,100599563
"benchmark-example:dna-extra-8-gpu","bd/dna.100MB",8,262144,1000000,3211,3211,0,0.000,67.881,0.013,67.894,68.783,3087,100661834
"benchmark-example:dna-extra-8-gpu","bd/dna.100MB",8,262144,1000000,3211,3211,0,0.000,67.881,0.013,67.894,68.783,3088,100687893
"benchmark-example:dna-extra-8-gpu","bd/dna.100MB",8,262144,1000000,3211,3211,0,0.000,67.881,0.013,67.894,68.783,3089,100700429
"benchmark-example:dna-extra-8-gpu","bd/dna.100MB",8,262144,1000000,3211,3211,0,0.000,67.881,0.013,67.894,68.783,3090,100729983
"benchmark-example:dna-extra-8-gpu","bd/dna.100MB",8,262144,1000000,3211,3211,0,0.000,67.881,0.013,67.894,68.783,3091,100737859
"benchmark-example:dna-extra-8-gpu","bd/dna.100MB",8,262144,1000000,3211,3211,0,0.000,67.881,0.013,67.894,68.783,3092,100775259
"benchmark-example:dna-extra-8-gpu","bd/dna.100MB",8,262144,1000000,3211,3211,0,0.000,67.881,0.013,67.894,68.783,3093,100812022
"benchmark-example:dna-extra-8-gpu","bd/dna.100MB",8,262144,1000000,3211,3211,0,0.000,67.881,0.013,67.894,68.783,3094,100900046
"benchmark-example:dna-extra-8-gpu","bd/dna.100MB",8,262144,1000000,3211,3211,0,0.000,67.881,0.013,67.894,68.783,3095,101092413
"benchmark-example:dna-extra-8-gpu","bd/dna.100MB",8,262144,1000000,3211,3211,0,0.000,67.881,0.013,67.894,68.783,3096,101175548
"benchmark-example:dna-extra-8-gpu","bd/dna.100MB",8,262144,1000000,3211,3211,0,0.000,67.881,0.013,67.894,68.783,3097,101191105
"benchmark-example:dna-extra-8-gpu","bd/dna.100MB",8,262144,1000000,3211,3211,0,0.000,67.881,0.013,67.894,68.783,3098,101197156
"benchmark-example:dna-extra-8-gpu","bd/dna.100MB",8,262144,1000000,3211,3211,0,0.000,67.881,0.013,67.894,68.783,3099,101229635
"benchmark-example:dna-extra-8-gpu","bd/dna.100MB",8,262144,1000000,3211,3211,0,0.000,67.881,0.013,67.894,68.783,3100,101232636
"benchmark-example:dna-extra-8-gpu","bd/dna.100MB",8,262144,1000000,3211,3211,0,0.000,67.881,0.013,67.894,68.783,3101,101288713
"benchmark-example:dna-extra-8-gpu","bd/dna.100MB",8,262144,1000000,3211,3211,0,0.000,67.881,0.013,67.894,68.783,3102,101333301
"benchmark-example:dna-extra-8-gpu","bd/dna.100MB",8,262144,1000000,3211,3211,0,0.000,67.881,0.013,67.894,68.783,3103,101350810
"benchmark-example:dna-extra-8-gpu","bd/dna.100MB",8,262144,1000000,3211,3211,0,0.000,67.881,0.013,67.894,68.783,3104,101364462
"benchmark-example:dna-extra-8-gpu","bd/dna.100MB",8,262144,1000000,3211,3211,0,0.000,67.881,0.013,67.894,68.783,3105,101437183
"benchmark-example:dna-extra-8-gpu","bd/dna.100MB",8,262144,1000000,3211,3211,0,0.000,67.881,0.013,67.894,68.783,3106,101521935
"benchmark-example:dna-extra-8-gpu","bd/dna.100MB",8,262144,1000000,3211,3211,0,0.000,67.881,0.013,67.894,68.783,3107,101529377
"benchmark-example:dna-extra-8-gpu","bd/dna.100MB",8,262144,1000000,3211,3211,0,0.000,67.881,0.013,67.894,68.783,3108,101533270
"benchmark-example:dna-extra-8-gpu","bd/dna.100MB",8,262144,1000000,3211,3211,0,0.000,67.881,0.013,67.894,68.783,3109,101544687
"benchmark-example:dna-extra-8-gpu","bd/dna.100MB",8,262144,1000000,3211,3211,0,0.000,67.881,0.013,67.894,68.783,3110,101549949
"benchmark-example:dna-extra-8-gpu","bd/dna.100MB",8,262144,1000000,3211,3211,0,0.000,67.881,0.013,67.894,68.783,3111,101552340
"benchmark-example:dna-extra-8-gpu","bd/dna.100MB",8,262144,1000000,3211,3211,0,0.000,67.881,0.013,67.894,68.783,3112,101580365
"benchmark-example:dna-extra-8-gpu","bd/dna.100MB",8,262144,1000000,3211,3211,0,0.000,67.881,0.013,67.894,68.783,3113,101614927
"benchmark-example:dna-extra-8-gpu","bd/dna.100MB",8,262144,1000000,3211,3211,0,0.000,67.881,0.013,67.894,68.783,3114,101678048
"benchmark-example:dna-extra-8-gpu","bd/dna.100MB",8,262144,1000000,3211,3211,0,0.000,67.881,0.013,67.894,68.783,3115,101713455
"benchmark-example:dna-extra-8-gpu","bd/dna.100MB",8,262144,1000000,3211,3211,0,0.000,67.881,0.013,67.894,68.783,3116,101719659
"benchmark-example:dna-extra-8-gpu","bd/dna.100MB",8,262144,1000000,3211,3211,0,0.000,67.881,0.013,67.894,68.783,3117,101777747
"benchmark-example:dna-extra-8-gpu","bd/dna.100MB",8,262144,1000000,3211,3211,0,0.000,67.881,0.013,67.894,68.783,3118,101788734
"benchmark-example:dna-extra-8-gpu","bd/dna.100MB",8,262144,1000000,3211,3211,0,0.000,67.881,0.013,67.894,68.783,3119,101804109
"benchmark-example:dna-extra-8-gpu","bd/dna.100MB",8,262144,1000000,3211,3211,0,0.000,67.881,0.013,67.894,68.783,3120,101806743
"benchmark-example:dna-extra-8-gpu","bd/dna.100MB",8,262144,1000000,3211,3211,0,0.000,67.881,0.013,67.894,68.783,3121,101826545
"benchmark-example:dna-extra-8-gpu","bd/dna.100MB",8,262144,1000000,3211,3211,0,0.000,67.881,0.013,67.894,68.783,3122,101853241
"benchmark-example:dna-extra-8-gpu","bd/dna.100MB",8,262144,1000000,3211,3211,0,0.000,67.881,0.013,67.894,68.783,3123,101865770
"benchmark-example:dna-extra-8-gpu","bd/dna.100MB",8,262144,1000000,3211,3211,0,0.000,67.881,0.013,67.894,68.783,3124,101882258
"benchmark-example:dna-extra-8-gpu","bd/dna.100MB",8,262144,1000000,3211,3211,0,0.000,67.881,0.013,67.894,68.783,3125,101887527
"benchmark-example:dna-extra-8-gpu","bd/dna.100MB",8,262144,1000000,3211,3211,0,0.000,67.881,0.013,67.894,68.783,3126,101963909
"benchmark-example:dna-extra-8-gpu","bd/dna.100MB",8,262144,1000000,3211,3211,0,0.000,67.881,0.013,67.894,68.783,3127,101970955
"benchmark-example:dna-extra-8-gpu","bd/dna.100MB",8,262144,1000000,3211,3211,0,0.000,67.881,0.013,67.894,68.783,3128,102006634
"benchmark-example:dna-extra-8-gpu","bd/dna.100MB",8,262144,1000000,3211,3211,0,0.000,67.881,0.013,67.894,68.783,3129,102021308
"benchmark-example:dna-extra-8-gpu","bd/dna.100MB",8,262144,1000000,3211,3211,0,0.000,67.881,0.013,67.894,68.783,3130,102149574
"benchmark-example:dna-extra-8-gpu","bd/dna.100MB",8,262144,1000000,3211,3211,0,0.000,67.881,0.013,67.894,68.783,3131,102160011
"benchmark-example:dna-extra-8-gpu","bd/dna.100MB",8,262144,1000000,3211,3211,0,0.000,67.881,0.013,67.894,68.783,3132,102185779
"benchmark-example:dna-extra-8-gpu","bd/dna.100MB",8,262144,1000000,3211,3211,0,0.000,67.881,0.013,67.894,68.783,3133,102197070
"benchmark-example:dna-extra-8-gpu","bd/dna.100MB",8,262144,1000000,3211,3211,0,0.000,67.881,0.013,67.894,68.783,3134,102231497
"benchmark-example:dna-extra-8-gpu","bd/dna.100MB",8,262144,1000000,3211,3211,0,0.000,67.881,0.013,67.894,68.783,3135,102297655
"benchmark-example:dna-extra-8-gpu","bd/dna.100MB",8,262144,1000000,3211,3211,0,0.000,67.881,0.013,67.894,68.783,3136,102301036
"benchmark-example:dna-extra-8-gpu","bd/dna.100MB",8,262144,1000000,3211,3211,0,0.000,67.881,0.013,67.894,68.783,3137,102313261
"benchmark-example:dna-extra-8-gpu","bd/dna.100MB",8,262144,1000000,3211,3211,0,0.000,67.881,0.013,67.894,68.783,3138,102336736
"benchmark-example:dna-extra-8-gpu","bd/dna.100MB",8,262144,1000000,3211,3211,0,0.000,67.881,0.013,67.894,68.783,3139,102349435
"benchmark-example:dna-extra-8-gpu","bd/dna.100MB",8,262144,1000000,3211,3211,0,0.000,67.881,0.013,67.894,68.783,3140,102375358
"benchmark-example:dna-extra-8-gpu","bd/dna.100MB",8,262144,1000000,3211,3211,0,0.000,67.881,0.013,67.894,68.783,3141,102375430
"benchmark-example:dna-extra-8-gpu","bd/dna.100MB",8,262144,1000000,3211,3211,0,0.000,67.881,0.013,67.894,68.783,3142,102400824
"benchmark-example:dna-extra-8-gpu","bd/dna.100MB",8,262144,1000000,3211,3211,0,0.000,67.881,0.013,67.894,68.783,3143,102458337
"benchmark-example:dna-extra-8-gpu","bd/dna.100MB",8,262144,1000000,3211,3211,0,0.000,67.881,0.013,67.894,68.783,3144,102511826
"benchmark-example:dna-extra-8-gpu","bd/dna.100MB",8,262144,1000000,3211,3211,0,0.000,67.881,0.013,67.894,68.783,3145,102533914
"benchmark-example:dna-extra-8-gpu","bd/dna.100MB",8,262144,1000000,3211,3211,0,0.000,67.881,0.013,67.894,68.783,3146,102537033
"benchmark-example:dna-extra-8-gpu","bd/dna.100MB",8,262144,1000000,3211,3211,0,0.000,67.881,0.013,67.894,68.783,3147,102570561
"benchmark-example:dna-extra-8-gpu","bd/dna.100MB",8,262144,1000000,3211,3211,0,0.000,67.881,0.013,67.894,68.783,3148,102592258
"benchmark-example:dna-extra-8-gpu","bd/dna.100MB",8,262144,1000000,3211,3211,0,0.000,67.881,0.013,67.894,68.783,3149,102644106
"benchmark-example:dna-extra-8-gpu","bd/dna.100MB",8,262144,1000000,3211,3211,0,0.000,67.881,0.013,67.894,68.783,3150,102683339
"benchmark-example:dna-extra-8-gpu","bd/dna.100MB",8,262144,1000000,3211,3211,0,0.000,67.881,0.013,67.894,68.783,3151,102716077
"benchmark-example:dna-extra-8-gpu","bd/dna.100MB",8,262144,1000000,3211,3211,0,0.000,67.881,0.013,67.894,68.783,3152,102720570
"benchmark-example:dna-extra-8-gpu","bd/dna.100MB",8,262144,1000000,3211,3211,0,0.000,67.881,0.013,67.894,68.783,3153,102747298
"benchmark-example:dna-extra-8-gpu","bd/dna.100MB",8,262144,1000000,3211,3211,0,0.000,67.881,0.013,67.894,68.783,3154,102765904
"benchmark-example:dna-extra-8-gpu","bd/dna.100MB",8,262144,1000000,3211,3211,0,0.000,67.881,0.013,67.894,68.783,3155,102817258
"benchmark-example:dna-extra-8-gpu","bd/dna.100MB",8,262144,1000000,3211,3211,0,0.000,67.881,0.013,67.894,68.783,3156,102869903
"benchmark-example:dna-extra-8-gpu","bd/dna.100MB",8,262144,1000000,3211,3211,0,0.000,67.881,0.013,67.894,68.783,3157,103000050
"benchmark-example:dna-extra-8-gpu","bd/dna.100MB",8,262144,1000000,3211,3211,0,0.000,67.881,0.013,67.894,68.783,3158,103045913
"benchmark-example:dna-extra-8-gpu","bd/dna.100MB",8,262144,1000000,3211,3211,0,0.000,67.881,0.013,67.894,68.783,3159,103129426
"benchmark-example:dna-extra-8-gpu","bd/dna.100MB",8,262144,1000000,3211,3211,0,0.000,67.881,0.013,67.894,68.783,3160,103186735
"benchmark-example:dna-extra-8-gpu","bd/dna.100MB",8,262144,1000000,3211,3211,0,0.000,67.881,0.013,67.894,68.783,3161,103188959
"benchmark-example:dna-extra-8-gpu","bd/dna.100MB",8,262144,1000000,3211,3211,0,0.000,67.881,0.013,67.894,68.783,3162,103190439
"benchmark-example:dna-extra-8-gpu","bd/dna.100MB",8,262144,1000000,3211,3211,0,0.000,67.881,0.013,67.894,68.783,3163,103215893
"benchmark-example:dna-extra-8-gpu","bd/dna.100MB",8,262144,1000000,3211,3211,0,0.000,67.881,0.013,67.894,68.783,3164,103221066
"benchmark-example:dna-extra-8-gpu","bd/dna.100MB",8,262144,1000000,3211,3211,0,0.000,67.881,0.013,67.894,68.783,3165,103286948
"benchmark-example:dna-extra-8-gpu","bd/dna.100MB",8,262144,1000000,3211,3211,0,0.000,67.881,0.013,67.894,68.783,3166,103298817
"benchmark-example:dna-extra-8-gpu","bd/dna.100MB",8,262144,1000000,3211,3211,0,0.000,67.881,0.013,67.894,68.783,3167,103300113
"benchmark-example:dna-extra-8-gpu","bd/dna.100MB",8,262144,1000000,3211,3211,0,0.000,67.881,0.013,67.894,68.783,3168,103303992
"benchmark-example:dna-extra-8-gpu","bd/dna.100MB",8,262144,1000000,3211,3211,0,0.000,67.881,0.013,67.894,68.783,3169,103306278
"benchmark-example:dna-extra-8-gpu","bd/dna.100MB",8,262144,1000000,3211,3211,0,0.000,67.881,0.013,67.894,68.783,3170,103313112
"benchmark-example:dna-extra-8-gpu","bd/dna.100MB",8,262144,1000000,3211,3211,0,0.000,67.881,0.013,67.894,68.783,3171,103329914
"benchmark-example:dna-extra-8-gpu","bd/dna.100MB",8,262144,1000000,3211,3211,0,0.000,67.881,0.013,67.894,68.783,3172,103350765
"benchmark-example:dna-extra-8-gpu","bd/dna.100MB",8,262144,1000000,3211,3211,0,0.000,67.881,0.013,67.894,68.783,3173,103356191
"benchmark-example:dna-extra-8-gpu","bd/dna.100MB",8,262144,1000000,3211,3211,0,0.000,67.881,0.013,67.894,68.783,3174,103397387
"benchmark-example:dna-extra-8-gpu","bd/dna.100MB",8,262144,1000000,3211,3211,0,0.000,67.881,0.013,67.894,68.783,3175,103448498
"benchmark-example:dna-extra-8-gpu","bd/dna.100MB",8,262144,1000000,3211,3211,0,0.000,67.881,0.013,67.894,68.783,3176,103472793
"benchmark-example:dna-extra-8-gpu","bd/dna.100MB",8,262144,1000000,3211,3211,0,0.000,67.881,0.013,67.894,68.783,3177,103525771
"benchmark-example:dna-extra-8-gpu","bd/dna.100MB",8,262144,1000000,3211,3211,0,0.000,67.881,0.013,67.894,68.783,3178,103579750
"benchmark-example:dna-extra-8-gpu","bd/dna.100MB",8,262144,1000000,3211,3211,0,0.000,67.881,0.013,67.894,68.783,3179,103593110
"benchmark-example:dna-extra-8-gpu","bd/dna.100MB",8,262144,1000000,3211,3211,0,0.000,67.881,0.013,67.894,68.783,3180,103630304
"benchmark-example:dna-extra-8-gpu","bd/dna.100MB",8,262144,1000000,3211,3211,0,0.000,67.881,0.013,67.894,68.783,3181,103641304
"benchmark-example:dna-extra-8-gpu","bd/dna.100MB",8,262144,1000000,3211,3211,0,0.000,67.881,0.013,67.894,68.783,3182,103650768
"benchmark-example:dna-extra-8-gpu","bd/dna.100MB",8,262144,1000000,3211,3211,0,0.000,67.881,0.013,67.894,68.783,3183,103699918
"benchmark-example:dna-extra-8-gpu","bd/dna.100MB",8,262144,1000000,3211,3211,0,0.000,67.881,0.013,67.894,68.783,3184,103807417
"benchmark-example:dna-extra-8-gpu","bd/dna.100MB",8,262144,1000000,3211,3211,0,0.000,67.881,0.013,67.894,68.783,3185,103826144
"benchmark-example:dna-extra-8-gpu","bd/dna.100MB",8,262144,1000000,3211,3211,0,0.000,67.881,0.013,67.894,68.783,3186,103852722
"benchmark-example:dna-extra-8-gpu","bd/dna.100MB",8,262144,1000000,3211,3211,0,0.000,67.881,0.013,67.894,68.783,3187,103961669
"benchmark-example:dna-extra-8-gpu","bd/dna.100MB",8,262144,1000000,3211,3211,0,0.000,67.881,0.013,67.894,68.783,3188,104037192
"benchmark-example:dna-extra-8-gpu","bd/dna.100MB",8,262144,1000000,3211,3211,0,0.000,67.881,0.013,67.894,68.783,3189,104048086
"benchmark-example:dna-extra-8-gpu","bd/dna.100MB",8,262144,1000000,3211,3211,0,0.000,67.881,0.013,67.894,68.783,3190,104069154
"benchmark-example:dna-extra-8-gpu","bd/dna.100MB",8,262144,1000000,3211,3211,0,0.000,67.881,0.013,67.894,68.783,3191,104071535
"benchmark-example:dna-extra-8-gpu","bd/dna.100MB",8,262144,1000000,3211,3211,0,0.000,67.881,0.013,67.894,68.783,3192,104147065
"benchmark-example:dna-extra-8-gpu","bd/dna.100MB",8,262144,1000000,3211,3211,0,0.000,67.881,0.013,67.894,68.783,3193,104169789
"benchmark-example:dna-extra-8-gpu","bd/dna.100MB",8,262144,1000000,3211,3211,0,0.000,67.881,0.013,67.894,68.783,3194,104282827
"benchmark-example:dna-extra-8-gpu","bd/dna.100MB",8,262144,1000000,3211,3211,0,0.000,67.881,0.013,67.894,68.783,3195,104293864
"benchmark-example:dna-extra-8-gpu","bd/dna.100MB",8,262144,1000000,3211,3211,0,0.000,67.881,0.013,67.894,68.783,3196,104318796
"benchmark-example:dna-extra-8-gpu","bd/dna.100MB",8,262144,1000000,3211,3211,0,0.000,67.881,0.013,67.894,68.783,3197,104349011
"benchmark-example:dna-extra-8-gpu","bd/dna.100MB",8,262144,1000000,3211,3211,0,0.000,67.881,0.013,67.894,68.783,3198,104363891
"benchmark-example:dna-extra-8-gpu","bd/dna.100MB",8,262144,1000000,3211,3211,0,0.000,67.881,0.013,67.894,68.783,3199,104385554
"benchmark-example:dna-extra-8-gpu","bd/dna.100MB",8,262144,1000000,3211,3211,0,0.000,67.881,0.013,67.894,68.783,3200,104390942
"benchmark-example:dna-extra-8-gpu","bd/dna.100MB",8,262144,1000000,3211,3211,0,0.000,67.881,0.013,67.894,68.783,3201,104398384
"benchmark-example:dna-extra-8-gpu","bd/dna.100MB",8,262144,1000000,3211,3211,0,0.000,67.881,0.013,67.894,68.783,3202,104515218
"benchmark-example:dna-extra-8-gpu","bd/dna.100MB",8,262144,1000000,3211,3211,0,0.000,67.881,0.013,67.894,68.783,3203,104517235
"benchmark-example:dna-extra-8-gpu","bd/dna.100MB",8,262144,1000000,3211,3211,0,0.000,67.881,0.013,67.894,68.783,3204,104590065
"benchmark-example:dna-extra-8-gpu","bd/dna.100MB",8,262144,1000000,3211,3211,0,0.000,67.881,0.013,67.894,68.783,3205,104603668
"benchmark-example:dna-extra-8-gpu","bd/dna.100MB",8,262144,1000000,3211,3211,0,0.000,67.881,0.013,67.894,68.783,3206,104674285
"benchmark-example:dna-extra-8-gpu","bd/dna.100MB",8,262144,1000000,3211,3211,0,0.000,67.881,0.013,67.894,68.783,3207,104707503
"benchmark-example:dna-extra-8-gpu","bd/dna.100MB",8,262144,1000000,3211,3211,0,0.000,67.881,0.013,67.894,68.783,3208,104757812
"benchmark-example:dna-extra-8-gpu","bd/dna.100MB",8,262144,1000000,3211,3211,0,0.000,67.881,0.013,67.894,68.783,3209,104776571
"benchmark-example:dna-extra-8-gpu","bd/dna.100MB",8,262144,1000000,3211,3211,0,0.000,67.881,0.013,67.894,68.783,3210,104842591
