run_tag,text_file,pattern_len,max_results,found_total,returned_indices,overflow,preprocessing_ms,search_ms,index_order,index_value
"benchmark-example:english-extra-8-cpu","bd/english.100MB",8,1000000,3475,3475,0,0.000,187.037,0,9318
"benchmark-example:english-extra-8-cpu","bd/english.100MB",8,1000000,3475,3475,0,0.000,187.037,1,30638
"benchmark-example:english-extra-8-cpu","bd/english.100MB",8,1000000,3475,3475,0,0.000,187.037,2,39228
"benchmark-example:english-extra-8-cpu","bd/english.100MB",8,1000000,3475,3475,0,0.000,187.037,3,39664
"benchmark-example:english-extra-8-cpu","bd/english.100MB",8,1000000,3475,3475,0,0.000,187.037,4,40686
"benchmark-example:english-extra-8-cpu","bd/english.100MB",8,1000000,3475,3475,0,0.000,187.037,5,42137
"benchmark-example:english-extra-8-cpu","bd/english.100MB",8,1000000,3475,3475,0,0.000,187.037,6,51404
"benchmark-example:english-extra-8-cpu","bd/english.100MB",8,1000000,3475,3475,0,0.000,187.037,7,84501
"benchmark-example:english-extra-8-cpu","bd/english.100MB",8,1000000,3475,3475,0,0.000,187.037,8,88769
"benchmark-example:english-extra-8-cpu","bd/english.100MB",8,1000000,3475,3475,0,0.000,187.037,9,104897
"benchmark-example:english-extra-8-cpu","bd/english.100MB",8,1000000,3475,3475,0,0.000,187.037,10,116118
"benchmark-example:english-extra-8-cpu","bd/english.100MB",8,1000000,3475,3475,0,0.000,187.037,11,149226
"benchmark-example:english-extra-8-cpu","bd/english.100MB",8,1000000,3475,3475,0,0.000,187.037,12,149596
"benchmark-example:english-extra-8-cpu","bd/english.100MB",8,1000000,3475,3475,0,0.000,187.037,13,150208
"benchmark-example:english-extra-8-cpu","bd/english.100MB",8,1000000,3475,3475,0,0.000,187.037,14,155159
"benchmark-example:english-extra-8-cpu","bd/english.100MB",8,1000000,3475,3475,0,0.000,187.037,15,155253
"benchmark-example:english-extra-8-cpu","bd/english.100MB",8,1000000,3475,3475,0,0.000,187.037,16,155358
"benchmark-example:english-extra-8-cpu","bd/english.100MB",8,1000000,3475,3475,0,0.000,187.037,17,162634
"benchmark-example:english-extra-8-cpu","bd/english.100MB",8,1000000,3475,3475,0,0.000,187.037,18,166418
"benchmark-example:english-extra-8-cpu","bd/english.100MB",8,1000000,3475,3475,0,0.000,187.037,19,188808
"benchmark-example:english-extra-8-cpu","bd/english.100MB",8,1000000,3475,3475,0,0.000,187.037,20,194666
"benchmark-example:english-extra-8-cpu","bd/english.100MB",8,1000000,3475,3475,0,0.000,187.037,21,195449
"benchmark-example:english-extra-8-cpu","bd/english.100MB",8,1000000,3475,3475,0,0.000,187.037,22,197917
"benchmark-example:english-extra-8-cpu","bd/english.100MB",8,1000000,3475,3475,0,0.000,187.037,23,199408
"benchmark-example:english-extra-8-cpu","bd/english.100MB",8,1000000,3475,3475,0,0.000,187.037,24,214557
"benchmark-example:english-extra-8-cpu","bd/english.100MB",8,1000000,3475,3475,0,0.000,187.037,25,231914
"benchmark-example:english-extra-8-cpu","bd/english.100MB",8,1000000,3475,3475,0,0.000,187.037,26,233507
"benchmark-example:english-extra-8-cpu","bd/english.100MB",8,1000000,3475,3475,0,0.000,187.037,27,236844
"benchmark-example:english-extra-8-cpu","bd/english.100MB",8,1000000,3475,3475,0,0.000,187.037,28,236964
"benchmark-example:english-extra-8-cpu","bd/english.100MB",8,1000000,3475,3475,0,0.000,187.037,29,243517
"benchmark-example:english-extra-8-cpu","bd/english.100MB",8,1000000,3475,3475,0,0.000,187.037,30,251105
"benchmark-example:english-extra-8-cpu","bd/english.100MB",8,1000000,3475,3475,0,0.000,187.037,31,257539
"benchmark-example:english-extra-8-cpu","bd/english.100MB",8,1000000,3475,3475,0,0.000,187.037,32,264409
"benchmark-example:english-extra-8-cpu","bd/english.100MB",8,1000000,3475,3475,0,0.000,187.037,33,273579
"benchmark-example:english-extra-8-cpu","bd/english.100MB",8,1000000,3475,3475,0,0.000,187.037,34,274010
"benchmark-example:english-extra-8-cpu","bd/english.100MB",8,1000000,3475,3475,0,0.000,187.037,35,277539
"benchmark-example:english-extra-8-cpu","bd/english.100MB",8,1000000,3475,3475,0,0.000,187.037,36,287116
"benchmark-example:english-extra-8-cpu","bd/english.100MB",8,1000000,3475,3475,0,0.000,187.037,37,300404
"benchmark-example:english-extra-8-cpu","bd/english.100MB",8,1000000,3475,3475,0,0.000,187.037,38,304438
"benchmark-example:english-extra-8-cpu","bd/english.100MB",8,1000000,3475,3475,0,0.000,187.037,39,314408
"benchmark-example:english-extra-8-cpu","bd/english.100MB",8,1000000,3475,3475,0,0.000,187.037,40,316429
"benchmark-example:english-extra-8-cpu","bd/english.100MB",8,1000000,3475,3475,0,0.000,187.037,41,345857
"benchmark-example:english-extra-8-cpu","bd/english.100MB",8,1000000,3475,3475,0,0.000,187.037,42,352387
"benchmark-example:english-extra-8-cpu","bd/english.100MB",8,1000000,3475,3475,0,0.000,187.037,43,368357
"benchmark-example:english-extra-8-cpu","bd/english.100MB",8,1000000,3475,3475,0,0.000,187.037,44,379015
"benchmark-example:english-extra-8-cpu","bd/english.100MB",8,1000000,3475,3475,0,0.000,187.037,45,380667
"benchmark-example:english-extra-8-cpu","bd/english.100MB",8,1000000,3475,3475,0,0.000,187.037,46,384301
"benchmark-example:english-extra-8-cpu","bd/english.100MB",8,1000000,3475,3475,0,0.000,187.037,47,384577
"benchmark-example:english-extra-8-cpu","bd/english.100MB",8,1000000,3475,3475,0,0.000,187.037,48,393091
"benchmark-example:english-extra-8-cpu","bd/english.100MB",8,1000000,3475,3475,0,0.000,187.037,49,399110
"benchmark-example:english-extra-8-cpu","bd/english.100MB",8,1000000,3475,3475,0,0.000,187.037,50,401868
"benchmark-example:english-extra-8-cpu","bd/english.100MB",8,1000000,3475,3475,0,0.000,187.037,51,402098
"benchmark-example:english-extra-8-cpu","bd/english.100MB",8,1000000,3475,3475,0,0.000,187.037,52,406136
"benchmark-example:english-extra-8-cpu","bd/english.100MB",8,1000000,3475,3475,0,0.000,187.037,53,414348
"benchmark-example:english-extra-8-cpu","bd/english.100MB",8,1000000,3475,3475,0,0.000,187.037,54,417770
"benchmark-example:english-extra-8-cpu","bd/english.100MB",8,1000000,3475,3475,0,0.000,187.037,55,418442
"benchmark-example:english-extra-8-cpu","bd/english.100MB",8,1000000,3475,3475,0,0.000,187.037,56,421092
"benchmark-example:english-extra-8-cpu","bd/english.100MB",8,1000000,3475,3475,0,0.000,187.037,57,421718
"benchmark-example:english-extra-8-cpu","bd/english.100MB",8,1000000,3475,3475,0,0.000,187.037,58,423225
"benchmark-example:english-extra-8-cpu","bd/english.100MB",8,1000000,3475,3475,0,0.000,187.037,59,431049
"benchmark-example:english-extra-8-cpu","bd/english.100MB",8,1000000,3475,3475,0,0.000,187.037,60,431411
"benchmark-example:english-extra-8-cpu","bd/english.100MB",8,1000000,3475,3475,0,0.000,187.037,61,444557
"benchmark-example:english-extra-8-cpu","bd/english.100MB",8,1000000,3475,3475,0,0.000,187.037,62,460338
"benchmark-example:english-extra-8-cpu","bd/english.100MB",8,1000000,3475,3475,0,0.000,187.037,63,461060
"benchmark-example:english-extra-8-cpu","bd/english.100MB",8,1000000,3475,3475,0,0.000,187.037,64,483306
"benchmark-example:english-extra-8-cpu","bd/english.100MB",8,1000000,3475,3475,0,0.000,187.037,65,500000
"benchmark-example:english-extra-8-cpu","bd/english.100MB",8,1000000,3475,3475,0,0.000,187.037,66,505621
"benchmark-example:english-extra-8-cpu","bd/english.100MB",8,1000000,3475,3475,0,0.000,187.037,67,509490
"benchmark-example:english-extra-8-cpu","bd/english.100MB",8,1000000,3475,3475,0,0.000,187.037,68,512876
"benchmark-example:english-extra-8-cpu","bd/english.100MB",8,1000000,3475,3475,0,0.000,187.037,69,522192
"benchmark-example:english-extra-8-cpu","bd/english.100MB",8,1000000,3475,3475,0,0.000,187.037,70,524899
"benchmark-example:english-extra-8-cpu","bd/english.100MB",8,1000000,3475,3475,0,0.000,187.037,71,573461
"benchmark-example:english-extra-8-cpu","bd/english.100MB",8,1000000,3475,3475,0,0.000,187.037,72,574253
"benchmark-example:english-extra-8-cpu","bd/english.100MB",8,1000000,3475,3475,0,0.000,187.037,73,622769
"benchmark-example:english-extra-8-cpu","bd/english.100MB",8,1000000,3475,3475,0,0.000,187.037,74,624848
"benchmark-example:english-extra-8-cpu","bd/english.100MB",8,1000000,3475,3475,0,0.000,187.037,75,645697
"benchmark-example:english-extra-8-cpu","bd/english.100MB",8,1000000,3475,3475,0,0.000,187.037,76,645946
"benchmark-example:english-extra-8-cpu","bd/english.100MB",8,1000000,3475,3475,0,0.000,187.037,77,646389
"benchmark-example:english-extra-8-cpu","bd/english.100MB",8,1000000,3475,3475,0,0.000,187.037,78,647598
"benchmark-example:english-extra-8-cpu","bd/english.100MB",8,1000000,3475,3475,0,0.000,187.037,79,654376
"benchmark-example:english-extra-8-cpu","bd/english.100MB",8,1000000,3475,3475,0,0.000,187.037,80,657488
"benchmark-example:english-extra-8-cpu","bd/english.100MB",8,1000000,3475,3475,0,0.000,187.037,81,658341
"benchmark-example:english-extra-8-cpu","bd/english.100MB",8,1000000,3475,3475,0,0.000,187.037,82,664012
"benchmark-example:english-extra-8-cpu","bd/english.100MB",8,1000000,3475,3475,0,0.000,187.037,83,664978
"benchmark-example:english-extra-8-cpu","bd/english.100MB",8,1000000,3475,3475,0,0.000,187.037,84,667140
"benchmark-example:english-extra-8-cpu","bd/english.100MB",8,1000000,3475,3475,0,0.000,187.037,85,674450
"benchmark-example:english-extra-8-cpu","bd/english.100MB",8,1000000,3475,3475,0,0.000,187.037,86,674800
"benchmark-example:english-extra-8-cpu","bd/english.100MB",8,1000000,3475,3475,0,0.000,187.037,87,675963
"benchmark-example:english-extra-8-cpu","bd/english.100MB",8,1000000,3475,3475,0,0.000,187.037,88,676174
"benchmark-example:english-extra-8-cpu","bd/english.100MB",8,1000000,3475,3475,0,0.000,187.037,89,677177
"benchmark-example:english-extra-8-cpu","bd/english.100MB",8,1000000,3475,3475,0,0.000,187.037,90,679557
"benchmark-example:english-extra-8-cpu","bd/english.100MB",8,1000000,3475,3475,0,0.000,187.037,91,684290
"benchmark-example:english-extra-8-cpu","bd/english.100MB",8,1000000,3475,3475,0,0.000,187.037,92,684597
"benchmark-example:english-extra-8-cpu","bd/english.100MB",8,1000000,3475,3475,0,0.000,187.037,93,685842
"benchmark-example:english-extra-8-cpu","bd/english.100MB",8,1000000,3475,3475,0,0.000,187.037,94,710714
"benchmark-example:english-extra-8-cpu","bd/english.100MB",8,1000000,3475,3475,0,0.000,187.037,95,712452
"benchmark-example:english-extra-8-cpu","bd/english.100MB",8,1000000,3475,3475,0,0.000,187.037,96,735408
"benchmark-example:english-extra-8-cpu","bd/english.100MB",8,1000000,3475,3475,0,0.000,187.037,97,738154
"benchmark-example:english-extra-8-cpu","bd/english.100MB",8,1000000,3475,3475,0,0.000,187.037,98,746479
"benchmark-example:english-extra-8-cpu","bd/english.100MB",8,1000000,3475,3475,0,0.000,187.037,99,760335
"benchmark-example:english-extra-8-cpu","bd/english.100MB",8,1000000,3475,3475,0,0.000,187.037,100,764138
"benchmark-example:english-extra-8-cpu","bd/english.100MB",8,1000000,3475,3475,0,0.000,187.037,101,766691
"benchmark-example:english-extra-8-cpu","bd/english.100MB",8,1000000,3475,3475,0,0.000,187.037,102,768442
"benchmark-example:english-extra-8-cpu","bd/english.100MB",8,1000000,3475,3475,0,0.000,187.037,103,770111
"benchmark-example:english-extra-8-cpu","bd/english.100MB",8,1000000,3475,3475,0,0.000,187.037,104,772233
"benchmark-example:english-extra-8-cpu","bd/english.100MB",8,1000000,3475,3475,0,0.000,187.037,105,772261
"benchmark-example:english-extra-8-cpu","bd/english.100MB",8,1000000,3475,3475,0,0.000,187.037,106,804019
"benchmark-example:english-extra-8-cpu","bd/english.100MB",8,1000000,3475,3475,0,0.000,187.037,107,825340
"benchmark-example:english-extra-8-cpu","bd/english.100MB",8,1000000,3475,3475,0,0.000,187.037,108,872099
"benchmark-example:english-extra-8-cpu","bd/english.100MB",8,1000000,3475,3475,0,0.000,187.037,109,875024
"benchmark-example:english-extra-8-cpu","bd/english.100MB",8,1000000,3475,3475,0,0.000,187.037,110,876669
"benchmark-example:english-extra-8-cpu","bd/english.100MB",8,1000000,3475,3475,0,0.000,187.037,111,942440
"benchmark-example:english-extra-8-cpu","bd/english.100MB",8,1000000,3475,3475,0,0.000,187.037,112,980625
"benchmark-example:english-extra-8-cpu","bd/english.100MB",8,1000000,3475,3475,0,0.000,187.037,113,1105949
"benchmark-example:english-extra-8-cpu","bd/english.100MB",8,1000000,3475,3475,0,0.000,187.037,114,1182147
"benchmark-example:english-extra-8-cpu","bd/english.100MB",8,1000000,3475,3475,0,0.000,187.037,115,1204333
"benchmark-example:english-extra-8-cpu","bd/english.100MB",8,1000000,3475,3475,0,0.000,187.037,116,1222736
"benchmark-example:english-extra-8-cpu","bd/english.100MB",8,1000000,3475,3475,0,0.000,187.037,117,1226586
"benchmark-example:english-extra-8-cpu","bd/english.100MB",8,1000000,3475,3475,0,0.000,187.037,118,1238832
"benchmark-example:english-extra-8-cpu","bd/english.100MB",8,1000000,3475,3475,0,0.000,187.037,119,1330111
"benchmark-example:english-extra-8-cpu","bd/english.100MB",8,1000000,3475,3475,0,0.000,187.037,120,1332143
"benchmark-example:english-extra-8-cpu","bd/english.100MB",8,1000000,3475,3475,0,0.000,187.037,121,1514732
"benchmark-example:english-extra-8-cpu","bd/english.100MB",8,1000000,3475,3475,0,0.000,187.037,122,1527746
"benchmark-example:english-extra-8-cpu","bd/english.100MB",8,1000000,3475,3475,0,0.000,187.037,123,1605078
"benchmark-example:english-extra-8-cpu","bd/english.100MB",8,1000000,3475,3475,0,0.000,187.037,124,1609097
"benchmark-example:english-extra-8-cpu","bd/english.100MB",8,1000000,3475,3475,0,0.000,187.037,125,1616789
"benchmark-example:english-extra-8-cpu","bd/english.100MB",8,1000000,3475,3475,0,0.000,187.037,126,1620521
"benchmark-example:english-extra-8-cpu","bd/english.100MB",8,1000000,3475,3475,0,0.000,187.037,127,1622517
"benchmark-example:english-extra-8-cpu","bd/english.100MB",8,1000000,3475,3475,0,0.000,187.037,128,1628662
"benchmark-example:english-extra-8-cpu","bd/english.100MB",8,1000000,3475,3475,0,0.000,187.037,129,1648285
"benchmark-example:english-extra-8-cpu","bd/english.100MB",8,1000000,3475,3475,0,0.000,187.037,130,1651230
"benchmark-example:english-extra-8-cpu","bd/english.100MB",8,1000000,3475,3475,0,0.000,187.037,131,1660335
"benchmark-example:english-extra-8-cpu","bd/english.100MB",8,1000000,3475,3475,0,0.000,187.037,132,1730372
"benchmark-example:english-extra-8-cpu","bd/english.100MB",8,1000000,3475,3475,0,0.000,187.037,133,1764970
"benchmark-example:english-extra-8-cpu","bd/english.100MB",8,1000000,3475,3475,0,0.000,187.037,134,1788749
"benchmark-example:english-extra-8-cpu","bd/english.100MB",8,1000000,3475,3475,0,0.000,187.037,135,1794124
"benchmark-example:english-extra-8-cpu","bd/english.100MB",8,1000000,3475,3475,0,0.000,187.037,136,1831125
"benchmark-example:english-extra-8-cpu","bd/english.100MB",8,1000000,3475,3475,0,0.000,187.037,137,1879305
"benchmark-example:english-extra-8-cpu","bd/english.100MB",8,1000000,3475,3475,0,0.000,187.037,138,1920735
"benchmark-example:english-extra-8-cpu","bd/english.100MB",8,1000000,3475,3475,0,0.000,187.037,139,1983913
"benchmark-example:english-extra-8-cpu","bd/english.100MB",8,1000000,3475,3475,0,0.000,187.037,140,2120797
"benchmark-example:english-extra-8-cpu","bd/english.100MB",8,1000000,3475,3475,0,0.000,187.037,141,2140762
"benchmark-example:english-extra-8-cpu","bd/english.100MB",8,1000000,3475,3475,0,0.000,187.037,142,2147633
"benchmark-example:english-extra-8-cpu","bd/english.100MB",8,1000000,3475,3475,0,0.000,187.037,143,2250554
"benchmark-example:english-extra-8-cpu","bd/english.100MB",8,1000000,3475,3475,0,0.000,187.037,144,2279134
"benchmark-example:english-extra-8-cpu","bd/english.100MB",8,1000000,3475,3475,0,0.000,187.037,145,2310451
"benchmark-example:english-extra-8-cpu","bd/english.100MB",8,1000000,3475,3475,0,0.000,187.037,146,2322940
"benchmark-example:english-extra-8-cpu","bd/english.100MB",8,1000000,3475,3475,0,0.000,187.037,147,2336007
"benchmark-example:english-extra-8-cpu","bd/english.100MB",8,1000000,3475,3475,0,0.000,187.037,148,2338799
"benchmark-example:english-extra-8-cpu","bd/english.100MB",8,1000000,3475,3475,0,0.000,187.037,149,2358226
"benchmark-example:english-extra-8-cpu","bd/english.100MB",8,1000000,3475,3475,0,0.000,187.037,150,2366492
"benchmark-example:english-extra-8-cpu","bd/english.100MB",8,1000000,3475,3475,0,0.000,187.037,151,2393065
"benchmark-example:english-extra-8-cpu","bd/english.100MB",8,1000000,3475,3475,0,0.000,187.037,152,2407633
"benchmark-example:english-extra-8-cpu","bd/english.100MB",8,1000000,3475,3475,0,0.000,187.037,153,2431038
"benchmark-example:english-extra-8-cpu","bd/english.100MB",8,1000000,3475,3475,0,0.000,187.037,154,2453190
"benchmark-example:english-extra-8-cpu","bd/english.100MB",8,1000000,3475,3475,0,0.000,187.037,155,2502017
"benchmark-example:english-extra-8-cpu","bd/english.100MB",8,1000000,3475,3475,0,0.000,187.037,156,2505110
"benchmark-example:english-extra-8-cpu","bd/english.100MB",8,1000000,3475,3475,0,0.000,187.037,157,2507264
"benchmark-example:english-extra-8-cpu","bd/english.100MB",8,1000000,3475,3475,0,0.000,187.037,158,2640545
"benchmark-example:english-extra-8-cpu","bd/english.100MB",8,1000000,3475,3475,0,0.000,187.037,159,2651157
"benchmark-example:english-extra-8-cpu","bd/english.100MB",8,1000000,3475,3475,0,0.000,187.037,160,2662587
"benchmark-example:english-extra-8-cpu","bd/english.100MB",8,1000000,3475,3475,0,0.000,187.037,161,2667862
"benchmark-example:english-extra-8-cpu","bd/english.100MB",8,1000000,3475,3475,0,0.000,187.037,162,2691192
"benchmark-example:english-extra-8-cpu","bd/english.100MB",8,1000000,3475,3475,0,0.000,187.037,163,2698171
"benchmark-example:english-extra-8-cpu","bd/english.100MB",8,1000000,3475,3475,0,0.000,187.037,164,2700309
"benchmark-example:english-extra-8-cpu","bd/english.100MB",8,1000000,3475,3475,0,0.000,187.037,165,2703000
"benchmark-example:english-extra-8-cpu","bd/english.100MB",8,1000000,3475,3475,0,0.000,187.037,166,2704356
"benchmark-example:english-extra-8-cpu","bd/english.100MB",8,1000000,3475,3475,0,0.000,187.037,167,2724330
"benchmark-example:english-extra-8-cpu","bd/english.100MB",8,1000000,3475,3475,0,0.000,187.037,168,2737416
"benchmark-example:english-extra-8-cpu","bd/english.100MB",8,1000000,3475,3475,0,0.000,187.037,169,2739654
"benchmark-example:english-extra-8-cpu","bd/english.100MB",8,1000000,3475,3475,0,0.000,187.037,170,2747445
"benchmark-example:english-extra-8-cpu","bd/english.100MB",8,1000000,3475,3475,0,0.000,187.037,171,2754135
"benchmark-example:english-extra-8-cpu","bd/english.100MB",8,1000000,3475,3475,0,0.000,187.037,172,2766118
"benchmark-example:english-extra-8-cpu","bd/english.100MB",8,1000000,3475,3475,0,0.000,187.037,173,2914502
"benchmark-example:english-extra-8-cpu","bd/english.100MB",8,1000000,3475,3475,0,0.000,187.037,174,2966893
"benchmark-example:english-extra-8-cpu","bd/english.100MB",8,1000000,3475,3475,0,0.000,187.037,175,3095069
"benchmark-example:english-extra-8-cpu","bd/english.100MB",8,1000000,3475,3475,0,0.000,187.037,176,3123649
"benchmark-example:english-extra-8-cpu","bd/english.100MB",8,1000000,3475,3475,0,0.000,187.037,177,3154966
"benchmark-example:english-extra-8-cpu","bd/english.100MB",8,1000000,3475,3475,0,0.000,187.037,178,3167455
"benchmark-example:english-extra-8-cpu","bd/english.100MB",8,1000000,3475,3475,0,0.000,187.037,179,3180521
"benchmark-example:english-extra-8-cpu","bd/english.100MB",8,1000000,3475,3475,0,0.000,187.037,180,3183313
"benchmark-example:english-extra-8-cpu","bd/english.100MB",8,1000000,3475,3475,0,0.000,187.037,181,3202740
"benchmark-example:english-extra-8-cpu","bd/english.100MB",8,1000000,3475,3475,0,0.000,187.037,182,3211006
"benchmark-example:english-extra-8-cpu","bd/english.100MB",8,1000000,3475,3475,0,0.000,187.037,183,3237579
"benchmark-example:english-extra-8-cpu","bd/english.100MB",8,1000000,3475,3475,0,0.000,187.037,184,3252147
"benchmark-example:english-extra-8-cpu","bd/english.100MB",8,1000000,3475,3475,0,0.000,187.037,185,3275552
"benchmark-example:english-extra-8-cpu","bd/english.100MB",8,1000000,3475,3475,0,0.000,187.037,186,3297704
"benchmark-example:english-extra-8-cpu","bd/english.100MB",8,1000000,3475,3475,0,0.000,187.037,187,3346531
"benchmark-example:english-extra-8-cpu","bd/english.100MB",8,1000000,3475,3475,0,0.000,187.037,188,3349624
"benchmark-example:english-extra-8-cpu","bd/english.100MB",8,1000000,3475,3475,0,0.000,187.037,189,3351778
"benchmark-example:english-extra-8-cpu","bd/english.100MB",8,1000000,3475,3475,0,0.000,187.037,190,3485059
"benchmark-example:english-extra-8-cpu","bd/english.100MB",8,1000000,3475,3475,0,0.000,187.037,191,3495671
"benchmark-example:english-extra-8-cpu","bd/english.100MB",8,1000000,3475,3475,0,0.000,187.037,192,3507100
"benchmark-example:english-extra-8-cpu","bd/english.100MB",8,1000000,3475,3475,0,0.000,187.037,193,3512375
"benchmark-example:english-extra-8-cpu","bd/english.100MB",8,1000000,3475,3475,0,0.000,187.037,194,3535705
"benchmark-example:english-extra-8-cpu","bd/english.100MB",8,1000000,3475,3475,0,0.000,187.037,195,3542684
"benchmark-example:english-extra-8-cpu","bd/english.100MB",8,1000000,3475,3475,0,0.000,187.037,196,3544822
"benchmark-example:english-extra-8-cpu","bd/english.100MB",8,1000000,3475,3475,0,0.000,187.037,197,3547513
"benchmark-example:english-extra-8-cpu","bd/english.100MB",8,1000000,3475,3475,0,0.000,187.037,198,3548869
"benchmark-example:english-extra-8-cpu","bd/english.100MB",8,1000000,3475,3475,0,0.000,187.037,199,3568843
"benchmark-example:english-extra-8-cpu","bd/english.100MB",8,1000000,3475,3475,0,0.000,187.037,200,3581929
"benchmark-example:english-extra-8-cpu","bd/english.100MB",8,1000000,3475,3475,0,0.000,187.037,201,3584167
"benchmark-example:english-extra-8-cpu","bd/english.100MB",8,1000000,3475,3475,0,0.000,187.037,202,3591958
"benchmark-example:english-extra-8-cpu","bd/english.100MB",8,1000000,3475,3475,0,0.000,187.037,203,3598648
"benchmark-example:english-extra-8-cpu","bd/english.100MB",8,1000000,3475,3475,0,0.000,187.037,204,3610630
"benchmark-example:english-extra-8-cpu","bd/english.100MB",8,1000000,3475,3475,0,0.000,187.037,205,3759009
"benchmark-example:english-extra-8-cpu","bd/english.100MB",8,1000000,3475,3475,0,0.000,187.037,206,3811347
"benchmark-example:english-extra-8-cpu","bd/english.100MB",8,1000000,3475,3475,0,0.000,187.037,207,3878242
"benchmark-example:english-extra-8-cpu","bd/english.100MB",8,1000000,3475,3475,0,0.000,187.037,208,3891255
"benchmark-example:english-extra-8-cpu","bd/english.100MB",8,1000000,3475,3475,0,0.000,187.037,209,3984545
"benchmark-example:english-extra-8-cpu","bd/english.100MB",8,1000000,3475,3475,0,0.000,187.037,210,4012952
"benchmark-example:english-extra-8-cpu","bd/english.100MB",8,1000000,3475,3475,0,0.000,187.037,211,4043854
"benchmark-example:english-extra-8-cpu","bd/english.100MB",8,1000000,3475,3475,0,0.000,187.037,212,4048521
"benchmark-example:english-extra-8-cpu","bd/english.100MB",8,1000000,3475,3475,0,0.000,187.037,213,4066610
"benchmark-example:english-extra-8-cpu","bd/english.100MB",8,1000000,3475,3475,0,0.000,187.037,214,4068565
"benchmark-example:english-extra-8-cpu","bd/english.100MB",8,1000000,3475,3475,0,0.000,187.037,215,4098027
"benchmark-example:english-extra-8-cpu","bd/english.100MB",8,1000000,3475,3475,0,0.000,187.037,216,4102893
"benchmark-example:english-extra-8-cpu","bd/english.100MB",8,1000000,3475,3475,0,0.000,187.037,217,4141593
"benchmark-example:english-extra-8-cpu","bd/english.100MB",8,1000000,3475,3475,0,0.000,187.037,218,4151528
"benchmark-example:english-extra-8-cpu","bd/english.100MB",8,1000000,3475,3475,0,0.000,187.037,219,4384015
"benchmark-example:english-extra-8-cpu","bd/english.100MB",8,1000000,3475,3475,0,0.000,187.037,220,4459050
"benchmark-example:english-extra-8-cpu","bd/english.100MB",8,1000000,3475,3475,0,0.000,187.037,221,4528188
"benchmark-example:english-extra-8-cpu","bd/english.100MB",8,1000000,3475,3475,0,0.000,187.037,222,4532766
"benchmark-example:english-extra-8-cpu","bd/english.100MB",8,1000000,3475,3475,0,0.000,187.037,223,4556168
"benchmark-example:english-extra-8-cpu","bd/english.100MB",8,1000000,3475,3475,0,0.000,187.037,224,4616192
"benchmark-example:english-extra-8-cpu","bd/english.100MB",8,1000000,3475,3475,0,0.000,187.037,225,4620508
"benchmark-example:english-extra-8-cpu","bd/english.100MB",8,1000000,3475,3475,0,0.000,187.037,226,4771290
"benchmark-example:english-extra-8-cpu","bd/english.100MB",8,1000000,3475,3475,0,0.000,187.037,227,4791136
"benchmark-example:english-extra-8-cpu","bd/english.100MB",8,1000000,3475,3475,0,0.000,187.037,228,4800170
"benchmark-example:english-extra-8-cpu","bd/english.100MB",8,1000000,3475,3475,0,0.000,187.037,229,4900038
"benchmark-example:english-extra-8-cpu","bd/english.100MB",8,1000000,3475,3475,0,0.000,187.037,230,4914033
"benchmark-example:english-extra-8-cpu","bd/english.100MB",8,1000000,3475,3475,0,0.000,187.037,231,4936433
"benchmark-example:english-extra-8-cpu","bd/english.100MB",8,1000000,3475,3475,0,0.000,187.037,232,4942113
"benchmark-example:english-extra-8-cpu","bd/english.100MB",8,1000000,3475,3475,0,0.000,187.037,233,4944979
"benchmark-example:english-extra-8-cpu","bd/english.100MB",8,1000000,3475,3475,0,0.000,187.037,234,4968784
"benchmark-example:english-extra-8-cpu","bd/english.100MB",8,1000000,3475,3475,0,0.000,187.037,235,4998496
"benchmark-example:english-extra-8-cpu","bd/english.100MB",8,1000000,3475,3475,0,0.000,187.037,236,5075043
"benchmark-example:english-extra-8-cpu","bd/english.100MB",8,1000000,3475,3475,0,0.000,187.037,237,5076952
"benchmark-example:english-extra-8-cpu","bd/english.100MB",8,1000000,3475,3475,0,0.000,187.037,238,5102585
"benchmark-example:english-extra-8-cpu","bd/english.100MB",8,1000000,3475,3475,0,0.000,187.037,239,5242357
"benchmark-example:english-extra-8-cpu","bd/english.100MB",8,1000000,3475,3475,0,0.000,187.037,240,5317392
"benchmark-example:english-extra-8-cpu","bd/english.100MB",8,1000000,3475,3475,0,0.000,187.037,241,5386528
"benchmark-example:english-extra-8-cpu","bd/english.100MB",8,1000000,3475,3475,0,0.000,187.037,242,5391106
"benchmark-example:english-extra-8-cpu","bd/english.100MB",8,1000000,3475,3475,0,0.000,187.037,243,5414508
"benchmark-example:english-extra-8-cpu","bd/english.100MB",8,1000000,3475,3475,0,0.000,187.037,244,5474532
"benchmark-example:english-extra-8-cpu","bd/english.100MB",8,1000000,3475,3475,0,0.000,187.037,245,5478848
"benchmark-example:english-extra-8-cpu","bd/english.100MB",8,1000000,3475,3475,0,0.000,187.037,246,5629630
"benchmark-example:english-extra-8-cpu","bd/english.100MB",8,1000000,3475,3475,0,0.000,187.037,247,5649476
"benchmark-example:english-extra-8-cpu","bd/english.100MB",8,1000000,3475,3475,0,0.000,187.037,248,5658510
"benchmark-example:english-extra-8-cpu","bd/english.100MB",8,1000000,3475,3475,0,0.000,187.037,249,5758378
"benchmark-example:english-extra-8-cpu","bd/english.100MB",8,1000000,3475,3475,0,0.000,187.037,250,5772373
"benchmark-example:english-extra-8-cpu","bd/english.100MB",8,1000000,3475,3475,0,0.000,187.037,251,5794773
"benchmark-example:english-extra-8-cpu","bd/english.100MB",8,1000000,3475,3475,0,0.000,187.037,252,5800453
"benchmark-example:english-extra-8-cpu","bd/english.100MB",8,1000000,3475,3475,0,0.000,187.037,253,5803319
"benchmark-example:english-extra-8-cpu","bd/english.100MB",8,1000000,3475,3475,0,0.000,187.037,254,5827124
"benchmark-example:english-extra-8-cpu","bd/english.100MB",8,1000000,3475,3475,0,0.000,187.037,255,5856836
"benchmark-example:english-extra-8-cpu","bd/english.100MB",8,1000000,3475,3475,0,0.000,187.037,256,5933376
"benchmark-example:english-extra-8-cpu","bd/english.100MB",8,1000000,3475,3475,0,0.000,187.037,257,5935284
"benchmark-example:english-extra-8-cpu","bd/english.100MB",8,1000000,3475,3475,0,0.000,187.037,258,5960915
"benchmark-example:english-extra-8-cpu","bd/english.100MB",8,1000000,3475,3475,0,0.000,187.037,259,6029115
"benchmark-example:english-extra-8-cpu","bd/english.100MB",8,1000000,3475,3475,0,0.000,187.037,260,6112804
"benchmark-example:english-extra-8-cpu","bd/english.100MB",8,1000000,3475,3475,0,0.000,187.037,261,6165700
"benchmark-example:english-extra-8-cpu","bd/english.100MB",8,1000000,3475,3475,0,0.000,187.037,262,6201730
"benchmark-example:english-extra-8-cpu","bd/english.100MB",8,1000000,3475,3475,0,0.000,187.037,263,6222328
"benchmark-example:english-extra-8-cpu","bd/english.100MB",8,1000000,3475,3475,0,0.000,187.037,264,6491040
"benchmark-example:english-extra-8-cpu","bd/english.100MB",8,1000000,3475,3475,0,0.000,187.037,265,6499582
"benchmark-example:english-extra-8-cpu","bd/english.100MB",8,1000000,3475,3475,0,0.000,187.037,266,6504714
"benchmark-example:english-extra-8-cpu","bd/english.100MB",8,1000000,3475,3475,0,0.000,187.037,267,6599251
"benchmark-example:english-extra-8-cpu","bd/english.100MB",8,1000000,3475,3475,0,0.000,187.037,268,6673916
"benchmark-example:english-extra-8-cpu","bd/english.100MB",8,1000000,3475,3475,0,0.000,187.037,269,6708349
"benchmark-example:english-extra-8-cpu","bd/english.100MB",8,1000000,3475,3475,0,0.000,187.037,270,6761678
"benchmark-example:english-extra-8-cpu","bd/english.100MB",8,1000000,3475,3475,0,0.000,187.037,271,6840357
"benchmark-example:english-extra-8-cpu","bd/english.100MB",8,1000000,3475,3475,0,0.000,187.037,272,6893253
"benchmark-example:english-extra-8-cpu","bd/english.100MB",8,1000000,3475,3475,0,0.000,187.037,273,6929283
"benchmark-example:english-extra-8-cpu","bd/english.100MB",8,1000000,3475,3475,0,0.000,187.037,274,6949881
"benchmark-example:english-extra-8-cpu","bd/english.100MB",8,1000000,3475,3475,0,0.000,187.037,275,7218593
"benchmark-example:english-extra-8-cpu","bd/english.100MB",8,1000000,3475,3475,0,0.000,187.037,276,7227135
"benchmark-example:english-extra-8-cpu","bd/english.100MB",8,1000000,3475,3475,0,0.000,187.037,277,7232267
"benchmark-example:english-extra-8-cpu","bd/english.100MB",8,1000000,3475,3475,0,0.000,187.037,278,7326804
"benchmark-example:english-extra-8-cpu","bd/english.100MB",8,1000000,3475,3475,0,0.000,187.037,279,7401468
"benchmark-example:english-extra-8-cpu","bd/english.100MB",8,1000000,3475,3475,0,0.000,187.037,280,7435895
"benchmark-example:english-extra-8-cpu","bd/english.100MB",8,1000000,3475,3475,0,0.000,187.037,281,7489220
"benchmark-example:english-extra-8-cpu","bd/english.100MB",8,1000000,3475,3475,0,0.000,187.037,282,7539382
"benchmark-example:english-extra-8-cpu","bd/english.100MB",8,1000000,3475,3475,0,0.000,187.037,283,7574476
"benchmark-example:english-extra-8-cpu","bd/english.100MB",8,1000000,3475,3475,0,0.000,187.037,284,7590350
"benchmark-example:english-extra-8-cpu","bd/english.100MB",8,1000000,3475,3475,0,0.000,187.037,285,7633301
"benchmark-example:english-extra-8-cpu","bd/english.100MB",8,1000000,3475,3475,0,0.000,187.037,286,7656187
"benchmark-example:english-extra-8-cpu","bd/english.100MB",8,1000000,3475,3475,0,0.000,187.037,287,7663817
"benchmark-example:english-extra-8-cpu","bd/english.100MB",8,1000000,3475,3475,0,0.000,187.037,288,7667025
"benchmark-example:english-extra-8-cpu","bd/english.100MB",8,1000000,3475,3475,0,0.000,187.037,289,7785809
"benchmark-example:english-extra-8-cpu","bd/english.100MB",8,1000000,3475,3475,0,0.000,187.037,290,7800041
"benchmark-example:english-extra-8-cpu","bd/english.100MB",8,1000000,3475,3475,0,0.000,187.037,291,7802018
"benchmark-example:english-extra-8-cpu","bd/english.100MB",8,1000000,3475,3475,0,0.000,187.037,292,7819319
"benchmark-example:english-extra-8-cpu","bd/english.100MB",8,1000000,3475,3475,0,0.000,187.037,293,7916176
"benchmark-example:english-extra-8-cpu","bd/english.100MB",8,1000000,3475,3475,0,0.000,187.037,294,7924898
"benchmark-example:english-extra-8-cpu","bd/english.100MB",8,1000000,3475,3475,0,0.000,187.037,295,8003429
"benchmark-example:english-extra-8-cpu","bd/english.100MB",8,1000000,3475,3475,0,0.000,187.037,296,8016183
"benchmark-example:english-extra-8-cpu","bd/english.100MB",8,1000000,3475,3475,0,0.000,187.037,297,8102612
"benchmark-example:english-extra-8-cpu","bd/english.100MB",8,1000000,3475,3475,0,0.000,187.037,298,8153082
"benchmark-example:english-extra-8-cpu","bd/english.100MB",8,1000000,3475,3475,0,0.000,187.037,299,8153245
"benchmark-example:english-extra-8-cpu","bd/english.100MB",8,1000000,3475,3475,0,0.000,187.037,300,8184950
"benchmark-example:english-extra-8-cpu","bd/english.100MB",8,1000000,3475,3475,0,0.000,187.037,301,8285163
"benchmark-example:english-extra-8-cpu","bd/english.100MB",8,1000000,3475,3475,0,0.000,187.037,302,8356964
"benchmark-example:english-extra-8-cpu","bd/english.100MB",8,1000000,3475,3475,0,0.000,187.037,303,8368659
"benchmark-example:english-extra-8-cpu","bd/english.100MB",8,1000000,3475,3475,0,0.000,187.037,304,8395158
"benchmark-example:english-extra-8-cpu","bd/english.100MB",8,1000000,3475,3475,0,0.000,187.037,305,8469766
"benchmark-example:english-extra-8-cpu","bd/english.100MB",8,1000000,3475,3475,0,0.000,187.037,306,8487670
"benchmark-example:english-extra-8-cpu","bd/english.100MB",8,1000000,3475,3475,0,0.000,187.037,307,8491572
"benchmark-example:english-extra-8-cpu","bd/english.100MB",8,1000000,3475,3475,0,0.000,187.037,308,8498084
"benchmark-example:english-extra-8-cpu","bd/english.100MB",8,1000000,3475,3475,0,0.000,187.037,309,8519766
"benchmark-example:english-extra-8-cpu","bd/english.100MB",8,1000000,3475,3475,0,0.000,187.037,310,8528833
"benchmark-example:english-extra-8-cpu","bd/english.100MB",8,1000000,3475,3475,0,0.000,187.037,311,8529760
"benchmark-example:english-extra-8-cpu","bd/english.100MB",8,1000000,3475,3475,0,0.000,187.037,312,8529888
"benchmark-example:english-extra-8-cpu","bd/english.100MB",8,1000000,3475,3475,0,0.000,187.037,313,8593581
"benchmark-example:english-extra-8-cpu","bd/english.100MB",8,1000000,3475,3475,0,0.000,187.037,314,8616467
"benchmark-example:english-extra-8-cpu","bd/english.100MB",8,1000000,3475,3475,0,0.000,187.037,315,8624097
"benchmark-example:english-extra-8-cpu","bd/english.100MB",8,1000000,3475,3475,0,0.000,187.037,316,8627305
"benchmark-example:english-extra-8-cpu","bd/english.100MB",8,1000000,3475,3475,0,0.000,187.037,317,8746089
"benchmark-example:english-extra-8-cpu","bd/english.100MB",8,1000000,3475,3475,0,0.000,187.037,318,8760321
"benchmark-example:english-extra-8-cpu","bd/english.100MB",8,1000000,3475,3475,0,0.000,187.037,319,8762298
"benchmark-example:english-extra-8-cpu","bd/english.100MB",8,1000000,3475,3475,0,0.000,187.037,320,8779599
"benchmark-example:english-extra-8-cpu","bd/english.100MB",8,1000000,3475,3475,0,0.000,187.037,321,8876456
"benchmark-example:english-extra-8-cpu","bd/english.100MB",8,1000000,3475,3475,0,0.000,187.037,322,8885178
"benchmark-example:english-extra-8-cpu","bd/english.100MB",8,1000000,3475,3475,0,0.000,187.037,323,8963709
"benchmark-example:english-extra-8-cpu","bd/english.100MB",8,1000000,3475,3475,0,0.000,187.037,324,8976463
"benchmark-example:english-extra-8-cpu","bd/english.100MB",8,1000000,3475,3475,0,0.000,187.037,325,9062891
"benchmark-example:english-extra-8-cpu","bd/english.100MB",8,1000000,3475,3475,0,0.000,187.037,326,9113361
"benchmark-example:english-extra-8-cpu","bd/english.100MB",8,1000000,3475,3475,0,0.000,187.037,327,9113524
"benchmark-example:english-extra-8-cpu","bd/english.100MB",8,1000000,3475,3475,0,0.000,187.037,328,9145229
"benchmark-example:english-extra-8-cpu","bd/english.100MB",8,1000000,3475,3475,0,0.000,187.037,329,9245442
"benchmark-example:english-extra-8-cpu","bd/english.100MB",8,1000000,3475,3475,0,0.000,187.037,330,9317243
"benchmark-example:english-extra-8-cpu","bd/english.100MB",8,1000000,3475,3475,0,0.000,187.037,331,9328938
"benchmark-example:english-extra-8-cpu","bd/english.100MB",8,1000000,3475,3475,0,0.000,187.037,332,9355437
"benchmark-example:english-extra-8-cpu","bd/english.100MB",8,1000000,3475,3475,0,0.000,187.037,333,9430034
"benchmark-example:english-extra-8-cpu","bd/english.100MB",8,1000000,3475,3475,0,0.000,187.037,334,9447937
"benchmark-example:english-extra-8-cpu","bd/english.100MB",8,1000000,3475,3475,0,0.000,187.037,335,9451839
"benchmark-example:english-extra-8-cpu","bd/english.100MB",8,1000000,3475,3475,0,0.000,187.037,336,9458351
"benchmark-example:english-extra-8-cpu","bd/english.100MB",8,1000000,3475,3475,0,0.000,187.037,337,9480032
"benchmark-example:english-extra-8-cpu","bd/english.100MB",8,1000000,3475,3475,0,0.000,187.037,338,9489097
"benchmark-example:english-extra-8-cpu","bd/english.100MB",8,1000000,3475,3475,0,0.000,187.037,339,9490024
"benchmark-example:english-extra-8-cpu","bd/english.100MB",8,1000000,3475,3475,0,0.000,187.037,340,9490152
"benchmark-example:english-extra-8-cpu","bd/english.100MB",8,1000000,3475,3475,0,0.000,187.037,341,9710432
"benchmark-example:english-extra-8-cpu","bd/english.100MB",8,1000000,3475,3475,0,0.000,187.037,342,9721118
"benchmark-example:english-extra-8-cpu","bd/english.100MB",8,1000000,3475,3475,0,0.000,187.037,343,9790915
"benchmark-example:english-extra-8-cpu","bd/english.100MB",8,1000000,3475,3475,0,0.000,187.037,344,9847391
"benchmark-example:english-extra-8-cpu","bd/english.100MB",8,1000000,3475,3475,0,0.000,187.037,345,9893835
"benchmark-example:english-extra-8-cpu","bd/english.100MB",8,1000000,3475,3475,0,0.000,187.037,346,9894815
"benchmark-example:english-extra-8-cpu","bd/english.100MB",8,1000000,3475,3475,0,0.000,187.037,347,9895355
"benchmark-example:english-extra-8-cpu","bd/english.100MB",8,1000000,3475,3475,0,0.000,187.037,348,9906595
"benchmark-example:english-extra-8-cpu","bd/english.100MB",8,1000000,3475,3475,0,0.000,187.037,349,9945425
"benchmark-example:english-extra-8-cpu","bd/english.100MB",8,1000000,3475,3475,0,0.000,187.037,350,9959481
"benchmark-example:english-extra-8-cpu","bd/english.100MB",8,1000000,3475,3475,0,0.000,187.037,351,10009678
"benchmark-example:english-extra-8-cpu","bd/english.100MB",8,1000000,3475,3475,0,0.000,187.037,352,10067444
"benchmark-example:english-extra-8-cpu","bd/english.100MB",8,1000000,3475,3475,0,0.000,187.037,353,10075536
"benchmark-example:english-extra-8-cpu","bd/english.100MB",8,1000000,3475,3475,0,0.000,187.037,354,10086380
"benchmark-example:english-extra-8-cpu","bd/english.100MB",8,1000000,3475,3475,0,0.000,187.037,355,10086418
"benchmark-example:english-extra-8-cpu","bd/english.100MB",8,1000000,3475,3475,0,0.000,187.037,356,10100505
"benchmark-example:english-extra-8-cpu","bd/english.100MB",8,1000000,3475,3475,0,0.000,187.037,357,10127523
"benchmark-example:english-extra-8-cpu","bd/english.100MB",8,1000000,3475,3475,0,0.000,187.037,358,10257718
"benchmark-example:english-extra-8-cpu","bd/english.100MB",8,1000000,3475,3475,0,0.000,187.037,359,10303829
"benchmark-example:english-extra-8-cpu","bd/english.100MB",8,1000000,3475,3475,0,0.000,187.037,360,10347626
"benchmark-example:english-extra-8-cpu","bd/english.100MB",8,1000000,3475,3475,0,0.000,187.037,361,10349358
"benchmark-example:english-extra-8-cpu","bd/english.100MB",8,1000000,3475,3475,0,0.000,187.037,362,10353801
"benchmark-example:english-extra-8-cpu","bd/english.100MB",8,1000000,3475,3475,0,0.000,187.037,363,10371785
"benchmark-example:english-extra-8-cpu","bd/english.100MB",8,1000000,3475,3475,0,0.000,187.037,364,10376257
"benchmark-example:english-extra-8-cpu","bd/english.100MB",8,1000000,3475,3475,0,0.000,187.037,365,10411233
"benchmark-example:english-extra-8-cpu","bd/english.100MB",8,1000000,3475,3475,0,0.000,187.037,366,10451878
"benchmark-example:english-extra-8-cpu","bd/english.100MB",8,1000000,3475,3475,0,0.000,187.037,367,10482152
"benchmark-example:english-extra-8-cpu","bd/english.100MB",8,1000000,3475,3475,0,0.000,187.037,368,10613730
"benchmark-example:english-extra-8-cpu","bd/english.100MB",8,1000000,3475,3475,0,0.000,187.037,369,10640085
"benchmark-example:english-extra-8-cpu","bd/english.100MB",8,1000000,3475,3475,0,0.000,187.037,370,10687914
"benchmark-example:english-extra-8-cpu","bd/english.100MB",8,1000000,3475,3475,0,0.000,187.037,371,10699414
"benchmark-example:english-extra-8-cpu","bd/english.100MB",8,1000000,3475,3475,0,0.000,187.037,372,10711231
"benchmark-example:english-extra-8-cpu","bd/english.100MB",8,1000000,3475,3475,0,0.000,187.037,373,10746401
"benchmark-example:english-extra-8-cpu","bd/english.100MB",8,1000000,3475,3475,0,0.000,187.037,374,10807795
"benchmark-example:english-extra-8-cpu","bd/english.100MB",8,1000000,3475,3475,0,0.000,187.037,375,10821437
"benchmark-example:english-extra-8-cpu","bd/english.100MB",8,1000000,3475,3475,0,0.000,187.037,376,10823077
"benchmark-example:english-extra-8-cpu","bd/english.100MB",8,1000000,3475,3475,0,0.000,187.037,377,10840278
"benchmark-example:english-extra-8-cpu","bd/english.100MB",8,1000000,3475,3475,0,0.000,187.037,378,10863952
"benchmark-example:english-extra-8-cpu","bd/english.100MB",8,1000000,3475,3475,0,0.000,187.037,379,10994147
"benchmark-example:english-extra-8-cpu","bd/english.100MB",8,1000000,3475,3475,0,0.000,187.037,380,11040258
"benchmark-example:english-extra-8-cpu","bd/english.100MB",8,1000000,3475,3475,0,0.000,187.037,381,11084054
"benchmark-example:english-extra-8-cpu","bd/english.100MB",8,1000000,3475,3475,0,0.000,187.037,382,11085786
"benchmark-example:english-extra-8-cpu","bd/english.100MB",8,1000000,3475,3475,0,0.000,187.037,383,11090229
"benchmark-example:english-extra-8-cpu","bd/english.100MB",8,1000000,3475,3475,0,0.000,187.037,384,11108213
"benchmark-example:english-extra-8-cpu","bd/english.100MB",8,1000000,3475,3475,0,0.000,187.037,385,11112685
"benchmark-example:english-extra-8-cpu","bd/english.100MB",8,1000000,3475,3475,0,0.000,187.037,386,11147661
"benchmark-example:english-extra-8-cpu","bd/english.100MB",8,1000000,3475,3475,0,0.000,187.037,387,11188306
"benchmark-example:english-extra-8-cpu","bd/english.100MB",8,1000000,3475,3475,0,0.000,187.037,388,11218580
"benchmark-example:english-extra-8-cpu","bd/english.100MB",8,1000000,3475,3475,0,0.000,187.037,389,11350158
"benchmark-example:english-extra-8-cpu","bd/english.100MB",8,1000000,3475,3475,0,0.000,187.037,390,11376513
"benchmark-example:english-extra-8-cpu","bd/english.100MB",8,1000000,3475,3475,0,0.000,187.037,391,11424342
"benchmark-example:english-extra-8-cpu","bd/english.100MB",8,1000000,3475,3475,0,0.000,187.037,392,11435842
"benchmark-example:english-extra-8-cpu","bd/english.100MB",8,1000000,3475,3475,0,0.000,187.037,393,11447659
"benchmark-example:english-extra-8-cpu","bd/english.100MB",8,1000000,3475,3475,0,0.000,187.037,394,11482829
"benchmark-example:english-extra-8-cpu","bd/english.100MB",8,1000000,3475,3475,0,0.000,187.037,395,11544211
"benchmark-example:english-extra-8-cpu","bd/english.100MB",8,1000000,3475,3475,0,0.000,187.037,396,11557852
"benchmark-example:english-extra-8-cpu","bd/english.100MB",8,1000000,3475,3475,0,0.000,187.037,397,11559492
"benchmark-example:english-extra-8-cpu","bd/english.100MB",8,1000000,3475,3475,0,0.000,187.037,398,11576693
"benchmark-example:english-extra-8-cpu","bd/english.100MB",8,1000000,3475,3475,0,0.000,187.037,399,11610828
"benchmark-example:english-extra-8-cpu","bd/english.100MB",8,1000000,3475,3475,0,0.000,187.037,400,11641631
"benchmark-example:english-extra-8-cpu","bd/english.100MB",8,1000000,3475,3475,0,0.000,187.037,401,11776400
"benchmark-example:english-extra-8-cpu","bd/english.100MB",8,1000000,3475,3475,0,0.000,187.037,402,11862384
"benchmark-example:english-extra-8-cpu","bd/english.100MB",8,1000000,3475,3475,0,0.000,187.037,403,11945919
"benchmark-example:english-extra-8-cpu","bd/english.100MB",8,1000000,3475,3475,0,0.000,187.037,404,11946304
"benchmark-example:english-extra-8-cpu","bd/english.100MB",8,1000000,3475,3475,0,0.000,187.037,405,11962455
"benchmark-example:english-extra-8-cpu","bd/english.100MB",8,1000000,3475,3475,0,0.000,187.037,406,12059232
"benchmark-example:english-extra-8-cpu","bd/english.100MB",8,1000000,3475,3475,0,0.000,187.037,407,12059414
"benchmark-example:english-extra-8-cpu","bd/english.100MB",8,1000000,3475,3475,0,0.000,187.037,408,12091391
"benchmark-example:english-extra-8-cpu","bd/english.100MB",8,1000000,3475,3475,0,0.000,187.037,409,12336663
"benchmark-example:english-extra-8-cpu","bd/english.100MB",8,1000000,3475,3475,0,0.000,187.037,410,12340058
"benchmark-example:english-extra-8-cpu","bd/english.100MB",8,1000000,3475,3475,0,0.000,187.037,411,12367142
"benchmark-example:english-extra-8-cpu","bd/english.100MB",8,1000000,3475,3475,0,0.000,187.037,412,12390532
"benchmark-example:english-extra-8-cpu","bd/english.100MB",8,1000000,3475,3475,0,0.000,187.037,413,12445401
"benchmark-example:english-extra-8-cpu","bd/english.100MB",8,1000000,3475,3475,0,0.000,187.037,414,12523334
"benchmark-example:english-extra-8-cpu","bd/english.100MB",8,1000000,3475,3475,0,0.000,187.037,415,12523392
"benchmark-example:english-extra-8-cpu","bd/english.100MB",8,1000000,3475,3475,0,0.000,187.037,416,12523548
"benchmark-example:english-extra-8-cpu","bd/english.100MB",8,1000000,3475,3475,0,0.000,187.037,417,12555758
"benchmark-example:english-extra-8-cpu","bd/english.100MB",8,1000000,3475,3475,0,0.000,187.037,418,12702912
"benchmark-example:english-extra-8-cpu","bd/english.100MB",8,1000000,3475,3475,0,0.000,187.037,419,12788896
"benchmark-example:english-extra-8-cpu","bd/english.100MB",8,1000000,3475,3475,0,0.000,187.037,420,12872431
"benchmark-example:english-extra-8-cpu","bd/english.100MB",8,1000000,3475,3475,0,0.000,187.037,421,12872816
"benchmark-example:english-extra-8-cpu","bd/english.100MB",8,1000000,3475,3475,0,0.000,187.037,422,12888967
"benchmark-example:english-extra-8-cpu","bd/english.100MB",8,1000000,3475,3475,0,0.000,187.037,423,12985744
"benchmark-example:english-extra-8-cpu","bd/english.100MB",8,1000000,3475,3475,0,0.000,187.037,424,12985926
"benchmark-example:english-extra-8-cpu","bd/english.100MB",8,1000000,3475,3475,0,0.000,187.037,425,13017903
"benchmark-example:english-extra-8-cpu","bd/english.100MB",8,1000000,3475,3475,0,0.000,187.037,426,13263175
"benchmark-example:english-extra-8-cpu","bd/english.100MB",8,1000000,3475,3475,0,0.000,187.037,427,13266570
"benchmark-example:english-extra-8-cpu","bd/english.100MB",8,1000000,3475,3475,0,0.000,187.037,428,13293654
"benchmark-example:english-extra-8-cpu","bd/english.100MB",8,1000000,3475,3475,0,0.000,187.037,429,13317044
"benchmark-example:english-extra-8-cpu","bd/english.100MB",8,1000000,3475,3475,0,0.000,187.037,430,13371913
"benchmark-example:english-extra-8-cpu","bd/english.100MB",8,1000000,3475,3475,0,0.000,187.037,431,13449845
"benchmark-example:english-extra-8-cpu","bd/english.100MB",8,1000000,3475,3475,0,0.000,187.037,432,13449903
"benchmark-example:english-extra-8-cpu","bd/english.100MB",8,1000000,3475,3475,0,0.000,187.037,433,13450059
"benchmark-example:english-extra-8-cpu","bd/english.100MB",8,1000000,3475,3475,0,0.000,187.037,434,13482265
"benchmark-example:english-extra-8-cpu","bd/english.100MB",8,1000000,3475,3475,0,0.000,187.037,435,13527046
"benchmark-example:english-extra-8-cpu","bd/english.100MB",8,1000000,3475,3475,0,0.000,187.037,436,13529110
"benchmark-example:english-extra-8-cpu","bd/english.100MB",8,1000000,3475,3475,0,0.000,187.037,437,13568887
"benchmark-example:english-extra-8-cpu","bd/english.100MB",8,1000000,3475,3475,0,0.000,187.037,438,13586851
"benchmark-example:english-extra-8-cpu","bd/english.100MB",8,1000000,3475,3475,0,0.000,187.037,439,13617714
"benchmark-example:english-extra-8-cpu","bd/english.100MB",8,1000000,3475,3475,0,0.000,187.037,440,13689811
"benchmark-example:english-extra-8-cpu","bd/english.100MB",8,1000000,3475,3475,0,0.000,187.037,441,13702125
"benchmark-example:english-extra-8-cpu","bd/english.100MB",8,1000000,3475,3475,0,0.000,187.037,442,13788554
"benchmark-example:english-extra-8-cpu","bd/english.100MB",8,1000000,3475,3475,0,0.000,187.037,443,13797920
"benchmark-example:english-extra-8-cpu","bd/english.100MB",8,1000000,3475,3475,0,0.000,187.037,444,13871058
"benchmark-example:english-extra-8-cpu","bd/english.100MB",8,1000000,3475,3475,0,0.000,187.037,445,13878266
"benchmark-example:english-extra-8-cpu","bd/english.100MB",8,1000000,3475,3475,0,0.000,187.037,446,13887650
"benchmark-example:english-extra-8-cpu","bd/english.100MB",8,1000000,3475,3475,0,0.000,187.037,447,13942294
"benchmark-example:english-extra-8-cpu","bd/english.100MB",8,1000000,3475,3475,0,0.000,187.037,448,13964432
"benchmark-example:english-extra-8-cpu","bd/english.100MB",8,1000000,3475,3475,0,0.000,187.037,449,13964791
"benchmark-example:english-extra-8-cpu","bd/english.100MB",8,1000000,3475,3475,0,0.000,187.037,450,14001137
"benchmark-example:english-extra-8-cpu","bd/english.100MB",8,1000000,3475,3475,0,0.000,187.037,451,14028069
"benchmark-example:english-extra-8-cpu","bd/english.100MB",8,1000000,3475,3475,0,0.000,187.037,452,14029921
"benchmark-example:english-extra-8-cpu","bd/english.100MB",8,1000000,3475,3475,0,0.000,187.037,453,14033674
"benchmark-example:english-extra-8-cpu","bd/english.100MB",8,1000000,3475,3475,0,0.000,187.037,454,14062044
"benchmark-example:english-extra-8-cpu","bd/english.100MB",8,1000000,3475,3475,0,0.000,187.037,455,14101974
"benchmark-example:english-extra-8-cpu","bd/english.100MB",8,1000000,3475,3475,0,0.000,187.037,456,14151915
"benchmark-example:english-extra-8-cpu","bd/english.100MB",8,1000000,3475,3475,0,0.000,187.037,457,14202662
"benchmark-example:english-extra-8-cpu","bd/english.100MB",8,1000000,3475,3475,0,0.000,187.037,458,14306281
"benchmark-example:english-extra-8-cpu","bd/english.100MB",8,1000000,3475,3475,0,0.000,187.037,459,14337215
"benchmark-example:english-extra-8-cpu","bd/english.100MB",8,1000000,3475,3475,0,0.000,187.037,460,14341810
"benchmark-example:english-extra-8-cpu","bd/english.100MB",8,1000000,3475,3475,0,0.000,187.037,461,14365290
"benchmark-example:english-extra-8-cpu","bd/english.100MB",8,1000000,3475,3475,0,0.000,187.037,462,14390846
"benchmark-example:english-extra-8-cpu","bd/english.100MB",8,1000000,3475,3475,0,0.000,187.037,463,14391678
"benchmark-example:english-extra-8-cpu","bd/english.100MB",8,1000000,3475,3475,0,0.000,187.037,464,14416336
"benchmark-example:english-extra-8-cpu","bd/english.100MB",8,1000000,3475,3475,0,0.000,187.037,465,14430138
"benchmark-example:english-extra-8-cpu","bd/english.100MB",8,1000000,3475,3475,0,0.000,187.037,466,14443403
"benchmark-example:english-extra-8-cpu","bd/english.100MB",8,1000000,3475,3475,0,0.000,187.037,467,14498856
"benchmark-example:english-extra-8-cpu","bd/english.100MB",8,1000000,3475,3475,0,0.000,187.037,468,14516424
"benchmark-example:english-extra-8-cpu","bd/english.100MB",8,1000000,3475,3475,0,0.000,187.037,469,14519992
"benchmark-example:english-extra-8-cpu","bd/english.100MB",8,1000000,3475,3475,0,0.000,187.037,470,14563261
"benchmark-example:english-extra-8-cpu","bd/english.100MB",8,1000000,3475,3475,0,0.000,187.037,471,14584871
"benchmark-example:english-extra-8-cpu","bd/english.100MB",8,1000000,3475,3475,0,0.000,187.037,472,14641863
"benchmark-example:english-extra-8-cpu","bd/english.100MB",8,1000000,3475,3475,0,0.000,187.037,473,14734310
"benchmark-example:english-extra-8-cpu","bd/english.100MB",8,1000000,3475,3475,0,0.000,187.037,474,14779819
"benchmark-example:english-extra-8-cpu","bd/english.100MB",8,1000000,3475,3475,0,0.000,187.037,475,14780531
"benchmark-example:english-extra-8-cpu","bd/english.100MB",8,1000000,3475,3475,0,0.000,187.037,476,14824661
"benchmark-example:english-extra-8-cpu","bd/english.100MB",8,1000000,3475,3475,0,0.000,187.037,477,14827814
"benchmark-example:english-extra-8-cpu","bd/english.100MB",8,1000000,3475,3475,0,0.000,187.037,478,14879342
"benchmark-example:english-extra-8-cpu","bd/english.100MB",8,1000000,3475,3475,0,0.000,187.037,479,14899732
"benchmark-example:english-extra-8-cpu","bd/english.100MB",8,1000000,3475,3475,0,0.000,187.037,480,14912891
"benchmark-example:english-extra-8-cpu","bd/english.100MB",8,1000000,3475,3475,0,0.000,187.037,481,14949807
"benchmark-example:english-extra-8-cpu","bd/english.100MB",8,1000000,3475,3475,0,0.000,187.037,482,14953093
"benchmark-example:english-extra-8-cpu","bd/english.100MB",8,1000000,3475,3475,0,0.000,187.037,483,14963464
"benchmark-example:english-extra-8-cpu","bd/english.100MB",8,1000000,3475,3475,0,0.000,187.037,484,14979262
"benchmark-example:english-extra-8-cpu","bd/english.100MB",8,1000000,3475,3475,0,0.000,187.037,485,14996265
"benchmark-example:english-extra-8-cpu","bd/english.100MB",8,1000000,3475,3475,0,0.000,187.037,486,14999485
"benchmark-example:english-extra-8-cpu","bd/english.100MB",8,1000000,3475,3475,0,0.000,187.037,487,15052034
"benchmark-example:english-extra-8-cpu","bd/english.100MB",8,1000000,3475,3475,0,0.000,187.037,488,15062382
"benchmark-example:english-extra-8-cpu","bd/english.100MB",8,1000000,3475,3475,0,0.000,187.037,489,15090256
"benchmark-example:english-extra-8-cpu","bd/english.100MB",8,1000000,3475,3475,0,0.000,187.037,490,15144925
"benchmark-example:english-extra-8-cpu","bd/english.100MB",8,1000000,3475,3475,0,0.000,187.037,491,15166322
"benchmark-example:english-extra-8-cpu","bd/english.100MB",8,1000000,3475,3475,0,0.000,187.037,492,15186264
"benchmark-example:english-extra-8-cpu","bd/english.100MB",8,1000000,3475,3475,0,0.000,187.037,493,15285298
"benchmark-example:english-extra-8-cpu","bd/english.100MB",8,1000000,3475,3475,0,0.000,187.037,494,15382838
"benchmark-example:english-extra-8-cpu","bd/english.100MB",8,1000000,3475,3475,0,0.000,187.037,495,15435687
"benchmark-example:english-extra-8-cpu","bd/english.100MB",8,1000000,3475,3475,0,0.000,187.037,496,15443949
"benchmark-example:english-extra-8-cpu","bd/english.100MB",8,1000000,3475,3475,0,0.000,187.037,497,15460829
"benchmark-example:english-extra-8-cpu","bd/english.100MB",8,1000000,3475,3475,0,0.000,187.037,498,15498976
"benchmark-example:english-extra-8-cpu","bd/english.100MB",8,1000000,3475,3475,0,0.000,187.037,499,15500313
"benchmark-example:english-extra-8-cpu","bd/english.100MB",8,1000000,3475,3475,0,0.000,187.037,500,15633612
"benchmark-example:english-extra-8-cpu","bd/english.100MB",8,1000000,3475,3475,0,0.000,187.037,501,15667832
"benchmark-example:english-extra-8-cpu","bd/english.100MB",8,1000000,3475,3475,0,0.000,187.037,502,15677051
"benchmark-example:english-extra-8-cpu","bd/english.100MB",8,1000000,3475,3475,0,0.000,187.037,503,15677244
"benchmark-example:english-extra-8-cpu","bd/english.100MB",8,1000000,3475,3475,0,0.000,187.037,504,15733096
"benchmark-example:english-extra-8-cpu","bd/english.100MB",8,1000000,3475,3475,0,0.000,187.037,505,15740662
"benchmark-example:english-extra-8-cpu","bd/english.100MB",8,1000000,3475,3475,0,0.000,187.037,506,15805790
"benchmark-example:english-extra-8-cpu","bd/english.100MB",8,1000000,3475,3475,0,0.000,187.037,507,15843698
"benchmark-example:english-extra-8-cpu","bd/english.100MB",8,1000000,3475,3475,0,0.000,187.037,508,15856178
"benchmark-example:english-extra-8-cpu","bd/english.100MB",8,1000000,3475,3475,0,0.000,187.037,509,15905938
"benchmark-example:english-extra-8-cpu","bd/english.100MB",8,1000000,3475,3475,0,0.000,187.037,510,15936168
"benchmark-example:english-extra-8-cpu","bd/english.100MB",8,1000000,3475,3475,0,0.000,187.037,511,15936441
"benchmark-example:english-extra-8-cpu","bd/english.100MB",8,1000000,3475,3475,0,0.000,187.037,512,16029768
"benchmark-example:english-extra-8-cpu","bd/english.100MB",8,1000000,3475,3475,0,0.000,187.037,513,16064527
"benchmark-example:english-extra-8-cpu","bd/english.100MB",8,1000000,3475,3475,0,0.000,187.037,514,16071074
"benchmark-example:english-extra-8-cpu","bd/english.100MB",8,1000000,3475,3475,0,0.000,187.037,515,16145334
"benchmark-example:english-extra-8-cpu","bd/english.100MB",8,1000000,3475,3475,0,0.000,187.037,516,16174565
"benchmark-example:english-extra-8-cpu","bd/english.100MB",8,1000000,3475,3475,0,0.000,187.037,517,16186298
"benchmark-example:english-extra-8-cpu","bd/english.100MB",8,1000000,3475,3475,0,0.000,187.037,518,16191165
"benchmark-example:english-extra-8-cpu","bd/english.100MB",8,1000000,3475,3475,0,0.000,187.037,519,16203594
"benchmark-example:english-extra-8-cpu","bd/english.100MB",8,1000000,3475,3475,0,0.000,187.037,520,16340028
"benchmark-example:english-extra-8-cpu","bd/english.100MB",8,1000000,3475,3475,0,0.000,187.037,521,16376680
"benchmark-example:english-extra-8-cpu","bd/english.100MB",8,1000000,3475,3475,0,0.000,187.037,522,16440121
"benchmark-example:english-extra-8-cpu","bd/english.100MB",8,1000000,3475,3475,0,0.000,187.037,523,16542902
"benchmark-example:english-extra-8-cpu","bd/english.100MB",8,1000000,3475,3475,0,0.000,187.037,524,16559004
"benchmark-example:english-extra-8-cpu","bd/english.100MB",8,1000000,3475,3475,0,0.000,187.037,525,16565720
"benchmark-example:english-extra-8-cpu","bd/english.100MB",8,1000000,3475,3475,0,0.000,187.037,526,16607683
"benchmark-example:english-extra-8-cpu","bd/english.100MB",8,1000000,3475,3475,0,0.000,187.037,527,16642367
"benchmark-example:english-extra-8-cpu","bd/english.100MB",8,1000000,3475,3475,0,0.000,187.037,528,16656982
"benchmark-example:english-extra-8-cpu","bd/english.100MB",8,1000000,3475,3475,0,0.000,187.037,529,16730701
"benchmark-example:english-extra-8-cpu","bd/english.100MB",8,1000000,3475,3475,0,0.000,187.037,530,16754409
"benchmark-example:english-extra-8-cpu","bd/english.100MB",8,1000000,3475,3475,0,0.000,187.037,531,16784639
"benchmark-example:english-extra-8-cpu","bd/english.100MB",8,1000000,3475,3475,0,0.000,187.037,532,16784912
"benchmark-example:english-extra-8-cpu","bd/english.100MB",8,1000000,3475,3475,0,0.000,187.037,533,16878239
"benchmark-example:english-extra-8-cpu","bd/english.100MB",8,1000000,3475,3475,0,0.000,187.037,534,16912998
"benchmark-example:english-extra-8-cpu","bd/english.100MB",8,1000000,3475,3475,0,0.000,187.037,535,16919545
"benchmark-example:english-extra-8-cpu","bd/english.100MB",8,1000000,3475,3475,0,0.000,187.037,536,16993805
"benchmark-example:english-extra-8-cpu","bd/english.100MB",8,1000000,3475,3475,0,0.000,187.037,537,17023036
"benchmark-example:english-extra-8-cpu","bd/english.100MB",8,1000000,3475,3475,0,0.000,187.037,538,17034769
"benchmark-example:english-extra-8-cpu","bd/english.100MB",8,1000000,3475,3475,0,0.000,187.037,539,17039636
"benchmark-example:english-extra-8-cpu","bd/english.100MB",8,1000000,3475,3475,0,0.000,187.037,540,17052065
"benchmark-example:english-extra-8-cpu","bd/english.100MB",8,1000000,3475,3475,0,0.000,187.037,541,17188499
"benchmark-example:english-extra-8-cpu","bd/english.100MB",8,1000000,3475,3475,0,0.000,187.037,542,17225151
"benchmark-example:english-extra-8-cpu","bd/english.100MB",8,1000000,3475,3475,0,0.000,187.037,543,17288592
"benchmark-example:english-extra-8-cpu","bd/english.100MB",8,1000000,3475,3475,0,0.000,187.037,544,17391373
"benchmark-example:english-extra-8-cpu","bd/english.100MB",8,1000000,3475,3475,0,0.000,187.037,545,17407475
"benchmark-example:english-extra-8-cpu","bd/english.100MB",8,1000000,3475,3475,0,0.000,187.037,546,17414191
"benchmark-example:english-extra-8-cpu","bd/english.100MB",8,1000000,3475,3475,0,0.000,187.037,547,17456154
"benchmark-example:english-extra-8-cpu","bd/english.100MB",8,1000000,3475,3475,0,0.000,187.037,548,17490832
"benchmark-example:english-extra-8-cpu","bd/english.100MB",8,1000000,3475,3475,0,0.000,187.037,549,17505447
"benchmark-example:english-extra-8-cpu","bd/english.100MB",8,1000000,3475,3475,0,0.000,187.037,550,17579099
"benchmark-example:english-extra-8-cpu","bd/english.100MB",8,1000000,3475,3475,0,0.000,187.037,551,17601199
"benchmark-example:english-extra-8-cpu","bd/english.100MB",8,1000000,3475,3475,0,0.000,187.037,552,17603263
"benchmark-example:english-extra-8-cpu","bd/english.100MB",8,1000000,3475,3475,0,0.000,187.037,553,17643040
"benchmark-example:english-extra-8-cpu","bd/english.100MB",8,1000000,3475,3475,0,0.000,187.037,554,17661004
"benchmark-example:english-extra-8-cpu","bd/english.100MB",8,1000000,3475,3475,0,0.000,187.037,555,17691867
"benchmark-example:english-extra-8-cpu","bd/english.100MB",8,1000000,3475,3475,0,0.000,187.037,556,17763964
"benchmark-example:english-extra-8-cpu","bd/english.100MB",8,1000000,3475,3475,0,0.000,187.037,557,17776278
"benchmark-example:english-extra-8-cpu","bd/english.100MB",8,1000000,3475,3475,0,0.000,187.037,558,17862707
"benchmark-example:english-extra-8-cpu","bd/english.100MB",8,1000000,3475,3475,0,0.000,187.037,559,17872073
"benchmark-example:english-extra-8-cpu","bd/english.100MB",8,1000000,3475,3475,0,0.000,187.037,560,17945211
"benchmark-example:english-extra-8-cpu","bd/english.100MB",8,1000000,3475,3475,0,0.000,187.037,561,17952419
"benchmark-example:english-extra-8-cpu","bd/english.100MB",8,1000000,3475,3475,0,0.000,187.037,562,17961803
"benchmark-example:english-extra-8-cpu","bd/english.100MB",8,1000000,3475,3475,0,0.000,187.037,563,18016447
"benchmark-example:english-extra-8-cpu","bd/english.100MB",8,1000000,3475,3475,0,0.000,187.037,564,18038585
"benchmark-example:english-extra-8-cpu","bd/english.100MB",8,1000000,3475,3475,0,0.000,187.037,565,18038944
"benchmark-example:english-extra-8-cpu","bd/english.100MB",8,1000000,3475,3475,0,0.000,187.037,566,18075290
"benchmark-example:english-extra-8-cpu","bd/english.100MB",8,1000000,3475,3475,0,0.000,187.037,567,18102222
"benchmark-example:english-extra-8-cpu","bd/english.100MB",8,1000000,3475,3475,0,0.000,187.037,568,18104074
"benchmark-example:english-extra-8-cpu","bd/english.100MB",8,1000000,3475,3475,0,0.000,187.037,569,18107827
"benchmark-example:english-extra-8-cpu","bd/english.100MB",8,1000000,3475,3475,0,0.000,187.037,570,18136069
"benchmark-example:english-extra-8-cpu","bd/english.100MB",8,1000000,3475,3475,0,0.000,187.037,571,18175928
"benchmark-example:english-extra-8-cpu","bd/english.100MB",8,1000000,3475,3475,0,0.000,187.037,572,18225808
"benchmark-example:english-extra-8-cpu","bd/english.100MB",8,1000000,3475,3475,0,0.000,187.037,573,18276550
"benchmark-example:english-extra-8-cpu","bd/english.100MB",8,1000000,3475,3475,0,0.000,187.037,574,18380126
"benchmark-example:english-extra-8-cpu","bd/english.100MB",8,1000000,3475,3475,0,0.000,187.037,575,18411057
"benchmark-example:english-extra-8-cpu","bd/english.100MB",8,1000000,3475,3475,0,0.000,187.037,576,18415652
"benchmark-example:english-extra-8-cpu","bd/english.100MB",8,1000000,3475,3475,0,0.000,187.037,577,18439120
"benchmark-example:english-extra-8-cpu","bd/english.100MB",8,1000000,3475,3475,0,0.000,187.037,578,18464658
"benchmark-example:english-extra-8-cpu","bd/english.100MB",8,1000000,3475,3475,0,0.000,187.037,579,18465487
"benchmark-example:english-extra-8-cpu","bd/english.100MB",8,1000000,3475,3475,0,0.000,187.037,580,18490037
"benchmark-example:english-extra-8-cpu","bd/english.100MB",8,1000000,3475,3475,0,0.000,187.037,581,18503806
"benchmark-example:english-extra-8-cpu","bd/english.100MB",8,1000000,3475,3475,0,0.000,187.037,582,18517047
"benchmark-example:english-extra-8-cpu","bd/english.100MB",8,1000000,3475,3475,0,0.000,187.037,583,18572482
"benchmark-example:english-extra-8-cpu","bd/english.100MB",8,1000000,3475,3475,0,0.000,187.037,584,18590046
"benchmark-example:english-extra-8-cpu","bd/english.100MB",8,1000000,3475,3475,0,0.000,187.037,585,18593614
"benchmark-example:english-extra-8-cpu","bd/english.100MB",8,1000000,3475,3475,0,0.000,187.037,586,18636852
"benchmark-example:english-extra-8-cpu","bd/english.100MB",8,1000000,3475,3475,0,0.000,187.037,587,18658453
"benchmark-example:english-extra-8-cpu","bd/english.100MB",8,1000000,3475,3475,0,0.000,187.037,588,18715368
"benchmark-example:english-extra-8-cpu","bd/english.100MB",8,1000000,3475,3475,0,0.000,187.037,589,18807713
"benchmark-example:english-extra-8-cpu","bd/english.100MB",8,1000000,3475,3475,0,0.000,187.037,590,18853207
"benchmark-example:english-extra-8-cpu","bd/english.100MB",8,1000000,3475,3475,0,0.000,187.037,591,18853916
"benchmark-example:english-extra-8-cpu","bd/english.100MB",8,1000000,3475,3475,0,0.000,187.037,592,18897971
"benchmark-example:english-extra-8-cpu","bd/english.100MB",8,1000000,3475,3475,0,0.000,187.037,593,18901118
"benchmark-example:english-extra-8-cpu","bd/english.100MB",8,1000000,3475,3475,0,0.000,187.037,594,18952544
"benchmark-example:english-extra-8-cpu","bd/english.100MB",8,1000000,3475,3475,0,0.000,187.037,595,18972898
"benchmark-example:english-extra-8-cpu","bd/english.100MB",8,1000000,3475,3475,0,0.000,187.037,596,18986057
"benchmark-example:english-extra-8-cpu","bd/english.100MB",8,1000000,3475,3475,0,0.000,187.037,597,19022961
"benchmark-example:english-extra-8-cpu","bd/english.100MB",8,1000000,3475,3475,0,0.000,187.037,598,19026247
"benchmark-example:english-extra-8-cpu","bd/english.100MB",8,1000000,3475,3475,0,0.000,187.037,599,19036609
"benchmark-example:english-extra-8-cpu","bd/english.100MB",8,1000000,3475,3475,0,0.000,187.037,600,19052404
"benchmark-example:english-extra-8-cpu","bd/english.100MB",8,1000000,3475,3475,0,0.000,187.037,601,19069404
"benchmark-example:english-extra-8-cpu","bd/english.100MB",8,1000000,3475,3475,0,0.000,187.037,602,19072621
"benchmark-example:english-extra-8-cpu","bd/english.100MB",8,1000000,3475,3475,0,0.000,187.037,603,19125152
"benchmark-example:english-extra-8-cpu","bd/english.100MB",8,1000000,3475,3475,0,0.000,187.037,604,19135488
"benchmark-example:english-extra-8-cpu","bd/english.100MB",8,1000000,3475,3475,0,0.000,187.037,605,19163286
"benchmark-example:english-extra-8-cpu","bd/english.100MB",8,1000000,3475,3475,0,0.000,187.037,606,19217857
"benchmark-example:english-extra-8-cpu","bd/english.100MB",8,1000000,3475,3475,0,0.000,187.037,607,19239254
"benchmark-example:english-extra-8-cpu","bd/english.100MB",8,1000000,3475,3475,0,0.000,187.037,608,19259142
"benchmark-example:english-extra-8-cpu","bd/english.100MB",8,1000000,3475,3475,0,0.000,187.037,609,19367137
"benchmark-example:english-extra-8-cpu","bd/english.100MB",8,1000000,3475,3475,0,0.000,187.037,610,19379144
"benchmark-example:english-extra-8-cpu","bd/english.100MB",8,1000000,3475,3475,0,0.000,187.037,611,19409078
"benchmark-example:english-extra-8-cpu","bd/english.100MB",8,1000000,3475,3475,0,0.000,187.037,612,19444660
"benchmark-example:english-extra-8-cpu","bd/english.100MB",8,1000000,3475,3475,0,0.000,187.037,613,19480901
"benchmark-example:english-extra-8-cpu","bd/english.100MB",8,1000000,3475,3475,0,0.000,187.037,614,19483988
"benchmark-example:english-extra-8-cpu","bd/english.100MB",8,1000000,3475,3475,0,0.000,187.037,615,19551151
"benchmark-example:english-extra-8-cpu","bd/english.100MB",8,1000000,3475,3475,0,0.000,187.037,616,19554410
"benchmark-example:english-extra-8-cpu","bd/english.100MB",8,1000000,3475,3475,0,0.000,187.037,617,19561206
"benchmark-example:english-extra-8-cpu","bd/english.100MB",8,1000000,3475,3475,0,0.000,187.037,618,19562959
"benchmark-example:english-extra-8-cpu","bd/english.100MB",8,1000000,3475,3475,0,0.000,187.037,619,19581337
"benchmark-example:english-extra-8-cpu","bd/english.100MB",8,1000000,3475,3475,0,0.000,187.037,620,19598170
"benchmark-example:english-extra-8-cpu","bd/english.100MB",8,1000000,3475,3475,0,0.000,187.037,621,19598330
"benchmark-example:english-extra-8-cpu","bd/english.100MB",8,1000000,3475,3475,0,0.000,187.037,622,19603059
"benchmark-example:english-extra-8-cpu","bd/english.100MB",8,1000000,3475,3475,0,0.000,187.037,623,19621175
"benchmark-example:english-extra-8-cpu","bd/english.100MB",8,1000000,3475,3475,0,0.000,187.037,624,19644288
"benchmark-example:english-extra-8-cpu","bd/english.100MB",8,1000000,3475,3475,0,0.000,187.037,625,19666969
"benchmark-example:english-extra-8-cpu","bd/english.100MB",8,1000000,3475,3475,0,0.000,187.037,626,19676313
"benchmark-example:english-extra-8-cpu","bd/english.100MB",8,1000000,3475,3475,0,0.000,187.037,627,19682647
"benchmark-example:english-extra-8-cpu","bd/english.100MB",8,1000000,3475,3475,0,0.000,187.037,628,19714177
"benchmark-example:english-extra-8-cpu","bd/english.100MB",8,1000000,3475,3475,0,0.000,187.037,629,19953463
"benchmark-example:english-extra-8-cpu","bd/english.100MB",8,1000000,3475,3475,0,0.000,187.037,630,19998351
"benchmark-example:english-extra-8-cpu","bd/english.100MB",8,1000000,3475,3475,0,0.000,187.037,631,20022587
"benchmark-example:english-extra-8-cpu","bd/english.100MB",8,1000000,3475,3475,0,0.000,187.037,632,20030850
"benchmark-example:english-extra-8-cpu","bd/english.100MB",8,1000000,3475,3475,0,0.000,187.037,633,20056666
"benchmark-example:english-extra-8-cpu","bd/english.100MB",8,1000000,3475,3475,0,0.000,187.037,634,20062105
"benchmark-example:english-extra-8-cpu","bd/english.100MB",8,1000000,3475,3475,0,0.000,187.037,635,20083283
"benchmark-example:english-extra-8-cpu","bd/english.100MB",8,1000000,3475,3475,0,0.000,187.037,636,20168701
"benchmark-example:english-extra-8-cpu","bd/english.100MB",8,1000000,3475,3475,0,0.000,187.037,637,20173363
"benchmark-example:english-extra-8-cpu","bd/english.100MB",8,1000000,3475,3475,0,0.000,187.037,638,20174127
"benchmark-example:english-extra-8-cpu","bd/english.100MB",8,1000000,3475,3475,0,0.000,187.037,639,20247995
"benchmark-example:english-extra-8-cpu","bd/english.100MB",8,1000000,3475,3475,0,0.000,187.037,640,20260002
"benchmark-example:english-extra-8-cpu","bd/english.100MB",8,1000000,3475,3475,0,0.000,187.037,641,20289936
"benchmark-example:english-extra-8-cpu","bd/english.100MB",8,1000000,3475,3475,0,0.000,187.037,642,20325518
"benchmark-example:english-extra-8-cpu","bd/english.100MB",8,1000000,3475,3475,0,0.000,187.037,643,20361759
"benchmark-example:english-extra-8-cpu","bd/english.100MB",8,1000000,3475,3475,0,0.000,187.037,644,20364846
"benchmark-example:english-extra-8-cpu","bd/english.100MB",8,1000000,3475,3475,0,0.000,187.037,645,20432009
"benchmark-example:english-extra-8-cpu","bd/english.100MB",8,1000000,3475,3475,0,0.000,187.037,646,20435268
"benchmark-example:english-extra-8-cpu","bd/english.100MB",8,1000000,3475,3475,0,0.000,187.037,647,20442064
"benchmark-example:english-extra-8-cpu","bd/english.100MB",8,1000000,3475,3475,0,0.000,187.037,648,20443817
"benchmark-example:english-extra-8-cpu","bd/english.100MB",8,1000000,3475,3475,0,0.000,187.037,649,20462195
"benchmark-example:english-extra-8-cpu","bd/english.100MB",8,1000000,3475,3475,0,0.000,187.037,650,20479028
"benchmark-example:english-extra-8-cpu","bd/english.100MB",8,1000000,3475,3475,0,0.000,187.037,651,20479188
"benchmark-example:english-extra-8-cpu","bd/english.100MB",8,1000000,3475,3475,0,0.000,187.037,652,20483917
"benchmark-example:english-extra-8-cpu","bd/english.100MB",8,1000000,3475,3475,0,0.000,187.037,653,20502033
"benchmark-example:english-extra-8-cpu","bd/english.100MB",8,1000000,3475,3475,0,0.000,187.037,654,20525146
"benchmark-example:english-extra-8-cpu","bd/english.100MB",8,1000000,3475,3475,0,0.000,187.037,655,20547827
"benchmark-example:english-extra-8-cpu","bd/english.100MB",8,1000000,3475,3475,0,0.000,187.037,656,20557171
"benchmark-example:english-extra-8-cpu","bd/english.100MB",8,1000000,3475,3475,0,0.000,187.037,657,20563505
"benchmark-example:english-extra-8-cpu","bd/english.100MB",8,1000000,3475,3475,0,0.000,187.037,658,20595035
"benchmark-example:english-extra-8-cpu","bd/english.100MB",8,1000000,3475,3475,0,0.000,187.037,659,20834321
"benchmark-example:english-extra-8-cpu","bd/english.100MB",8,1000000,3475,3475,0,0.000,187.037,660,20879209
"benchmark-example:english-extra-8-cpu","bd/english.100MB",8,1000000,3475,3475,0,0.000,187.037,661,20903445
"benchmark-example:english-extra-8-cpu","bd/english.100MB",8,1000000,3475,3475,0,0.000,187.037,662,20911708
"benchmark-example:english-extra-8-cpu","bd/english.100MB",8,1000000,3475,3475,0,0.000,187.037,663,20937524
"benchmark-example:english-extra-8-cpu","bd/english.100MB",8,1000000,3475,3475,0,0.000,187.037,664,20942963
"benchmark-example:english-extra-8-cpu","bd/english.100MB",8,1000000,3475,3475,0,0.000,187.037,665,20964141
"benchmark-example:english-extra-8-cpu","bd/english.100MB",8,1000000,3475,3475,0,0.000,187.037,666,21049543
"benchmark-example:english-extra-8-cpu","bd/english.100MB",8,1000000,3475,3475,0,0.000,187.037,667,21054205
"benchmark-example:english-extra-8-cpu","bd/english.100MB",8,1000000,3475,3475,0,0.000,187.037,668,21054969
"benchmark-example:english-extra-8-cpu","bd/english.100MB",8,1000000,3475,3475,0,0.000,187.037,669,21140472
"benchmark-example:english-extra-8-cpu","bd/english.100MB",8,1000000,3475,3475,0,0.000,187.037,670,21141531
"benchmark-example:english-extra-8-cpu","bd/english.100MB",8,1000000,3475,3475,0,0.000,187.037,671,21143608
"benchmark-example:english-extra-8-cpu","bd/english.100MB",8,1000000,3475,3475,0,0.000,187.037,672,21144093
"benchmark-example:english-extra-8-cpu","bd/english.100MB",8,1000000,3475,3475,0,0.000,187.037,673,21231496
"benchmark-example:english-extra-8-cpu","bd/english.100MB",8,1000000,3475,3475,0,0.000,187.037,674,21333822
"benchmark-example:english-extra-8-cpu","bd/english.100MB",8,1000000,3475,3475,0,0.000,187.037,675,21337291
"benchmark-example:english-extra-8-cpu","bd/english.100MB",8,1000000,3475,3475,0,0.000,187.037,676,21374744
"benchmark-example:english-extra-8-cpu","bd/english.100MB",8,1000000,3475,3475,0,0.000,187.037,677,21626895
"benchmark-example:english-extra-8-cpu","bd/english.100MB",8,1000000,3475,3475,0,0.000,187.037,678,21634659
"benchmark-example:english-extra-8-cpu","bd/english.100MB",8,1000000,3475,3475,0,0.000,187.037,679,21639060
"benchmark-example:english-extra-8-cpu","bd/english.100MB",8,1000000,3475,3475,0,0.000,187.037,680,21642374
"benchmark-example:english-extra-8-cpu","bd/english.100MB",8,1000000,3475,3475,0,0.000,187.037,681,21749464
"benchmark-example:english-extra-8-cpu","bd/english.100MB",8,1000000,3475,3475,0,0.000,187.037,682,21768824
"benchmark-example:english-extra-8-cpu","bd/english.100MB",8,1000000,3475,3475,0,0.000,187.037,683,21812736
"benchmark-example:english-extra-8-cpu","bd/english.100MB",8,1000000,3475,3475,0,0.000,187.037,684,21964033
"benchmark-example:english-extra-8-cpu","bd/english.100MB",8,1000000,3475,3475,0,0.000,187.037,685,22191377
"benchmark-example:english-extra-8-cpu","bd/english.100MB",8,1000000,3475,3475,0,0.000,187.037,686,22192436
"benchmark-example:english-extra-8-cpu","bd/english.100MB",8,1000000,3475,3475,0,0.000,187.037,687,22194513
"benchmark-example:english-extra-8-cpu","bd/english.100MB",8,1000000,3475,3475,0,0.000,187.037,688,22194998
"benchmark-example:english-extra-8-cpu","bd/english.100MB",8,1000000,3475,3475,0,0.000,187.037,689,22282401
"benchmark-example:english-extra-8-cpu","bd/english.100MB",8,1000000,3475,3475,0,0.000,187.037,690,22384643
"benchmark-example:english-extra-8-cpu","bd/english.100MB",8,1000000,3475,3475,0,0.000,187.037,691,22388112
"benchmark-example:english-extra-8-cpu","bd/english.100MB",8,1000000,3475,3475,0,0.000,187.037,692,22425560
"benchmark-example:english-extra-8-cpu","bd/english.100MB",8,1000000,3475,3475,0,0.000,187.037,693,22677577
"benchmark-example:english-extra-8-cpu","bd/english.100MB",8,1000000,3475,3475,0,0.000,187.037,694,22685341
"benchmark-example:english-extra-8-cpu","bd/english.100MB",8,1000000,3475,3475,0,0.000,187.037,695,22689742
"benchmark-example:english-extra-8-cpu","bd/english.100MB",8,1000000,3475,3475,0,0.000,187.037,696,22693056
"benchmark-example:english-extra-8-cpu","bd/english.100MB",8,1000000,3475,3475,0,0.000,187.037,697,22800145
"benchmark-example:english-extra-8-cpu","bd/english.100MB",8,1000000,3475,3475,0,0.000,187.037,698,22819505
"benchmark-example:english-extra-8-cpu","bd/english.100MB",8,1000000,3475,3475,0,0.000,187.037,699,22863407
"benchmark-example:english-extra-8-cpu","bd/english.100MB",8,1000000,3475,3475,0,0.000,187.037,700,23014679
"benchmark-example:english-extra-8-cpu","bd/english.100MB",8,1000000,3475,3475,0,0.000,187.037,701,23207408
"benchmark-example:english-extra-8-cpu","bd/english.100MB",8,1000000,3475,3475,0,0.000,187.037,702,23235126
"benchmark-example:english-extra-8-cpu","bd/english.100MB",8,1000000,3475,3475,0,0.000,187.037,703,23318207
"benchmark-example:english-extra-8-cpu","bd/english.100MB",8,1000000,3475,3475,0,0.000,187.037,704,23423308
"benchmark-example:english-extra-8-cpu","bd/english.100MB",8,1000000,3475,3475,0,0.000,187.037,705,23426709
"benchmark-example:english-extra-8-cpu","bd/english.100MB",8,1000000,3475,3475,0,0.000,187.037,706,23503280
"benchmark-example:english-extra-8-cpu","bd/english.100MB",8,1000000,3475,3475,0,0.000,187.037,707,23574380
"benchmark-example:english-extra-8-cpu","bd/english.100MB",8,1000000,3475,3475,0,0.000,187.037,708,23576937
"benchmark-example:english-extra-8-cpu","bd/english.100MB",8,1000000,3475,3475,0,0.000,187.037,709,23585560
"benchmark-example:english-extra-8-cpu","bd/english.100MB",8,1000000,3475,3475,0,0.000,187.037,710,23615752
"benchmark-example:english-extra-8-cpu","bd/english.100MB",8,1000000,3475,3475,0,0.000,187.037,711,23659365
"benchmark-example:english-extra-8-cpu","bd/english.100MB",8,1000000,3475,3475,0,0.000,187.037,712,23744955
"benchmark-example:english-extra-8-cpu","bd/english.100MB",8,1000000,3475,3475,0,0.000,187.037,713,23745087
"benchmark-example:english-extra-8-cpu","bd/english.100MB",8,1000000,3475,3475,0,0.000,187.037,714,23748045
"benchmark-example:english-extra-8-cpu","bd/english.100MB",8,1000000,3475,3475,0,0.000,187.037,715,23780680
"benchmark-example:english-extra-8-cpu","bd/english.100MB",8,1000000,3475,3475,0,0.000,187.037,716,23800276
"benchmark-example:english-extra-8-cpu","bd/english.100MB",8,1000000,3475,3475,0,0.000,187.037,717,23803457
"benchmark-example:english-extra-8-cpu","bd/english.100MB",8,1000000,3475,3475,0,0.000,187.037,718,23804587
"benchmark-example:english-extra-8-cpu","bd/english.100MB",8,1000000,3475,3475,0,0.000,187.037,719,23816393
"benchmark-example:english-extra-8-cpu","bd/english.100MB",8,1000000,3475,3475,0,0.000,187.037,720,23820719
"benchmark-example:english-extra-8-cpu","bd/english.100MB",8,1000000,3475,3475,0,0.000,187.037,721,23821001
"benchmark-example:english-extra-8-cpu","bd/english.100MB",8,1000000,3475,3475,0,0.000,187.037,722,23822428
"benchmark-example:english-extra-8-cpu","bd/english.100MB",8,1000000,3475,3475,0,0.000,187.037,723,23823352
"benchmark-example:english-extra-8-cpu","bd/english.100MB",8,1000000,3475,3475,0,0.000,187.037,724,23824524
"benchmark-example:english-extra-8-cpu","bd/english.100MB",8,1000000,3475,3475,0,0.000,187.037,725,23825752
"benchmark-example:english-extra-8-cpu","bd/english.100MB",8,1000000,3475,3475,0,0.000,187.037,726,23830814
"benchmark-example:english-extra-8-cpu","bd/english.100MB",8,1000000,3475,3475,0,0.000,187.037,727,23833599
"benchmark-example:english-extra-8-cpu","bd/english.100MB",8,1000000,3475,3475,0,0.000,187.037,728,23837593
"benchmark-example:english-extra-8-cpu","bd/english.100MB",8,1000000,3475,3475,0,0.000,187.037,729,23837914
"benchmark-example:english-extra-8-cpu","bd/english.100MB",8,1000000,3475,3475,0,0.000,187.037,730,23852281
"benchmark-example:english-extra-8-cpu","bd/english.100MB",8,1000000,3475,3475,0,0.000,187.037,731,23871904
"benchmark-example:english-extra-8-cpu","bd/english.100MB",8,1000000,3475,3475,0,0.000,187.037,732,23878910
"benchmark-example:english-extra-8-cpu","bd/english.100MB",8,1000000,3475,3475,0,0.000,187.037,733,23896417
"benchmark-example:english-extra-8-cpu","bd/english.100MB",8,1000000,3475,3475,0,0.000,187.037,734,23904496
"benchmark-example:english-extra-8-cpu","bd/english.100MB",8,1000000,3475,3475,0,0.000,187.037,735,23924756
"benchmark-example:english-extra-8-cpu","bd/english.100MB",8,1000000,3475,3475,0,0.000,187.037,736,23929445
"benchmark-example:english-extra-8-cpu","bd/english.100MB",8,1000000,3475,3475,0,0.000,187.037,737,23933045
"benchmark-example:english-extra-8-cpu","bd/english.100MB",8,1000000,3475,3475,0,0.000,187.037,738,23939003
"benchmark-example:english-extra-8-cpu","bd/english.100MB",8,1000000,3475,3475,0,0.000,187.037,739,23956895
"benchmark-example:english-extra-8-cpu","bd/english.100MB",8,1000000,3475,3475,0,0.000,187.037,740,23957645
"benchmark-example:english-extra-8-cpu","bd/english.100MB",8,1000000,3475,3475,0,0.000,187.037,741,23970726
"benchmark-example:english-extra-8-cpu","bd/english.100MB",8,1000000,3475,3475,0,0.000,187.037,742,24056691
"benchmark-example:english-extra-8-cpu","bd/english.100MB",8,1000000,3475,3475,0,0.000,187.037,743,24064254
"benchmark-example:english-extra-8-cpu","bd/english.100MB",8,1000000,3475,3475,0,0.000,187.037,744,24101824
"benchmark-example:english-extra-8-cpu","bd/english.100MB",8,1000000,3475,3475,0,0.000,187.037,745,24112501
"benchmark-example:english-extra-8-cpu","bd/english.100MB",8,1000000,3475,3475,0,0.000,187.037,746,24113754
"benchmark-example:english-extra-8-cpu","bd/english.100MB",8,1000000,3475,3475,0,0.000,187.037,747,24118792
"benchmark-example:english-extra-8-cpu","bd/english.100MB",8,1000000,3475,3475,0,0.000,187.037,748,24150489
"benchmark-example:english-extra-8-cpu","bd/english.100MB",8,1000000,3475,3475,0,0.000,187.037,749,24155649
"benchmark-example:english-extra-8-cpu","bd/english.100MB",8,1000000,3475,3475,0,0.000,187.037,750,24207620
"benchmark-example:english-extra-8-cpu","bd/english.100MB",8,1000000,3475,3475,0,0.000,187.037,751,24306667
"benchmark-example:english-extra-8-cpu","bd/english.100MB",8,1000000,3475,3475,0,0.000,187.037,752,24413868
"benchmark-example:english-extra-8-cpu","bd/english.100MB",8,1000000,3475,3475,0,0.000,187.037,753,24421434
"benchmark-example:english-extra-8-cpu","bd/english.100MB",8,1000000,3475,3475,0,0.000,187.037,754,24507010
"benchmark-example:english-extra-8-cpu","bd/english.100MB",8,1000000,3475,3475,0,0.000,187.037,755,24552456
"benchmark-example:english-extra-8-cpu","bd/english.100MB",8,1000000,3475,3475,0,0.000,187.037,756,24556579
"benchmark-example:english-extra-8-cpu","bd/english.100MB",8,1000000,3475,3475,0,0.000,187.037,757,24623112
"benchmark-example:english-extra-8-cpu","bd/english.100MB",8,1000000,3475,3475,0,0.000,187.037,758,24631830
"benchmark-example:english-extra-8-cpu","bd/english.100MB",8,1000000,3475,3475,0,0.000,187.037,759,24652607
"benchmark-example:english-extra-8-cpu","bd/english.100MB",8,1000000,3475,3475,0,0.000,187.037,760,24667559
"benchmark-example:english-extra-8-cpu","bd/english.100MB",8,1000000,3475,3475,0,0.000,187.037,761,24771357
"benchmark-example:english-extra-8-cpu","bd/english.100MB",8,1000000,3475,3475,0,0.000,187.037,762,24813594
"benchmark-example:english-extra-8-cpu","bd/english.100MB",8,1000000,3475,3475,0,0.000,187.037,763,24844129
"benchmark-example:english-extra-8-cpu","bd/english.100MB",8,1000000,3475,3475,0,0.000,187.037,764,24852049
"benchmark-example:english-extra-8-cpu","bd/english.100MB",8,1000000,3475,3475,0,0.000,187.037,765,24887037
"benchmark-example:english-extra-8-cpu","bd/english.100MB",8,1000000,3475,3475,0,0.000,187.037,766,24919618
"benchmark-example:english-extra-8-cpu","bd/english.100MB",8,1000000,3475,3475,0,0.000,187.037,767,24921069
"benchmark-example:english-extra-8-cpu","bd/english.100MB",8,1000000,3475,3475,0,0.000,187.037,768,24922062
"benchmark-example:english-extra-8-cpu","bd/english.100MB",8,1000000,3475,3475,0,0.000,187.037,769,24979290
"benchmark-example:english-extra-8-cpu","bd/english.100MB",8,1000000,3475,3475,0,0.000,187.037,770,24979361
"benchmark-example:english-extra-8-cpu","bd/english.100MB",8,1000000,3475,3475,0,0.000,187.037,771,25002377
"benchmark-example:english-extra-8-cpu","bd/english.100MB",8,1000000,3475,3475,0,0.000,187.037,772,25047578
"benchmark-example:english-extra-8-cpu","bd/english.100MB",8,1000000,3475,3475,0,0.000,187.037,773,25050485
"benchmark-example:english-extra-8-cpu","bd/english.100MB",8,1000000,3475,3475,0,0.000,187.037,774,25157464
"benchmark-example:english-extra-8-cpu","bd/english.100MB",8,1000000,3475,3475,0,0.000,187.037,775,25202910
"benchmark-example:english-extra-8-cpu","bd/english.100MB",8,1000000,3475,3475,0,0.000,187.037,776,25207033
"benchmark-example:english-extra-8-cpu","bd/english.100MB",8,1000000,3475,3475,0,0.000,187.037,777,25273566
"benchmark-example:english-extra-8-cpu","bd/english.100MB",8,1000000,3475,3475,0,0.000,187.037,778,25282284
"benchmark-example:english-extra-8-cpu","bd/english.100MB",8,1000000,3475,3475,0,0.000,187.037,779,25303061
"benchmark-example:english-extra-8-cpu","bd/english.100MB",8,1000000,3475,3475,0,0.000,187.037,780,25318013
"benchmark-example:english-extra-8-cpu","bd/english.100MB",8,1000000,3475,3475,0,0.000,187.037,781,25421811
"benchmark-example:english-extra-8-cpu","bd/english.100MB",8,1000000,3475,3475,0,0.000,187.037,782,25464048
"benchmark-example:english-extra-8-cpu","bd/english.100MB",8,1000000,3475,3475,0,0.000,187.037,783,25494583
"benchmark-example:english-extra-8-cpu","bd/english.100MB",8,1000000,3475,3475,0,0.000,187.037,784,25502503
"benchmark-example:english-extra-8-cpu","bd/english.100MB",8,1000000,3475,3475,0,0.000,187.037,785,25537491
"benchmark-example:english-extra-8-cpu","bd/english.100MB",8,1000000,3475,3475,0,0.000,187.037,786,25570072
"benchmark-example:english-extra-8-cpu","bd/english.100MB",8,1000000,3475,3475,0,0.000,187.037,787,25571523
"benchmark-example:english-extra-8-cpu","bd/english.100MB",8,1000000,3475,3475,0,0.000,187.037,788,25572516
"benchmark-example:english-extra-8-cpu","bd/english.100MB",8,1000000,3475,3475,0,0.000,187.037,789,25629744
"benchmark-example:english-extra-8-cpu","bd/english.100MB",8,1000000,3475,3475,0,0.000,187.037,790,25629815
"benchmark-example:english-extra-8-cpu","bd/english.100MB",8,1000000,3475,3475,0,0.000,187.037,791,25652830
"benchmark-example:english-extra-8-cpu","bd/english.100MB",8,1000000,3475,3475,0,0.000,187.037,792,25698030
"benchmark-example:english-extra-8-cpu","bd/english.100MB",8,1000000,3475,3475,0,0.000,187.037,793,25700937
"benchmark-example:english-extra-8-cpu","bd/english.100MB",8,1000000,3475,3475,0,0.000,187.037,794,25796598
"benchmark-example:english-extra-8-cpu","bd/english.100MB",8,1000000,3475,3475,0,0.000,187.037,795,25837954
"benchmark-example:english-extra-8-cpu","bd/english.100MB",8,1000000,3475,3475,0,0.000,187.037,796,25838804
"benchmark-example:english-extra-8-cpu","bd/english.100MB",8,1000000,3475,3475,0,0.000,187.037,797,25851513
"benchmark-example:english-extra-8-cpu","bd/english.100MB",8,1000000,3475,3475,0,0.000,187.037,798,25876519
"benchmark-example:english-extra-8-cpu","bd/english.100MB",8,1000000,3475,3475,0,0.000,187.037,799,25902491
"benchmark-example:english-extra-8-cpu","bd/english.100MB",8,1000000,3475,3475,0,0.000,187.037,800,25918428
"benchmark-example:english-extra-8-cpu","bd/english.100MB",8,1000000,3475,3475,0,0.000,187.037,801,25926264
"benchmark-example:english-extra-8-cpu","bd/english.100MB",8,1000000,3475,3475,0,0.000,187.037,802,25944809
"benchmark-example:english-extra-8-cpu","bd/english.100MB",8,1000000,3475,3475,0,0.000,187.037,803,25967413
"benchmark-example:english-extra-8-cpu","bd/english.100MB",8,1000000,3475,3475,0,0.000,187.037,804,26041575
"benchmark-example:english-extra-8-cpu","bd/english.100MB",8,1000000,3475,3475,0,0.000,187.037,805,26103961
"benchmark-example:english-extra-8-cpu","bd/english.100MB",8,1000000,3475,3475,0,0.000,187.037,806,26106024
"benchmark-example:english-extra-8-cpu","bd/english.100MB",8,1000000,3475,3475,0,0.000,187.037,807,26106922
"benchmark-example:english-extra-8-cpu","bd/english.100MB",8,1000000,3475,3475,0,0.000,187.037,808,26126413
"benchmark-example:english-extra-8-cpu","bd/english.100MB",8,1000000,3475,3475,0,0.000,187.037,809,26127218
"benchmark-example:english-extra-8-cpu","bd/english.100MB",8,1000000,3475,3475,0,0.000,187.037,810,26166216
"benchmark-example:english-extra-8-cpu","bd/english.100MB",8,1000000,3475,3475,0,0.000,187.037,811,26181655
"benchmark-example:english-extra-8-cpu","bd/english.100MB",8,1000000,3475,3475,0,0.000,187.037,812,26192666
"benchmark-example:english-extra-8-cpu","bd/english.100MB",8,1000000,3475,3475,0,0.000,187.037,813,26254301
"benchmark-example:english-extra-8-cpu","bd/english.100MB",8,1000000,3475,3475,0,0.000,187.037,814,26276966
"benchmark-example:english-extra-8-cpu","bd/english.100MB",8,1000000,3475,3475,0,0.000,187.037,815,26278009
"benchmark-example:english-extra-8-cpu","bd/english.100MB",8,1000000,3475,3475,0,0.000,187.037,816,26280889
"benchmark-example:english-extra-8-cpu","bd/english.100MB",8,1000000,3475,3475,0,0.000,187.037,817,26280939
"benchmark-example:english-extra-8-cpu","bd/english.100MB",8,1000000,3475,3475,0,0.000,187.037,818,26377144
"benchmark-example:english-extra-8-cpu","bd/english.100MB",8,1000000,3475,3475,0,0.000,187.037,819,26395858
"benchmark-example:english-extra-8-cpu","bd/english.100MB",8,1000000,3475,3475,0,0.000,187.037,820,26510266
"benchmark-example:english-extra-8-cpu","bd/english.100MB",8,1000000,3475,3475,0,0.000,187.037,821,26518819
"benchmark-example:english-extra-8-cpu","bd/english.100MB",8,1000000,3475,3475,0,0.000,187.037,822,26538988
"benchmark-example:english-extra-8-cpu","bd/english.100MB",8,1000000,3475,3475,0,0.000,187.037,823,26564238
"benchmark-example:english-extra-8-cpu","bd/english.100MB",8,1000000,3475,3475,0,0.000,187.037,824,26596752
"benchmark-example:english-extra-8-cpu","bd/english.100MB",8,1000000,3475,3475,0,0.000,187.037,825,26608196
"benchmark-example:english-extra-8-cpu","bd/english.100MB",8,1000000,3475,3475,0,0.000,187.037,826,26610468
"benchmark-example:english-extra-8-cpu","bd/english.100MB",8,1000000,3475,3475,0,0.000,187.037,827,26674753
"benchmark-example:english-extra-8-cpu","bd/english.100MB",8,1000000,3475,3475,0,0.000,187.037,828,26848279
"benchmark-example:english-extra-8-cpu","bd/english.100MB",8,1000000,3475,3475,0,0.000,187.037,829,26891891
"benchmark-example:english-extra-8-cpu","bd/english.100MB",8,1000000,3475,3475,0,0.000,187.037,830,26894218
"benchmark-example:english-extra-8-cpu","bd/english.100MB",8,1000000,3475,3475,0,0.000,187.037,831,26909991
"benchmark-example:english-extra-8-cpu","bd/english.100MB",8,1000000,3475,3475,0,0.000,187.037,832,26910296
"benchmark-example:english-extra-8-cpu","bd/english.100MB",8,1000000,3475,3475,0,0.000,187.037,833,26959716
"benchmark-example:english-extra-8-cpu","bd/english.100MB",8,1000000,3475,3475,0,0.000,187.037,834,26962343
"benchmark-example:english-extra-8-cpu","bd/english.100MB",8,1000000,3475,3475,0,0.000,187.037,835,26979111
"benchmark-example:english-extra-8-cpu","bd/english.100MB",8,1000000,3475,3475,0,0.000,187.037,836,27043850
"benchmark-example:english-extra-8-cpu","bd/english.100MB",8,1000000,3475,3475,0,0.000,187.037,837,27049335
"benchmark-example:english-extra-8-cpu","bd/english.100MB",8,1000000,3475,3475,0,0.000,187.037,838,27063404
"benchmark-example:english-extra-8-cpu","bd/english.100MB",8,1000000,3475,3475,0,0.000,187.037,839,27091771
"benchmark-example:english-extra-8-cpu","bd/english.100MB",8,1000000,3475,3475,0,0.000,187.037,840,27096513
"benchmark-example:english-extra-8-cpu","bd/english.100MB",8,1000000,3475,3475,0,0.000,187.037,841,27181224
"benchmark-example:english-extra-8-cpu","bd/english.100MB",8,1000000,3475,3475,0,0.000,187.037,842,27189281
"benchmark-example:english-extra-8-cpu","bd/english.100MB",8,1000000,3475,3475,0,0.000,187.037,843,27214203
"benchmark-example:english-extra-8-cpu","bd/english.100MB",8,1000000,3475,3475,0,0.000,187.037,844,27214587
"benchmark-example:english-extra-8-cpu","bd/english.100MB",8,1000000,3475,3475,0,0.000,187.037,845,27225861
"benchmark-example:english-extra-8-cpu","bd/english.100MB",8,1000000,3475,3475,0,0.000,187.037,846,27256852
"benchmark-example:english-extra-8-cpu","bd/english.100MB",8,1000000,3475,3475,0,0.000,187.037,847,27312469
"benchmark-example:english-extra-8-cpu","bd/english.100MB",8,1000000,3475,3475,0,0.000,187.037,848,27314835
"benchmark-example:english-extra-8-cpu","bd/english.100MB",8,1000000,3475,3475,0,0.000,187.037,849,27326076
"benchmark-example:english-extra-8-cpu","bd/english.100MB",8,1000000,3475,3475,0,0.000,187.037,850,27326402
"benchmark-example:english-extra-8-cpu","bd/english.100MB",8,1000000,3475,3475,0,0.000,187.037,851,27357030
"benchmark-example:english-extra-8-cpu","bd/english.100MB",8,1000000,3475,3475,0,0.000,187.037,852,27411102
"benchmark-example:english-extra-8-cpu","bd/english.100MB",8,1000000,3475,3475,0,0.000,187.037,853,27427935
"benchmark-example:english-extra-8-cpu","bd/english.100MB",8,1000000,3475,3475,0,0.000,187.037,854,27437082
"benchmark-example:english-extra-8-cpu","bd/english.100MB",8,1000000,3475,3475,0,0.000,187.037,855,27437953
"benchmark-example:english-extra-8-cpu","bd/english.100MB",8,1000000,3475,3475,0,0.000,187.037,856,27446776
"benchmark-example:english-extra-8-cpu","bd/english.100MB",8,1000000,3475,3475,0,0.000,187.037,857,27449521
"benchmark-example:english-extra-8-cpu","bd/english.100MB",8,1000000,3475,3475,0,0.000,187.037,858,27453526
"benchmark-example:english-extra-8-cpu","bd/english.100MB",8,1000000,3475,3475,0,0.000,187.037,859,27455817
"benchmark-example:english-extra-8-cpu","bd/english.100MB",8,1000000,3475,3475,0,0.000,187.037,860,27601716
"benchmark-example:english-extra-8-cpu","bd/english.100MB",8,1000000,3475,3475,0,0.000,187.037,861,27639583
"benchmark-example:english-extra-8-cpu","bd/english.100MB",8,1000000,3475,3475,0,0.000,187.037,862,27640952
"benchmark-example:english-extra-8-cpu","bd/english.100MB",8,1000000,3475,3475,0,0.000,187.037,863,27798304
"benchmark-example:english-extra-8-cpu","bd/english.100MB",8,1000000,3475,3475,0,0.000,187.037,864,27829634
"benchmark-example:english-extra-8-cpu","bd/english.100MB",8,1000000,3475,3475,0,0.000,187.037,865,27865614
"benchmark-example:english-extra-8-cpu","bd/english.100MB",8,1000000,3475,3475,0,0.000,187.037,866,27931700
"benchmark-example:english-extra-8-cpu","bd/english.100MB",8,1000000,3475,3475,0,0.000,187.037,867,27970617
"benchmark-example:english-extra-8-cpu","bd/english.100MB",8,1000000,3475,3475,0,0.000,187.037,868,28034531
"benchmark-example:english-extra-8-cpu","bd/english.100MB",8,1000000,3475,3475,0,0.000,187.037,869,28095463
"benchmark-example:english-extra-8-cpu","bd/english.100MB",8,1000000,3475,3475,0,0.000,187.037,870,28130291
"benchmark-example:english-extra-8-cpu","bd/english.100MB",8,1000000,3475,3475,0,0.000,187.037,871,28147289
"benchmark-example:english-extra-8-cpu","bd/english.100MB",8,1000000,3475,3475,0,0.000,187.037,872,28280840
"benchmark-example:english-extra-8-cpu","bd/english.100MB",8,1000000,3475,3475,0,0.000,187.037,873,28294335
"benchmark-example:english-extra-8-cpu","bd/english.100MB",8,1000000,3475,3475,0,0.000,187.037,874,28339071
"benchmark-example:english-extra-8-cpu","bd/english.100MB",8,1000000,3475,3475,0,0.000,187.037,875,28343414
"benchmark-example:english-extra-8-cpu","bd/english.100MB",8,1000000,3475,3475,0,0.000,187.037,876,28389847
"benchmark-example:english-extra-8-cpu","bd/english.100MB",8,1000000,3475,3475,0,0.000,187.037,877,28395229
"benchmark-example:english-extra-8-cpu","bd/english.100MB",8,1000000,3475,3475,0,0.000,187.037,878,28439789
"benchmark-example:english-extra-8-cpu","bd/english.100MB",8,1000000,3475,3475,0,0.000,187.037,879,28441593
"benchmark-example:english-extra-8-cpu","bd/english.100MB",8,1000000,3475,3475,0,0.000,187.037,880,28469776
"benchmark-example:english-extra-8-cpu","bd/english.100MB",8,1000000,3475,3475,0,0.000,187.037,881,28511930
"benchmark-example:english-extra-8-cpu","bd/english.100MB",8,1000000,3475,3475,0,0.000,187.037,882,28525426
"benchmark-example:english-extra-8-cpu","bd/english.100MB",8,1000000,3475,3475,0,0.000,187.037,883,28540273
"benchmark-example:english-extra-8-cpu","bd/english.100MB",8,1000000,3475,3475,0,0.000,187.037,884,28617363
"benchmark-example:english-extra-8-cpu","bd/english.100MB",8,1000000,3475,3475,0,0.000,187.037,885,28633229
"benchmark-example:english-extra-8-cpu","bd/english.100MB",8,1000000,3475,3475,0,0.000,187.037,886,28678747
"benchmark-example:english-extra-8-cpu","bd/english.100MB",8,1000000,3475,3475,0,0.000,187.037,887,28790408
"benchmark-example:english-extra-8-cpu","bd/english.100MB",8,1000000,3475,3475,0,0.000,187.037,888,28799380
"benchmark-example:english-extra-8-cpu","bd/english.100MB",8,1000000,3475,3475,0,0.000,187.037,889,28800055
"benchmark-example:english-extra-8-cpu","bd/english.100MB",8,1000000,3475,3475,0,0.000,187.037,890,28830947
"benchmark-example:english-extra-8-cpu","bd/english.100MB",8,1000000,3475,3475,0,0.000,187.037,891,28936384
"benchmark-example:english-extra-8-cpu","bd/english.100MB",8,1000000,3475,3475,0,0.000,187.037,892,29026544
"benchmark-example:english-extra-8-cpu","bd/english.100MB",8,1000000,3475,3475,0,0.000,187.037,893,29028915
"benchmark-example:english-extra-8-cpu","bd/english.100MB",8,1000000,3475,3475,0,0.000,187.037,894,29118489
"benchmark-example:english-extra-8-cpu","bd/english.100MB",8,1000000,3475,3475,0,0.000,187.037,895,29144861
"benchmark-example:english-extra-8-cpu","bd/english.100MB",8,1000000,3475,3475,0,0.000,187.037,896,29164269
"benchmark-example:english-extra-8-cpu","bd/english.100MB",8,1000000,3475,3475,0,0.000,187.037,897,29198599
"benchmark-example:english-extra-8-cpu","bd/english.100MB",8,1000000,3475,3475,0,0.000,187.037,898,29216354
"benchmark-example:english-extra-8-cpu","bd/english.100MB",8,1000000,3475,3475,0,0.000,187.037,899,29216649
"benchmark-example:english-extra-8-cpu","bd/english.100MB",8,1000000,3475,3475,0,0.000,187.037,900,29321003
"benchmark-example:english-extra-8-cpu","bd/english.100MB",8,1000000,3475,3475,0,0.000,187.037,901,29324856
"benchmark-example:english-extra-8-cpu","bd/english.100MB",8,1000000,3475,3475,0,0.000,187.037,902,29358653
"benchmark-example:english-extra-8-cpu","bd/english.100MB",8,1000000,3475,3475,0,0.000,187.037,903,29378779
"benchmark-example:english-extra-8-cpu","bd/english.100MB",8,1000000,3475,3475,0,0.000,187.037,904,29387099
"benchmark-example:english-extra-8-cpu","bd/english.100MB",8,1000000,3475,3475,0,0.000,187.037,905,29459879
"benchmark-example:english-extra-8-cpu","bd/english.100MB",8,1000000,3475,3475,0,0.000,187.037,906,29470586
"benchmark-example:english-extra-8-cpu","bd/english.100MB",8,1000000,3475,3475,0,0.000,187.037,907,29500605
"benchmark-example:english-extra-8-cpu","bd/english.100MB",8,1000000,3475,3475,0,0.000,187.037,908,29505365
"benchmark-example:english-extra-8-cpu","bd/english.100MB",8,1000000,3475,3475,0,0.000,187.037,909,29506223
"benchmark-example:english-extra-8-cpu","bd/english.100MB",8,1000000,3475,3475,0,0.000,187.037,910,29506974
"benchmark-example:english-extra-8-cpu","bd/english.100MB",8,1000000,3475,3475,0,0.000,187.037,911,29511658
"benchmark-example:english-extra-8-cpu","bd/english.100MB",8,1000000,3475,3475,0,0.000,187.037,912,29514757
"benchmark-example:english-extra-8-cpu","bd/english.100MB",8,1000000,3475,3475,0,0.000,187.037,913,29524979
"benchmark-example:english-extra-8-cpu","bd/english.100MB",8,1000000,3475,3475,0,0.000,187.037,914,29536443
"benchmark-example:english-extra-8-cpu","bd/english.100MB",8,1000000,3475,3475,0,0.000,187.037,915,29543325
"benchmark-example:english-extra-8-cpu","bd/english.100MB",8,1000000,3475,3475,0,0.000,187.037,916,29551131
"benchmark-example:english-extra-8-cpu","bd/english.100MB",8,1000000,3475,3475,0,0.000,187.037,917,29554761
"benchmark-example:english-extra-8-cpu","bd/english.100MB",8,1000000,3475,3475,0,0.000,187.037,918,29577813
"benchmark-example:english-extra-8-cpu","bd/english.100MB",8,1000000,3475,3475,0,0.000,187.037,919,29579813
"benchmark-example:english-extra-8-cpu","bd/english.100MB",8,1000000,3475,3475,0,0.000,187.037,920,29580084
"benchmark-example:english-extra-8-cpu","bd/english.100MB",8,1000000,3475,3475,0,0.000,187.037,921,29580824
"benchmark-example:english-extra-8-cpu","bd/english.100MB",8,1000000,3475,3475,0,0.000,187.037,922,29585560
"benchmark-example:english-extra-8-cpu","bd/english.100MB",8,1000000,3475,3475,0,0.000,187.037,923,29600405
"benchmark-example:english-extra-8-cpu","bd/english.100MB",8,1000000,3475,3475,0,0.000,187.037,924,29603777
"benchmark-example:english-extra-8-cpu","bd/english.100MB",8,1000000,3475,3475,0,0.000,187.037,925,29651965
"benchmark-example:english-extra-8-cpu","bd/english.100MB",8,1000000,3475,3475,0,0.000,187.037,926,29660828
"benchmark-example:english-extra-8-cpu","bd/english.100MB",8,1000000,3475,3475,0,0.000,187.037,927,29746351
"benchmark-example:english-extra-8-cpu","bd/english.100MB",8,1000000,3475,3475,0,0.000,187.037,928,29760416
"benchmark-example:english-extra-8-cpu","bd/english.100MB",8,1000000,3475,3475,0,0.000,187.037,929,29788857
"benchmark-example:english-extra-8-cpu","bd/english.100MB",8,1000000,3475,3475,0,0.000,187.037,930,29791259
"benchmark-example:english-extra-8-cpu","bd/english.100MB",8,1000000,3475,3475,0,0.000,187.037,931,29814717
"benchmark-example:english-extra-8-cpu","bd/english.100MB",8,1000000,3475,3475,0,0.000,187.037,932,29844741
"benchmark-example:english-extra-8-cpu","bd/english.100MB",8,1000000,3475,3475,0,0.000,187.037,933,29894133
"benchmark-example:english-extra-8-cpu","bd/english.100MB",8,1000000,3475,3475,0,0.000,187.037,934,29921263
"benchmark-example:english-extra-8-cpu","bd/english.100MB",8,1000000,3475,3475,0,0.000,187.037,935,29927194
"benchmark-example:english-extra-8-cpu","bd/english.100MB",8,1000000,3475,3475,0,0.000,187.037,936,29943662
"benchmark-example:english-extra-8-cpu","bd/english.100MB",8,1000000,3475,3475,0,0.000,187.037,937,29973032
"benchmark-example:english-extra-8-cpu","bd/english.100MB",8,1000000,3475,3475,0,0.000,187.037,938,30031796
"benchmark-example:english-extra-8-cpu","bd/english.100MB",8,1000000,3475,3475,0,0.000,187.037,939,30037943
"benchmark-example:english-extra-8-cpu","bd/english.100MB",8,1000000,3475,3475,0,0.000,187.037,940,30109609
"benchmark-example:english-extra-8-cpu","bd/english.100MB",8,1000000,3475,3475,0,0.000,187.037,941,30130323
"benchmark-example:english-extra-8-cpu","bd/english.100MB",8,1000000,3475,3475,0,0.000,187.037,942,30145572
"benchmark-example:english-extra-8-cpu","bd/english.100MB",8,1000000,3475,3475,0,0.000,187.037,943,30193564
"benchmark-example:english-extra-8-cpu","bd/english.100MB",8,1000000,3475,3475,0,0.000,187.037,944,30210338
"benchmark-example:english-extra-8-cpu","bd/english.100MB",8,1000000,3475,3475,0,0.000,187.037,945,30329586
"benchmark-example:english-extra-8-cpu","bd/english.100MB",8,1000000,3475,3475,0,0.000,187.037,946,30358338
"benchmark-example:english-extra-8-cpu","bd/english.100MB",8,1000000,3475,3475,0,0.000,187.037,947,30364310
"benchmark-example:english-extra-8-cpu","bd/english.100MB",8,1000000,3475,3475,0,0.000,187.037,948,30376021
"benchmark-example:english-extra-8-cpu","bd/english.100MB",8,1000000,3475,3475,0,0.000,187.037,949,30409360
"benchmark-example:english-extra-8-cpu","bd/english.100MB",8,1000000,3475,3475,0,0.000,187.037,950,30423883
"benchmark-example:english-extra-8-cpu","bd/english.100MB",8,1000000,3475,3475,0,0.000,187.037,951,30474828
"benchmark-example:english-extra-8-cpu","bd/english.100MB",8,1000000,3475,3475,0,0.000,187.037,952,30634739
"benchmark-example:english-extra-8-cpu","bd/english.100MB",8,1000000,3475,3475,0,0.000,187.037,953,30656955
"benchmark-example:english-extra-8-cpu","bd/english.100MB",8,1000000,3475,3475,0,0.000,187.037,954,30721570
"benchmark-example:english-extra-8-cpu","bd/english.100MB",8,1000000,3475,3475,0,0.000,187.037,955,30758912
"benchmark-example:english-extra-8-cpu","bd/english.100MB",8,1000000,3475,3475,0,0.000,187.037,956,30760770
"benchmark-example:english-extra-8-cpu","bd/english.100MB",8,1000000,3475,3475,0,0.000,187.037,957,30769779
"benchmark-example:english-extra-8-cpu","bd/english.100MB",8,1000000,3475,3475,0,0.000,187.037,958,30817381
"benchmark-example:english-extra-8-cpu","bd/english.100MB",8,1000000,3475,3475,0,0.000,187.037,959,30836000
"benchmark-example:english-extra-8-cpu","bd/english.100MB",8,1000000,3475,3475,0,0.000,187.037,960,30847642
"benchmark-example:english-extra-8-cpu","bd/english.100MB",8,1000000,3475,3475,0,0.000,187.037,961,30848234
"benchmark-example:english-extra-8-cpu","bd/english.100MB",8,1000000,3475,3475,0,0.000,187.037,962,30854608
"benchmark-example:english-extra-8-cpu","bd/english.100MB",8,1000000,3475,3475,0,0.000,187.037,963,30892250
"benchmark-example:english-extra-8-cpu","bd/english.100MB",8,1000000,3475,3475,0,0.000,187.037,964,30899931
"benchmark-example:english-extra-8-cpu","bd/english.100MB",8,1000000,3475,3475,0,0.000,187.037,965,30948884
"benchmark-example:english-extra-8-cpu","bd/english.100MB",8,1000000,3475,3475,0,0.000,187.037,966,30986226
"benchmark-example:english-extra-8-cpu","bd/english.100MB",8,1000000,3475,3475,0,0.000,187.037,967,30988084
"benchmark-example:english-extra-8-cpu","bd/english.100MB",8,1000000,3475,3475,0,0.000,187.037,968,30997093
"benchmark-example:english-extra-8-cpu","bd/english.100MB",8,1000000,3475,3475,0,0.000,187.037,969,31044695
"benchmark-example:english-extra-8-cpu","bd/english.100MB",8,1000000,3475,3475,0,0.000,187.037,970,31063313
"benchmark-example:english-extra-8-cpu","bd/english.100MB",8,1000000,3475,3475,0,0.000,187.037,971,31074956
"benchmark-example:english-extra-8-cpu","bd/english.100MB",8,1000000,3475,3475,0,0.000,187.037,972,31075548
"benchmark-example:english-extra-8-cpu","bd/english.100MB",8,1000000,3475,3475,0,0.000,187.037,973,31081922
"benchmark-example:english-extra-8-cpu","bd/english.100MB",8,1000000,3475,3475,0,0.000,187.037,974,31119564
"benchmark-example:english-extra-8-cpu","bd/english.100MB",8,1000000,3475,3475,0,0.000,187.037,975,31127244
"benchmark-example:english-extra-8-cpu","bd/english.100MB",8,1000000,3475,3475,0,0.000,187.037,976,31160621
"benchmark-example:english-extra-8-cpu","bd/english.100MB",8,1000000,3475,3475,0,0.000,187.037,977,31162276
"benchmark-example:english-extra-8-cpu","bd/english.100MB",8,1000000,3475,3475,0,0.000,187.037,978,31239746
"benchmark-example:english-extra-8-cpu","bd/english.100MB",8,1000000,3475,3475,0,0.000,187.037,979,31314476
"benchmark-example:english-extra-8-cpu","bd/english.100MB",8,1000000,3475,3475,0,0.000,187.037,980,31339915
"benchmark-example:english-extra-8-cpu","bd/english.100MB",8,1000000,3475,3475,0,0.000,187.037,981,31448813
"benchmark-example:english-extra-8-cpu","bd/english.100MB",8,1000000,3475,3475,0,0.000,187.037,982,31519782
"benchmark-example:english-extra-8-cpu","bd/english.100MB",8,1000000,3475,3475,0,0.000,187.037,983,31632403
"benchmark-example:english-extra-8-cpu","bd/english.100MB",8,1000000,3475,3475,0,0.000,187.037,984,31676703
"benchmark-example:english-extra-8-cpu","bd/english.100MB",8,1000000,3475,3475,0,0.000,187.037,985,31686714
"benchmark-example:english-extra-8-cpu","bd/english.100MB",8,1000000,3475,3475,0,0.000,187.037,986,31687614
"benchmark-example:english-extra-8-cpu","bd/english.100MB",8,1000000,3475,3475,0,0.000,187.037,987,31777245
"benchmark-example:english-extra-8-cpu","bd/english.100MB",8,1000000,3475,3475,0,0.000,187.037,988,31793680
"benchmark-example:english-extra-8-cpu","bd/english.100MB",8,1000000,3475,3475,0,0.000,187.037,989,31798030
"benchmark-example:english-extra-8-cpu","bd/english.100MB",8,1000000,3475,3475,0,0.000,187.037,990,31832287
"benchmark-example:english-extra-8-cpu","bd/english.100MB",8,1000000,3475,3475,0,0.000,187.037,991,31843996
"benchmark-example:english-extra-8-cpu","bd/english.100MB",8,1000000,3475,3475,0,0.000,187.037,992,31880160
"benchmark-example:english-extra-8-cpu","bd/english.100MB",8,1000000,3475,3475,0,0.000,187.037,993,31902609
"benchmark-example:english-extra-8-cpu","bd/english.100MB",8,1000000,3475,3475,0,0.000,187.037,994,31935687
"benchmark-example:english-extra-8-cpu","bd/english.100MB",8,1000000,3475,3475,0,0.000,187.037,995,31945423
"benchmark-example:english-extra-8-cpu","bd/english.100MB",8,1000000,3475,3475,0,0.000,187.037,996,31956444
"benchmark-example:english-extra-8-cpu","bd/english.100MB",8,1000000,3475,3475,0,0.000,187.037,997,31958042
"benchmark-example:english-extra-8-cpu","bd/english.100MB",8,1000000,3475,3475,0,0.000,187.037,998,31958674
"benchmark-example:english-extra-8-cpu","bd/english.100MB",8,1000000,3475,3475,0,0.000,187.037,999,32004298
"benchmark-example:english-extra-8-cpu","bd/english.100MB",8,1000000,3475,3475,0,0.000,187.037,1000,32035182
"benchmark-example:english-extra-8-cpu","bd/english.100MB",8,1000000,3475,3475,0,0.000,187.037,1001,32048586
"benchmark-example:english-extra-8-cpu","bd/english.100MB",8,1000000,3475,3475,0,0.000,187.037,1002,32111171
"benchmark-example:english-extra-8-cpu","bd/english.100MB",8,1000000,3475,3475,0,0.000,187.037,1003,32113609
"benchmark-example:english-extra-8-cpu","bd/english.100MB",8,1000000,3475,3475,0,0.000,187.037,1004,32130974
"benchmark-example:english-extra-8-cpu","bd/english.100MB",8,1000000,3475,3475,0,0.000,187.037,1005,32160892
"benchmark-example:english-extra-8-cpu","bd/english.100MB",8,1000000,3475,3475,0,0.000,187.037,1006,32188075
"benchmark-example:english-extra-8-cpu","bd/english.100MB",8,1000000,3475,3475,0,0.000,187.037,1007,32255182
"benchmark-example:english-extra-8-cpu","bd/english.100MB",8,1000000,3475,3475,0,0.000,187.037,1008,32275309
"benchmark-example:english-extra-8-cpu","bd/english.100MB",8,1000000,3475,3475,0,0.000,187.037,1009,32278454
"benchmark-example:english-extra-8-cpu","bd/english.100MB",8,1000000,3475,3475,0,0.000,187.037,1010,32347347
"benchmark-example:english-extra-8-cpu","bd/english.100MB",8,1000000,3475,3475,0,0.000,187.037,1011,32451225
"benchmark-example:english-extra-8-cpu","bd/english.100MB",8,1000000,3475,3475,0,0.000,187.037,1012,32451247
"benchmark-example:english-extra-8-cpu","bd/english.100MB",8,1000000,3475,3475,0,0.000,187.037,1013,32452018
"benchmark-example:english-extra-8-cpu","bd/english.100MB",8,1000000,3475,3475,0,0.000,187.037,1014,32476629
"benchmark-example:english-extra-8-cpu","bd/english.100MB",8,1000000,3475,3475,0,0.000,187.037,1015,32579316
"benchmark-example:english-extra-8-cpu","bd/english.100MB",8,1000000,3475,3475,0,0.000,187.037,1016,32605440
"benchmark-example:english-extra-8-cpu","bd/english.100MB",8,1000000,3475,3475,0,0.000,187.037,1017,32660860
"benchmark-example:english-extra-8-cpu","bd/english.100MB",8,1000000,3475,3475,0,0.000,187.037,1018,32853002
"benchmark-example:english-extra-8-cpu","bd/english.100MB",8,1000000,3475,3475,0,0.000,187.037,1019,33003570
"benchmark-example:english-extra-8-cpu","bd/english.100MB",8,1000000,3475,3475,0,0.000,187.037,1020,33008285
"benchmark-example:english-extra-8-cpu","bd/english.100MB",8,1000000,3475,3475,0,0.000,187.037,1021,33018332
"benchmark-example:english-extra-8-cpu","bd/english.100MB",8,1000000,3475,3475,0,0.000,187.037,1022,33054318
"benchmark-example:english-extra-8-cpu","bd/english.100MB",8,1000000,3475,3475,0,0.000,187.037,1023,33075495
"benchmark-example:english-extra-8-cpu","bd/english.100MB",8,1000000,3475,3475,0,0.000,187.037,1024,33129989
"benchmark-example:english-extra-8-cpu","bd/english.100MB",8,1000000,3475,3475,0,0.000,187.037,1025,33172373
"benchmark-example:english-extra-8-cpu","bd/english.100MB",8,1000000,3475,3475,0,0.000,187.037,1026,33261272
"benchmark-example:english-extra-8-cpu","bd/english.100MB",8,1000000,3475,3475,0,0.000,187.037,1027,33261294
"benchmark-example:english-extra-8-cpu","bd/english.100MB",8,1000000,3475,3475,0,0.000,187.037,1028,33262065
"benchmark-example:english-extra-8-cpu","bd/english.100MB",8,1000000,3475,3475,0,0.000,187.037,1029,33286676
"benchmark-example:english-extra-8-cpu","bd/english.100MB",8,1000000,3475,3475,0,0.000,187.037,1030,33389363
"benchmark-example:english-extra-8-cpu","bd/english.100MB",8,1000000,3475,3475,0,0.000,187.037,1031,33415486
"benchmark-example:english-extra-8-cpu","bd/english.100MB",8,1000000,3475,3475,0,0.000,187.037,1032,33470906
"benchmark-example:english-extra-8-cpu","bd/english.100MB",8,1000000,3475,3475,0,0.000,187.037,1033,33663047
"benchmark-example:english-extra-8-cpu","bd/english.100MB",8,1000000,3475,3475,0,0.000,187.037,1034,33813612
"benchmark-example:english-extra-8-cpu","bd/english.100MB",8,1000000,3475,3475,0,0.000,187.037,1035,33818327
"benchmark-example:english-extra-8-cpu","bd/english.100MB",8,1000000,3475,3475,0,0.000,187.037,1036,33828373
"benchmark-example:english-extra-8-cpu","bd/english.100MB",8,1000000,3475,3475,0,0.000,187.037,1037,33864359
"benchmark-example:english-extra-8-cpu","bd/english.100MB",8,1000000,3475,3475,0,0.000,187.037,1038,33885536
"benchmark-example:english-extra-8-cpu","bd/english.100MB",8,1000000,3475,3475,0,0.000,187.037,1039,33940025
"benchmark-example:english-extra-8-cpu","bd/english.100MB",8,1000000,3475,3475,0,0.000,187.037,1040,33982394
"benchmark-example:english-extra-8-cpu","bd/english.100MB",8,1000000,3475,3475,0,0.000,187.037,1041,34077062
"benchmark-example:english-extra-8-cpu","bd/english.100MB",8,1000000,3475,3475,0,0.000,187.037,1042,34112689
"benchmark-example:english-extra-8-cpu","bd/english.100MB",8,1000000,3475,3475,0,0.000,187.037,1043,34112991
"benchmark-example:english-extra-8-cpu","bd/english.100MB",8,1000000,3475,3475,0,0.000,187.037,1044,34117079
"benchmark-example:english-extra-8-cpu","bd/english.100MB",8,1000000,3475,3475,0,0.000,187.037,1045,34138550
"benchmark-example:english-extra-8-cpu","bd/english.100MB",8,1000000,3475,3475,0,0.000,187.037,1046,34142875
"benchmark-example:english-extra-8-cpu","bd/english.100MB",8,1000000,3475,3475,0,0.000,187.037,1047,34215284
"benchmark-example:english-extra-8-cpu","bd/english.100MB",8,1000000,3475,3475,0,0.000,187.037,1048,34263861
"benchmark-example:english-extra-8-cpu","bd/english.100MB",8,1000000,3475,3475,0,0.000,187.037,1049,34334881
"benchmark-example:english-extra-8-cpu","bd/english.100MB",8,1000000,3475,3475,0,0.000,187.037,1050,34354342
"benchmark-example:english-extra-8-cpu","bd/english.100MB",8,1000000,3475,3475,0,0.000,187.037,1051,34375052
"benchmark-example:english-extra-8-cpu","bd/english.100MB",8,1000000,3475,3475,0,0.000,187.037,1052,34401263
"benchmark-example:english-extra-8-cpu","bd/english.100MB",8,1000000,3475,3475,0,0.000,187.037,1053,34403260
"benchmark-example:english-extra-8-cpu","bd/english.100MB",8,1000000,3475,3475,0,0.000,187.037,1054,34403622
"benchmark-example:english-extra-8-cpu","bd/english.100MB",8,1000000,3475,3475,0,0.000,187.037,1055,34407042
"benchmark-example:english-extra-8-cpu","bd/english.100MB",8,1000000,3475,3475,0,0.000,187.037,1056,34408218
"benchmark-example:english-extra-8-cpu","bd/english.100MB",8,1000000,3475,3475,0,0.000,187.037,1057,34433260
"benchmark-example:english-extra-8-cpu","bd/english.100MB",8,1000000,3475,3475,0,0.000,187.037,1058,34455031
"benchmark-example:english-extra-8-cpu","bd/english.100MB",8,1000000,3475,3475,0,0.000,187.037,1059,34524804
"benchmark-example:english-extra-8-cpu","bd/english.100MB",8,1000000,3475,3475,0,0.000,187.037,1060,34551839
"benchmark-example:english-extra-8-cpu","bd/english.100MB",8,1000000,3475,3475,0,0.000,187.037,1061,34553584
"benchmark-example:english-extra-8-cpu","bd/english.100MB",8,1000000,3475,3475,0,0.000,187.037,1062,34558103
"benchmark-example:english-extra-8-cpu","bd/english.100MB",8,1000000,3475,3475,0,0.000,187.037,1063,34568265
"benchmark-example:english-extra-8-cpu","bd/english.100MB",8,1000000,3475,3475,0,0.000,187.037,1064,34568508
"benchmark-example:english-extra-8-cpu","bd/english.100MB",8,1000000,3475,3475,0,0.000,187.037,1065,34569734
"benchmark-example:english-extra-8-cpu","bd/english.100MB",8,1000000,3475,3475,0,0.000,187.037,1066,34571804
"benchmark-example:english-extra-8-cpu","bd/english.100MB",8,1000000,3475,3475,0,0.000,187.037,1067,34576498
"benchmark-example:english-extra-8-cpu","bd/english.100MB",8,1000000,3475,3475,0,0.000,187.037,1068,34587331
"benchmark-example:english-extra-8-cpu","bd/english.100MB",8,1000000,3475,3475,0,0.000,187.037,1069,34609460
"benchmark-example:english-extra-8-cpu","bd/english.100MB",8,1000000,3475,3475,0,0.000,187.037,1070,34627948
"benchmark-example:english-extra-8-cpu","bd/english.100MB",8,1000000,3475,3475,0,0.000,187.037,1071,34632692
"benchmark-example:english-extra-8-cpu","bd/english.100MB",8,1000000,3475,3475,0,0.000,187.037,1072,34638055
"benchmark-example:english-extra-8-cpu","bd/english.100MB",8,1000000,3475,3475,0,0.000,187.037,1073,34688865
"benchmark-example:english-extra-8-cpu","bd/english.100MB",8,1000000,3475,3475,0,0.000,187.037,1074,34708320
"benchmark-example:english-extra-8-cpu","bd/english.100MB",8,1000000,3475,3475,0,0.000,187.037,1075,34712333
"benchmark-example:english-extra-8-cpu","bd/english.100MB",8,1000000,3475,3475,0,0.000,187.037,1076,34717990
"benchmark-example:english-extra-8-cpu","bd/english.100MB",8,1000000,3475,3475,0,0.000,187.037,1077,34720432
"benchmark-example:english-extra-8-cpu","bd/english.100MB",8,1000000,3475,3475,0,0.000,187.037,1078,34728774
"benchmark-example:english-extra-8-cpu","bd/english.100MB",8,1000000,3475,3475,0,0.000,187.037,1079,34743790
"benchmark-example:english-extra-8-cpu","bd/english.100MB",8,1000000,3475,3475,0,0.000,187.037,1080,34747669
"benchmark-example:english-extra-8-cpu","bd/english.100MB",8,1000000,3475,3475,0,0.000,187.037,1081,34750646
"benchmark-example:english-extra-8-cpu","bd/english.100MB",8,1000000,3475,3475,0,0.000,187.037,1082,34771825
"benchmark-example:english-extra-8-cpu","bd/english.100MB",8,1000000,3475,3475,0,0.000,187.037,1083,34783748
"benchmark-example:english-extra-8-cpu","bd/english.100MB",8,1000000,3475,3475,0,0.000,187.037,1084,34806277
"benchmark-example:english-extra-8-cpu","bd/english.100MB",8,1000000,3475,3475,0,0.000,187.037,1085,34819360
"benchmark-example:english-extra-8-cpu","bd/english.100MB",8,1000000,3475,3475,0,0.000,187.037,1086,34821902
"benchmark-example:english-extra-8-cpu","bd/english.100MB",8,1000000,3475,3475,0,0.000,187.037,1087,34830625
"benchmark-example:english-extra-8-cpu","bd/english.100MB",8,1000000,3475,3475,0,0.000,187.037,1088,34855174
"benchmark-example:english-extra-8-cpu","bd/english.100MB",8,1000000,3475,3475,0,0.000,187.037,1089,34863630
"benchmark-example:english-extra-8-cpu","bd/english.100MB",8,1000000,3475,3475,0,0.000,187.037,1090,34869205
"benchmark-example:english-extra-8-cpu","bd/english.100MB",8,1000000,3475,3475,0,0.000,187.037,1091,34875532
"benchmark-example:english-extra-8-cpu","bd/english.100MB",8,1000000,3475,3475,0,0.000,187.037,1092,34896413
"benchmark-example:english-extra-8-cpu","bd/english.100MB",8,1000000,3475,3475,0,0.000,187.037,1093,34903379
"benchmark-example:english-extra-8-cpu","bd/english.100MB",8,1000000,3475,3475,0,0.000,187.037,1094,34933553
"benchmark-example:english-extra-8-cpu","bd/english.100MB",8,1000000,3475,3475,0,0.000,187.037,1095,34941440
"benchmark-example:english-extra-8-cpu","bd/english.100MB",8,1000000,3475,3475,0,0.000,187.037,1096,35010535
"benchmark-example:english-extra-8-cpu","bd/english.100MB",8,1000000,3475,3475,0,0.000,187.037,1097,35058547
"benchmark-example:english-extra-8-cpu","bd/english.100MB",8,1000000,3475,3475,0,0.000,187.037,1098,35059429
"benchmark-example:english-extra-8-cpu","bd/english.100MB",8,1000000,3475,3475,0,0.000,187.037,1099,35060932
"benchmark-example:english-extra-8-cpu","bd/english.100MB",8,1000000,3475,3475,0,0.000,187.037,1100,35061786
"benchmark-example:english-extra-8-cpu","bd/english.100MB",8,1000000,3475,3475,0,0.000,187.037,1101,35065222
"benchmark-example:english-extra-8-cpu","bd/english.100MB",8,1000000,3475,3475,0,0.000,187.037,1102,35069864
"benchmark-example:english-extra-8-cpu","bd/english.100MB",8,1000000,3475,3475,0,0.000,187.037,1103,35072868
"benchmark-example:english-extra-8-cpu","bd/english.100MB",8,1000000,3475,3475,0,0.000,187.037,1104,35085878
"benchmark-example:english-extra-8-cpu","bd/english.100MB",8,1000000,3475,3475,0,0.000,187.037,1105,35087166
"benchmark-example:english-extra-8-cpu","bd/english.100MB",8,1000000,3475,3475,0,0.000,187.037,1106,35128707
"benchmark-example:english-extra-8-cpu","bd/english.100MB",8,1000000,3475,3475,0,0.000,187.037,1107,35178805
"benchmark-example:english-extra-8-cpu","bd/english.100MB",8,1000000,3475,3475,0,0.000,187.037,1108,35189294
"benchmark-example:english-extra-8-cpu","bd/english.100MB",8,1000000,3475,3475,0,0.000,187.037,1109,35211040
"benchmark-example:english-extra-8-cpu","bd/english.100MB",8,1000000,3475,3475,0,0.000,187.037,1110,35242590
"benchmark-example:english-extra-8-cpu","bd/english.100MB",8,1000000,3475,3475,0,0.000,187.037,1111,35246546
"benchmark-example:english-extra-8-cpu","bd/english.100MB",8,1000000,3475,3475,0,0.000,187.037,1112,35246669
"benchmark-example:english-extra-8-cpu","bd/english.100MB",8,1000000,3475,3475,0,0.000,187.037,1113,35294645
"benchmark-example:english-extra-8-cpu","bd/english.100MB",8,1000000,3475,3475,0,0.000,187.037,1114,35317290
"benchmark-example:english-extra-8-cpu","bd/english.100MB",8,1000000,3475,3475,0,0.000,187.037,1115,35317343
"benchmark-example:english-extra-8-cpu","bd/english.100MB",8,1000000,3475,3475,0,0.000,187.037,1116,35366195
"benchmark-example:english-extra-8-cpu","bd/english.100MB",8,1000000,3475,3475,0,0.000,187.037,1117,35374051
"benchmark-example:english-extra-8-cpu","bd/english.100MB",8,1000000,3475,3475,0,0.000,187.037,1118,35390402
"benchmark-example:english-extra-8-cpu","bd/english.100MB",8,1000000,3475,3475,0,0.000,187.037,1119,35394853
"benchmark-example:english-extra-8-cpu","bd/english.100MB",8,1000000,3475,3475,0,0.000,187.037,1120,35436032
"benchmark-example:english-extra-8-cpu","bd/english.100MB",8,1000000,3475,3475,0,0.000,187.037,1121,35457954
"benchmark-example:english-extra-8-cpu","bd/english.100MB",8,1000000,3475,3475,0,0.000,187.037,1122,35462437
"benchmark-example:english-extra-8-cpu","bd/english.100MB",8,1000000,3475,3475,0,0.000,187.037,1123,35466570
"benchmark-example:english-extra-8-cpu","bd/english.100MB",8,1000000,3475,3475,0,0.000,187.037,1124,35486087
"benchmark-example:english-extra-8-cpu","bd/english.100MB",8,1000000,3475,3475,0,0.000,187.037,1125,35490859
"benchmark-example:english-extra-8-cpu","bd/english.100MB",8,1000000,3475,3475,0,0.000,187.037,1126,35498350
"benchmark-example:english-extra-8-cpu","bd/english.100MB",8,1000000,3475,3475,0,0.000,187.037,1127,35502205
"benchmark-example:english-extra-8-cpu","bd/english.100MB",8,1000000,3475,3475,0,0.000,187.037,1128,35525160
"benchmark-example:english-extra-8-cpu","bd/english.100MB",8,1000000,3475,3475,0,0.000,187.037,1129,35527159
"benchmark-example:english-extra-8-cpu","bd/english.100MB",8,1000000,3475,3475,0,0.000,187.037,1130,35527231
"benchmark-example:english-extra-8-cpu","bd/english.100MB",8,1000000,3475,3475,0,0.000,187.037,1131,35529875
"benchmark-example:english-extra-8-cpu","bd/english.100MB",8,1000000,3475,3475,0,0.000,187.037,1132,35544163
"benchmark-example:english-extra-8-cpu","bd/english.100MB",8,1000000,3475,3475,0,0.000,187.037,1133,35551284
"benchmark-example:english-extra-8-cpu","bd/english.100MB",8,1000000,3475,3475,0,0.000,187.037,1134,35569320
"benchmark-example:english-extra-8-cpu","bd/english.100MB",8,1000000,3475,3475,0,0.000,187.037,1135,35576985
"benchmark-example:english-extra-8-cpu","bd/english.100MB",8,1000000,3475,3475,0,0.000,187.037,1136,35588577
"benchmark-example:english-extra-8-cpu","bd/english.100MB",8,1000000,3475,3475,0,0.000,187.037,1137,35593771
"benchmark-example:english-extra-8-cpu","bd/english.100MB",8,1000000,3475,3475,0,0.000,187.037,1138,35594737
"benchmark-example:english-extra-8-cpu","bd/english.100MB",8,1000000,3475,3475,0,0.000,187.037,1139,35655041
"benchmark-example:english-extra-8-cpu","bd/english.100MB",8,1000000,3475,3475,0,0.000,187.037,1140,35669061
"benchmark-example:english-extra-8-cpu","bd/english.100MB",8,1000000,3475,3475,0,0.000,187.037,1141,35689781
"benchmark-example:english-extra-8-cpu","bd/english.100MB",8,1000000,3475,3475,0,0.000,187.037,1142,35691004
"benchmark-example:english-extra-8-cpu","bd/english.100MB",8,1000000,3475,3475,0,0.000,187.037,1143,35691078
"benchmark-example:english-extra-8-cpu","bd/english.100MB",8,1000000,3475,3475,0,0.000,187.037,1144,35903218
"benchmark-example:english-extra-8-cpu","bd/english.100MB",8,1000000,3475,3475,0,0.000,187.037,1145,35973585
"benchmark-example:english-extra-8-cpu","bd/english.100MB",8,1000000,3475,3475,0,0.000,187.037,1146,36156471
"benchmark-example:english-extra-8-cpu","bd/english.100MB",8,1000000,3475,3475,0,0.000,187.037,1147,36200252
"benchmark-example:english-extra-8-cpu","bd/english.100MB",8,1000000,3475,3475,0,0.000,187.037,1148,36215760
"benchmark-example:english-extra-8-cpu","bd/english.100MB",8,1000000,3475,3475,0,0.000,187.037,1149,36234570
"benchmark-example:english-extra-8-cpu","bd/english.100MB",8,1000000,3475,3475,0,0.000,187.037,1150,36241604
"benchmark-example:english-extra-8-cpu","bd/english.100MB",8,1000000,3475,3475,0,0.000,187.037,1151,36241904
"benchmark-example:english-extra-8-cpu","bd/english.100MB",8,1000000,3475,3475,0,0.000,187.037,1152,36260570
"benchmark-example:english-extra-8-cpu","bd/english.100MB",8,1000000,3475,3475,0,0.000,187.037,1153,36261824
"benchmark-example:english-extra-8-cpu","bd/english.100MB",8,1000000,3475,3475,0,0.000,187.037,1154,36285259
"benchmark-example:english-extra-8-cpu","bd/english.100MB",8,1000000,3475,3475,0,0.000,187.037,1155,36292236
"benchmark-example:english-extra-8-cpu","bd/english.100MB",8,1000000,3475,3475,0,0.000,187.037,1156,36297741
"benchmark-example:english-extra-8-cpu","bd/english.100MB",8,1000000,3475,3475,0,0.000,187.037,1157,36297783
"benchmark-example:english-extra-8-cpu","bd/english.100MB",8,1000000,3475,3475,0,0.000,187.037,1158,36298372
"benchmark-example:english-extra-8-cpu","bd/english.100MB",8,1000000,3475,3475,0,0.000,187.037,1159,36298437
"benchmark-example:english-extra-8-cpu","bd/english.100MB",8,1000000,3475,3475,0,0.000,187.037,1160,36299133
"benchmark-example:english-extra-8-cpu","bd/english.100MB",8,1000000,3475,3475,0,0.000,187.037,1161,36325420
"benchmark-example:english-extra-8-cpu","bd/english.100MB",8,1000000,3475,3475,0,0.000,187.037,1162,36328753
"benchmark-example:english-extra-8-cpu","bd/english.100MB",8,1000000,3475,3475,0,0.000,187.037,1163,36328794
"benchmark-example:english-extra-8-cpu","bd/english.100MB",8,1000000,3475,3475,0,0.000,187.037,1164,36336680
"benchmark-example:english-extra-8-cpu","bd/english.100MB",8,1000000,3475,3475,0,0.000,187.037,1165,36346687
"benchmark-example:english-extra-8-cpu","bd/english.100MB",8,1000000,3475,3475,0,0.000,187.037,1166,36349020
"benchmark-example:english-extra-8-cpu","bd/english.100MB",8,1000000,3475,3475,0,0.000,187.037,1167,36421837
"benchmark-example:english-extra-8-cpu","bd/english.100MB",8,1000000,3475,3475,0,0.000,187.037,1168,36425508
"benchmark-example:english-extra-8-cpu","bd/english.100MB",8,1000000,3475,3475,0,0.000,187.037,1169,36425767
"benchmark-example:english-extra-8-cpu","bd/english.100MB",8,1000000,3475,3475,0,0.000,187.037,1170,36433592
"benchmark-example:english-extra-8-cpu","bd/english.100MB",8,1000000,3475,3475,0,0.000,187.037,1171,36438228
"benchmark-example:english-extra-8-cpu","bd/english.100MB",8,1000000,3475,3475,0,0.000,187.037,1172,36472768
"benchmark-example:english-extra-8-cpu","bd/english.100MB",8,1000000,3475,3475,0,0.000,187.037,1173,36504012
"benchmark-example:english-extra-8-cpu","bd/english.100MB",8,1000000,3475,3475,0,0.000,187.037,1174,36568008
"benchmark-example:english-extra-8-cpu","bd/english.100MB",8,1000000,3475,3475,0,0.000,187.037,1175,36596316
"benchmark-example:english-extra-8-cpu","bd/english.100MB",8,1000000,3475,3475,0,0.000,187.037,1176,36647486
"benchmark-example:english-extra-8-cpu","bd/english.100MB",8,1000000,3475,3475,0,0.000,187.037,1177,36705403
"benchmark-example:english-extra-8-cpu","bd/english.100MB",8,1000000,3475,3475,0,0.000,187.037,1178,36719338
"benchmark-example:english-extra-8-cpu","bd/english.100MB",8,1000000,3475,3475,0,0.000,187.037,1179,36737502
"benchmark-example:english-extra-8-cpu","bd/english.100MB",8,1000000,3475,3475,0,0.000,187.037,1180,36738976
"benchmark-example:english-extra-8-cpu","bd/english.100MB",8,1000000,3475,3475,0,0.000,187.037,1181,36742438
"benchmark-example:english-extra-8-cpu","bd/english.100MB",8,1000000,3475,3475,0,0.000,187.037,1182,36754703
"benchmark-example:english-extra-8-cpu","bd/english.100MB",8,1000000,3475,3475,0,0.000,187.037,1183,36787384
"benchmark-example:english-extra-8-cpu","bd/english.100MB",8,1000000,3475,3475,0,0.000,187.037,1184,36792822
"benchmark-example:english-extra-8-cpu","bd/english.100MB",8,1000000,3475,3475,0,0.000,187.037,1185,36809368
"benchmark-example:english-extra-8-cpu","bd/english.100MB",8,1000000,3475,3475,0,0.000,187.037,1186,36917794
"benchmark-example:english-extra-8-cpu","bd/english.100MB",8,1000000,3475,3475,0,0.000,187.037,1187,37027354
"benchmark-example:english-extra-8-cpu","bd/english.100MB",8,1000000,3475,3475,0,0.000,187.037,1188,37121141
"benchmark-example:english-extra-8-cpu","bd/english.100MB",8,1000000,3475,3475,0,0.000,187.037,1189,37134198
"benchmark-example:english-extra-8-cpu","bd/english.100MB",8,1000000,3475,3475,0,0.000,187.037,1190,37186786
"benchmark-example:english-extra-8-cpu","bd/english.100MB",8,1000000,3475,3475,0,0.000,187.037,1191,37211893
"benchmark-example:english-extra-8-cpu","bd/english.100MB",8,1000000,3475,3475,0,0.000,187.037,1192,37245296
"benchmark-example:english-extra-8-cpu","bd/english.100MB",8,1000000,3475,3475,0,0.000,187.037,1193,37245540
"benchmark-example:english-extra-8-cpu","bd/english.100MB",8,1000000,3475,3475,0,0.000,187.037,1194,37286124
"benchmark-example:english-extra-8-cpu","bd/english.100MB",8,1000000,3475,3475,0,0.000,187.037,1195,37316724
"benchmark-example:english-extra-8-cpu","bd/english.100MB",8,1000000,3475,3475,0,0.000,187.037,1196,37424049
"benchmark-example:english-extra-8-cpu","bd/english.100MB",8,1000000,3475,3475,0,0.000,187.037,1197,37492133
"benchmark-example:english-extra-8-cpu","bd/english.100MB",8,1000000,3475,3475,0,0.000,187.037,1198,37502211
"benchmark-example:english-extra-8-cpu","bd/english.100MB",8,1000000,3475,3475,0,0.000,187.037,1199,37510498
"benchmark-example:english-extra-8-cpu","bd/english.100MB",8,1000000,3475,3475,0,0.000,187.037,1200,37542456
"benchmark-example:english-extra-8-cpu","bd/english.100MB",8,1000000,3475,3475,0,0.000,187.037,1201,37591328
"benchmark-example:english-extra-8-cpu","bd/english.100MB",8,1000000,3475,3475,0,0.000,187.037,1202,37614837
"benchmark-example:english-extra-8-cpu","bd/english.100MB",8,1000000,3475,3475,0,0.000,187.037,1203,37634990
"benchmark-example:english-extra-8-cpu","bd/english.100MB",8,1000000,3475,3475,0,0.000,187.037,1204,37669133
"benchmark-example:english-extra-8-cpu","bd/english.100MB",8,1000000,3475,3475,0,0.000,187.037,1205,37671783
"benchmark-example:english-extra-8-cpu","bd/english.100MB",8,1000000,3475,3475,0,0.000,187.037,1206,37694897
"benchmark-example:english-extra-8-cpu","bd/english.100MB",8,1000000,3475,3475,0,0.000,187.037,1207,37782018
"benchmark-example:english-extra-8-cpu","bd/english.100MB",8,1000000,3475,3475,0,0.000,187.037,1208,37837935
"benchmark-example:english-extra-8-cpu","bd/english.100MB",8,1000000,3475,3475,0,0.000,187.037,1209,37838244
"benchmark-example:english-extra-8-cpu","bd/english.100MB",8,1000000,3475,3475,0,0.000,187.037,1210,37839451
"benchmark-example:english-extra-8-cpu","bd/english.100MB",8,1000000,3475,3475,0,0.000,187.037,1211,37881547
"benchmark-example:english-extra-8-cpu","bd/english.100MB",8,1000000,3475,3475,0,0.000,187.037,1212,37911839
"benchmark-example:english-extra-8-cpu","bd/english.100MB",8,1000000,3475,3475,0,0.000,187.037,1213,37912056
"benchmark-example:english-extra-8-cpu","bd/english.100MB",8,1000000,3475,3475,0,0.000,187.037,1214,37913044
"benchmark-example:english-extra-8-cpu","bd/english.100MB",8,1000000,3475,3475,0,0.000,187.037,1215,37925953
"benchmark-example:english-extra-8-cpu","bd/english.100MB",8,1000000,3475,3475,0,0.000,187.037,1216,37958074
"benchmark-example:english-extra-8-cpu","bd/english.100MB",8,1000000,3475,3475,0,0.000,187.037,1217,37965464
"benchmark-example:english-extra-8-cpu","bd/english.100MB",8,1000000,3475,3475,0,0.000,187.037,1218,37984231
"benchmark-example:english-extra-8-cpu","bd/english.100MB",8,1000000,3475,3475,0,0.000,187.037,1219,37985630
"benchmark-example:english-extra-8-cpu","bd/english.100MB",8,1000000,3475,3475,0,0.000,187.037,1220,37991246
"benchmark-example:english-extra-8-cpu","bd/english.100MB",8,1000000,3475,3475,0,0.000,187.037,1221,37991287
"benchmark-example:english-extra-8-cpu","bd/english.100MB",8,1000000,3475,3475,0,0.000,187.037,1222,38185645
"benchmark-example:english-extra-8-cpu","bd/english.100MB",8,1000000,3475,3475,0,0.000,187.037,1223,38195955
"benchmark-example:english-extra-8-cpu","bd/english.100MB",8,1000000,3475,3475,0,0.000,187.037,1224,38245890
"benchmark-example:english-extra-8-cpu","bd/english.100MB",8,1000000,3475,3475,0,0.000,187.037,1225,38431902
"benchmark-example:english-extra-8-cpu","bd/english.100MB",8,1000000,3475,3475,0,0.000,187.037,1226,38455045
"benchmark-example:english-extra-8-cpu","bd/english.100MB",8,1000000,3475,3475,0,0.000,187.037,1227,38631557
"benchmark-example:english-extra-8-cpu","bd/english.100MB",8,1000000,3475,3475,0,0.000,187.037,1228,38670704
"benchmark-example:english-extra-8-cpu","bd/english.100MB",8,1000000,3475,3475,0,0.000,187.037,1229,38751529
"benchmark-example:english-extra-8-cpu","bd/english.100MB",8,1000000,3475,3475,0,0.000,187.037,1230,38768853
"benchmark-example:english-extra-8-cpu","bd/english.100MB",8,1000000,3475,3475,0,0.000,187.037,1231,38798729
"benchmark-example:english-extra-8-cpu","bd/english.100MB",8,1000000,3475,3475,0,0.000,187.037,1232,39002712
"benchmark-example:english-extra-8-cpu","bd/english.100MB",8,1000000,3475,3475,0,0.000,187.037,1233,39087295
"benchmark-example:english-extra-8-cpu","bd/english.100MB",8,1000000,3475,3475,0,0.000,187.037,1234,39088383
"benchmark-example:english-extra-8-cpu","bd/english.100MB",8,1000000,3475,3475,0,0.000,187.037,1235,39100507
"benchmark-example:english-extra-8-cpu","bd/english.100MB",8,1000000,3475,3475,0,0.000,187.037,1236,39116879
"benchmark-example:english-extra-8-cpu","bd/english.100MB",8,1000000,3475,3475,0,0.000,187.037,1237,39132098
"benchmark-example:english-extra-8-cpu","bd/english.100MB",8,1000000,3475,3475,0,0.000,187.037,1238,39135914
"benchmark-example:english-extra-8-cpu","bd/english.100MB",8,1000000,3475,3475,0,0.000,187.037,1239,39157807
"benchmark-example:english-extra-8-cpu","bd/english.100MB",8,1000000,3475,3475,0,0.000,187.037,1240,39248909
"benchmark-example:english-extra-8-cpu","bd/english.100MB",8,1000000,3475,3475,0,0.000,187.037,1241,39398580
"benchmark-example:english-extra-8-cpu","bd/english.100MB",8,1000000,3475,3475,0,0.000,187.037,1242,39410804
"benchmark-example:english-extra-8-cpu","bd/english.100MB",8,1000000,3475,3475,0,0.000,187.037,1243,39466184
"benchmark-example:english-extra-8-cpu","bd/english.100MB",8,1000000,3475,3475,0,0.000,187.037,1244,39489195
"benchmark-example:english-extra-8-cpu","bd/english.100MB",8,1000000,3475,3475,0,0.000,187.037,1245,39580201
"benchmark-example:english-extra-8-cpu","bd/english.100MB",8,1000000,3475,3475,0,0.000,187.037,1246,39866202
"benchmark-example:english-extra-8-cpu","bd/english.100MB",8,1000000,3475,3475,0,0.000,187.037,1247,39948761
"benchmark-example:english-extra-8-cpu","bd/english.100MB",8,1000000,3475,3475,0,0.000,187.037,1248,40015218
"benchmark-example:english-extra-8-cpu","bd/english.100MB",8,1000000,3475,3475,0,0.000,187.037,1249,40021724
"benchmark-example:english-extra-8-cpu","bd/english.100MB",8,1000000,3475,3475,0,0.000,187.037,1250,40046844
"benchmark-example:english-extra-8-cpu","bd/english.100MB",8,1000000,3475,3475,0,0.000,187.037,1251,40085425
"benchmark-example:english-extra-8-cpu","bd/english.100MB",8,1000000,3475,3475,0,0.000,187.037,1252,40176516
"benchmark-example:english-extra-8-cpu","bd/english.100MB",8,1000000,3475,3475,0,0.000,187.037,1253,40179851
"benchmark-example:english-extra-8-cpu","bd/english.100MB",8,1000000,3475,3475,0,0.000,187.037,1254,40199377
"benchmark-example:english-extra-8-cpu","bd/english.100MB",8,1000000,3475,3475,0,0.000,187.037,1255,40247001
"benchmark-example:english-extra-8-cpu","bd/english.100MB",8,1000000,3475,3475,0,0.000,187.037,1256,40258677
"benchmark-example:english-extra-8-cpu","bd/english.100MB",8,1000000,3475,3475,0,0.000,187.037,1257,40332336
"benchmark-example:english-extra-8-cpu","bd/english.100MB",8,1000000,3475,3475,0,0.000,187.037,1258,40353858
"benchmark-example:english-extra-8-cpu","bd/english.100MB",8,1000000,3475,3475,0,0.000,187.037,1259,40393405
"benchmark-example:english-extra-8-cpu","bd/english.100MB",8,1000000,3475,3475,0,0.000,187.037,1260,40419109
"benchmark-example:english-extra-8-cpu","bd/english.100MB",8,1000000,3475,3475,0,0.000,187.037,1261,40444902
"benchmark-example:english-extra-8-cpu","bd/english.100MB",8,1000000,3475,3475,0,0.000,187.037,1262,40619821
"benchmark-example:english-extra-8-cpu","bd/english.100MB",8,1000000,3475,3475,0,0.000,187.037,1263,40683651
"benchmark-example:english-extra-8-cpu","bd/english.100MB",8,1000000,3475,3475,0,0.000,187.037,1264,40766955
"benchmark-example:english-extra-8-cpu","bd/english.100MB",8,1000000,3475,3475,0,0.000,187.037,1265,40786334
"benchmark-example:english-extra-8-cpu","bd/english.100MB",8,1000000,3475,3475,0,0.000,187.037,1266,40829472
"benchmark-example:english-extra-8-cpu","bd/english.100MB",8,1000000,3475,3475,0,0.000,187.037,1267,40835079
"benchmark-example:english-extra-8-cpu","bd/english.100MB",8,1000000,3475,3475,0,0.000,187.037,1268,40927553
"benchmark-example:english-extra-8-cpu","bd/english.100MB",8,1000000,3475,3475,0,0.000,187.037,1269,41112585
"benchmark-example:english-extra-8-cpu","bd/english.100MB",8,1000000,3475,3475,0,0.000,187.037,1270,41112686
"benchmark-example:english-extra-8-cpu","bd/english.100MB",8,1000000,3475,3475,0,0.000,187.037,1271,41115130
"benchmark-example:english-extra-8-cpu","bd/english.100MB",8,1000000,3475,3475,0,0.000,187.037,1272,41280942
"benchmark-example:english-extra-8-cpu","bd/english.100MB",8,1000000,3475,3475,0,0.000,187.037,1273,41308272
"benchmark-example:english-extra-8-cpu","bd/english.100MB",8,1000000,3475,3475,0,0.000,187.037,1274,41417492
"benchmark-example:english-extra-8-cpu","bd/english.100MB",8,1000000,3475,3475,0,0.000,187.037,1275,41420827
"benchmark-example:english-extra-8-cpu","bd/english.100MB",8,1000000,3475,3475,0,0.000,187.037,1276,41440353
"benchmark-example:english-extra-8-cpu","bd/english.100MB",8,1000000,3475,3475,0,0.000,187.037,1277,41487977
"benchmark-example:english-extra-8-cpu","bd/english.100MB",8,1000000,3475,3475,0,0.000,187.037,1278,41499653
"benchmark-example:english-extra-8-cpu","bd/english.100MB",8,1000000,3475,3475,0,0.000,187.037,1279,41573312
"benchmark-example:english-extra-8-cpu","bd/english.100MB",8,1000000,3475,3475,0,0.000,187.037,1280,41594834
"benchmark-example:english-extra-8-cpu","bd/english.100MB",8,1000000,3475,3475,0,0.000,187.037,1281,41634381
"benchmark-example:english-extra-8-cpu","bd/english.100MB",8,1000000,3475,3475,0,0.000,187.037,1282,41660085
"benchmark-example:english-extra-8-cpu","bd/english.100MB",8,1000000,3475,3475,0,0.000,187.037,1283,41685878
"benchmark-example:english-extra-8-cpu","bd/english.100MB",8,1000000,3475,3475,0,0.000,187.037,1284,41860797
"benchmark-example:english-extra-8-cpu","bd/english.100MB",8,1000000,3475,3475,0,0.000,187.037,1285,41924627
"benchmark-example:english-extra-8-cpu","bd/english.100MB",8,1000000,3475,3475,0,0.000,187.037,1286,42007930
"benchmark-example:english-extra-8-cpu","bd/english.100MB",8,1000000,3475,3475,0,0.000,187.037,1287,42027309
"benchmark-example:english-extra-8-cpu","bd/english.100MB",8,1000000,3475,3475,0,0.000,187.037,1288,42070447
"benchmark-example:english-extra-8-cpu","bd/english.100MB",8,1000000,3475,3475,0,0.000,187.037,1289,42076054
"benchmark-example:english-extra-8-cpu","bd/english.100MB",8,1000000,3475,3475,0,0.000,187.037,1290,42168528
"benchmark-example:english-extra-8-cpu","bd/english.100MB",8,1000000,3475,3475,0,0.000,187.037,1291,42353558
"benchmark-example:english-extra-8-cpu","bd/english.100MB",8,1000000,3475,3475,0,0.000,187.037,1292,42353659
"benchmark-example:english-extra-8-cpu","bd/english.100MB",8,1000000,3475,3475,0,0.000,187.037,1293,42356102
"benchmark-example:english-extra-8-cpu","bd/english.100MB",8,1000000,3475,3475,0,0.000,187.037,1294,42521903
"benchmark-example:english-extra-8-cpu","bd/english.100MB",8,1000000,3475,3475,0,0.000,187.037,1295,42549228
"benchmark-example:english-extra-8-cpu","bd/english.100MB",8,1000000,3475,3475,0,0.000,187.037,1296,42608733
"benchmark-example:english-extra-8-cpu","bd/english.100MB",8,1000000,3475,3475,0,0.000,187.037,1297,42609006
"benchmark-example:english-extra-8-cpu","bd/english.100MB",8,1000000,3475,3475,0,0.000,187.037,1298,42610591
"benchmark-example:english-extra-8-cpu","bd/english.100MB",8,1000000,3475,3475,0,0.000,187.037,1299,42653323
"benchmark-example:english-extra-8-cpu","bd/english.100MB",8,1000000,3475,3475,0,0.000,187.037,1300,42676512
"benchmark-example:english-extra-8-cpu","bd/english.100MB",8,1000000,3475,3475,0,0.000,187.037,1301,42686900
"benchmark-example:english-extra-8-cpu","bd/english.100MB",8,1000000,3475,3475,0,0.000,187.037,1302,42693992
"benchmark-example:english-extra-8-cpu","bd/english.100MB",8,1000000,3475,3475,0,0.000,187.037,1303,42704389
"benchmark-example:english-extra-8-cpu","bd/english.100MB",8,1000000,3475,3475,0,0.000,187.037,1304,42723009
"benchmark-example:english-extra-8-cpu","bd/english.100MB",8,1000000,3475,3475,0,0.000,187.037,1305,42727375
"benchmark-example:english-extra-8-cpu","bd/english.100MB",8,1000000,3475,3475,0,0.000,187.037,1306,42735020
"benchmark-example:english-extra-8-cpu","bd/english.100MB",8,1000000,3475,3475,0,0.000,187.037,1307,42736945
"benchmark-example:english-extra-8-cpu","bd/english.100MB",8,1000000,3475,3475,0,0.000,187.037,1308,42749422
"benchmark-example:english-extra-8-cpu","bd/english.100MB",8,1000000,3475,3475,0,0.000,187.037,1309,42751572
"benchmark-example:english-extra-8-cpu","bd/english.100MB",8,1000000,3475,3475,0,0.000,187.037,1310,42765101
"benchmark-example:english-extra-8-cpu","bd/english.100MB",8,1000000,3475,3475,0,0.000,187.037,1311,42796446
"benchmark-example:english-extra-8-cpu","bd/english.100MB",8,1000000,3475,3475,0,0.000,187.037,1312,42797839
"benchmark-example:english-extra-8-cpu","bd/english.100MB",8,1000000,3475,3475,0,0.000,187.037,1313,42798396
"benchmark-example:english-extra-8-cpu","bd/english.100MB",8,1000000,3475,3475,0,0.000,187.037,1314,42828615
"benchmark-example:english-extra-8-cpu","bd/english.100MB",8,1000000,3475,3475,0,0.000,187.037,1315,42885887
"benchmark-example:english-extra-8-cpu","bd/english.100MB",8,1000000,3475,3475,0,0.000,187.037,1316,42919435
"benchmark-example:english-extra-8-cpu","bd/english.100MB",8,1000000,3475,3475,0,0.000,187.037,1317,42946675
"benchmark-example:english-extra-8-cpu","bd/english.100MB",8,1000000,3475,3475,0,0.000,187.037,1318,42998288
"benchmark-example:english-extra-8-cpu","bd/english.100MB",8,1000000,3475,3475,0,0.000,187.037,1319,43029254
"benchmark-example:english-extra-8-cpu","bd/english.100MB",8,1000000,3475,3475,0,0.000,187.037,1320,43057684
"benchmark-example:english-extra-8-cpu","bd/english.100MB",8,1000000,3475,3475,0,0.000,187.037,1321,43142667
"benchmark-example:english-extra-8-cpu","bd/english.100MB",8,1000000,3475,3475,0,0.000,187.037,1322,43192558
"benchmark-example:english-extra-8-cpu","bd/english.100MB",8,1000000,3475,3475,0,0.000,187.037,1323,43230127
"benchmark-example:english-extra-8-cpu","bd/english.100MB",8,1000000,3475,3475,0,0.000,187.037,1324,43312338
"benchmark-example:english-extra-8-cpu","bd/english.100MB",8,1000000,3475,3475,0,0.000,187.037,1325,43360806
"benchmark-example:english-extra-8-cpu","bd/english.100MB",8,1000000,3475,3475,0,0.000,187.037,1326,43405854
"benchmark-example:english-extra-8-cpu","bd/english.100MB",8,1000000,3475,3475,0,0.000,187.037,1327,43447639
"benchmark-example:english-extra-8-cpu","bd/english.100MB",8,1000000,3475,3475,0,0.000,187.037,1328,43655145
"benchmark-example:english-extra-8-cpu","bd/english.100MB",8,1000000,3475,3475,0,0.000,187.037,1329,43684769
"benchmark-example:english-extra-8-cpu","bd/english.100MB",8,1000000,3475,3475,0,0.000,187.037,1330,43704260
"benchmark-example:english-extra-8-cpu","bd/english.100MB",8,1000000,3475,3475,0,0.000,187.037,1331,43731784
"benchmark-example:english-extra-8-cpu","bd/english.100MB",8,1000000,3475,3475,0,0.000,187.037,1332,43741325
"benchmark-example:english-extra-8-cpu","bd/english.100MB",8,1000000,3475,3475,0,0.000,187.037,1333,43794713
"benchmark-example:english-extra-8-cpu","bd/english.100MB",8,1000000,3475,3475,0,0.000,187.037,1334,43944558
"benchmark-example:english-extra-8-cpu","bd/english.100MB",8,1000000,3475,3475,0,0.000,187.037,1335,43956007
"benchmark-example:english-extra-8-cpu","bd/english.100MB",8,1000000,3475,3475,0,0.000,187.037,1336,43964757
"benchmark-example:english-extra-8-cpu","bd/english.100MB",8,1000000,3475,3475,0,0.000,187.037,1337,44035356
"benchmark-example:english-extra-8-cpu","bd/english.100MB",8,1000000,3475,3475,0,0.000,187.037,1338,44064010
"benchmark-example:english-extra-8-cpu","bd/english.100MB",8,1000000,3475,3475,0,0.000,187.037,1339,44081453
"benchmark-example:english-extra-8-cpu","bd/english.100MB",8,1000000,3475,3475,0,0.000,187.037,1340,44163238
"benchmark-example:english-extra-8-cpu","bd/english.100MB",8,1000000,3475,3475,0,0.000,187.037,1341,44174228
"benchmark-example:english-extra-8-cpu","bd/english.100MB",8,1000000,3475,3475,0,0.000,187.037,1342,44174579
"benchmark-example:english-extra-8-cpu","bd/english.100MB",8,1000000,3475,3475,0,0.000,187.037,1343,44190192
"benchmark-example:english-extra-8-cpu","bd/english.100MB",8,1000000,3475,3475,0,0.000,187.037,1344,44190653
"benchmark-example:english-extra-8-cpu","bd/english.100MB",8,1000000,3475,3475,0,0.000,187.037,1345,44222241
"benchmark-example:english-extra-8-cpu","bd/english.100MB",8,1000000,3475,3475,0,0.000,187.037,1346,44302046
"benchmark-example:english-extra-8-cpu","bd/english.100MB",8,1000000,3475,3475,0,0.000,187.037,1347,44334395
"benchmark-example:english-extra-8-cpu","bd/english.100MB",8,1000000,3475,3475,0,0.000,187.037,1348,44363253
"benchmark-example:english-extra-8-cpu","bd/english.100MB",8,1000000,3475,3475,0,0.000,187.037,1349,44382049
"benchmark-example:english-extra-8-cpu","bd/english.100MB",8,1000000,3475,3475,0,0.000,187.037,1350,44426378
"benchmark-example:english-extra-8-cpu","bd/english.100MB",8,1000000,3475,3475,0,0.000,187.037,1351,44430819
"benchmark-example:english-extra-8-cpu","bd/english.100MB",8,1000000,3475,3475,0,0.000,187.037,1352,44431753
"benchmark-example:english-extra-8-cpu","bd/english.100MB",8,1000000,3475,3475,0,0.000,187.037,1353,44446594
"benchmark-example:english-extra-8-cpu","bd/english.100MB",8,1000000,3475,3475,0,0.000,187.037,1354,44450059
"benchmark-example:english-extra-8-cpu","bd/english.100MB",8,1000000,3475,3475,0,0.000,187.037,1355,44535214
"benchmark-example:english-extra-8-cpu","bd/english.100MB",8,1000000,3475,3475,0,0.000,187.037,1356,44588008
"benchmark-example:english-extra-8-cpu","bd/english.100MB",8,1000000,3475,3475,0,0.000,187.037,1357,44604956
"benchmark-example:english-extra-8-cpu","bd/english.100MB",8,1000000,3475,3475,0,0.000,187.037,1358,44621096
"benchmark-example:english-extra-8-cpu","bd/english.100MB",8,1000000,3475,3475,0,0.000,187.037,1359,44633538
"benchmark-example:english-extra-8-cpu","bd/english.100MB",8,1000000,3475,3475,0,0.000,187.037,1360,44693752
"benchmark-example:english-extra-8-cpu","bd/english.100MB",8,1000000,3475,3475,0,0.000,187.037,1361,44724666
"benchmark-example:english-extra-8-cpu","bd/english.100MB",8,1000000,3475,3475,0,0.000,187.037,1362,44758119
"benchmark-example:english-extra-8-cpu","bd/english.100MB",8,1000000,3475,3475,0,0.000,187.037,1363,44789504
"benchmark-example:english-extra-8-cpu","bd/english.100MB",8,1000000,3475,3475,0,0.000,187.037,1364,44824997
"benchmark-example:english-extra-8-cpu","bd/english.100MB",8,1000000,3475,3475,0,0.000,187.037,1365,44825351
"benchmark-example:english-extra-8-cpu","bd/english.100MB",8,1000000,3475,3475,0,0.000,187.037,1366,44847639
"benchmark-example:english-extra-8-cpu","bd/english.100MB",8,1000000,3475,3475,0,0.000,187.037,1367,44905312
"benchmark-example:english-extra-8-cpu","bd/english.100MB",8,1000000,3475,3475,0,0.000,187.037,1368,44939390
"benchmark-example:english-extra-8-cpu","bd/english.100MB",8,1000000,3475,3475,0,0.000,187.037,1369,44951678
"benchmark-example:english-extra-8-cpu","bd/english.100MB",8,1000000,3475,3475,0,0.000,187.037,1370,45075571
"benchmark-example:english-extra-8-cpu","bd/english.100MB",8,1000000,3475,3475,0,0.000,187.037,1371,45087170
"benchmark-example:english-extra-8-cpu","bd/english.100MB",8,1000000,3475,3475,0,0.000,187.037,1372,45092288
"benchmark-example:english-extra-8-cpu","bd/english.100MB",8,1000000,3475,3475,0,0.000,187.037,1373,45137258
"benchmark-example:english-extra-8-cpu","bd/english.100MB",8,1000000,3475,3475,0,0.000,187.037,1374,45151801
"benchmark-example:english-extra-8-cpu","bd/english.100MB",8,1000000,3475,3475,0,0.000,187.037,1375,45160594
"benchmark-example:english-extra-8-cpu","bd/english.100MB",8,1000000,3475,3475,0,0.000,187.037,1376,45165254
"benchmark-example:english-extra-8-cpu","bd/english.100MB",8,1000000,3475,3475,0,0.000,187.037,1377,45226639
"benchmark-example:english-extra-8-cpu","bd/english.100MB",8,1000000,3475,3475,0,0.000,187.037,1378,45229871
"benchmark-example:english-extra-8-cpu","bd/english.100MB",8,1000000,3475,3475,0,0.000,187.037,1379,45251394
"benchmark-example:english-extra-8-cpu","bd/english.100MB",8,1000000,3475,3475,0,0.000,187.037,1380,45321657
"benchmark-example:english-extra-8-cpu","bd/english.100MB",8,1000000,3475,3475,0,0.000,187.037,1381,45329089
"benchmark-example:english-extra-8-cpu","bd/english.100MB",8,1000000,3475,3475,0,0.000,187.037,1382,45336263
"benchmark-example:english-extra-8-cpu","bd/english.100MB",8,1000000,3475,3475,0,0.000,187.037,1383,45461226
"benchmark-example:english-extra-8-cpu","bd/english.100MB",8,1000000,3475,3475,0,0.000,187.037,1384,45471574
"benchmark-example:english-extra-8-cpu","bd/english.100MB",8,1000000,3475,3475,0,0.000,187.037,1385,45496027
"benchmark-example:english-extra-8-cpu","bd/english.100MB",8,1000000,3475,3475,0,0.000,187.037,1386,45542715
"benchmark-example:english-extra-8-cpu","bd/english.100MB",8,1000000,3475,3475,0,0.000,187.037,1387,45566868
"benchmark-example:english-extra-8-cpu","bd/english.100MB",8,1000000,3475,3475,0,0.000,187.037,1388,45658623
"benchmark-example:english-extra-8-cpu","bd/english.100MB",8,1000000,3475,3475,0,0.000,187.037,1389,45679751
"benchmark-example:english-extra-8-cpu","bd/english.100MB",8,1000000,3475,3475,0,0.000,187.037,1390,45687949
"benchmark-example:english-extra-8-cpu","bd/english.100MB",8,1000000,3475,3475,0,0.000,187.037,1391,45788995
"benchmark-example:english-extra-8-cpu","bd/english.100MB",8,1000000,3475,3475,0,0.000,187.037,1392,45839636
"benchmark-example:english-extra-8-cpu","bd/english.100MB",8,1000000,3475,3475,0,0.000,187.037,1393,45894668
"benchmark-example:english-extra-8-cpu","bd/english.100MB",8,1000000,3475,3475,0,0.000,187.037,1394,45956638
"benchmark-example:english-extra-8-cpu","bd/english.100MB",8,1000000,3475,3475,0,0.000,187.037,1395,46010584
"benchmark-example:english-extra-8-cpu","bd/english.100MB",8,1000000,3475,3475,0,0.000,187.037,1396,46053855
"benchmark-example:english-extra-8-cpu","bd/english.100MB",8,1000000,3475,3475,0,0.000,187.037,1397,46092667
"benchmark-example:english-extra-8-cpu","bd/english.100MB",8,1000000,3475,3475,0,0.000,187.037,1398,46248218
"benchmark-example:english-extra-8-cpu","bd/english.100MB",8,1000000,3475,3475,0,0.000,187.037,1399,46294955
"benchmark-example:english-extra-8-cpu","bd/english.100MB",8,1000000,3475,3475,0,0.000,187.037,1400,46350667
"benchmark-example:english-extra-8-cpu","bd/english.100MB",8,1000000,3475,3475,0,0.000,187.037,1401,46386981
"benchmark-example:english-extra-8-cpu","bd/english.100MB",8,1000000,3475,3475,0,0.000,187.037,1402,46390104
"benchmark-example:english-extra-8-cpu","bd/english.100MB",8,1000000,3475,3475,0,0.000,187.037,1403,46423767
"benchmark-example:english-extra-8-cpu","bd/english.100MB",8,1000000,3475,3475,0,0.000,187.037,1404,46432194
"benchmark-example:english-extra-8-cpu","bd/english.100MB",8,1000000,3475,3475,0,0.000,187.037,1405,46518136
"benchmark-example:english-extra-8-cpu","bd/english.100MB",8,1000000,3475,3475,0,0.000,187.037,1406,46530647
"benchmark-example:english-extra-8-cpu","bd/english.100MB",8,1000000,3475,3475,0,0.000,187.037,1407,46564023
"benchmark-example:english-extra-8-cpu","bd/english.100MB",8,1000000,3475,3475,0,0.000,187.037,1408,46658113
"benchmark-example:english-extra-8-cpu","bd/english.100MB",8,1000000,3475,3475,0,0.000,187.037,1409,46658934
"benchmark-example:english-extra-8-cpu","bd/english.100MB",8,1000000,3475,3475,0,0.000,187.037,1410,46716542
"benchmark-example:english-extra-8-cpu","bd/english.100MB",8,1000000,3475,3475,0,0.000,187.037,1411,46719728
"benchmark-example:english-extra-8-cpu","bd/english.100MB",8,1000000,3475,3475,0,0.000,187.037,1412,46810539
"benchmark-example:english-extra-8-cpu","bd/english.100MB",8,1000000,3475,3475,0,0.000,187.037,1413,46851374
"benchmark-example:english-extra-8-cpu","bd/english.100MB",8,1000000,3475,3475,0,0.000,187.037,1414,46860489
"benchmark-example:english-extra-8-cpu","bd/english.100MB",8,1000000,3475,3475,0,0.000,187.037,1415,46871155
"benchmark-example:english-extra-8-cpu","bd/english.100MB",8,1000000,3475,3475,0,0.000,187.037,1416,46873619
"benchmark-example:english-extra-8-cpu","bd/english.100MB",8,1000000,3475,3475,0,0.000,187.037,1417,46889939
"benchmark-example:english-extra-8-cpu","bd/english.100MB",8,1000000,3475,3475,0,0.000,187.037,1418,46953760
"benchmark-example:english-extra-8-cpu","bd/english.100MB",8,1000000,3475,3475,0,0.000,187.037,1419,46971092
"benchmark-example:english-extra-8-cpu","bd/english.100MB",8,1000000,3475,3475,0,0.000,187.037,1420,46972566
"benchmark-example:english-extra-8-cpu","bd/english.100MB",8,1000000,3475,3475,0,0.000,187.037,1421,46973146
"benchmark-example:english-extra-8-cpu","bd/english.100MB",8,1000000,3475,3475,0,0.000,187.037,1422,46987896
"benchmark-example:english-extra-8-cpu","bd/english.100MB",8,1000000,3475,3475,0,0.000,187.037,1423,46993006
"benchmark-example:english-extra-8-cpu","bd/english.100MB",8,1000000,3475,3475,0,0.000,187.037,1424,46996839
"benchmark-example:english-extra-8-cpu","bd/english.100MB",8,1000000,3475,3475,0,0.000,187.037,1425,46998929
"benchmark-example:english-extra-8-cpu","bd/english.100MB",8,1000000,3475,3475,0,0.000,187.037,1426,47001420
"benchmark-example:english-extra-8-cpu","bd/english.100MB",8,1000000,3475,3475,0,0.000,187.037,1427,47031138
"benchmark-example:english-extra-8-cpu","bd/english.100MB",8,1000000,3475,3475,0,0.000,187.037,1428,47090176
"benchmark-example:english-extra-8-cpu","bd/english.100MB",8,1000000,3475,3475,0,0.000,187.037,1429,47156902
"benchmark-example:english-extra-8-cpu","bd/english.100MB",8,1000000,3475,3475,0,0.000,187.037,1430,47202455
"benchmark-example:english-extra-8-cpu","bd/english.100MB",8,1000000,3475,3475,0,0.000,187.037,1431,47248004
"benchmark-example:english-extra-8-cpu","bd/english.100MB",8,1000000,3475,3475,0,0.000,187.037,1432,47359091
"benchmark-example:english-extra-8-cpu","bd/english.100MB",8,1000000,3475,3475,0,0.000,187.037,1433,47397787
"benchmark-example:english-extra-8-cpu","bd/english.100MB",8,1000000,3475,3475,0,0.000,187.037,1434,47418913
"benchmark-example:english-extra-8-cpu","bd/english.100MB",8,1000000,3475,3475,0,0.000,187.037,1435,47482393
"benchmark-example:english-extra-8-cpu","bd/english.100MB",8,1000000,3475,3475,0,0.000,187.037,1436,47501068
"benchmark-example:english-extra-8-cpu","bd/english.100MB",8,1000000,3475,3475,0,0.000,187.037,1437,47530364
"benchmark-example:english-extra-8-cpu","bd/english.100MB",8,1000000,3475,3475,0,0.000,187.037,1438,47545221
"benchmark-example:english-extra-8-cpu","bd/english.100MB",8,1000000,3475,3475,0,0.000,187.037,1439,47600864
"benchmark-example:english-extra-8-cpu","bd/english.100MB",8,1000000,3475,3475,0,0.000,187.037,1440,47633792
"benchmark-example:english-extra-8-cpu","bd/english.100MB",8,1000000,3475,3475,0,0.000,187.037,1441,47636929
"benchmark-example:english-extra-8-cpu","bd/english.100MB",8,1000000,3475,3475,0,0.000,187.037,1442,47672609
"benchmark-example:english-extra-8-cpu","bd/english.100MB",8,1000000,3475,3475,0,0.000,187.037,1443,47681045
"benchmark-example:english-extra-8-cpu","bd/english.100MB",8,1000000,3475,3475,0,0.000,187.037,1444,47714711
"benchmark-example:english-extra-8-cpu","bd/english.100MB",8,1000000,3475,3475,0,0.000,187.037,1445,47768914
"benchmark-example:english-extra-8-cpu","bd/english.100MB",8,1000000,3475,3475,0,0.000,187.037,1446,47781500
"benchmark-example:english-extra-8-cpu","bd/english.100MB",8,1000000,3475,3475,0,0.000,187.037,1447,47814979
"benchmark-example:english-extra-8-cpu","bd/english.100MB",8,1000000,3475,3475,0,0.000,187.037,1448,47913751
"benchmark-example:english-extra-8-cpu","bd/english.100MB",8,1000000,3475,3475,0,0.000,187.037,1449,47914573
"benchmark-example:english-extra-8-cpu","bd/english.100MB",8,1000000,3475,3475,0,0.000,187.037,1450,47972202
"benchmark-example:english-extra-8-cpu","bd/english.100MB",8,1000000,3475,3475,0,0.000,187.037,1451,47975387
"benchmark-example:english-extra-8-cpu","bd/english.100MB",8,1000000,3475,3475,0,0.000,187.037,1452,48088817
"benchmark-example:english-extra-8-cpu","bd/english.100MB",8,1000000,3475,3475,0,0.000,187.037,1453,48127851
"benchmark-example:english-extra-8-cpu","bd/english.100MB",8,1000000,3475,3475,0,0.000,187.037,1454,48137005
"benchmark-example:english-extra-8-cpu","bd/english.100MB",8,1000000,3475,3475,0,0.000,187.037,1455,48147712
"benchmark-example:english-extra-8-cpu","bd/english.100MB",8,1000000,3475,3475,0,0.000,187.037,1456,48166564
"benchmark-example:english-extra-8-cpu","bd/english.100MB",8,1000000,3475,3475,0,0.000,187.037,1457,48228962
"benchmark-example:english-extra-8-cpu","bd/english.100MB",8,1000000,3475,3475,0,0.000,187.037,1458,48246361
"benchmark-example:english-extra-8-cpu","bd/english.100MB",8,1000000,3475,3475,0,0.000,187.037,1459,48247832
"benchmark-example:english-extra-8-cpu","bd/english.100MB",8,1000000,3475,3475,0,0.000,187.037,1460,48248411
"benchmark-example:english-extra-8-cpu","bd/english.100MB",8,1000000,3475,3475,0,0.000,187.037,1461,48263332
"benchmark-example:english-extra-8-cpu","bd/english.100MB",8,1000000,3475,3475,0,0.000,187.037,1462,48268459
"benchmark-example:english-extra-8-cpu","bd/english.100MB",8,1000000,3475,3475,0,0.000,187.037,1463,48272315
"benchmark-example:english-extra-8-cpu","bd/english.100MB",8,1000000,3475,3475,0,0.000,187.037,1464,48274426
"benchmark-example:english-extra-8-cpu","bd/english.100MB",8,1000000,3475,3475,0,0.000,187.037,1465,48276930
"benchmark-example:english-extra-8-cpu","bd/english.100MB",8,1000000,3475,3475,0,0.000,187.037,1466,48306871
"benchmark-example:english-extra-8-cpu","bd/english.100MB",8,1000000,3475,3475,0,0.000,187.037,1467,48368784
"benchmark-example:english-extra-8-cpu","bd/english.100MB",8,1000000,3475,3475,0,0.000,187.037,1468,48435555
"benchmark-example:english-extra-8-cpu","bd/english.100MB",8,1000000,3475,3475,0,0.000,187.037,1469,48458609
"benchmark-example:english-extra-8-cpu","bd/english.100MB",8,1000000,3475,3475,0,0.000,187.037,1470,48544680
"benchmark-example:english-extra-8-cpu","bd/english.100MB",8,1000000,3475,3475,0,0.000,187.037,1471,48583464
"benchmark-example:english-extra-8-cpu","bd/english.100MB",8,1000000,3475,3475,0,0.000,187.037,1472,48604690
"benchmark-example:english-extra-8-cpu","bd/english.100MB",8,1000000,3475,3475,0,0.000,187.037,1473,48668345
"benchmark-example:english-extra-8-cpu","bd/english.100MB",8,1000000,3475,3475,0,0.000,187.037,1474,48687083
"benchmark-example:english-extra-8-cpu","bd/english.100MB",8,1000000,3475,3475,0,0.000,187.037,1475,48716525
"benchmark-example:english-extra-8-cpu","bd/english.100MB",8,1000000,3475,3475,0,0.000,187.037,1476,48731465
"benchmark-example:english-extra-8-cpu","bd/english.100MB",8,1000000,3475,3475,0,0.000,187.037,1477,48787025
"benchmark-example:english-extra-8-cpu","bd/english.100MB",8,1000000,3475,3475,0,0.000,187.037,1478,48819925
"benchmark-example:english-extra-8-cpu","bd/english.100MB",8,1000000,3475,3475,0,0.000,187.037,1479,48823057
"benchmark-example:english-extra-8-cpu","bd/english.100MB",8,1000000,3475,3475,0,0.000,187.037,1480,48858720
"benchmark-example:english-extra-8-cpu","bd/english.100MB",8,1000000,3475,3475,0,0.000,187.037,1481,48867154
"benchmark-example:english-extra-8-cpu","bd/english.100MB",8,1000000,3475,3475,0,0.000,187.037,1482,48900829
"benchmark-example:english-extra-8-cpu","bd/english.100MB",8,1000000,3475,3475,0,0.000,187.037,1483,48955078
"benchmark-example:english-extra-8-cpu","bd/english.100MB",8,1000000,3475,3475,0,0.000,187.037,1484,48967663
"benchmark-example:english-extra-8-cpu","bd/english.100MB",8,1000000,3475,3475,0,0.000,187.037,1485,49001156
"benchmark-example:english-extra-8-cpu","bd/english.100MB",8,1000000,3475,3475,0,0.000,187.037,1486,49100006
"benchmark-example:english-extra-8-cpu","bd/english.100MB",8,1000000,3475,3475,0,0.000,187.037,1487,49100828
"benchmark-example:english-extra-8-cpu","bd/english.100MB",8,1000000,3475,3475,0,0.000,187.037,1488,49158483
"benchmark-example:english-extra-8-cpu","bd/english.100MB",8,1000000,3475,3475,0,0.000,187.037,1489,49161668
"benchmark-example:english-extra-8-cpu","bd/english.100MB",8,1000000,3475,3475,0,0.000,187.037,1490,49275200
"benchmark-example:english-extra-8-cpu","bd/english.100MB",8,1000000,3475,3475,0,0.000,187.037,1491,49314253
"benchmark-example:english-extra-8-cpu","bd/english.100MB",8,1000000,3475,3475,0,0.000,187.037,1492,49323407
"benchmark-example:english-extra-8-cpu","bd/english.100MB",8,1000000,3475,3475,0,0.000,187.037,1493,49334114
"benchmark-example:english-extra-8-cpu","bd/english.100MB",8,1000000,3475,3475,0,0.000,187.037,1494,49352986
"benchmark-example:english-extra-8-cpu","bd/english.100MB",8,1000000,3475,3475,0,0.000,187.037,1495,49415447
"benchmark-example:english-extra-8-cpu","bd/english.100MB",8,1000000,3475,3475,0,0.000,187.037,1496,49432839
"benchmark-example:english-extra-8-cpu","bd/english.100MB",8,1000000,3475,3475,0,0.000,187.037,1497,49434310
"benchmark-example:english-extra-8-cpu","bd/english.100MB",8,1000000,3475,3475,0,0.000,187.037,1498,49434889
"benchmark-example:english-extra-8-cpu","bd/english.100MB",8,1000000,3475,3475,0,0.000,187.037,1499,49449836
"benchmark-example:english-extra-8-cpu","bd/english.100MB",8,1000000,3475,3475,0,0.000,187.037,1500,49454963
"benchmark-example:english-extra-8-cpu","bd/english.100MB",8,1000000,3475,3475,0,0.000,187.037,1501,49458819
"benchmark-example:english-extra-8-cpu","bd/english.100MB",8,1000000,3475,3475,0,0.000,187.037,1502,49460930
"benchmark-example:english-extra-8-cpu","bd/english.100MB",8,1000000,3475,3475,0,0.000,187.037,1503,49463434
"benchmark-example:english-extra-8-cpu","bd/english.100MB",8,1000000,3475,3475,0,0.000,187.037,1504,49493394
"benchmark-example:english-extra-8-cpu","bd/english.100MB",8,1000000,3475,3475,0,0.000,187.037,1505,49555304
"benchmark-example:english-extra-8-cpu","bd/english.100MB",8,1000000,3475,3475,0,0.000,187.037,1506,49622112
"benchmark-example:english-extra-8-cpu","bd/english.100MB",8,1000000,3475,3475,0,0.000,187.037,1507,49645188
"benchmark-example:english-extra-8-cpu","bd/english.100MB",8,1000000,3475,3475,0,0.000,187.037,1508,49731262
"benchmark-example:english-extra-8-cpu","bd/english.100MB",8,1000000,3475,3475,0,0.000,187.037,1509,49770090
"benchmark-example:english-extra-8-cpu","bd/english.100MB",8,1000000,3475,3475,0,0.000,187.037,1510,49791315
"benchmark-example:english-extra-8-cpu","bd/english.100MB",8,1000000,3475,3475,0,0.000,187.037,1511,49855026
"benchmark-example:english-extra-8-cpu","bd/english.100MB",8,1000000,3475,3475,0,0.000,187.037,1512,49873788
"benchmark-example:english-extra-8-cpu","bd/english.100MB",8,1000000,3475,3475,0,0.000,187.037,1513,49903290
"benchmark-example:english-extra-8-cpu","bd/english.100MB",8,1000000,3475,3475,0,0.000,187.037,1514,49938325
"benchmark-example:english-extra-8-cpu","bd/english.100MB",8,1000000,3475,3475,0,0.000,187.037,1515,50016961
"benchmark-example:english-extra-8-cpu","bd/english.100MB",8,1000000,3475,3475,0,0.000,187.037,1516,50028811
"benchmark-example:english-extra-8-cpu","bd/english.100MB",8,1000000,3475,3475,0,0.000,187.037,1517,50029359
"benchmark-example:english-extra-8-cpu","bd/english.100MB",8,1000000,3475,3475,0,0.000,187.037,1518,50068289
"benchmark-example:english-extra-8-cpu","bd/english.100MB",8,1000000,3475,3475,0,0.000,187.037,1519,50134410
"benchmark-example:english-extra-8-cpu","bd/english.100MB",8,1000000,3475,3475,0,0.000,187.037,1520,50146305
"benchmark-example:english-extra-8-cpu","bd/english.100MB",8,1000000,3475,3475,0,0.000,187.037,1521,50156400
"benchmark-example:english-extra-8-cpu","bd/english.100MB",8,1000000,3475,3475,0,0.000,187.037,1522,50184830
"benchmark-example:english-extra-8-cpu","bd/english.100MB",8,1000000,3475,3475,0,0.000,187.037,1523,50194727
"benchmark-example:english-extra-8-cpu","bd/english.100MB",8,1000000,3475,3475,0,0.000,187.037,1524,50201678
"benchmark-example:english-extra-8-cpu","bd/english.100MB",8,1000000,3475,3475,0,0.000,187.037,1525,50237365
"benchmark-example:english-extra-8-cpu","bd/english.100MB",8,1000000,3475,3475,0,0.000,187.037,1526,50244992
"benchmark-example:english-extra-8-cpu","bd/english.100MB",8,1000000,3475,3475,0,0.000,187.037,1527,50249833
"benchmark-example:english-extra-8-cpu","bd/english.100MB",8,1000000,3475,3475,0,0.000,187.037,1528,50256192
"benchmark-example:english-extra-8-cpu","bd/english.100MB",8,1000000,3475,3475,0,0.000,187.037,1529,50279762
"benchmark-example:english-extra-8-cpu","bd/english.100MB",8,1000000,3475,3475,0,0.000,187.037,1530,50322435
"benchmark-example:english-extra-8-cpu","bd/english.100MB",8,1000000,3475,3475,0,0.000,187.037,1531,50353357
"benchmark-example:english-extra-8-cpu","bd/english.100MB",8,1000000,3475,3475,0,0.000,187.037,1532,50360903
"benchmark-example:english-extra-8-cpu","bd/english.100MB",8,1000000,3475,3475,0,0.000,187.037,1533,50365583
"benchmark-example:english-extra-8-cpu","bd/english.100MB",8,1000000,3475,3475,0,0.000,187.037,1534,50366246
"benchmark-example:english-extra-8-cpu","bd/english.100MB",8,1000000,3475,3475,0,0.000,187.037,1535,50506185
"benchmark-example:english-extra-8-cpu","bd/english.100MB",8,1000000,3475,3475,0,0.000,187.037,1536,50561396
"benchmark-example:english-extra-8-cpu","bd/english.100MB",8,1000000,3475,3475,0,0.000,187.037,1537,50567549
"benchmark-example:english-extra-8-cpu","bd/english.100MB",8,1000000,3475,3475,0,0.000,187.037,1538,50576249
"benchmark-example:english-extra-8-cpu","bd/english.100MB",8,1000000,3475,3475,0,0.000,187.037,1539,50650238
"benchmark-example:english-extra-8-cpu","bd/english.100MB",8,1000000,3475,3475,0,0.000,187.037,1540,50705659
"benchmark-example:english-extra-8-cpu","bd/english.100MB",8,1000000,3475,3475,0,0.000,187.037,1541,50744506
"benchmark-example:english-extra-8-cpu","bd/english.100MB",8,1000000,3475,3475,0,0.000,187.037,1542,50812480
"benchmark-example:english-extra-8-cpu","bd/english.100MB",8,1000000,3475,3475,0,0.000,187.037,1543,50869893
"benchmark-example:english-extra-8-cpu","bd/english.100MB",8,1000000,3475,3475,0,0.000,187.037,1544,51135709
"benchmark-example:english-extra-8-cpu","bd/english.100MB",8,1000000,3475,3475,0,0.000,187.037,1545,51185221
"benchmark-example:english-extra-8-cpu","bd/english.100MB",8,1000000,3475,3475,0,0.000,187.037,1546,51186627
"benchmark-example:english-extra-8-cpu","bd/english.100MB",8,1000000,3475,3475,0,0.000,187.037,1547,51186700
"benchmark-example:english-extra-8-cpu","bd/english.100MB",8,1000000,3475,3475,0,0.000,187.037,1548,51224906
"benchmark-example:english-extra-8-cpu","bd/english.100MB",8,1000000,3475,3475,0,0.000,187.037,1549,51244332
"benchmark-example:english-extra-8-cpu","bd/english.100MB",8,1000000,3475,3475,0,0.000,187.037,1550,51264169
"benchmark-example:english-extra-8-cpu","bd/english.100MB",8,1000000,3475,3475,0,0.000,187.037,1551,51284106
"benchmark-example:english-extra-8-cpu","bd/english.100MB",8,1000000,3475,3475,0,0.000,187.037,1552,51471226
"benchmark-example:english-extra-8-cpu","bd/english.100MB",8,1000000,3475,3475,0,0.000,187.037,1553,51557673
"benchmark-example:english-extra-8-cpu","bd/english.100MB",8,1000000,3475,3475,0,0.000,187.037,1554,51610894
"benchmark-example:english-extra-8-cpu","bd/english.100MB",8,1000000,3475,3475,0,0.000,187.037,1555,51645110
"benchmark-example:english-extra-8-cpu","bd/english.100MB",8,1000000,3475,3475,0,0.000,187.037,1556,51737074
"benchmark-example:english-extra-8-cpu","bd/english.100MB",8,1000000,3475,3475,0,0.000,187.037,1557,51745727
"benchmark-example:english-extra-8-cpu","bd/english.100MB",8,1000000,3475,3475,0,0.000,187.037,1558,51748773
"benchmark-example:english-extra-8-cpu","bd/english.100MB",8,1000000,3475,3475,0,0.000,187.037,1559,51894847
"benchmark-example:english-extra-8-cpu","bd/english.100MB",8,1000000,3475,3475,0,0.000,187.037,1560,51944359
"benchmark-example:english-extra-8-cpu","bd/english.100MB",8,1000000,3475,3475,0,0.000,187.037,1561,51945765
"benchmark-example:english-extra-8-cpu","bd/english.100MB",8,1000000,3475,3475,0,0.000,187.037,1562,51945838
"benchmark-example:english-extra-8-cpu","bd/english.100MB",8,1000000,3475,3475,0,0.000,187.037,1563,51984044
"benchmark-example:english-extra-8-cpu","bd/english.100MB",8,1000000,3475,3475,0,0.000,187.037,1564,52003470
"benchmark-example:english-extra-8-cpu","bd/english.100MB",8,1000000,3475,3475,0,0.000,187.037,1565,52023306
"benchmark-example:english-extra-8-cpu","bd/english.100MB",8,1000000,3475,3475,0,0.000,187.037,1566,52043243
"benchmark-example:english-extra-8-cpu","bd/english.100MB",8,1000000,3475,3475,0,0.000,187.037,1567,52230362
"benchmark-example:english-extra-8-cpu","bd/english.100MB",8,1000000,3475,3475,0,0.000,187.037,1568,52316809
"benchmark-example:english-extra-8-cpu","bd/english.100MB",8,1000000,3475,3475,0,0.000,187.037,1569,52370030
"benchmark-example:english-extra-8-cpu","bd/english.100MB",8,1000000,3475,3475,0,0.000,187.037,1570,52404240
"benchmark-example:english-extra-8-cpu","bd/english.100MB",8,1000000,3475,3475,0,0.000,187.037,1571,52496197
"benchmark-example:english-extra-8-cpu","bd/english.100MB",8,1000000,3475,3475,0,0.000,187.037,1572,52504850
"benchmark-example:english-extra-8-cpu","bd/english.100MB",8,1000000,3475,3475,0,0.000,187.037,1573,52507896
"benchmark-example:english-extra-8-cpu","bd/english.100MB",8,1000000,3475,3475,0,0.000,187.037,1574,52630489
"benchmark-example:english-extra-8-cpu","bd/english.100MB",8,1000000,3475,3475,0,0.000,187.037,1575,52660094
"benchmark-example:english-extra-8-cpu","bd/english.100MB",8,1000000,3475,3475,0,0.000,187.037,1576,52707126
"benchmark-example:english-extra-8-cpu","bd/english.100MB",8,1000000,3475,3475,0,0.000,187.037,1577,52752236
"benchmark-example:english-extra-8-cpu","bd/english.100MB",8,1000000,3475,3475,0,0.000,187.037,1578,52756041
"benchmark-example:english-extra-8-cpu","bd/english.100MB",8,1000000,3475,3475,0,0.000,187.037,1579,52763635
"benchmark-example:english-extra-8-cpu","bd/english.100MB",8,1000000,3475,3475,0,0.000,187.037,1580,52766412
"benchmark-example:english-extra-8-cpu","bd/english.100MB",8,1000000,3475,3475,0,0.000,187.037,1581,52905087
"benchmark-example:english-extra-8-cpu","bd/english.100MB",8,1000000,3475,3475,0,0.000,187.037,1582,52934689
"benchmark-example:english-extra-8-cpu","bd/english.100MB",8,1000000,3475,3475,0,0.000,187.037,1583,52981707
"benchmark-example:english-extra-8-cpu","bd/english.100MB",8,1000000,3475,3475,0,0.000,187.037,1584,53026712
"benchmark-example:english-extra-8-cpu","bd/english.100MB",8,1000000,3475,3475,0,0.000,187.037,1585,53030517
"benchmark-example:english-extra-8-cpu","bd/english.100MB",8,1000000,3475,3475,0,0.000,187.037,1586,53038109
"benchmark-example:english-extra-8-cpu","bd/english.100MB",8,1000000,3475,3475,0,0.000,187.037,1587,53040886
"benchmark-example:english-extra-8-cpu","bd/english.100MB",8,1000000,3475,3475,0,0.000,187.037,1588,53095440
"benchmark-example:english-extra-8-cpu","bd/english.100MB",8,1000000,3475,3475,0,0.000,187.037,1589,53199380
"benchmark-example:english-extra-8-cpu","bd/english.100MB",8,1000000,3475,3475,0,0.000,187.037,1590,53199480
"benchmark-example:english-extra-8-cpu","bd/english.100MB",8,1000000,3475,3475,0,0.000,187.037,1591,53247020
"benchmark-example:english-extra-8-cpu","bd/english.100MB",8,1000000,3475,3475,0,0.000,187.037,1592,53254735
"benchmark-example:english-extra-8-cpu","bd/english.100MB",8,1000000,3475,3475,0,0.000,187.037,1593,53273647
"benchmark-example:english-extra-8-cpu","bd/english.100MB",8,1000000,3475,3475,0,0.000,187.037,1594,53334289
"benchmark-example:english-extra-8-cpu","bd/english.100MB",8,1000000,3475,3475,0,0.000,187.037,1595,53377039
"benchmark-example:english-extra-8-cpu","bd/english.100MB",8,1000000,3475,3475,0,0.000,187.037,1596,53381635
"benchmark-example:english-extra-8-cpu","bd/english.100MB",8,1000000,3475,3475,0,0.000,187.037,1597,53408770
"benchmark-example:english-extra-8-cpu","bd/english.100MB",8,1000000,3475,3475,0,0.000,187.037,1598,53433809
"benchmark-example:english-extra-8-cpu","bd/english.100MB",8,1000000,3475,3475,0,0.000,187.037,1599,53447430
"benchmark-example:english-extra-8-cpu","bd/english.100MB",8,1000000,3475,3475,0,0.000,187.037,1600,53448360
"benchmark-example:english-extra-8-cpu","bd/english.100MB",8,1000000,3475,3475,0,0.000,187.037,1601,53467687
"benchmark-example:english-extra-8-cpu","bd/english.100MB",8,1000000,3475,3475,0,0.000,187.037,1602,53561504
"benchmark-example:english-extra-8-cpu","bd/english.100MB",8,1000000,3475,3475,0,0.000,187.037,1603,53573845
"benchmark-example:english-extra-8-cpu","bd/english.100MB",8,1000000,3475,3475,0,0.000,187.037,1604,53577224
"benchmark-example:english-extra-8-cpu","bd/english.100MB",8,1000000,3475,3475,0,0.000,187.037,1605,53735987
"benchmark-example:english-extra-8-cpu","bd/english.100MB",8,1000000,3475,3475,0,0.000,187.037,1606,53821420
"benchmark-example:english-extra-8-cpu","bd/english.100MB",8,1000000,3475,3475,0,0.000,187.037,1607,53842055
"benchmark-example:english-extra-8-cpu","bd/english.100MB",8,1000000,3475,3475,0,0.000,187.037,1608,53941784
"benchmark-example:english-extra-8-cpu","bd/english.100MB",8,1000000,3475,3475,0,0.000,187.037,1609,54029456
"benchmark-example:english-extra-8-cpu","bd/english.100MB",8,1000000,3475,3475,0,0.000,187.037,1610,54037785
"benchmark-example:english-extra-8-cpu","bd/english.100MB",8,1000000,3475,3475,0,0.000,187.037,1611,54074300
"benchmark-example:english-extra-8-cpu","bd/english.100MB",8,1000000,3475,3475,0,0.000,187.037,1612,54075274
"benchmark-example:english-extra-8-cpu","bd/english.100MB",8,1000000,3475,3475,0,0.000,187.037,1613,54089770
"benchmark-example:english-extra-8-cpu","bd/english.100MB",8,1000000,3475,3475,0,0.000,187.037,1614,54092906
"benchmark-example:english-extra-8-cpu","bd/english.100MB",8,1000000,3475,3475,0,0.000,187.037,1615,54093041
"benchmark-example:english-extra-8-cpu","bd/english.100MB",8,1000000,3475,3475,0,0.000,187.037,1616,54134407
"benchmark-example:english-extra-8-cpu","bd/english.100MB",8,1000000,3475,3475,0,0.000,187.037,1617,54155950
"benchmark-example:english-extra-8-cpu","bd/english.100MB",8,1000000,3475,3475,0,0.000,187.037,1618,54183295
"benchmark-example:english-extra-8-cpu","bd/english.100MB",8,1000000,3475,3475,0,0.000,187.037,1619,54247725
"benchmark-example:english-extra-8-cpu","bd/english.100MB",8,1000000,3475,3475,0,0.000,187.037,1620,54339915
"benchmark-example:english-extra-8-cpu","bd/english.100MB",8,1000000,3475,3475,0,0.000,187.037,1621,54368371
"benchmark-example:english-extra-8-cpu","bd/english.100MB",8,1000000,3475,3475,0,0.000,187.037,1622,54390679
"benchmark-example:english-extra-8-cpu","bd/english.100MB",8,1000000,3475,3475,0,0.000,187.037,1623,54397097
"benchmark-example:english-extra-8-cpu","bd/english.100MB",8,1000000,3475,3475,0,0.000,187.037,1624,54410908
"benchmark-example:english-extra-8-cpu","bd/english.100MB",8,1000000,3475,3475,0,0.000,187.037,1625,54649216
"benchmark-example:english-extra-8-cpu","bd/english.100MB",8,1000000,3475,3475,0,0.000,187.037,1626,54858294
"benchmark-example:english-extra-8-cpu","bd/english.100MB",8,1000000,3475,3475,0,0.000,187.037,1627,54859629
"benchmark-example:english-extra-8-cpu","bd/english.100MB",8,1000000,3475,3475,0,0.000,187.037,1628,54922571
"benchmark-example:english-extra-8-cpu","bd/english.100MB",8,1000000,3475,3475,0,0.000,187.037,1629,55020718
"benchmark-example:english-extra-8-cpu","bd/english.100MB",8,1000000,3475,3475,0,0.000,187.037,1630,55026398
"benchmark-example:english-extra-8-cpu","bd/english.100MB",8,1000000,3475,3475,0,0.000,187.037,1631,55052496
"benchmark-example:english-extra-8-cpu","bd/english.100MB",8,1000000,3475,3475,0,0.000,187.037,1632,55064372
"benchmark-example:english-extra-8-cpu","bd/english.100MB",8,1000000,3475,3475,0,0.000,187.037,1633,55135279
"benchmark-example:english-extra-8-cpu","bd/english.100MB",8,1000000,3475,3475,0,0.000,187.037,1634,55170761
"benchmark-example:english-extra-8-cpu","bd/english.100MB",8,1000000,3475,3475,0,0.000,187.037,1635,55274793
"benchmark-example:english-extra-8-cpu","bd/english.100MB",8,1000000,3475,3475,0,0.000,187.037,1636,55303249
"benchmark-example:english-extra-8-cpu","bd/english.100MB",8,1000000,3475,3475,0,0.000,187.037,1637,55325557
"benchmark-example:english-extra-8-cpu","bd/english.100MB",8,1000000,3475,3475,0,0.000,187.037,1638,55331975
"benchmark-example:english-extra-8-cpu","bd/english.100MB",8,1000000,3475,3475,0,0.000,187.037,1639,55345786
"benchmark-example:english-extra-8-cpu","bd/english.100MB",8,1000000,3475,3475,0,0.000,187.037,1640,55584094
"benchmark-example:english-extra-8-cpu","bd/english.100MB",8,1000000,3475,3475,0,0.000,187.037,1641,55793171
"benchmark-example:english-extra-8-cpu","bd/english.100MB",8,1000000,3475,3475,0,0.000,187.037,1642,55794506
"benchmark-example:english-extra-8-cpu","bd/english.100MB",8,1000000,3475,3475,0,0.000,187.037,1643,55857448
"benchmark-example:english-extra-8-cpu","bd/english.100MB",8,1000000,3475,3475,0,0.000,187.037,1644,55955593
"benchmark-example:english-extra-8-cpu","bd/english.100MB",8,1000000,3475,3475,0,0.000,187.037,1645,55961273
"benchmark-example:english-extra-8-cpu","bd/english.100MB",8,1000000,3475,3475,0,0.000,187.037,1646,55987368
"benchmark-example:english-extra-8-cpu","bd/english.100MB",8,1000000,3475,3475,0,0.000,187.037,1647,55999245
"benchmark-example:english-extra-8-cpu","bd/english.100MB",8,1000000,3475,3475,0,0.000,187.037,1648,56070148
"benchmark-example:english-extra-8-cpu","bd/english.100MB",8,1000000,3475,3475,0,0.000,187.037,1649,56105630
"benchmark-example:english-extra-8-cpu","bd/english.100MB",8,1000000,3475,3475,0,0.000,187.037,1650,56149064
"benchmark-example:english-extra-8-cpu","bd/english.100MB",8,1000000,3475,3475,0,0.000,187.037,1651,56152152
"benchmark-example:english-extra-8-cpu","bd/english.100MB",8,1000000,3475,3475,0,0.000,187.037,1652,56187899
"benchmark-example:english-extra-8-cpu","bd/english.100MB",8,1000000,3475,3475,0,0.000,187.037,1653,56190373
"benchmark-example:english-extra-8-cpu","bd/english.100MB",8,1000000,3475,3475,0,0.000,187.037,1654,56190410
"benchmark-example:english-extra-8-cpu","bd/english.100MB",8,1000000,3475,3475,0,0.000,187.037,1655,56203707
"benchmark-example:english-extra-8-cpu","bd/english.100MB",8,1000000,3475,3475,0,0.000,187.037,1656,56215304
"benchmark-example:english-extra-8-cpu","bd/english.100MB",8,1000000,3475,3475,0,0.000,187.037,1657,56215339
"benchmark-example:english-extra-8-cpu","bd/english.100MB",8,1000000,3475,3475,0,0.000,187.037,1658,56231859
"benchmark-example:english-extra-8-cpu","bd/english.100MB",8,1000000,3475,3475,0,0.000,187.037,1659,56231890
"benchmark-example:english-extra-8-cpu","bd/english.100MB",8,1000000,3475,3475,0,0.000,187.037,1660,56244180
"benchmark-example:english-extra-8-cpu","bd/english.100MB",8,1000000,3475,3475,0,0.000,187.037,1661,56245182
"benchmark-example:english-extra-8-cpu","bd/english.100MB",8,1000000,3475,3475,0,0.000,187.037,1662,56245260
"benchmark-example:english-extra-8-cpu","bd/english.100MB",8,1000000,3475,3475,0,0.000,187.037,1663,56247505
"benchmark-example:english-extra-8-cpu","bd/english.100MB",8,1000000,3475,3475,0,0.000,187.037,1664,56319516
"benchmark-example:english-extra-8-cpu","bd/english.100MB",8,1000000,3475,3475,0,0.000,187.037,1665,56329399
"benchmark-example:english-extra-8-cpu","bd/english.100MB",8,1000000,3475,3475,0,0.000,187.037,1666,56339601
"benchmark-example:english-extra-8-cpu","bd/english.100MB",8,1000000,3475,3475,0,0.000,187.037,1667,56350317
"benchmark-example:english-extra-8-cpu","bd/english.100MB",8,1000000,3475,3475,0,0.000,187.037,1668,56391118
"benchmark-example:english-extra-8-cpu","bd/english.100MB",8,1000000,3475,3475,0,0.000,187.037,1669,56393107
"benchmark-example:english-extra-8-cpu","bd/english.100MB",8,1000000,3475,3475,0,0.000,187.037,1670,56403373
"benchmark-example:english-extra-8-cpu","bd/english.100MB",8,1000000,3475,3475,0,0.000,187.037,1671,56403434
"benchmark-example:english-extra-8-cpu","bd/english.100MB",8,1000000,3475,3475,0,0.000,187.037,1672,56406742
"benchmark-example:english-extra-8-cpu","bd/english.100MB",8,1000000,3475,3475,0,0.000,187.037,1673,56437719
"benchmark-example:english-extra-8-cpu","bd/english.100MB",8,1000000,3475,3475,0,0.000,187.037,1674,56453869
"benchmark-example:english-extra-8-cpu","bd/english.100MB",8,1000000,3475,3475,0,0.000,187.037,1675,56640863
"benchmark-example:english-extra-8-cpu","bd/english.100MB",8,1000000,3475,3475,0,0.000,187.037,1676,56932083
"benchmark-example:english-extra-8-cpu","bd/english.100MB",8,1000000,3475,3475,0,0.000,187.037,1677,56933795
"benchmark-example:english-extra-8-cpu","bd/english.100MB",8,1000000,3475,3475,0,0.000,187.037,1678,57079330
"benchmark-example:english-extra-8-cpu","bd/english.100MB",8,1000000,3475,3475,0,0.000,187.037,1679,57092880
"benchmark-example:english-extra-8-cpu","bd/english.100MB",8,1000000,3475,3475,0,0.000,187.037,1680,57096887
"benchmark-example:english-extra-8-cpu","bd/english.100MB",8,1000000,3475,3475,0,0.000,187.037,1681,57146587
"benchmark-example:english-extra-8-cpu","bd/english.100MB",8,1000000,3475,3475,0,0.000,187.037,1682,57165882
"benchmark-example:english-extra-8-cpu","bd/english.100MB",8,1000000,3475,3475,0,0.000,187.037,1683,57166372
"benchmark-example:english-extra-8-cpu","bd/english.100MB",8,1000000,3475,3475,0,0.000,187.037,1684,57166894
"benchmark-example:english-extra-8-cpu","bd/english.100MB",8,1000000,3475,3475,0,0.000,187.037,1685,57182781
"benchmark-example:english-extra-8-cpu","bd/english.100MB",8,1000000,3475,3475,0,0.000,187.037,1686,57190047
"benchmark-example:english-extra-8-cpu","bd/english.100MB",8,1000000,3475,3475,0,0.000,187.037,1687,57190345
"benchmark-example:english-extra-8-cpu","bd/english.100MB",8,1000000,3475,3475,0,0.000,187.037,1688,57190484
"benchmark-example:english-extra-8-cpu","bd/english.100MB",8,1000000,3475,3475,0,0.000,187.037,1689,57226361
"benchmark-example:english-extra-8-cpu","bd/english.100MB",8,1000000,3475,3475,0,0.000,187.037,1690,57234964
"benchmark-example:english-extra-8-cpu","bd/english.100MB",8,1000000,3475,3475,0,0.000,187.037,1691,57235161
"benchmark-example:english-extra-8-cpu","bd/english.100MB",8,1000000,3475,3475,0,0.000,187.037,1692,57237685
"benchmark-example:english-extra-8-cpu","bd/english.100MB",8,1000000,3475,3475,0,0.000,187.037,1693,57239764
"benchmark-example:english-extra-8-cpu","bd/english.100MB",8,1000000,3475,3475,0,0.000,187.037,1694,57248514
"benchmark-example:english-extra-8-cpu","bd/english.100MB",8,1000000,3475,3475,0,0.000,187.037,1695,57267737
"benchmark-example:english-extra-8-cpu","bd/english.100MB",8,1000000,3475,3475,0,0.000,187.037,1696,57267764
"benchmark-example:english-extra-8-cpu","bd/english.100MB",8,1000000,3475,3475,0,0.000,187.037,1697,57269120
"benchmark-example:english-extra-8-cpu","bd/english.100MB",8,1000000,3475,3475,0,0.000,187.037,1698,57272920
"benchmark-example:english-extra-8-cpu","bd/english.100MB",8,1000000,3475,3475,0,0.000,187.037,1699,57273592
"benchmark-example:english-extra-8-cpu","bd/english.100MB",8,1000000,3475,3475,0,0.000,187.037,1700,57274372
"benchmark-example:english-extra-8-cpu","bd/english.100MB",8,1000000,3475,3475,0,0.000,187.037,1701,57283867
"benchmark-example:english-extra-8-cpu","bd/english.100MB",8,1000000,3475,3475,0,0.000,187.037,1702,57308832
"benchmark-example:english-extra-8-cpu","bd/english.100MB",8,1000000,3475,3475,0,0.000,187.037,1703,57352398
"benchmark-example:english-extra-8-cpu","bd/english.100MB",8,1000000,3475,3475,0,0.000,187.037,1704,57353846
"benchmark-example:english-extra-8-cpu","bd/english.100MB",8,1000000,3475,3475,0,0.000,187.037,1705,57367800
"benchmark-example:english-extra-8-cpu","bd/english.100MB",8,1000000,3475,3475,0,0.000,187.037,1706,57370930
"benchmark-example:english-extra-8-cpu","bd/english.100MB",8,1000000,3475,3475,0,0.000,187.037,1707,57383321
"benchmark-example:english-extra-8-cpu","bd/english.100MB",8,1000000,3475,3475,0,0.000,187.037,1708,57399191
"benchmark-example:english-extra-8-cpu","bd/english.100MB",8,1000000,3475,3475,0,0.000,187.037,1709,57441676
"benchmark-example:english-extra-8-cpu","bd/english.100MB",8,1000000,3475,3475,0,0.000,187.037,1710,57497130
"benchmark-example:english-extra-8-cpu","bd/english.100MB",8,1000000,3475,3475,0,0.000,187.037,1711,57552150
"benchmark-example:english-extra-8-cpu","bd/english.100MB",8,1000000,3475,3475,0,0.000,187.037,1712,57552247
"benchmark-example:english-extra-8-cpu","bd/english.100MB",8,1000000,3475,3475,0,0.000,187.037,1713,57573765
"benchmark-example:english-extra-8-cpu","bd/english.100MB",8,1000000,3475,3475,0,0.000,187.037,1714,57576357
"benchmark-example:english-extra-8-cpu","bd/english.100MB",8,1000000,3475,3475,0,0.000,187.037,1715,57585613
"benchmark-example:english-extra-8-cpu","bd/english.100MB",8,1000000,3475,3475,0,0.000,187.037,1716,57592598
"benchmark-example:english-extra-8-cpu","bd/english.100MB",8,1000000,3475,3475,0,0.000,187.037,1717,57651881
"benchmark-example:english-extra-8-cpu","bd/english.100MB",8,1000000,3475,3475,0,0.000,187.037,1718,57654294
"benchmark-example:english-extra-8-cpu","bd/english.100MB",8,1000000,3475,3475,0,0.000,187.037,1719,57654888
"benchmark-example:english-extra-8-cpu","bd/english.100MB",8,1000000,3475,3475,0,0.000,187.037,1720,57771746
"benchmark-example:english-extra-8-cpu","bd/english.100MB",8,1000000,3475,3475,0,0.000,187.037,1721,57782881
"benchmark-example:english-extra-8-cpu","bd/english.100MB",8,1000000,3475,3475,0,0.000,187.037,1722,57942584
"benchmark-example:english-extra-8-cpu","bd/english.100MB",8,1000000,3475,3475,0,0.000,187.037,1723,58021333
"benchmark-example:english-extra-8-cpu","bd/english.100MB",8,1000000,3475,3475,0,0.000,187.037,1724,58042152
"benchmark-example:english-extra-8-cpu","bd/english.100MB",8,1000000,3475,3475,0,0.000,187.037,1725,58158606
"benchmark-example:english-extra-8-cpu","bd/english.100MB",8,1000000,3475,3475,0,0.000,187.037,1726,58296290
"benchmark-example:english-extra-8-cpu","bd/english.100MB",8,1000000,3475,3475,0,0.000,187.037,1727,58297770
"benchmark-example:english-extra-8-cpu","bd/english.100MB",8,1000000,3475,3475,0,0.000,187.037,1728,58320816
"benchmark-example:english-extra-8-cpu","bd/english.100MB",8,1000000,3475,3475,0,0.000,187.037,1729,58348835
"benchmark-example:english-extra-8-cpu","bd/english.100MB",8,1000000,3475,3475,0,0.000,187.037,1730,58422273
"benchmark-example:english-extra-8-cpu","bd/english.100MB",8,1000000,3475,3475,0,0.000,187.037,1731,58425020
"benchmark-example:english-extra-8-cpu","bd/english.100MB",8,1000000,3475,3475,0,0.000,187.037,1732,58485270
"benchmark-example:english-extra-8-cpu","bd/english.100MB",8,1000000,3475,3475,0,0.000,187.037,1733,58509576
"benchmark-example:english-extra-8-cpu","bd/english.100MB",8,1000000,3475,3475,0,0.000,187.037,1734,58555652
"benchmark-example:english-extra-8-cpu","bd/english.100MB",8,1000000,3475,3475,0,0.000,187.037,1735,58744321
"benchmark-example:english-extra-8-cpu","bd/english.100MB",8,1000000,3475,3475,0,0.000,187.037,1736,58855151
"benchmark-example:english-extra-8-cpu","bd/english.100MB",8,1000000,3475,3475,0,0.000,187.037,1737,58992948
"benchmark-example:english-extra-8-cpu","bd/english.100MB",8,1000000,3475,3475,0,0.000,187.037,1738,59056669
"benchmark-example:english-extra-8-cpu","bd/english.100MB",8,1000000,3475,3475,0,0.000,187.037,1739,59115244
"benchmark-example:english-extra-8-cpu","bd/english.100MB",8,1000000,3475,3475,0,0.000,187.037,1740,59165564
"benchmark-example:english-extra-8-cpu","bd/english.100MB",8,1000000,3475,3475,0,0.000,187.037,1741,59196602
"benchmark-example:english-extra-8-cpu","bd/english.100MB",8,1000000,3475,3475,0,0.000,187.037,1742,59356053
"benchmark-example:english-extra-8-cpu","bd/english.100MB",8,1000000,3475,3475,0,0.000,187.037,1743,59356144
"benchmark-example:english-extra-8-cpu","bd/english.100MB",8,1000000,3475,3475,0,0.000,187.037,1744,59360665
"benchmark-example:english-extra-8-cpu","bd/english.100MB",8,1000000,3475,3475,0,0.000,187.037,1745,59360937
"benchmark-example:english-extra-8-cpu","bd/english.100MB",8,1000000,3475,3475,0,0.000,187.037,1746,59362367
"benchmark-example:english-extra-8-cpu","bd/english.100MB",8,1000000,3475,3475,0,0.000,187.037,1747,59390705
"benchmark-example:english-extra-8-cpu","bd/english.100MB",8,1000000,3475,3475,0,0.000,187.037,1748,59421146
"benchmark-example:english-extra-8-cpu","bd/english.100MB",8,1000000,3475,3475,0,0.000,187.037,1749,59433165
"benchmark-example:english-extra-8-cpu","bd/english.100MB",8,1000000,3475,3475,0,0.000,187.037,1750,59576193
"benchmark-example:english-extra-8-cpu","bd/english.100MB",8,1000000,3475,3475,0,0.000,187.037,1751,59585345
"benchmark-example:english-extra-8-cpu","bd/english.100MB",8,1000000,3475,3475,0,0.000,187.037,1752,59588087
"benchmark-example:english-extra-8-cpu","bd/english.100MB",8,1000000,3475,3475,0,0.000,187.037,1753,59629004
"benchmark-example:english-extra-8-cpu","bd/english.100MB",8,1000000,3475,3475,0,0.000,187.037,1754,59661116
"benchmark-example:english-extra-8-cpu","bd/english.100MB",8,1000000,3475,3475,0,0.000,187.037,1755,59675186
"benchmark-example:english-extra-8-cpu","bd/english.100MB",8,1000000,3475,3475,0,0.000,187.037,1756,59675528
"benchmark-example:english-extra-8-cpu","bd/english.100MB",8,1000000,3475,3475,0,0.000,187.037,1757,59689294
"benchmark-example:english-extra-8-cpu","bd/english.100MB",8,1000000,3475,3475,0,0.000,187.037,1758,59691432
"benchmark-example:english-extra-8-cpu","bd/english.100MB",8,1000000,3475,3475,0,0.000,187.037,1759,59701459
"benchmark-example:english-extra-8-cpu","bd/english.100MB",8,1000000,3475,3475,0,0.000,187.037,1760,59701723
"benchmark-example:english-extra-8-cpu","bd/english.100MB",8,1000000,3475,3475,0,0.000,187.037,1761,59701762
"benchmark-example:english-extra-8-cpu","bd/english.100MB",8,1000000,3475,3475,0,0.000,187.037,1762,59740046
"benchmark-example:english-extra-8-cpu","bd/english.100MB",8,1000000,3475,3475,0,0.000,187.037,1763,59886777
"benchmark-example:english-extra-8-cpu","bd/english.100MB",8,1000000,3475,3475,0,0.000,187.037,1764,59959559
"benchmark-example:english-extra-8-cpu","bd/english.100MB",8,1000000,3475,3475,0,0.000,187.037,1765,59965883
"benchmark-example:english-extra-8-cpu","bd/english.100MB",8,1000000,3475,3475,0,0.000,187.037,1766,59998114
"benchmark-example:english-extra-8-cpu","bd/english.100MB",8,1000000,3475,3475,0,0.000,187.037,1767,60007453
"benchmark-example:english-extra-8-cpu","bd/english.100MB",8,1000000,3475,3475,0,0.000,187.037,1768,60103326
"benchmark-example:english-extra-8-cpu","bd/english.100MB",8,1000000,3475,3475,0,0.000,187.037,1769,60152302
"benchmark-example:english-extra-8-cpu","bd/english.100MB",8,1000000,3475,3475,0,0.000,187.037,1770,60195413
"benchmark-example:english-extra-8-cpu","bd/english.100MB",8,1000000,3475,3475,0,0.000,187.037,1771,60294681
"benchmark-example:english-extra-8-cpu","bd/english.100MB",8,1000000,3475,3475,0,0.000,187.037,1772,60296279
"benchmark-example:english-extra-8-cpu","bd/english.100MB",8,1000000,3475,3475,0,0.000,187.037,1773,60308346
"benchmark-example:english-extra-8-cpu","bd/english.100MB",8,1000000,3475,3475,0,0.000,187.037,1774,60312948
"benchmark-example:english-extra-8-cpu","bd/english.100MB",8,1000000,3475,3475,0,0.000,187.037,1775,60325323
"benchmark-example:english-extra-8-cpu","bd/english.100MB",8,1000000,3475,3475,0,0.000,187.037,1776,60378859
"benchmark-example:english-extra-8-cpu","bd/english.100MB",8,1000000,3475,3475,0,0.000,187.037,1777,60564904
"benchmark-example:english-extra-8-cpu","bd/english.100MB",8,1000000,3475,3475,0,0.000,187.037,1778,60574584
"benchmark-example:english-extra-8-cpu","bd/english.100MB",8,1000000,3475,3475,0,0.000,187.037,1779,60604070
"benchmark-example:english-extra-8-cpu","bd/english.100MB",8,1000000,3475,3475,0,0.000,187.037,1780,60655048
"benchmark-example:english-extra-8-cpu","bd/english.100MB",8,1000000,3475,3475,0,0.000,187.037,1781,60714840
"benchmark-example:english-extra-8-cpu","bd/english.100MB",8,1000000,3475,3475,0,0.000,187.037,1782,60761747
"benchmark-example:english-extra-8-cpu","bd/english.100MB",8,1000000,3475,3475,0,0.000,187.037,1783,60861489
"benchmark-example:english-extra-8-cpu","bd/english.100MB",8,1000000,3475,3475,0,0.000,187.037,1784,60901776
"benchmark-example:english-extra-8-cpu","bd/english.100MB",8,1000000,3475,3475,0,0.000,187.037,1785,60946623
"benchmark-example:english-extra-8-cpu","bd/english.100MB",8,1000000,3475,3475,0,0.000,187.037,1786,60948594
"benchmark-example:english-extra-8-cpu","bd/english.100MB",8,1000000,3475,3475,0,0.000,187.037,1787,60994153
"benchmark-example:english-extra-8-cpu","bd/english.100MB",8,1000000,3475,3475,0,0.000,187.037,1788,60997303
"benchmark-example:english-extra-8-cpu","bd/english.100MB",8,1000000,3475,3475,0,0.000,187.037,1789,61001362
"benchmark-example:english-extra-8-cpu","bd/english.100MB",8,1000000,3475,3475,0,0.000,187.037,1790,61004271
"benchmark-example:english-extra-8-cpu","bd/english.100MB",8,1000000,3475,3475,0,0.000,187.037,1791,61005513
"benchmark-example:english-extra-8-cpu","bd/english.100MB",8,1000000,3475,3475,0,0.000,187.037,1792,61006497
"benchmark-example:english-extra-8-cpu","bd/english.100MB",8,1000000,3475,3475,0,0.000,187.037,1793,61043146
"benchmark-example:english-extra-8-cpu","bd/english.100MB",8,1000000,3475,3475,0,0.000,187.037,1794,61060355
"benchmark-example:english-extra-8-cpu","bd/english.100MB",8,1000000,3475,3475,0,0.000,187.037,1795,61075936
"benchmark-example:english-extra-8-cpu","bd/english.100MB",8,1000000,3475,3475,0,0.000,187.037,1796,61104198
"benchmark-example:english-extra-8-cpu","bd/english.100MB",8,1000000,3475,3475,0,0.000,187.037,1797,61141035
"benchmark-example:english-extra-8-cpu","bd/english.100MB",8,1000000,3475,3475,0,0.000,187.037,1798,61156432
"benchmark-example:english-extra-8-cpu","bd/english.100MB",8,1000000,3475,3475,0,0.000,187.037,1799,61159076
"benchmark-example:english-extra-8-cpu","bd/english.100MB",8,1000000,3475,3475,0,0.000,187.037,1800,61196157
"benchmark-example:english-extra-8-cpu","bd/english.100MB",8,1000000,3475,3475,0,0.000,187.037,1801,61287674
"benchmark-example:english-extra-8-cpu","bd/english.100MB",8,1000000,3475,3475,0,0.000,187.037,1802,61299282
"benchmark-example:english-extra-8-cpu","bd/english.100MB",8,1000000,3475,3475,0,0.000,187.037,1803,61312723
"benchmark-example:english-extra-8-cpu","bd/english.100MB",8,1000000,3475,3475,0,0.000,187.037,1804,61327068
"benchmark-example:english-extra-8-cpu","bd/english.100MB",8,1000000,3475,3475,0,0.000,187.037,1805,61331026
"benchmark-example:english-extra-8-cpu","bd/english.100MB",8,1000000,3475,3475,0,0.000,187.037,1806,61357819
"benchmark-example:english-extra-8-cpu","bd/english.100MB",8,1000000,3475,3475,0,0.000,187.037,1807,61398713
"benchmark-example:english-extra-8-cpu","bd/english.100MB",8,1000000,3475,3475,0,0.000,187.037,1808,61420188
"benchmark-example:english-extra-8-cpu","bd/english.100MB",8,1000000,3475,3475,0,0.000,187.037,1809,61429706
"benchmark-example:english-extra-8-cpu","bd/english.100MB",8,1000000,3475,3475,0,0.000,187.037,1810,61444424
"benchmark-example:english-extra-8-cpu","bd/english.100MB",8,1000000,3475,3475,0,0.000,187.037,1811,61445761
"benchmark-example:english-extra-8-cpu","bd/english.100MB",8,1000000,3475,3475,0,0.000,187.037,1812,61473802
"benchmark-example:english-extra-8-cpu","bd/english.100MB",8,1000000,3475,3475,0,0.000,187.037,1813,61474603
"benchmark-example:english-extra-8-cpu","bd/english.100MB",8,1000000,3475,3475,0,0.000,187.037,1814,61484875
"benchmark-example:english-extra-8-cpu","bd/english.100MB",8,1000000,3475,3475,0,0.000,187.037,1815,61523947
"benchmark-example:english-extra-8-cpu","bd/english.100MB",8,1000000,3475,3475,0,0.000,187.037,1816,61560242
"benchmark-example:english-extra-8-cpu","bd/english.100MB",8,1000000,3475,3475,0,0.000,187.037,1817,61571698
"benchmark-example:english-extra-8-cpu","bd/english.100MB",8,1000000,3475,3475,0,0.000,187.037,1818,61612444
"benchmark-example:english-extra-8-cpu","bd/english.100MB",8,1000000,3475,3475,0,0.000,187.037,1819,61666862
"benchmark-example:english-extra-8-cpu","bd/english.100MB",8,1000000,3475,3475,0,0.000,187.037,1820,61667375
"benchmark-example:english-extra-8-cpu","bd/english.100MB",8,1000000,3475,3475,0,0.000,187.037,1821,61695002
"benchmark-example:english-extra-8-cpu","bd/english.100MB",8,1000000,3475,3475,0,0.000,187.037,1822,61699204
"benchmark-example:english-extra-8-cpu","bd/english.100MB",8,1000000,3475,3475,0,0.000,187.037,1823,61742054
"benchmark-example:english-extra-8-cpu","bd/english.100MB",8,1000000,3475,3475,0,0.000,187.037,1824,61757721
"benchmark-example:english-extra-8-cpu","bd/english.100MB",8,1000000,3475,3475,0,0.000,187.037,1825,61794023
"benchmark-example:english-extra-8-cpu","bd/english.100MB",8,1000000,3475,3475,0,0.000,187.037,1826,61826151
"benchmark-example:english-extra-8-cpu","bd/english.100MB",8,1000000,3475,3475,0,0.000,187.037,1827,61852808
"benchmark-example:english-extra-8-cpu","bd/english.100MB",8,1000000,3475,3475,0,0.000,187.037,1828,61902896
"benchmark-example:english-extra-8-cpu","bd/english.100MB",8,1000000,3475,3475,0,0.000,187.037,1829,61914078
"benchmark-example:english-extra-8-cpu","bd/english.100MB",8,1000000,3475,3475,0,0.000,187.037,1830,61920688
"benchmark-example:english-extra-8-cpu","bd/english.100MB",8,1000000,3475,3475,0,0.000,187.037,1831,61943006
"benchmark-example:english-extra-8-cpu","bd/english.100MB",8,1000000,3475,3475,0,0.000,187.037,1832,61948019
"benchmark-example:english-extra-8-cpu","bd/english.100MB",8,1000000,3475,3475,0,0.000,187.037,1833,61963461
"benchmark-example:english-extra-8-cpu","bd/english.100MB",8,1000000,3475,3475,0,0.000,187.037,1834,61976670
"benchmark-example:english-extra-8-cpu","bd/english.100MB",8,1000000,3475,3475,0,0.000,187.037,1835,61979890
"benchmark-example:english-extra-8-cpu","bd/english.100MB",8,1000000,3475,3475,0,0.000,187.037,1836,61987096
"benchmark-example:english-extra-8-cpu","bd/english.100MB",8,1000000,3475,3475,0,0.000,187.037,1837,62002314
"benchmark-example:english-extra-8-cpu","bd/english.100MB",8,1000000,3475,3475,0,0.000,187.037,1838,62002428
"benchmark-example:english-extra-8-cpu","bd/english.100MB",8,1000000,3475,3475,0,0.000,187.037,1839,62015096
"benchmark-example:english-extra-8-cpu","bd/english.100MB",8,1000000,3475,3475,0,0.000,187.037,1840,62021889
"benchmark-example:english-extra-8-cpu","bd/english.100MB",8,1000000,3475,3475,0,0.000,187.037,1841,62034147
"benchmark-example:english-extra-8-cpu","bd/english.100MB",8,1000000,3475,3475,0,0.000,187.037,1842,62064268
"benchmark-example:english-extra-8-cpu","bd/english.100MB",8,1000000,3475,3475,0,0.000,187.037,1843,62071844
"benchmark-example:english-extra-8-cpu","bd/english.100MB",8,1000000,3475,3475,0,0.000,187.037,1844,62072056
"benchmark-example:english-extra-8-cpu","bd/english.100MB",8,1000000,3475,3475,0,0.000,187.037,1845,62096680
"benchmark-example:english-extra-8-cpu","bd/english.100MB",8,1000000,3475,3475,0,0.000,187.037,1846,62126034
"benchmark-example:english-extra-8-cpu","bd/english.100MB",8,1000000,3475,3475,0,0.000,187.037,1847,62174970
"benchmark-example:english-extra-8-cpu","bd/english.100MB",8,1000000,3475,3475,0,0.000,187.037,1848,62208689
"benchmark-example:english-extra-8-cpu","bd/english.100MB",8,1000000,3475,3475,0,0.000,187.037,1849,62228384
"benchmark-example:english-extra-8-cpu","bd/english.100MB",8,1000000,3475,3475,0,0.000,187.037,1850,62254046
"benchmark-example:english-extra-8-cpu","bd/english.100MB",8,1000000,3475,3475,0,0.000,187.037,1851,62254668
"benchmark-example:english-extra-8-cpu","bd/english.100MB",8,1000000,3475,3475,0,0.000,187.037,1852,62267580
"benchmark-example:english-extra-8-cpu","bd/english.100MB",8,1000000,3475,3475,0,0.000,187.037,1853,62446797
"benchmark-example:english-extra-8-cpu","bd/english.100MB",8,1000000,3475,3475,0,0.000,187.037,1854,62449252
"benchmark-example:english-extra-8-cpu","bd/english.100MB",8,1000000,3475,3475,0,0.000,187.037,1855,62523805
"benchmark-example:english-extra-8-cpu","bd/english.100MB",8,1000000,3475,3475,0,0.000,187.037,1856,62569607
"benchmark-example:english-extra-8-cpu","bd/english.100MB",8,1000000,3475,3475,0,0.000,187.037,1857,62600578
"benchmark-example:english-extra-8-cpu","bd/english.100MB",8,1000000,3475,3475,0,0.000,187.037,1858,62645644
"benchmark-example:english-extra-8-cpu","bd/english.100MB",8,1000000,3475,3475,0,0.000,187.037,1859,62648458
"benchmark-example:english-extra-8-cpu","bd/english.100MB",8,1000000,3475,3475,0,0.000,187.037,1860,62672601
"benchmark-example:english-extra-8-cpu","bd/english.100MB",8,1000000,3475,3475,0,0.000,187.037,1861,62674780
"benchmark-example:english-extra-8-cpu","bd/english.100MB",8,1000000,3475,3475,0,0.000,187.037,1862,62681032
"benchmark-example:english-extra-8-cpu","bd/english.100MB",8,1000000,3475,3475,0,0.000,187.037,1863,62682239
"benchmark-example:english-extra-8-cpu","bd/english.100MB",8,1000000,3475,3475,0,0.000,187.037,1864,62685050
"benchmark-example:english-extra-8-cpu","bd/english.100MB",8,1000000,3475,3475,0,0.000,187.037,1865,62694995
"benchmark-example:english-extra-8-cpu","bd/english.100MB",8,1000000,3475,3475,0,0.000,187.037,1866,62707474
"benchmark-example:english-extra-8-cpu","bd/english.100MB",8,1000000,3475,3475,0,0.000,187.037,1867,62707694
"benchmark-example:english-extra-8-cpu","bd/english.100MB",8,1000000,3475,3475,0,0.000,187.037,1868,62785228
"benchmark-example:english-extra-8-cpu","bd/english.100MB",8,1000000,3475,3475,0,0.000,187.037,1869,62795535
"benchmark-example:english-extra-8-cpu","bd/english.100MB",8,1000000,3475,3475,0,0.000,187.037,1870,62852222
"benchmark-example:english-extra-8-cpu","bd/english.100MB",8,1000000,3475,3475,0,0.000,187.037,1871,62907320
"benchmark-example:english-extra-8-cpu","bd/english.100MB",8,1000000,3475,3475,0,0.000,187.037,1872,62916348
"benchmark-example:english-extra-8-cpu","bd/english.100MB",8,1000000,3475,3475,0,0.000,187.037,1873,62916511
"benchmark-example:english-extra-8-cpu","bd/english.100MB",8,1000000,3475,3475,0,0.000,187.037,1874,62927524
"benchmark-example:english-extra-8-cpu","bd/english.100MB",8,1000000,3475,3475,0,0.000,187.037,1875,62977511
"benchmark-example:english-extra-8-cpu","bd/english.100MB",8,1000000,3475,3475,0,0.000,187.037,1876,62992953
"benchmark-example:english-extra-8-cpu","bd/english.100MB",8,1000000,3475,3475,0,0.000,187.037,1877,63006162
"benchmark-example:english-extra-8-cpu","bd/english.100MB",8,1000000,3475,3475,0,0.000,187.037,1878,63009382
"benchmark-example:english-extra-8-cpu","bd/english.100MB",8,1000000,3475,3475,0,0.000,187.037,1879,63016587
"benchmark-example:english-extra-8-cpu","bd/english.100MB",8,1000000,3475,3475,0,0.000,187.037,1880,63031805
"benchmark-example:english-extra-8-cpu","bd/english.100MB",8,1000000,3475,3475,0,0.000,187.037,1881,63031919
"benchmark-example:english-extra-8-cpu","bd/english.100MB",8,1000000,3475,3475,0,0.000,187.037,1882,63044587
"benchmark-example:english-extra-8-cpu","bd/english.100MB",8,1000000,3475,3475,0,0.000,187.037,1883,63051380
"benchmark-example:english-extra-8-cpu","bd/english.100MB",8,1000000,3475,3475,0,0.000,187.037,1884,63063638
"benchmark-example:english-extra-8-cpu","bd/english.100MB",8,1000000,3475,3475,0,0.000,187.037,1885,63093759
"benchmark-example:english-extra-8-cpu","bd/english.100MB",8,1000000,3475,3475,0,0.000,187.037,1886,63101335
"benchmark-example:english-extra-8-cpu","bd/english.100MB",8,1000000,3475,3475,0,0.000,187.037,1887,63101547
"benchmark-example:english-extra-8-cpu","bd/english.100MB",8,1000000,3475,3475,0,0.000,187.037,1888,63126171
"benchmark-example:english-extra-8-cpu","bd/english.100MB",8,1000000,3475,3475,0,0.000,187.037,1889,63155525
"benchmark-example:english-extra-8-cpu","bd/english.100MB",8,1000000,3475,3475,0,0.000,187.037,1890,63204463
"benchmark-example:english-extra-8-cpu","bd/english.100MB",8,1000000,3475,3475,0,0.000,187.037,1891,63238182
"benchmark-example:english-extra-8-cpu","bd/english.100MB",8,1000000,3475,3475,0,0.000,187.037,1892,63257877
"benchmark-example:english-extra-8-cpu","bd/english.100MB",8,1000000,3475,3475,0,0.000,187.037,1893,63283539
"benchmark-example:english-extra-8-cpu","bd/english.100MB",8,1000000,3475,3475,0,0.000,187.037,1894,63284161
"benchmark-example:english-extra-8-cpu","bd/english.100MB",8,1000000,3475,3475,0,0.000,187.037,1895,63297073
"benchmark-example:english-extra-8-cpu","bd/english.100MB",8,1000000,3475,3475,0,0.000,187.037,1896,63476290
"benchmark-example:english-extra-8-cpu","bd/english.100MB",8,1000000,3475,3475,0,0.000,187.037,1897,63478745
"benchmark-example:english-extra-8-cpu","bd/english.100MB",8,1000000,3475,3475,0,0.000,187.037,1898,63553298
"benchmark-example:english-extra-8-cpu","bd/english.100MB",8,1000000,3475,3475,0,0.000,187.037,1899,63599100
"benchmark-example:english-extra-8-cpu","bd/english.100MB",8,1000000,3475,3475,0,0.000,187.037,1900,63630071
"benchmark-example:english-extra-8-cpu","bd/english.100MB",8,1000000,3475,3475,0,0.000,187.037,1901,63675137
"benchmark-example:english-extra-8-cpu","bd/english.100MB",8,1000000,3475,3475,0,0.000,187.037,1902,63677951
"benchmark-example:english-extra-8-cpu","bd/english.100MB",8,1000000,3475,3475,0,0.000,187.037,1903,63702094
"benchmark-example:english-extra-8-cpu","bd/english.100MB",8,1000000,3475,3475,0,0.000,187.037,1904,63704273
"benchmark-example:english-extra-8-cpu","bd/english.100MB",8,1000000,3475,3475,0,0.000,187.037,1905,63710525
"benchmark-example:english-extra-8-cpu","bd/english.100MB",8,1000000,3475,3475,0,0.000,187.037,1906,63711732
"benchmark-example:english-extra-8-cpu","bd/english.100MB",8,1000000,3475,3475,0,0.000,187.037,1907,63714543
"benchmark-example:english-extra-8-cpu","bd/english.100MB",8,1000000,3475,3475,0,0.000,187.037,1908,63724488
"benchmark-example:english-extra-8-cpu","bd/english.100MB",8,1000000,3475,3475,0,0.000,187.037,1909,63736967
"benchmark-example:english-extra-8-cpu","bd/english.100MB",8,1000000,3475,3475,0,0.000,187.037,1910,63737187
"benchmark-example:english-extra-8-cpu","bd/english.100MB",8,1000000,3475,3475,0,0.000,187.037,1911,63814726
"benchmark-example:english-extra-8-cpu","bd/english.100MB",8,1000000,3475,3475,0,0.000,187.037,1912,63825037
"benchmark-example:english-extra-8-cpu","bd/english.100MB",8,1000000,3475,3475,0,0.000,187.037,1913,63881721
"benchmark-example:english-extra-8-cpu","bd/english.100MB",8,1000000,3475,3475,0,0.000,187.037,1914,63936819
"benchmark-example:english-extra-8-cpu","bd/english.100MB",8,1000000,3475,3475,0,0.000,187.037,1915,63945847
"benchmark-example:english-extra-8-cpu","bd/english.100MB",8,1000000,3475,3475,0,0.000,187.037,1916,63946010
"benchmark-example:english-extra-8-cpu","bd/english.100MB",8,1000000,3475,3475,0,0.000,187.037,1917,63957023
"benchmark-example:english-extra-8-cpu","bd/english.100MB",8,1000000,3475,3475,0,0.000,187.037,1918,64029248
"benchmark-example:english-extra-8-cpu","bd/english.100MB",8,1000000,3475,3475,0,0.000,187.037,1919,64108315
"benchmark-example:english-extra-8-cpu","bd/english.100MB",8,1000000,3475,3475,0,0.000,187.037,1920,64209202
"benchmark-example:english-extra-8-cpu","bd/english.100MB",8,1000000,3475,3475,0,0.000,187.037,1921,64232424
"benchmark-example:english-extra-8-cpu","bd/english.100MB",8,1000000,3475,3475,0,0.000,187.037,1922,64240888
"benchmark-example:english-extra-8-cpu","bd/english.100MB",8,1000000,3475,3475,0,0.000,187.037,1923,64442611
"benchmark-example:english-extra-8-cpu","bd/english.100MB",8,1000000,3475,3475,0,0.000,187.037,1924,64490539
"benchmark-example:english-extra-8-cpu","bd/english.100MB",8,1000000,3475,3475,0,0.000,187.037,1925,64516347
"benchmark-example:english-extra-8-cpu","bd/english.100MB",8,1000000,3475,3475,0,0.000,187.037,1926,64648381
"benchmark-example:english-extra-8-cpu","bd/english.100MB",8,1000000,3475,3475,0,0.000,187.037,1927,64725280
"benchmark-example:english-extra-8-cpu","bd/english.100MB",8,1000000,3475,3475,0,0.000,187.037,1928,64783495
"benchmark-example:english-extra-8-cpu","bd/english.100MB",8,1000000,3475,3475,0,0.000,187.037,1929,64803686
"benchmark-example:english-extra-8-cpu","bd/english.100MB",8,1000000,3475,3475,0,0.000,187.037,1930,64809387
"benchmark-example:english-extra-8-cpu","bd/english.100MB",8,1000000,3475,3475,0,0.000,187.037,1931,64884368
"benchmark-example:english-extra-8-cpu","bd/english.100MB",8,1000000,3475,3475,0,0.000,187.037,1932,64897964
"benchmark-example:english-extra-8-cpu","bd/english.100MB",8,1000000,3475,3475,0,0.000,187.037,1933,64923781
"benchmark-example:english-extra-8-cpu","bd/english.100MB",8,1000000,3475,3475,0,0.000,187.037,1934,64975775
"benchmark-example:english-extra-8-cpu","bd/english.100MB",8,1000000,3475,3475,0,0.000,187.037,1935,65054841
"benchmark-example:english-extra-8-cpu","bd/english.100MB",8,1000000,3475,3475,0,0.000,187.037,1936,65155725
"benchmark-example:english-extra-8-cpu","bd/english.100MB",8,1000000,3475,3475,0,0.000,187.037,1937,65178947
"benchmark-example:english-extra-8-cpu","bd/english.100MB",8,1000000,3475,3475,0,0.000,187.037,1938,65187411
"benchmark-example:english-extra-8-cpu","bd/english.100MB",8,1000000,3475,3475,0,0.000,187.037,1939,65389134
"benchmark-example:english-extra-8-cpu","bd/english.100MB",8,1000000,3475,3475,0,0.000,187.037,1940,65437062
"benchmark-example:english-extra-8-cpu","bd/english.100MB",8,1000000,3475,3475,0,0.000,187.037,1941,65462866
"benchmark-example:english-extra-8-cpu","bd/english.100MB",8,1000000,3475,3475,0,0.000,187.037,1942,65594898
"benchmark-example:english-extra-8-cpu","bd/english.100MB",8,1000000,3475,3475,0,0.000,187.037,1943,65671789
"benchmark-example:english-extra-8-cpu","bd/english.100MB",8,1000000,3475,3475,0,0.000,187.037,1944,65729998
"benchmark-example:english-extra-8-cpu","bd/english.100MB",8,1000000,3475,3475,0,0.000,187.037,1945,65750188
"benchmark-example:english-extra-8-cpu","bd/english.100MB",8,1000000,3475,3475,0,0.000,187.037,1946,65755888
"benchmark-example:english-extra-8-cpu","bd/english.100MB",8,1000000,3475,3475,0,0.000,187.037,1947,65830856
"benchmark-example:english-extra-8-cpu","bd/english.100MB",8,1000000,3475,3475,0,0.000,187.037,1948,65844450
"benchmark-example:english-extra-8-cpu","bd/english.100MB",8,1000000,3475,3475,0,0.000,187.037,1949,65870261
"benchmark-example:english-extra-8-cpu","bd/english.100MB",8,1000000,3475,3475,0,0.000,187.037,1950,65898625
"benchmark-example:english-extra-8-cpu","bd/english.100MB",8,1000000,3475,3475,0,0.000,187.037,1951,65973216
"benchmark-example:english-extra-8-cpu","bd/english.100MB",8,1000000,3475,3475,0,0.000,187.037,1952,65973506
"benchmark-example:english-extra-8-cpu","bd/english.100MB",8,1000000,3475,3475,0,0.000,187.037,1953,65975153
"benchmark-example:english-extra-8-cpu","bd/english.100MB",8,1000000,3475,3475,0,0.000,187.037,1954,65979473
"benchmark-example:english-extra-8-cpu","bd/english.100MB",8,1000000,3475,3475,0,0.000,187.037,1955,65979752
"benchmark-example:english-extra-8-cpu","bd/english.100MB",8,1000000,3475,3475,0,0.000,187.037,1956,65983545
"benchmark-example:english-extra-8-cpu","bd/english.100MB",8,1000000,3475,3475,0,0.000,187.037,1957,65983791
"benchmark-example:english-extra-8-cpu","bd/english.100MB",8,1000000,3475,3475,0,0.000,187.037,1958,66015621
"benchmark-example:english-extra-8-cpu","bd/english.100MB",8,1000000,3475,3475,0,0.000,187.037,1959,66016573
"benchmark-example:english-extra-8-cpu","bd/english.100MB",8,1000000,3475,3475,0,0.000,187.037,1960,66017345
"benchmark-example:english-extra-8-cpu","bd/english.100MB",8,1000000,3475,3475,0,0.000,187.037,1961,66017395
"benchmark-example:english-extra-8-cpu","bd/english.100MB",8,1000000,3475,3475,0,0.000,187.037,1962,66030761
"benchmark-example:english-extra-8-cpu","bd/english.100MB",8,1000000,3475,3475,0,0.000,187.037,1963,66030800
"benchmark-example:english-extra-8-cpu","bd/english.100MB",8,1000000,3475,3475,0,0.000,187.037,1964,66067716
"benchmark-example:english-extra-8-cpu","bd/english.100MB",8,1000000,3475,3475,0,0.000,187.037,1965,66083882
"benchmark-example:english-extra-8-cpu","bd/english.100MB",8,1000000,3475,3475,0,0.000,187.037,1966,66084392
"benchmark-example:english-extra-8-cpu","bd/english.100MB",8,1000000,3475,3475,0,0.000,187.037,1967,66104209
"benchmark-example:english-extra-8-cpu","bd/english.100MB",8,1000000,3475,3475,0,0.000,187.037,1968,66111315
"benchmark-example:english-extra-8-cpu","bd/english.100MB",8,1000000,3475,3475,0,0.000,187.037,1969,66121810
"benchmark-example:english-extra-8-cpu","bd/english.100MB",8,1000000,3475,3475,0,0.000,187.037,1970,66164320
"benchmark-example:english-extra-8-cpu","bd/english.100MB",8,1000000,3475,3475,0,0.000,187.037,1971,66167308
"benchmark-example:english-extra-8-cpu","bd/english.100MB",8,1000000,3475,3475,0,0.000,187.037,1972,66182271
"benchmark-example:english-extra-8-cpu","bd/english.100MB",8,1000000,3475,3475,0,0.000,187.037,1973,66186707
"benchmark-example:english-extra-8-cpu","bd/english.100MB",8,1000000,3475,3475,0,0.000,187.037,1974,66192852
"benchmark-example:english-extra-8-cpu","bd/english.100MB",8,1000000,3475,3475,0,0.000,187.037,1975,66192879
"benchmark-example:english-extra-8-cpu","bd/english.100MB",8,1000000,3475,3475,0,0.000,187.037,1976,66203926
"benchmark-example:english-extra-8-cpu","bd/english.100MB",8,1000000,3475,3475,0,0.000,187.037,1977,66228212
"benchmark-example:english-extra-8-cpu","bd/english.100MB",8,1000000,3475,3475,0,0.000,187.037,1978,66276553
"benchmark-example:english-extra-8-cpu","bd/english.100MB",8,1000000,3475,3475,0,0.000,187.037,1979,66283074
"benchmark-example:english-extra-8-cpu","bd/english.100MB",8,1000000,3475,3475,0,0.000,187.037,1980,66297052
"benchmark-example:english-extra-8-cpu","bd/english.100MB",8,1000000,3475,3475,0,0.000,187.037,1981,66351733
"benchmark-example:english-extra-8-cpu","bd/english.100MB",8,1000000,3475,3475,0,0.000,187.037,1982,66360002
"benchmark-example:english-extra-8-cpu","bd/english.100MB",8,1000000,3475,3475,0,0.000,187.037,1983,66360925
"benchmark-example:english-extra-8-cpu","bd/english.100MB",8,1000000,3475,3475,0,0.000,187.037,1984,66379650
"benchmark-example:english-extra-8-cpu","bd/english.100MB",8,1000000,3475,3475,0,0.000,187.037,1985,66395325
"benchmark-example:english-extra-8-cpu","bd/english.100MB",8,1000000,3475,3475,0,0.000,187.037,1986,66440015
"benchmark-example:english-extra-8-cpu","bd/english.100MB",8,1000000,3475,3475,0,0.000,187.037,1987,66442962
"benchmark-example:english-extra-8-cpu","bd/english.100MB",8,1000000,3475,3475,0,0.000,187.037,1988,66485738
"benchmark-example:english-extra-8-cpu","bd/english.100MB",8,1000000,3475,3475,0,0.000,187.037,1989,66533564
"benchmark-example:english-extra-8-cpu","bd/english.100MB",8,1000000,3475,3475,0,0.000,187.037,1990,66599660
"benchmark-example:english-extra-8-cpu","bd/english.100MB",8,1000000,3475,3475,0,0.000,187.037,1991,66625464
"benchmark-example:english-extra-8-cpu","bd/english.100MB",8,1000000,3475,3475,0,0.000,187.037,1992,66653246
"benchmark-example:english-extra-8-cpu","bd/english.100MB",8,1000000,3475,3475,0,0.000,187.037,1993,66662646
"benchmark-example:english-extra-8-cpu","bd/english.100MB",8,1000000,3475,3475,0,0.000,187.037,1994,66670534
"benchmark-example:english-extra-8-cpu","bd/english.100MB",8,1000000,3475,3475,0,0.000,187.037,1995,66670830
"benchmark-example:english-extra-8-cpu","bd/english.100MB",8,1000000,3475,3475,0,0.000,187.037,1996,66694196
"benchmark-example:english-extra-8-cpu","bd/english.100MB",8,1000000,3475,3475,0,0.000,187.037,1997,66703970
"benchmark-example:english-extra-8-cpu","bd/english.100MB",8,1000000,3475,3475,0,0.000,187.037,1998,66743012
"benchmark-example:english-extra-8-cpu","bd/english.100MB",8,1000000,3475,3475,0,0.000,187.037,1999,66789332
"benchmark-example:english-extra-8-cpu","bd/english.100MB",8,1000000,3475,3475,0,0.000,187.037,2000,66817386
"benchmark-example:english-extra-8-cpu","bd/english.100MB",8,1000000,3475,3475,0,0.000,187.037,2001,66833321
"benchmark-example:english-extra-8-cpu","bd/english.100MB",8,1000000,3475,3475,0,0.000,187.037,2002,66837894
"benchmark-example:english-extra-8-cpu","bd/english.100MB",8,1000000,3475,3475,0,0.000,187.037,2003,66870694
"benchmark-example:english-extra-8-cpu","bd/english.100MB",8,1000000,3475,3475,0,0.000,187.037,2004,66898119
"benchmark-example:english-extra-8-cpu","bd/english.100MB",8,1000000,3475,3475,0,0.000,187.037,2005,66906257
"benchmark-example:english-extra-8-cpu","bd/english.100MB",8,1000000,3475,3475,0,0.000,187.037,2006,66924327
"benchmark-example:english-extra-8-cpu","bd/english.100MB",8,1000000,3475,3475,0,0.000,187.037,2007,66925555
"benchmark-example:english-extra-8-cpu","bd/english.100MB",8,1000000,3475,3475,0,0.000,187.037,2008,66938260
"benchmark-example:english-extra-8-cpu","bd/english.100MB",8,1000000,3475,3475,0,0.000,187.037,2009,66943295
"benchmark-example:english-extra-8-cpu","bd/english.100MB",8,1000000,3475,3475,0,0.000,187.037,2010,67043320
"benchmark-example:english-extra-8-cpu","bd/english.100MB",8,1000000,3475,3475,0,0.000,187.037,2011,67065628
"benchmark-example:english-extra-8-cpu","bd/english.100MB",8,1000000,3475,3475,0,0.000,187.037,2012,67069017
"benchmark-example:english-extra-8-cpu","bd/english.100MB",8,1000000,3475,3475,0,0.000,187.037,2013,67076197
"benchmark-example:english-extra-8-cpu","bd/english.100MB",8,1000000,3475,3475,0,0.000,187.037,2014,67123616
"benchmark-example:english-extra-8-cpu","bd/english.100MB",8,1000000,3475,3475,0,0.000,187.037,2015,67148416
"benchmark-example:english-extra-8-cpu","bd/english.100MB",8,1000000,3475,3475,0,0.000,187.037,2016,67149521
"benchmark-example:english-extra-8-cpu","bd/english.100MB",8,1000000,3475,3475,0,0.000,187.037,2017,67151204
"benchmark-example:english-extra-8-cpu","bd/english.100MB",8,1000000,3475,3475,0,0.000,187.037,2018,67164976
"benchmark-example:english-extra-8-cpu","bd/english.100MB",8,1000000,3475,3475,0,0.000,187.037,2019,67169972
"benchmark-example:english-extra-8-cpu","bd/english.100MB",8,1000000,3475,3475,0,0.000,187.037,2020,67181947
"benchmark-example:english-extra-8-cpu","bd/english.100MB",8,1000000,3475,3475,0,0.000,187.037,2021,67189050
"benchmark-example:english-extra-8-cpu","bd/english.100MB",8,1000000,3475,3475,0,0.000,187.037,2022,67199872
"benchmark-example:english-extra-8-cpu","bd/english.100MB",8,1000000,3475,3475,0,0.000,187.037,2023,67230392
"benchmark-example:english-extra-8-cpu","bd/english.100MB",8,1000000,3475,3475,0,0.000,187.037,2024,67253213
"benchmark-example:english-extra-8-cpu","bd/english.100MB",8,1000000,3475,3475,0,0.000,187.037,2025,67381736
"benchmark-example:english-extra-8-cpu","bd/english.100MB",8,1000000,3475,3475,0,0.000,187.037,2026,67384590
"benchmark-example:english-extra-8-cpu","bd/english.100MB",8,1000000,3475,3475,0,0.000,187.037,2027,67384690
"benchmark-example:english-extra-8-cpu","bd/english.100MB",8,1000000,3475,3475,0,0.000,187.037,2028,67392732
"benchmark-example:english-extra-8-cpu","bd/english.100MB",8,1000000,3475,3475,0,0.000,187.037,2029,67397732
"benchmark-example:english-extra-8-cpu","bd/english.100MB",8,1000000,3475,3475,0,0.000,187.037,2030,67422857
"benchmark-example:english-extra-8-cpu","bd/english.100MB",8,1000000,3475,3475,0,0.000,187.037,2031,67484197
"benchmark-example:english-extra-8-cpu","bd/english.100MB",8,1000000,3475,3475,0,0.000,187.037,2032,67561235
"benchmark-example:english-extra-8-cpu","bd/english.100MB",8,1000000,3475,3475,0,0.000,187.037,2033,67594221
"benchmark-example:english-extra-8-cpu","bd/english.100MB",8,1000000,3475,3475,0,0.000,187.037,2034,67611226
"benchmark-example:english-extra-8-cpu","bd/english.100MB",8,1000000,3475,3475,0,0.000,187.037,2035,67613801
"benchmark-example:english-extra-8-cpu","bd/english.100MB",8,1000000,3475,3475,0,0.000,187.037,2036,67671012
"benchmark-example:english-extra-8-cpu","bd/english.100MB",8,1000000,3475,3475,0,0.000,187.037,2037,67695292
"benchmark-example:english-extra-8-cpu","bd/english.100MB",8,1000000,3475,3475,0,0.000,187.037,2038,67732276
"benchmark-example:english-extra-8-cpu","bd/english.100MB",8,1000000,3475,3475,0,0.000,187.037,2039,67742100
"benchmark-example:english-extra-8-cpu","bd/english.100MB",8,1000000,3475,3475,0,0.000,187.037,2040,67742686
"benchmark-example:english-extra-8-cpu","bd/english.100MB",8,1000000,3475,3475,0,0.000,187.037,2041,67783570
"benchmark-example:english-extra-8-cpu","bd/english.100MB",8,1000000,3475,3475,0,0.000,187.037,2042,67833140
"benchmark-example:english-extra-8-cpu","bd/english.100MB",8,1000000,3475,3475,0,0.000,187.037,2043,67850725
"benchmark-example:english-extra-8-cpu","bd/english.100MB",8,1000000,3475,3475,0,0.000,187.037,2044,67850832
"benchmark-example:english-extra-8-cpu","bd/english.100MB",8,1000000,3475,3475,0,0.000,187.037,2045,67864228
"benchmark-example:english-extra-8-cpu","bd/english.100MB",8,1000000,3475,3475,0,0.000,187.037,2046,67929368
"benchmark-example:english-extra-8-cpu","bd/english.100MB",8,1000000,3475,3475,0,0.000,187.037,2047,67936084
"benchmark-example:english-extra-8-cpu","bd/english.100MB",8,1000000,3475,3475,0,0.000,187.037,2048,67936606
"benchmark-example:english-extra-8-cpu","bd/english.100MB",8,1000000,3475,3475,0,0.000,187.037,2049,67982425
"benchmark-example:english-extra-8-cpu","bd/english.100MB",8,1000000,3475,3475,0,0.000,187.037,2050,68054157
"benchmark-example:english-extra-8-cpu","bd/english.100MB",8,1000000,3475,3475,0,0.000,187.037,2051,68066734
"benchmark-example:english-extra-8-cpu","bd/english.100MB",8,1000000,3475,3475,0,0.000,187.037,2052,68069818
"benchmark-example:english-extra-8-cpu","bd/english.100MB",8,1000000,3475,3475,0,0.000,187.037,2053,68070000
"benchmark-example:english-extra-8-cpu","bd/english.100MB",8,1000000,3475,3475,0,0.000,187.037,2054,68070198
"benchmark-example:english-extra-8-cpu","bd/english.100MB",8,1000000,3475,3475,0,0.000,187.037,2055,68092064
"benchmark-example:english-extra-8-cpu","bd/english.100MB",8,1000000,3475,3475,0,0.000,187.037,2056,68098523
"benchmark-example:english-extra-8-cpu","bd/english.100MB",8,1000000,3475,3475,0,0.000,187.037,2057,68104630
"benchmark-example:english-extra-8-cpu","bd/english.100MB",8,1000000,3475,3475,0,0.000,187.037,2058,68129694
"benchmark-example:english-extra-8-cpu","bd/english.100MB",8,1000000,3475,3475,0,0.000,187.037,2059,68150618
"benchmark-example:english-extra-8-cpu","bd/english.100MB",8,1000000,3475,3475,0,0.000,187.037,2060,68154635
"benchmark-example:english-extra-8-cpu","bd/english.100MB",8,1000000,3475,3475,0,0.000,187.037,2061,68164519
"benchmark-example:english-extra-8-cpu","bd/english.100MB",8,1000000,3475,3475,0,0.000,187.037,2062,68174807
"benchmark-example:english-extra-8-cpu","bd/english.100MB",8,1000000,3475,3475,0,0.000,187.037,2063,68181158
"benchmark-example:english-extra-8-cpu","bd/english.100MB",8,1000000,3475,3475,0,0.000,187.037,2064,68199401
"benchmark-example:english-extra-8-cpu","bd/english.100MB",8,1000000,3475,3475,0,0.000,187.037,2065,68231213
"benchmark-example:english-extra-8-cpu","bd/english.100MB",8,1000000,3475,3475,0,0.000,187.037,2066,68240986
"benchmark-example:english-extra-8-cpu","bd/english.100MB",8,1000000,3475,3475,0,0.000,187.037,2067,68283006
"benchmark-example:english-extra-8-cpu","bd/english.100MB",8,1000000,3475,3475,0,0.000,187.037,2068,68340378
"benchmark-example:english-extra-8-cpu","bd/english.100MB",8,1000000,3475,3475,0,0.000,187.037,2069,68341216
"benchmark-example:english-extra-8-cpu","bd/english.100MB",8,1000000,3475,3475,0,0.000,187.037,2070,68347450
"benchmark-example:english-extra-8-cpu","bd/english.100MB",8,1000000,3475,3475,0,0.000,187.037,2071,68366393
"benchmark-example:english-extra-8-cpu","bd/english.100MB",8,1000000,3475,3475,0,0.000,187.037,2072,68368021
"benchmark-example:english-extra-8-cpu","bd/english.100MB",8,1000000,3475,3475,0,0.000,187.037,2073,68368360
"benchmark-example:english-extra-8-cpu","bd/english.100MB",8,1000000,3475,3475,0,0.000,187.037,2074,68375234
"benchmark-example:english-extra-8-cpu","bd/english.100MB",8,1000000,3475,3475,0,0.000,187.037,2075,68380041
"benchmark-example:english-extra-8-cpu","bd/english.100MB",8,1000000,3475,3475,0,0.000,187.037,2076,68406465
"benchmark-example:english-extra-8-cpu","bd/english.100MB",8,1000000,3475,3475,0,0.000,187.037,2077,68420924
"benchmark-example:english-extra-8-cpu","bd/english.100MB",8,1000000,3475,3475,0,0.000,187.037,2078,68434942
"benchmark-example:english-extra-8-cpu","bd/english.100MB",8,1000000,3475,3475,0,0.000,187.037,2079,68443343
"benchmark-example:english-extra-8-cpu","bd/english.100MB",8,1000000,3475,3475,0,0.000,187.037,2080,68451904
"benchmark-example:english-extra-8-cpu","bd/english.100MB",8,1000000,3475,3475,0,0.000,187.037,2081,68513355
"benchmark-example:english-extra-8-cpu","bd/english.100MB",8,1000000,3475,3475,0,0.000,187.037,2082,68543960
"benchmark-example:english-extra-8-cpu","bd/english.100MB",8,1000000,3475,3475,0,0.000,187.037,2083,68580033
"benchmark-example:english-extra-8-cpu","bd/english.100MB",8,1000000,3475,3475,0,0.000,187.037,2084,68606490
"benchmark-example:english-extra-8-cpu","bd/english.100MB",8,1000000,3475,3475,0,0.000,187.037,2085,68608333
"benchmark-example:english-extra-8-cpu","bd/english.100MB",8,1000000,3475,3475,0,0.000,187.037,2086,68688079
"benchmark-example:english-extra-8-cpu","bd/english.100MB",8,1000000,3475,3475,0,0.000,187.037,2087,68688738
"benchmark-example:english-extra-8-cpu","bd/english.100MB",8,1000000,3475,3475,0,0.000,187.037,2088,68696640
"benchmark-example:english-extra-8-cpu","bd/english.100MB",8,1000000,3475,3475,0,0.000,187.037,2089,68918349
"benchmark-example:english-extra-8-cpu","bd/english.100MB",8,1000000,3475,3475,0,0.000,187.037,2090,68938389
"benchmark-example:english-extra-8-cpu","bd/english.100MB",8,1000000,3475,3475,0,0.000,187.037,2091,68942855
"benchmark-example:english-extra-8-cpu","bd/english.100MB",8,1000000,3475,3475,0,0.000,187.037,2092,68992103
"benchmark-example:english-extra-8-cpu","bd/english.100MB",8,1000000,3475,3475,0,0.000,187.037,2093,68995007
"benchmark-example:english-extra-8-cpu","bd/english.100MB",8,1000000,3475,3475,0,0.000,187.037,2094,69066796
"benchmark-example:english-extra-8-cpu","bd/english.100MB",8,1000000,3475,3475,0,0.000,187.037,2095,69083088
"benchmark-example:english-extra-8-cpu","bd/english.100MB",8,1000000,3475,3475,0,0.000,187.037,2096,69224697
"benchmark-example:english-extra-8-cpu","bd/english.100MB",8,1000000,3475,3475,0,0.000,187.037,2097,69227987
"benchmark-example:english-extra-8-cpu","bd/english.100MB",8,1000000,3475,3475,0,0.000,187.037,2098,69263132
"benchmark-example:english-extra-8-cpu","bd/english.100MB",8,1000000,3475,3475,0,0.000,187.037,2099,69394680
"benchmark-example:english-extra-8-cpu","bd/english.100MB",8,1000000,3475,3475,0,0.000,187.037,2100,69406109
"benchmark-example:english-extra-8-cpu","bd/english.100MB",8,1000000,3475,3475,0,0.000,187.037,2101,69443104
"benchmark-example:english-extra-8-cpu","bd/english.100MB",8,1000000,3475,3475,0,0.000,187.037,2102,69446793
"benchmark-example:english-extra-8-cpu","bd/english.100MB",8,1000000,3475,3475,0,0.000,187.037,2103,69471096
"benchmark-example:english-extra-8-cpu","bd/english.100MB",8,1000000,3475,3475,0,0.000,187.037,2104,69476220
"benchmark-example:english-extra-8-cpu","bd/english.100MB",8,1000000,3475,3475,0,0.000,187.037,2105,69495396
"benchmark-example:english-extra-8-cpu","bd/english.100MB",8,1000000,3475,3475,0,0.000,187.037,2106,69523465
"benchmark-example:english-extra-8-cpu","bd/english.100MB",8,1000000,3475,3475,0,0.000,187.037,2107,69597995
"benchmark-example:english-extra-8-cpu","bd/english.100MB",8,1000000,3475,3475,0,0.000,187.037,2108,69599894
"benchmark-example:english-extra-8-cpu","bd/english.100MB",8,1000000,3475,3475,0,0.000,187.037,2109,69602568
"benchmark-example:english-extra-8-cpu","bd/english.100MB",8,1000000,3475,3475,0,0.000,187.037,2110,69604216
"benchmark-example:english-extra-8-cpu","bd/english.100MB",8,1000000,3475,3475,0,0.000,187.037,2111,69620696
"benchmark-example:english-extra-8-cpu","bd/english.100MB",8,1000000,3475,3475,0,0.000,187.037,2112,69667951
"benchmark-example:english-extra-8-cpu","bd/english.100MB",8,1000000,3475,3475,0,0.000,187.037,2113,69745688
"benchmark-example:english-extra-8-cpu","bd/english.100MB",8,1000000,3475,3475,0,0.000,187.037,2114,69771868
"benchmark-example:english-extra-8-cpu","bd/english.100MB",8,1000000,3475,3475,0,0.000,187.037,2115,69864407
"benchmark-example:english-extra-8-cpu","bd/english.100MB",8,1000000,3475,3475,0,0.000,187.037,2116,69950356
"benchmark-example:english-extra-8-cpu","bd/english.100MB",8,1000000,3475,3475,0,0.000,187.037,2117,69952806
"benchmark-example:english-extra-8-cpu","bd/english.100MB",8,1000000,3475,3475,0,0.000,187.037,2118,69953136
"benchmark-example:english-extra-8-cpu","bd/english.100MB",8,1000000,3475,3475,0,0.000,187.037,2119,69954174
"benchmark-example:english-extra-8-cpu","bd/english.100MB",8,1000000,3475,3475,0,0.000,187.037,2120,69962115
"benchmark-example:english-extra-8-cpu","bd/english.100MB",8,1000000,3475,3475,0,0.000,187.037,2121,69989579
"benchmark-example:english-extra-8-cpu","bd/english.100MB",8,1000000,3475,3475,0,0.000,187.037,2122,70007227
"benchmark-example:english-extra-8-cpu","bd/english.100MB",8,1000000,3475,3475,0,0.000,187.037,2123,70057653
"benchmark-example:english-extra-8-cpu","bd/english.100MB",8,1000000,3475,3475,0,0.000,187.037,2124,70066623
"benchmark-example:english-extra-8-cpu","bd/english.100MB",8,1000000,3475,3475,0,0.000,187.037,2125,70078973
"benchmark-example:english-extra-8-cpu","bd/english.100MB",8,1000000,3475,3475,0,0.000,187.037,2126,70080734
"benchmark-example:english-extra-8-cpu","bd/english.100MB",8,1000000,3475,3475,0,0.000,187.037,2127,70142177
"benchmark-example:english-extra-8-cpu","bd/english.100MB",8,1000000,3475,3475,0,0.000,187.037,2128,70181424
"benchmark-example:english-extra-8-cpu","bd/english.100MB",8,1000000,3475,3475,0,0.000,187.037,2129,70183238
"benchmark-example:english-extra-8-cpu","bd/english.100MB",8,1000000,3475,3475,0,0.000,187.037,2130,70202922
"benchmark-example:english-extra-8-cpu","bd/english.100MB",8,1000000,3475,3475,0,0.000,187.037,2131,70230612
"benchmark-example:english-extra-8-cpu","bd/english.100MB",8,1000000,3475,3475,0,0.000,187.037,2132,70252959
"benchmark-example:english-extra-8-cpu","bd/english.100MB",8,1000000,3475,3475,0,0.000,187.037,2133,70258545
"benchmark-example:english-extra-8-cpu","bd/english.100MB",8,1000000,3475,3475,0,0.000,187.037,2134,70259046
"benchmark-example:english-extra-8-cpu","bd/english.100MB",8,1000000,3475,3475,0,0.000,187.037,2135,70304861
"benchmark-example:english-extra-8-cpu","bd/english.100MB",8,1000000,3475,3475,0,0.000,187.037,2136,70421139
"benchmark-example:english-extra-8-cpu","bd/english.100MB",8,1000000,3475,3475,0,0.000,187.037,2137,70493290
"benchmark-example:english-extra-8-cpu","bd/english.100MB",8,1000000,3475,3475,0,0.000,187.037,2138,70575150
"benchmark-example:english-extra-8-cpu","bd/english.100MB",8,1000000,3475,3475,0,0.000,187.037,2139,70583877
"benchmark-example:english-extra-8-cpu","bd/english.100MB",8,1000000,3475,3475,0,0.000,187.037,2140,70608934
"benchmark-example:english-extra-8-cpu","bd/english.100MB",8,1000000,3475,3475,0,0.000,187.037,2141,70642286
"benchmark-example:english-extra-8-cpu","bd/english.100MB",8,1000000,3475,3475,0,0.000,187.037,2142,70665422
"benchmark-example:english-extra-8-cpu","bd/english.100MB",8,1000000,3475,3475,0,0.000,187.037,2143,70685388
"benchmark-example:english-extra-8-cpu","bd/english.100MB",8,1000000,3475,3475,0,0.000,187.037,2144,70693947
"benchmark-example:english-extra-8-cpu","bd/english.100MB",8,1000000,3475,3475,0,0.000,187.037,2145,70696312
"benchmark-example:english-extra-8-cpu","bd/english.100MB",8,1000000,3475,3475,0,0.000,187.037,2146,70831688
"benchmark-example:english-extra-8-cpu","bd/english.100MB",8,1000000,3475,3475,0,0.000,187.037,2147,70893259
"benchmark-example:english-extra-8-cpu","bd/english.100MB",8,1000000,3475,3475,0,0.000,187.037,2148,70928837
"benchmark-example:english-extra-8-cpu","bd/english.100MB",8,1000000,3475,3475,0,0.000,187.037,2149,70941430
"benchmark-example:english-extra-8-cpu","bd/english.100MB",8,1000000,3475,3475,0,0.000,187.037,2150,70945508
"benchmark-example:english-extra-8-cpu","bd/english.100MB",8,1000000,3475,3475,0,0.000,187.037,2151,70960874
"benchmark-example:english-extra-8-cpu","bd/english.100MB",8,1000000,3475,3475,0,0.000,187.037,2152,71016543
"benchmark-example:english-extra-8-cpu","bd/english.100MB",8,1000000,3475,3475,0,0.000,187.037,2153,71062124
"benchmark-example:english-extra-8-cpu","bd/english.100MB",8,1000000,3475,3475,0,0.000,187.037,2154,71114802
"benchmark-example:english-extra-8-cpu","bd/english.100MB",8,1000000,3475,3475,0,0.000,187.037,2155,71140966
"benchmark-example:english-extra-8-cpu","bd/english.100MB",8,1000000,3475,3475,0,0.000,187.037,2156,71175526
"benchmark-example:english-extra-8-cpu","bd/english.100MB",8,1000000,3475,3475,0,0.000,187.037,2157,71232638
"benchmark-example:english-extra-8-cpu","bd/english.100MB",8,1000000,3475,3475,0,0.000,187.037,2158,71365200
"benchmark-example:english-extra-8-cpu","bd/english.100MB",8,1000000,3475,3475,0,0.000,187.037,2159,71379143
"benchmark-example:english-extra-8-cpu","bd/english.100MB",8,1000000,3475,3475,0,0.000,187.037,2160,71385391
"benchmark-example:english-extra-8-cpu","bd/english.100MB",8,1000000,3475,3475,0,0.000,187.037,2161,71401525
"benchmark-example:english-extra-8-cpu","bd/english.100MB",8,1000000,3475,3475,0,0.000,187.037,2162,71424436
"benchmark-example:english-extra-8-cpu","bd/english.100MB",8,1000000,3475,3475,0,0.000,187.037,2163,71430880
"benchmark-example:english-extra-8-cpu","bd/english.100MB",8,1000000,3475,3475,0,0.000,187.037,2164,71465672
"benchmark-example:english-extra-8-cpu","bd/english.100MB",8,1000000,3475,3475,0,0.000,187.037,2165,71521238
"benchmark-example:english-extra-8-cpu","bd/english.100MB",8,1000000,3475,3475,0,0.000,187.037,2166,71556864
"benchmark-example:english-extra-8-cpu","bd/english.100MB",8,1000000,3475,3475,0,0.000,187.037,2167,71560012
"benchmark-example:english-extra-8-cpu","bd/english.100MB",8,1000000,3475,3475,0,0.000,187.037,2168,71560592
"benchmark-example:english-extra-8-cpu","bd/english.100MB",8,1000000,3475,3475,0,0.000,187.037,2169,71648915
"benchmark-example:english-extra-8-cpu","bd/english.100MB",8,1000000,3475,3475,0,0.000,187.037,2170,71692442
"benchmark-example:english-extra-8-cpu","bd/english.100MB",8,1000000,3475,3475,0,0.000,187.037,2171,71764262
"benchmark-example:english-extra-8-cpu","bd/english.100MB",8,1000000,3475,3475,0,0.000,187.037,2172,71764646
"benchmark-example:english-extra-8-cpu","bd/english.100MB",8,1000000,3475,3475,0,0.000,187.037,2173,71793911
"benchmark-example:english-extra-8-cpu","bd/english.100MB",8,1000000,3475,3475,0,0.000,187.037,2174,71816545
"benchmark-example:english-extra-8-cpu","bd/english.100MB",8,1000000,3475,3475,0,0.000,187.037,2175,71828270
"benchmark-example:english-extra-8-cpu","bd/english.100MB",8,1000000,3475,3475,0,0.000,187.037,2176,71829588
"benchmark-example:english-extra-8-cpu","bd/english.100MB",8,1000000,3475,3475,0,0.000,187.037,2177,71854827
"benchmark-example:english-extra-8-cpu","bd/english.100MB",8,1000000,3475,3475,0,0.000,187.037,2178,71864438
"benchmark-example:english-extra-8-cpu","bd/english.100MB",8,1000000,3475,3475,0,0.000,187.037,2179,71864976
"benchmark-example:english-extra-8-cpu","bd/english.100MB",8,1000000,3475,3475,0,0.000,187.037,2180,71887144
"benchmark-example:english-extra-8-cpu","bd/english.100MB",8,1000000,3475,3475,0,0.000,187.037,2181,71896407
"benchmark-example:english-extra-8-cpu","bd/english.100MB",8,1000000,3475,3475,0,0.000,187.037,2182,71954337
"benchmark-example:english-extra-8-cpu","bd/english.100MB",8,1000000,3475,3475,0,0.000,187.037,2183,71958577
"benchmark-example:english-extra-8-cpu","bd/english.100MB",8,1000000,3475,3475,0,0.000,187.037,2184,72005022
"benchmark-example:english-extra-8-cpu","bd/english.100MB",8,1000000,3475,3475,0,0.000,187.037,2185,72016203
"benchmark-example:english-extra-8-cpu","bd/english.100MB",8,1000000,3475,3475,0,0.000,187.037,2186,72086628
"benchmark-example:english-extra-8-cpu","bd/english.100MB",8,1000000,3475,3475,0,0.000,187.037,2187,72136499
"benchmark-example:english-extra-8-cpu","bd/english.100MB",8,1000000,3475,3475,0,0.000,187.037,2188,72138227
"benchmark-example:english-extra-8-cpu","bd/english.100MB",8,1000000,3475,3475,0,0.000,187.037,2189,72143991
"benchmark-example:english-extra-8-cpu","bd/english.100MB",8,1000000,3475,3475,0,0.000,187.037,2190,72147253
"benchmark-example:english-extra-8-cpu","bd/english.100MB",8,1000000,3475,3475,0,0.000,187.037,2191,72184737
"benchmark-example:english-extra-8-cpu","bd/english.100MB",8,1000000,3475,3475,0,0.000,187.037,2192,72189049
"benchmark-example:english-extra-8-cpu","bd/english.100MB",8,1000000,3475,3475,0,0.000,187.037,2193,72200078
"benchmark-example:english-extra-8-cpu","bd/english.100MB",8,1000000,3475,3475,0,0.000,187.037,2194,72203467
"benchmark-example:english-extra-8-cpu","bd/english.100MB",8,1000000,3475,3475,0,0.000,187.037,2195,72222334
"benchmark-example:english-extra-8-cpu","bd/english.100MB",8,1000000,3475,3475,0,0.000,187.037,2196,72255873
"benchmark-example:english-extra-8-cpu","bd/english.100MB",8,1000000,3475,3475,0,0.000,187.037,2197,72356317
"benchmark-example:english-extra-8-cpu","bd/english.100MB",8,1000000,3475,3475,0,0.000,187.037,2198,72440511
"benchmark-example:english-extra-8-cpu","bd/english.100MB",8,1000000,3475,3475,0,0.000,187.037,2199,72443631
"benchmark-example:english-extra-8-cpu","bd/english.100MB",8,1000000,3475,3475,0,0.000,187.037,2200,72456097
"benchmark-example:english-extra-8-cpu","bd/english.100MB",8,1000000,3475,3475,0,0.000,187.037,2201,72458387
"benchmark-example:english-extra-8-cpu","bd/english.100MB",8,1000000,3475,3475,0,0.000,187.037,2202,72459839
"benchmark-example:english-extra-8-cpu","bd/english.100MB",8,1000000,3475,3475,0,0.000,187.037,2203,72459876
"benchmark-example:english-extra-8-cpu","bd/english.100MB",8,1000000,3475,3475,0,0.000,187.037,2204,72461700
"benchmark-example:english-extra-8-cpu","bd/english.100MB",8,1000000,3475,3475,0,0.000,187.037,2205,72494327
"benchmark-example:english-extra-8-cpu","bd/english.100MB",8,1000000,3475,3475,0,0.000,187.037,2206,72494856
"benchmark-example:english-extra-8-cpu","bd/english.100MB",8,1000000,3475,3475,0,0.000,187.037,2207,72494965
"benchmark-example:english-extra-8-cpu","bd/english.100MB",8,1000000,3475,3475,0,0.000,187.037,2208,72495247
"benchmark-example:english-extra-8-cpu","bd/english.100MB",8,1000000,3475,3475,0,0.000,187.037,2209,72497290
"benchmark-example:english-extra-8-cpu","bd/english.100MB",8,1000000,3475,3475,0,0.000,187.037,2210,72497818
"benchmark-example:english-extra-8-cpu","bd/english.100MB",8,1000000,3475,3475,0,0.000,187.037,2211,72521986
"benchmark-example:english-extra-8-cpu","bd/english.100MB",8,1000000,3475,3475,0,0.000,187.037,2212,72561495
"benchmark-example:english-extra-8-cpu","bd/english.100MB",8,1000000,3475,3475,0,0.000,187.037,2213,72743749
"benchmark-example:english-extra-8-cpu","bd/english.100MB",8,1000000,3475,3475,0,0.000,187.037,2214,72815994
"benchmark-example:english-extra-8-cpu","bd/english.100MB",8,1000000,3475,3475,0,0.000,187.037,2215,72842194
"benchmark-example:english-extra-8-cpu","bd/english.100MB",8,1000000,3475,3475,0,0.000,187.037,2216,72872945
"benchmark-example:english-extra-8-cpu","bd/english.100MB",8,1000000,3475,3475,0,0.000,187.037,2217,72895235
"benchmark-example:english-extra-8-cpu","bd/english.100MB",8,1000000,3475,3475,0,0.000,187.037,2218,72897740
"benchmark-example:english-extra-8-cpu","bd/english.100MB",8,1000000,3475,3475,0,0.000,187.037,2219,72908532
"benchmark-example:english-extra-8-cpu","bd/english.100MB",8,1000000,3475,3475,0,0.000,187.037,2220,72920017
"benchmark-example:english-extra-8-cpu","bd/english.100MB",8,1000000,3475,3475,0,0.000,187.037,2221,72923401
"benchmark-example:english-extra-8-cpu","bd/english.100MB",8,1000000,3475,3475,0,0.000,187.037,2222,72956136
"benchmark-example:english-extra-8-cpu","bd/english.100MB",8,1000000,3475,3475,0,0.000,187.037,2223,72977396
"benchmark-example:english-extra-8-cpu","bd/english.100MB",8,1000000,3475,3475,0,0.000,187.037,2224,72999946
"benchmark-example:english-extra-8-cpu","bd/english.100MB",8,1000000,3475,3475,0,0.000,187.037,2225,73001939
"benchmark-example:english-extra-8-cpu","bd/english.100MB",8,1000000,3475,3475,0,0.000,187.037,2226,73008019
"benchmark-example:english-extra-8-cpu","bd/english.100MB",8,1000000,3475,3475,0,0.000,187.037,2227,73026743
"benchmark-example:english-extra-8-cpu","bd/english.100MB",8,1000000,3475,3475,0,0.000,187.037,2228,73041183
"benchmark-example:english-extra-8-cpu","bd/english.100MB",8,1000000,3475,3475,0,0.000,187.037,2229,73048280
"benchmark-example:english-extra-8-cpu","bd/english.100MB",8,1000000,3475,3475,0,0.000,187.037,2230,73050927
"benchmark-example:english-extra-8-cpu","bd/english.100MB",8,1000000,3475,3475,0,0.000,187.037,2231,73058512
"benchmark-example:english-extra-8-cpu","bd/english.100MB",8,1000000,3475,3475,0,0.000,187.037,2232,73088478
"benchmark-example:english-extra-8-cpu","bd/english.100MB",8,1000000,3475,3475,0,0.000,187.037,2233,73100266
"benchmark-example:english-extra-8-cpu","bd/english.100MB",8,1000000,3475,3475,0,0.000,187.037,2234,73115362
"benchmark-example:english-extra-8-cpu","bd/english.100MB",8,1000000,3475,3475,0,0.000,187.037,2235,73149449
"benchmark-example:english-extra-8-cpu","bd/english.100MB",8,1000000,3475,3475,0,0.000,187.037,2236,73172235
"benchmark-example:english-extra-8-cpu","bd/english.100MB",8,1000000,3475,3475,0,0.000,187.037,2237,73189084
"benchmark-example:english-extra-8-cpu","bd/english.100MB",8,1000000,3475,3475,0,0.000,187.037,2238,73211256
"benchmark-example:english-extra-8-cpu","bd/english.100MB",8,1000000,3475,3475,0,0.000,187.037,2239,73213474
"benchmark-example:english-extra-8-cpu","bd/english.100MB",8,1000000,3475,3475,0,0.000,187.037,2240,73216528
"benchmark-example:english-extra-8-cpu","bd/english.100MB",8,1000000,3475,3475,0,0.000,187.037,2241,73217594
"benchmark-example:english-extra-8-cpu","bd/english.100MB",8,1000000,3475,3475,0,0.000,187.037,2242,73224136
"benchmark-example:english-extra-8-cpu","bd/english.100MB",8,1000000,3475,3475,0,0.000,187.037,2243,73226209
"benchmark-example:english-extra-8-cpu","bd/english.100MB",8,1000000,3475,3475,0,0.000,187.037,2244,73226463
"benchmark-example:english-extra-8-cpu","bd/english.100MB",8,1000000,3475,3475,0,0.000,187.037,2245,73226496
"benchmark-example:english-extra-8-cpu","bd/english.100MB",8,1000000,3475,3475,0,0.000,187.037,2246,73227288
"benchmark-example:english-extra-8-cpu","bd/english.100MB",8,1000000,3475,3475,0,0.000,187.037,2247,73234948
"benchmark-example:english-extra-8-cpu","bd/english.100MB",8,1000000,3475,3475,0,0.000,187.037,2248,73235549
"benchmark-example:english-extra-8-cpu","bd/english.100MB",8,1000000,3475,3475,0,0.000,187.037,2249,73245422
"benchmark-example:english-extra-8-cpu","bd/english.100MB",8,1000000,3475,3475,0,0.000,187.037,2250,73252304
"benchmark-example:english-extra-8-cpu","bd/english.100MB",8,1000000,3475,3475,0,0.000,187.037,2251,73271462
"benchmark-example:english-extra-8-cpu","bd/english.100MB",8,1000000,3475,3475,0,0.000,187.037,2252,73292718
"benchmark-example:english-extra-8-cpu","bd/english.100MB",8,1000000,3475,3475,0,0.000,187.037,2253,73305042
"benchmark-example:english-extra-8-cpu","bd/english.100MB",8,1000000,3475,3475,0,0.000,187.037,2254,73315091
"benchmark-example:english-extra-8-cpu","bd/english.100MB",8,1000000,3475,3475,0,0.000,187.037,2255,73322084
"benchmark-example:english-extra-8-cpu","bd/english.100MB",8,1000000,3475,3475,0,0.000,187.037,2256,73322934
"benchmark-example:english-extra-8-cpu","bd/english.100MB",8,1000000,3475,3475,0,0.000,187.037,2257,73324478
"benchmark-example:english-extra-8-cpu","bd/english.100MB",8,1000000,3475,3475,0,0.000,187.037,2258,73325673
"benchmark-example:english-extra-8-cpu","bd/english.100MB",8,1000000,3475,3475,0,0.000,187.037,2259,73325900
"benchmark-example:english-extra-8-cpu","bd/english.100MB",8,1000000,3475,3475,0,0.000,187.037,2260,73330415
"benchmark-example:english-extra-8-cpu","bd/english.100MB",8,1000000,3475,3475,0,0.000,187.037,2261,73337092
"benchmark-example:english-extra-8-cpu","bd/english.100MB",8,1000000,3475,3475,0,0.000,187.037,2262,73338231
"benchmark-example:english-extra-8-cpu","bd/english.100MB",8,1000000,3475,3475,0,0.000,187.037,2263,73338468
"benchmark-example:english-extra-8-cpu","bd/english.100MB",8,1000000,3475,3475,0,0.000,187.037,2264,73346875
"benchmark-example:english-extra-8-cpu","bd/english.100MB",8,1000000,3475,3475,0,0.000,187.037,2265,73357859
"benchmark-example:english-extra-8-cpu","bd/english.100MB",8,1000000,3475,3475,0,0.000,187.037,2266,73365631
"benchmark-example:english-extra-8-cpu","bd/english.100MB",8,1000000,3475,3475,0,0.000,187.037,2267,73369932
"benchmark-example:english-extra-8-cpu","bd/english.100MB",8,1000000,3475,3475,0,0.000,187.037,2268,73370228
"benchmark-example:english-extra-8-cpu","bd/english.100MB",8,1000000,3475,3475,0,0.000,187.037,2269,73371995
"benchmark-example:english-extra-8-cpu","bd/english.100MB",8,1000000,3475,3475,0,0.000,187.037,2270,73373502
"benchmark-example:english-extra-8-cpu","bd/english.100MB",8,1000000,3475,3475,0,0.000,187.037,2271,73373853
"benchmark-example:english-extra-8-cpu","bd/english.100MB",8,1000000,3475,3475,0,0.000,187.037,2272,73374559
"benchmark-example:english-extra-8-cpu","bd/english.100MB",8,1000000,3475,3475,0,0.000,187.037,2273,73374755
"benchmark-example:english-extra-8-cpu","bd/english.100MB",8,1000000,3475,3475,0,0.000,187.037,2274,73380139
"benchmark-example:english-extra-8-cpu","bd/english.100MB",8,1000000,3475,3475,0,0.000,187.037,2275,73387278
"benchmark-example:english-extra-8-cpu","bd/english.100MB",8,1000000,3475,3475,0,0.000,187.037,2276,73388451
"benchmark-example:english-extra-8-cpu","bd/english.100MB",8,1000000,3475,3475,0,0.000,187.037,2277,73391324
"benchmark-example:english-extra-8-cpu","bd/english.100MB",8,1000000,3475,3475,0,0.000,187.037,2278,73404453
"benchmark-example:english-extra-8-cpu","bd/english.100MB",8,1000000,3475,3475,0,0.000,187.037,2279,73406653
"benchmark-example:english-extra-8-cpu","bd/english.100MB",8,1000000,3475,3475,0,0.000,187.037,2280,73420492
"benchmark-example:english-extra-8-cpu","bd/english.100MB",8,1000000,3475,3475,0,0.000,187.037,2281,73425941
"benchmark-example:english-extra-8-cpu","bd/english.100MB",8,1000000,3475,3475,0,0.000,187.037,2282,73429690
"benchmark-example:english-extra-8-cpu","bd/english.100MB",8,1000000,3475,3475,0,0.000,187.037,2283,73431283
"benchmark-example:english-extra-8-cpu","bd/english.100MB",8,1000000,3475,3475,0,0.000,187.037,2284,73434152
"benchmark-example:english-extra-8-cpu","bd/english.100MB",8,1000000,3475,3475,0,0.000,187.037,2285,73436767
"benchmark-example:english-extra-8-cpu","bd/english.100MB",8,1000000,3475,3475,0,0.000,187.037,2286,73440221
"benchmark-example:english-extra-8-cpu","bd/english.100MB",8,1000000,3475,3475,0,0.000,187.037,2287,73441654
"benchmark-example:english-extra-8-cpu","bd/english.100MB",8,1000000,3475,3475,0,0.000,187.037,2288,73471584
"benchmark-example:english-extra-8-cpu","bd/english.100MB",8,1000000,3475,3475,0,0.000,187.037,2289,73484884
"benchmark-example:english-extra-8-cpu","bd/english.100MB",8,1000000,3475,3475,0,0.000,187.037,2290,73485056
"benchmark-example:english-extra-8-cpu","bd/english.100MB",8,1000000,3475,3475,0,0.000,187.037,2291,73486518
"benchmark-example:english-extra-8-cpu","bd/english.100MB",8,1000000,3475,3475,0,0.000,187.037,2292,73487446
"benchmark-example:english-extra-8-cpu","bd/english.100MB",8,1000000,3475,3475,0,0.000,187.037,2293,73491019
"benchmark-example:english-extra-8-cpu","bd/english.100MB",8,1000000,3475,3475,0,0.000,187.037,2294,73491906
"benchmark-example:english-extra-8-cpu","bd/english.100MB",8,1000000,3475,3475,0,0.000,187.037,2295,73493626
"benchmark-example:english-extra-8-cpu","bd/english.100MB",8,1000000,3475,3475,0,0.000,187.037,2296,73498417
"benchmark-example:english-extra-8-cpu","bd/english.100MB",8,1000000,3475,3475,0,0.000,187.037,2297,73508102
"benchmark-example:english-extra-8-cpu","bd/english.100MB",8,1000000,3475,3475,0,0.000,187.037,2298,73512573
"benchmark-example:english-extra-8-cpu","bd/english.100MB",8,1000000,3475,3475,0,0.000,187.037,2299,73515701
"benchmark-example:english-extra-8-cpu","bd/english.100MB",8,1000000,3475,3475,0,0.000,187.037,2300,73527033
"benchmark-example:english-extra-8-cpu","bd/english.100MB",8,1000000,3475,3475,0,0.000,187.037,2301,73540202
"benchmark-example:english-extra-8-cpu","bd/english.100MB",8,1000000,3475,3475,0,0.000,187.037,2302,73558973
"benchmark-example:english-extra-8-cpu","bd/english.100MB",8,1000000,3475,3475,0,0.000,187.037,2303,73563686
"benchmark-example:english-extra-8-cpu","bd/english.100MB",8,1000000,3475,3475,0,0.000,187.037,2304,73564094
"benchmark-example:english-extra-8-cpu","bd/english.100MB",8,1000000,3475,3475,0,0.000,187.037,2305,73654562
"benchmark-example:english-extra-8-cpu","bd/english.100MB",8,1000000,3475,3475,0,0.000,187.037,2306,73688280
"benchmark-example:english-extra-8-cpu","bd/english.100MB",8,1000000,3475,3475,0,0.000,187.037,2307,73691234
"benchmark-example:english-extra-8-cpu","bd/english.100MB",8,1000000,3475,3475,0,0.000,187.037,2308,73696157
"benchmark-example:english-extra-8-cpu","bd/english.100MB",8,1000000,3475,3475,0,0.000,187.037,2309,73706052
"benchmark-example:english-extra-8-cpu","bd/english.100MB",8,1000000,3475,3475,0,0.000,187.037,2310,73708663
"benchmark-example:english-extra-8-cpu","bd/english.100MB",8,1000000,3475,3475,0,0.000,187.037,2311,73708698
"benchmark-example:english-extra-8-cpu","bd/english.100MB",8,1000000,3475,3475,0,0.000,187.037,2312,73711769
"benchmark-example:english-extra-8-cpu","bd/english.100MB",8,1000000,3475,3475,0,0.000,187.037,2313,73765733
"benchmark-example:english-extra-8-cpu","bd/english.100MB",8,1000000,3475,3475,0,0.000,187.037,2314,73778708
"benchmark-example:english-extra-8-cpu","bd/english.100MB",8,1000000,3475,3475,0,0.000,187.037,2315,73778793
"benchmark-example:english-extra-8-cpu","bd/english.100MB",8,1000000,3475,3475,0,0.000,187.037,2316,73791678
"benchmark-example:english-extra-8-cpu","bd/english.100MB",8,1000000,3475,3475,0,0.000,187.037,2317,73793327
"benchmark-example:english-extra-8-cpu","bd/english.100MB",8,1000000,3475,3475,0,0.000,187.037,2318,73809495
"benchmark-example:english-extra-8-cpu","bd/english.100MB",8,1000000,3475,3475,0,0.000,187.037,2319,73842721
"benchmark-example:english-extra-8-cpu","bd/english.100MB",8,1000000,3475,3475,0,0.000,187.037,2320,73847898
"benchmark-example:english-extra-8-cpu","bd/english.100MB",8,1000000,3475,3475,0,0.000,187.037,2321,73847937
"benchmark-example:english-extra-8-cpu","bd/english.100MB",8,1000000,3475,3475,0,0.000,187.037,2322,73944622
"benchmark-example:english-extra-8-cpu","bd/english.100MB",8,1000000,3475,3475,0,0.000,187.037,2323,73963596
"benchmark-example:english-extra-8-cpu","bd/english.100MB",8,1000000,3475,3475,0,0.000,187.037,2324,73969971
"benchmark-example:english-extra-8-cpu","bd/english.100MB",8,1000000,3475,3475,0,0.000,187.037,2325,74027737
"benchmark-example:english-extra-8-cpu","bd/english.100MB",8,1000000,3475,3475,0,0.000,187.037,2326,74043113
"benchmark-example:english-extra-8-cpu","bd/english.100MB",8,1000000,3475,3475,0,0.000,187.037,2327,74076707
"benchmark-example:english-extra-8-cpu","bd/english.100MB",8,1000000,3475,3475,0,0.000,187.037,2328,74099545
"benchmark-example:english-extra-8-cpu","bd/english.100MB",8,1000000,3475,3475,0,0.000,187.037,2329,74102513
"benchmark-example:english-extra-8-cpu","bd/english.100MB",8,1000000,3475,3475,0,0.000,187.037,2330,74121931
"benchmark-example:english-extra-8-cpu","bd/english.100MB",8,1000000,3475,3475,0,0.000,187.037,2331,74121978
"benchmark-example:english-extra-8-cpu","bd/english.100MB",8,1000000,3475,3475,0,0.000,187.037,2332,74128388
"benchmark-example:english-extra-8-cpu","bd/english.100MB",8,1000000,3475,3475,0,0.000,187.037,2333,74141959
"benchmark-example:english-extra-8-cpu","bd/english.100MB",8,1000000,3475,3475,0,0.000,187.037,2334,74149568
"benchmark-example:english-extra-8-cpu","bd/english.100MB",8,1000000,3475,3475,0,0.000,187.037,2335,74151318
"benchmark-example:english-extra-8-cpu","bd/english.100MB",8,1000000,3475,3475,0,0.000,187.037,2336,74158770
"benchmark-example:english-extra-8-cpu","bd/english.100MB",8,1000000,3475,3475,0,0.000,187.037,2337,74165412
"benchmark-example:english-extra-8-cpu","bd/english.100MB",8,1000000,3475,3475,0,0.000,187.037,2338,74182824
"benchmark-example:english-extra-8-cpu","bd/english.100MB",8,1000000,3475,3475,0,0.000,187.037,2339,74188234
"benchmark-example:english-extra-8-cpu","bd/english.100MB",8,1000000,3475,3475,0,0.000,187.037,2340,74188740
"benchmark-example:english-extra-8-cpu","bd/english.100MB",8,1000000,3475,3475,0,0.000,187.037,2341,74188812
"benchmark-example:english-extra-8-cpu","bd/english.100MB",8,1000000,3475,3475,0,0.000,187.037,2342,74188845
"benchmark-example:english-extra-8-cpu","bd/english.100MB",8,1000000,3475,3475,0,0.000,187.037,2343,74188865
"benchmark-example:english-extra-8-cpu","bd/english.100MB",8,1000000,3475,3475,0,0.000,187.037,2344,74190028
"benchmark-example:english-extra-8-cpu","bd/english.100MB",8,1000000,3475,3475,0,0.000,187.037,2345,74214788
"benchmark-example:english-extra-8-cpu","bd/english.100MB",8,1000000,3475,3475,0,0.000,187.037,2346,74228740
"benchmark-example:english-extra-8-cpu","bd/english.100MB",8,1000000,3475,3475,0,0.000,187.037,2347,74232562
"benchmark-example:english-extra-8-cpu","bd/english.100MB",8,1000000,3475,3475,0,0.000,187.037,2348,74234748
"benchmark-example:english-extra-8-cpu","bd/english.100MB",8,1000000,3475,3475,0,0.000,187.037,2349,74245468
"benchmark-example:english-extra-8-cpu","bd/english.100MB",8,1000000,3475,3475,0,0.000,187.037,2350,74246089
"benchmark-example:english-extra-8-cpu","bd/english.100MB",8,1000000,3475,3475,0,0.000,187.037,2351,74246177
"benchmark-example:english-extra-8-cpu","bd/english.100MB",8,1000000,3475,3475,0,0.000,187.037,2352,74270364
"benchmark-example:english-extra-8-cpu","bd/english.100MB",8,1000000,3475,3475,0,0.000,187.037,2353,74274655
"benchmark-example:english-extra-8-cpu","bd/english.100MB",8,1000000,3475,3475,0,0.000,187.037,2354,74287338
"benchmark-example:english-extra-8-cpu","bd/english.100MB",8,1000000,3475,3475,0,0.000,187.037,2355,74293388
"benchmark-example:english-extra-8-cpu","bd/english.100MB",8,1000000,3475,3475,0,0.000,187.037,2356,74299015
"benchmark-example:english-extra-8-cpu","bd/english.100MB",8,1000000,3475,3475,0,0.000,187.037,2357,74301622
"benchmark-example:english-extra-8-cpu","bd/english.100MB",8,1000000,3475,3475,0,0.000,187.037,2358,74311456
"benchmark-example:english-extra-8-cpu","bd/english.100MB",8,1000000,3475,3475,0,0.000,187.037,2359,74329468
"benchmark-example:english-extra-8-cpu","bd/english.100MB",8,1000000,3475,3475,0,0.000,187.037,2360,74340028
"benchmark-example:english-extra-8-cpu","bd/english.100MB",8,1000000,3475,3475,0,0.000,187.037,2361,74365075
"benchmark-example:english-extra-8-cpu","bd/english.100MB",8,1000000,3475,3475,0,0.000,187.037,2362,74370493
"benchmark-example:english-extra-8-cpu","bd/english.100MB",8,1000000,3475,3475,0,0.000,187.037,2363,74373134
"benchmark-example:english-extra-8-cpu","bd/english.100MB",8,1000000,3475,3475,0,0.000,187.037,2364,74386277
"benchmark-example:english-extra-8-cpu","bd/english.100MB",8,1000000,3475,3475,0,0.000,187.037,2365,74414988
"benchmark-example:english-extra-8-cpu","bd/english.100MB",8,1000000,3475,3475,0,0.000,187.037,2366,74450645
"benchmark-example:english-extra-8-cpu","bd/english.100MB",8,1000000,3475,3475,0,0.000,187.037,2367,74455661
"benchmark-example:english-extra-8-cpu","bd/english.100MB",8,1000000,3475,3475,0,0.000,187.037,2368,74461887
"benchmark-example:english-extra-8-cpu","bd/english.100MB",8,1000000,3475,3475,0,0.000,187.037,2369,74479068
"benchmark-example:english-extra-8-cpu","bd/english.100MB",8,1000000,3475,3475,0,0.000,187.037,2370,74483939
"benchmark-example:english-extra-8-cpu","bd/english.100MB",8,1000000,3475,3475,0,0.000,187.037,2371,74494718
"benchmark-example:english-extra-8-cpu","bd/english.100MB",8,1000000,3475,3475,0,0.000,187.037,2372,74494938
"benchmark-example:english-extra-8-cpu","bd/english.100MB",8,1000000,3475,3475,0,0.000,187.037,2373,74499078
"benchmark-example:english-extra-8-cpu","bd/english.100MB",8,1000000,3475,3475,0,0.000,187.037,2374,74504341
"benchmark-example:english-extra-8-cpu","bd/english.100MB",8,1000000,3475,3475,0,0.000,187.037,2375,74513035
"benchmark-example:english-extra-8-cpu","bd/english.100MB",8,1000000,3475,3475,0,0.000,187.037,2376,74514030
"benchmark-example:english-extra-8-cpu","bd/english.100MB",8,1000000,3475,3475,0,0.000,187.037,2377,74515864
"benchmark-example:english-extra-8-cpu","bd/english.100MB",8,1000000,3475,3475,0,0.000,187.037,2378,74516859
"benchmark-example:english-extra-8-cpu","bd/english.100MB",8,1000000,3475,3475,0,0.000,187.037,2379,74517569
"benchmark-example:english-extra-8-cpu","bd/english.100MB",8,1000000,3475,3475,0,0.000,187.037,2380,74522756
"benchmark-example:english-extra-8-cpu","bd/english.100MB",8,1000000,3475,3475,0,0.000,187.037,2381,74538807
"benchmark-example:english-extra-8-cpu","bd/english.100MB",8,1000000,3475,3475,0,0.000,187.037,2382,74556852
"benchmark-example:english-extra-8-cpu","bd/english.100MB",8,1000000,3475,3475,0,0.000,187.037,2383,74573783
"benchmark-example:english-extra-8-cpu","bd/english.100MB",8,1000000,3475,3475,0,0.000,187.037,2384,74613813
"benchmark-example:english-extra-8-cpu","bd/english.100MB",8,1000000,3475,3475,0,0.000,187.037,2385,74614427
"benchmark-example:english-extra-8-cpu","bd/english.100MB",8,1000000,3475,3475,0,0.000,187.037,2386,74615394
"benchmark-example:english-extra-8-cpu","bd/english.100MB",8,1000000,3475,3475,0,0.000,187.037,2387,74624581
"benchmark-example:english-extra-8-cpu","bd/english.100MB",8,1000000,3475,3475,0,0.000,187.037,2388,74632311
"benchmark-example:english-extra-8-cpu","bd/english.100MB",8,1000000,3475,3475,0,0.000,187.037,2389,74652872
"benchmark-example:english-extra-8-cpu","bd/english.100MB",8,1000000,3475,3475,0,0.000,187.037,2390,74683914
"benchmark-example:english-extra-8-cpu","bd/english.100MB",8,1000000,3475,3475,0,0.000,187.037,2391,74684158
"benchmark-example:english-extra-8-cpu","bd/english.100MB",8,1000000,3475,3475,0,0.000,187.037,2392,74688599
"benchmark-example:english-extra-8-cpu","bd/english.100MB",8,1000000,3475,3475,0,0.000,187.037,2393,74719997
"benchmark-example:english-extra-8-cpu","bd/english.100MB",8,1000000,3475,3475,0,0.000,187.037,2394,74742075
"benchmark-example:english-extra-8-cpu","bd/english.100MB",8,1000000,3475,3475,0,0.000,187.037,2395,74742426
"benchmark-example:english-extra-8-cpu","bd/english.100MB",8,1000000,3475,3475,0,0.000,187.037,2396,74749378
"benchmark-example:english-extra-8-cpu","bd/english.100MB",8,1000000,3475,3475,0,0.000,187.037,2397,74749401
"benchmark-example:english-extra-8-cpu","bd/english.100MB",8,1000000,3475,3475,0,0.000,187.037,2398,74777688
"benchmark-example:english-extra-8-cpu","bd/english.100MB",8,1000000,3475,3475,0,0.000,187.037,2399,74780285
"benchmark-example:english-extra-8-cpu","bd/english.100MB",8,1000000,3475,3475,0,0.000,187.037,2400,74793221
"benchmark-example:english-extra-8-cpu","bd/english.100MB",8,1000000,3475,3475,0,0.000,187.037,2401,74795485
"benchmark-example:english-extra-8-cpu","bd/english.100MB",8,1000000,3475,3475,0,0.000,187.037,2402,74804876
"benchmark-example:english-extra-8-cpu","bd/english.100MB",8,1000000,3475,3475,0,0.000,187.037,2403,74892384
"benchmark-example:english-extra-8-cpu","bd/english.100MB",8,1000000,3475,3475,0,0.000,187.037,2404,75003006
"benchmark-example:english-extra-8-cpu","bd/english.100MB",8,1000000,3475,3475,0,0.000,187.037,2405,75041584
"benchmark-example:english-extra-8-cpu","bd/english.100MB",8,1000000,3475,3475,0,0.000,187.037,2406,75055906
"benchmark-example:english-extra-8-cpu","bd/english.100MB",8,1000000,3475,3475,0,0.000,187.037,2407,75091755
"benchmark-example:english-extra-8-cpu","bd/english.100MB",8,1000000,3475,3475,0,0.000,187.037,2408,75092265
"benchmark-example:english-extra-8-cpu","bd/english.100MB",8,1000000,3475,3475,0,0.000,187.037,2409,75123720
"benchmark-example:english-extra-8-cpu","bd/english.100MB",8,1000000,3475,3475,0,0.000,187.037,2410,75217251
"benchmark-example:english-extra-8-cpu","bd/english.100MB",8,1000000,3475,3475,0,0.000,187.037,2411,75247812
"benchmark-example:english-extra-8-cpu","bd/english.100MB",8,1000000,3475,3475,0,0.000,187.037,2412,75264441
"benchmark-example:english-extra-8-cpu","bd/english.100MB",8,1000000,3475,3475,0,0.000,187.037,2413,75279072
"benchmark-example:english-extra-8-cpu","bd/english.100MB",8,1000000,3475,3475,0,0.000,187.037,2414,75301153
"benchmark-example:english-extra-8-cpu","bd/english.100MB",8,1000000,3475,3475,0,0.000,187.037,2415,75318313
"benchmark-example:english-extra-8-cpu","bd/english.100MB",8,1000000,3475,3475,0,0.000,187.037,2416,75318574
"benchmark-example:english-extra-8-cpu","bd/english.100MB",8,1000000,3475,3475,0,0.000,187.037,2417,75413167
"benchmark-example:english-extra-8-cpu","bd/english.100MB",8,1000000,3475,3475,0,0.000,187.037,2418,75426727
"benchmark-example:english-extra-8-cpu","bd/english.100MB",8,1000000,3475,3475,0,0.000,187.037,2419,75463778
"benchmark-example:english-extra-8-cpu","bd/english.100MB",8,1000000,3475,3475,0,0.000,187.037,2420,75605303
"benchmark-example:english-extra-8-cpu","bd/english.100MB",8,1000000,3475,3475,0,0.000,187.037,2421,75605581
"benchmark-example:english-extra-8-cpu","bd/english.100MB",8,1000000,3475,3475,0,0.000,187.037,2422,75771986
"benchmark-example:english-extra-8-cpu","bd/english.100MB",8,1000000,3475,3475,0,0.000,187.037,2423,75857394
"benchmark-example:english-extra-8-cpu","bd/english.100MB",8,1000000,3475,3475,0,0.000,187.037,2424,76004849
"benchmark-example:english-extra-8-cpu","bd/english.100MB",8,1000000,3475,3475,0,0.000,187.037,2425,76011654
"benchmark-example:english-extra-8-cpu","bd/english.100MB",8,1000000,3475,3475,0,0.000,187.037,2426,76078670
"benchmark-example:english-extra-8-cpu","bd/english.100MB",8,1000000,3475,3475,0,0.000,187.037,2427,76260614
"benchmark-example:english-extra-8-cpu","bd/english.100MB",8,1000000,3475,3475,0,0.000,187.037,2428,76537387
"benchmark-example:english-extra-8-cpu","bd/english.100MB",8,1000000,3475,3475,0,0.000,187.037,2429,76551107
"benchmark-example:english-extra-8-cpu","bd/english.100MB",8,1000000,3475,3475,0,0.000,187.037,2430,76615501
"benchmark-example:english-extra-8-cpu","bd/english.100MB",8,1000000,3475,3475,0,0.000,187.037,2431,76658352
"benchmark-example:english-extra-8-cpu","bd/english.100MB",8,1000000,3475,3475,0,0.000,187.037,2432,76925068
"benchmark-example:english-extra-8-cpu","bd/english.100MB",8,1000000,3475,3475,0,0.000,187.037,2433,77042997
"benchmark-example:english-extra-8-cpu","bd/english.100MB",8,1000000,3475,3475,0,0.000,187.037,2434,77043021
"benchmark-example:english-extra-8-cpu","bd/english.100MB",8,1000000,3475,3475,0,0.000,187.037,2435,77275239
"benchmark-example:english-extra-8-cpu","bd/english.100MB",8,1000000,3475,3475,0,0.000,187.037,2436,78029117
"benchmark-example:english-extra-8-cpu","bd/english.100MB",8,1000000,3475,3475,0,0.000,187.037,2437,78049338
"benchmark-example:english-extra-8-cpu","bd/english.100MB",8,1000000,3475,3475,0,0.000,187.037,2438,78049692
"benchmark-example:english-extra-8-cpu","bd/english.100MB",8,1000000,3475,3475,0,0.000,187.037,2439,78084234
"benchmark-example:english-extra-8-cpu","bd/english.100MB",8,1000000,3475,3475,0,0.000,187.037,2440,78084708
"benchmark-example:english-extra-8-cpu","bd/english.100MB",8,1000000,3475,3475,0,0.000,187.037,2441,78094926
"benchmark-example:english-extra-8-cpu","bd/english.100MB",8,1000000,3475,3475,0,0.000,187.037,2442,78115232
"benchmark-example:english-extra-8-cpu","bd/english.100MB",8,1000000,3475,3475,0,0.000,187.037,2443,78116680
"benchmark-example:english-extra-8-cpu","bd/english.100MB",8,1000000,3475,3475,0,0.000,187.037,2444,78116736
"benchmark-example:english-extra-8-cpu","bd/english.100MB",8,1000000,3475,3475,0,0.000,187.037,2445,78131098
"benchmark-example:english-extra-8-cpu","bd/english.100MB",8,1000000,3475,3475,0,0.000,187.037,2446,78139638
"benchmark-example:english-extra-8-cpu","bd/english.100MB",8,1000000,3475,3475,0,0.000,187.037,2447,78139694
"benchmark-example:english-extra-8-cpu","bd/english.100MB",8,1000000,3475,3475,0,0.000,187.037,2448,78146460
"benchmark-example:english-extra-8-cpu","bd/english.100MB",8,1000000,3475,3475,0,0.000,187.037,2449,78146645
"benchmark-example:english-extra-8-cpu","bd/english.100MB",8,1000000,3475,3475,0,0.000,187.037,2450,78157295
"benchmark-example:english-extra-8-cpu","bd/english.100MB",8,1000000,3475,3475,0,0.000,187.037,2451,78166174
"benchmark-example:english-extra-8-cpu","bd/english.100MB",8,1000000,3475,3475,0,0.000,187.037,2452,78176521
"benchmark-example:english-extra-8-cpu","bd/english.100MB",8,1000000,3475,3475,0,0.000,187.037,2453,78191549
"benchmark-example:english-extra-8-cpu","bd/english.100MB",8,1000000,3475,3475,0,0.000,187.037,2454,78194672
"benchmark-example:english-extra-8-cpu","bd/english.100MB",8,1000000,3475,3475,0,0.000,187.037,2455,78202396
"benchmark-example:english-extra-8-cpu","bd/english.100MB",8,1000000,3475,3475,0,0.000,187.037,2456,78213510
"benchmark-example:english-extra-8-cpu","bd/english.100MB",8,1000000,3475,3475,0,0.000,187.037,2457,78238308
"benchmark-example:english-extra-8-cpu","bd/english.100MB",8,1000000,3475,3475,0,0.000,187.037,2458,78248116
"benchmark-example:english-extra-8-cpu","bd/english.100MB",8,1000000,3475,3475,0,0.000,187.037,2459,78251059
"benchmark-example:english-extra-8-cpu","bd/english.100MB",8,1000000,3475,3475,0,0.000,187.037,2460,78260254
"benchmark-example:english-extra-8-cpu","bd/english.100MB",8,1000000,3475,3475,0,0.000,187.037,2461,78264104
"benchmark-example:english-extra-8-cpu","bd/english.100MB",8,1000000,3475,3475,0,0.000,187.037,2462,78268800
"benchmark-example:english-extra-8-cpu","bd/english.100MB",8,1000000,3475,3475,0,0.000,187.037,2463,78268893
"benchmark-example:english-extra-8-cpu","bd/english.100MB",8,1000000,3475,3475,0,0.000,187.037,2464,78269131
"benchmark-example:english-extra-8-cpu","bd/english.100MB",8,1000000,3475,3475,0,0.000,187.037,2465,78343578
"benchmark-example:english-extra-8-cpu","bd/english.100MB",8,1000000,3475,3475,0,0.000,187.037,2466,78368933
"benchmark-example:english-extra-8-cpu","bd/english.100MB",8,1000000,3475,3475,0,0.000,187.037,2467,78375587
"benchmark-example:english-extra-8-cpu","bd/english.100MB",8,1000000,3475,3475,0,0.000,187.037,2468,78375705
"benchmark-example:english-extra-8-cpu","bd/english.100MB",8,1000000,3475,3475,0,0.000,187.037,2469,78394320
"benchmark-example:english-extra-8-cpu","bd/english.100MB",8,1000000,3475,3475,0,0.000,187.037,2470,78394837
"benchmark-example:english-extra-8-cpu","bd/english.100MB",8,1000000,3475,3475,0,0.000,187.037,2471,78395575
"benchmark-example:english-extra-8-cpu","bd/english.100MB",8,1000000,3475,3475,0,0.000,187.037,2472,78456393
"benchmark-example:english-extra-8-cpu","bd/english.100MB",8,1000000,3475,3475,0,0.000,187.037,2473,78461864
"benchmark-example:english-extra-8-cpu","bd/english.100MB",8,1000000,3475,3475,0,0.000,187.037,2474,78463753
"benchmark-example:english-extra-8-cpu","bd/english.100MB",8,1000000,3475,3475,0,0.000,187.037,2475,78480338
"benchmark-example:english-extra-8-cpu","bd/english.100MB",8,1000000,3475,3475,0,0.000,187.037,2476,78578419
"benchmark-example:english-extra-8-cpu","bd/english.100MB",8,1000000,3475,3475,0,0.000,187.037,2477,78606907
"benchmark-example:english-extra-8-cpu","bd/english.100MB",8,1000000,3475,3475,0,0.000,187.037,2478,78607379
"benchmark-example:english-extra-8-cpu","bd/english.100MB",8,1000000,3475,3475,0,0.000,187.037,2479,78616476
"benchmark-example:english-extra-8-cpu","bd/english.100MB",8,1000000,3475,3475,0,0.000,187.037,2480,78618704
"benchmark-example:english-extra-8-cpu","bd/english.100MB",8,1000000,3475,3475,0,0.000,187.037,2481,78649809
"benchmark-example:english-extra-8-cpu","bd/english.100MB",8,1000000,3475,3475,0,0.000,187.037,2482,78673838
"benchmark-example:english-extra-8-cpu","bd/english.100MB",8,1000000,3475,3475,0,0.000,187.037,2483,78704860
"benchmark-example:english-extra-8-cpu","bd/english.100MB",8,1000000,3475,3475,0,0.000,187.037,2484,78711180
"benchmark-example:english-extra-8-cpu","bd/english.100MB",8,1000000,3475,3475,0,0.000,187.037,2485,78728872
"benchmark-example:english-extra-8-cpu","bd/english.100MB",8,1000000,3475,3475,0,0.000,187.037,2486,78730824
"benchmark-example:english-extra-8-cpu","bd/english.100MB",8,1000000,3475,3475,0,0.000,187.037,2487,78731291
"benchmark-example:english-extra-8-cpu","bd/english.100MB",8,1000000,3475,3475,0,0.000,187.037,2488,78745939
"benchmark-example:english-extra-8-cpu","bd/english.100MB",8,1000000,3475,3475,0,0.000,187.037,2489,78750991
"benchmark-example:english-extra-8-cpu","bd/english.100MB",8,1000000,3475,3475,0,0.000,187.037,2490,78810044
"benchmark-example:english-extra-8-cpu","bd/english.100MB",8,1000000,3475,3475,0,0.000,187.037,2491,78813649
"benchmark-example:english-extra-8-cpu","bd/english.100MB",8,1000000,3475,3475,0,0.000,187.037,2492,78835849
"benchmark-example:english-extra-8-cpu","bd/english.100MB",8,1000000,3475,3475,0,0.000,187.037,2493,78892631
"benchmark-example:english-extra-8-cpu","bd/english.100MB",8,1000000,3475,3475,0,0.000,187.037,2494,78892706
"benchmark-example:english-extra-8-cpu","bd/english.100MB",8,1000000,3475,3475,0,0.000,187.037,2495,78894002
"benchmark-example:english-extra-8-cpu","bd/english.100MB",8,1000000,3475,3475,0,0.000,187.037,2496,78898268
"benchmark-example:english-extra-8-cpu","bd/english.100MB",8,1000000,3475,3475,0,0.000,187.037,2497,78911224
"benchmark-example:english-extra-8-cpu","bd/english.100MB",8,1000000,3475,3475,0,0.000,187.037,2498,78940504
"benchmark-example:english-extra-8-cpu","bd/english.100MB",8,1000000,3475,3475,0,0.000,187.037,2499,78954205
"benchmark-example:english-extra-8-cpu","bd/english.100MB",8,1000000,3475,3475,0,0.000,187.037,2500,78954263
"benchmark-example:english-extra-8-cpu","bd/english.100MB",8,1000000,3475,3475,0,0.000,187.037,2501,78978798
"benchmark-example:english-extra-8-cpu","bd/english.100MB",8,1000000,3475,3475,0,0.000,187.037,2502,78995069
"benchmark-example:english-extra-8-cpu","bd/english.100MB",8,1000000,3475,3475,0,0.000,187.037,2503,79004357
"benchmark-example:english-extra-8-cpu","bd/english.100MB",8,1000000,3475,3475,0,0.000,187.037,2504,79012856
"benchmark-example:english-extra-8-cpu","bd/english.100MB",8,1000000,3475,3475,0,0.000,187.037,2505,79021897
"benchmark-example:english-extra-8-cpu","bd/english.100MB",8,1000000,3475,3475,0,0.000,187.037,2506,79025635
"benchmark-example:english-extra-8-cpu","bd/english.100MB",8,1000000,3475,3475,0,0.000,187.037,2507,79037938
"benchmark-example:english-extra-8-cpu","bd/english.100MB",8,1000000,3475,3475,0,0.000,187.037,2508,79037966
"benchmark-example:english-extra-8-cpu","bd/english.100MB",8,1000000,3475,3475,0,0.000,187.037,2509,79070914
"benchmark-example:english-extra-8-cpu","bd/english.100MB",8,1000000,3475,3475,0,0.000,187.037,2510,79072001
"benchmark-example:english-extra-8-cpu","bd/english.100MB",8,1000000,3475,3475,0,0.000,187.037,2511,79072068
"benchmark-example:english-extra-8-cpu","bd/english.100MB",8,1000000,3475,3475,0,0.000,187.037,2512,79075654
"benchmark-example:english-extra-8-cpu","bd/english.100MB",8,1000000,3475,3475,0,0.000,187.037,2513,79075701
"benchmark-example:english-extra-8-cpu","bd/english.100MB",8,1000000,3475,3475,0,0.000,187.037,2514,79075755
"benchmark-example:english-extra-8-cpu","bd/english.100MB",8,1000000,3475,3475,0,0.000,187.037,2515,79076277
"benchmark-example:english-extra-8-cpu","bd/english.100MB",8,1000000,3475,3475,0,0.000,187.037,2516,79172156
"benchmark-example:english-extra-8-cpu","bd/english.100MB",8,1000000,3475,3475,0,0.000,187.037,2517,79238705
"benchmark-example:english-extra-8-cpu","bd/english.100MB",8,1000000,3475,3475,0,0.000,187.037,2518,79305484
"benchmark-example:english-extra-8-cpu","bd/english.100MB",8,1000000,3475,3475,0,0.000,187.037,2519,79381460
"benchmark-example:english-extra-8-cpu","bd/english.100MB",8,1000000,3475,3475,0,0.000,187.037,2520,79522052
"benchmark-example:english-extra-8-cpu","bd/english.100MB",8,1000000,3475,3475,0,0.000,187.037,2521,79582762
"benchmark-example:english-extra-8-cpu","bd/english.100MB",8,1000000,3475,3475,0,0.000,187.037,2522,79714005
"benchmark-example:english-extra-8-cpu","bd/english.100MB",8,1000000,3475,3475,0,0.000,187.037,2523,79780487
"benchmark-example:english-extra-8-cpu","bd/english.100MB",8,1000000,3475,3475,0,0.000,187.037,2524,79847232
"benchmark-example:english-extra-8-cpu","bd/english.100MB",8,1000000,3475,3475,0,0.000,187.037,2525,79923244
"benchmark-example:english-extra-8-cpu","bd/english.100MB",8,1000000,3475,3475,0,0.000,187.037,2526,80063905
"benchmark-example:english-extra-8-cpu","bd/english.100MB",8,1000000,3475,3475,0,0.000,187.037,2527,80124563
"benchmark-example:english-extra-8-cpu","bd/english.100MB",8,1000000,3475,3475,0,0.000,187.037,2528,80255962
"benchmark-example:english-extra-8-cpu","bd/english.100MB",8,1000000,3475,3475,0,0.000,187.037,2529,80322663
"benchmark-example:english-extra-8-cpu","bd/english.100MB",8,1000000,3475,3475,0,0.000,187.037,2530,80389426
"benchmark-example:english-extra-8-cpu","bd/english.100MB",8,1000000,3475,3475,0,0.000,187.037,2531,80465478
"benchmark-example:english-extra-8-cpu","bd/english.100MB",8,1000000,3475,3475,0,0.000,187.037,2532,80606132
"benchmark-example:english-extra-8-cpu","bd/english.100MB",8,1000000,3475,3475,0,0.000,187.037,2533,80666891
"benchmark-example:english-extra-8-cpu","bd/english.100MB",8,1000000,3475,3475,0,0.000,187.037,2534,80733911
"benchmark-example:english-extra-8-cpu","bd/english.100MB",8,1000000,3475,3475,0,0.000,187.037,2535,80753453
"benchmark-example:english-extra-8-cpu","bd/english.100MB",8,1000000,3475,3475,0,0.000,187.037,2536,80755958
"benchmark-example:english-extra-8-cpu","bd/english.100MB",8,1000000,3475,3475,0,0.000,187.037,2537,80839196
"benchmark-example:english-extra-8-cpu","bd/english.100MB",8,1000000,3475,3475,0,0.000,187.037,2538,80839978
"benchmark-example:english-extra-8-cpu","bd/english.100MB",8,1000000,3475,3475,0,0.000,187.037,2539,80857281
"benchmark-example:english-extra-8-cpu","bd/english.100MB",8,1000000,3475,3475,0,0.000,187.037,2540,80948505
"benchmark-example:english-extra-8-cpu","bd/english.100MB",8,1000000,3475,3475,0,0.000,187.037,2541,80962109
"benchmark-example:english-extra-8-cpu","bd/english.100MB",8,1000000,3475,3475,0,0.000,187.037,2542,80962183
"benchmark-example:english-extra-8-cpu","bd/english.100MB",8,1000000,3475,3475,0,0.000,187.037,2543,80962257
"benchmark-example:english-extra-8-cpu","bd/english.100MB",8,1000000,3475,3475,0,0.000,187.037,2544,80968253
"benchmark-example:english-extra-8-cpu","bd/english.100MB",8,1000000,3475,3475,0,0.000,187.037,2545,81042867
"benchmark-example:english-extra-8-cpu","bd/english.100MB",8,1000000,3475,3475,0,0.000,187.037,2546,81043616
"benchmark-example:english-extra-8-cpu","bd/english.100MB",8,1000000,3475,3475,0,0.000,187.037,2547,81052358
"benchmark-example:english-extra-8-cpu","bd/english.100MB",8,1000000,3475,3475,0,0.000,187.037,2548,81054475
"benchmark-example:english-extra-8-cpu","bd/english.100MB",8,1000000,3475,3475,0,0.000,187.037,2549,81106452
"benchmark-example:english-extra-8-cpu","bd/english.100MB",8,1000000,3475,3475,0,0.000,187.037,2550,81138011
"benchmark-example:english-extra-8-cpu","bd/english.100MB",8,1000000,3475,3475,0,0.000,187.037,2551,81139142
"benchmark-example:english-extra-8-cpu","bd/english.100MB",8,1000000,3475,3475,0,0.000,187.037,2552,81165670
"benchmark-example:english-extra-8-cpu","bd/english.100MB",8,1000000,3475,3475,0,0.000,187.037,2553,81165716
"benchmark-example:english-extra-8-cpu","bd/english.100MB",8,1000000,3475,3475,0,0.000,187.037,2554,81185879
"benchmark-example:english-extra-8-cpu","bd/english.100MB",8,1000000,3475,3475,0,0.000,187.037,2555,81194828
"benchmark-example:english-extra-8-cpu","bd/english.100MB",8,1000000,3475,3475,0,0.000,187.037,2556,81198790
"benchmark-example:english-extra-8-cpu","bd/english.100MB",8,1000000,3475,3475,0,0.000,187.037,2557,81277726
"benchmark-example:english-extra-8-cpu","bd/english.100MB",8,1000000,3475,3475,0,0.000,187.037,2558,81300526
"benchmark-example:english-extra-8-cpu","bd/english.100MB",8,1000000,3475,3475,0,0.000,187.037,2559,81310025
"benchmark-example:english-extra-8-cpu","bd/english.100MB",8,1000000,3475,3475,0,0.000,187.037,2560,81329635
"benchmark-example:english-extra-8-cpu","bd/english.100MB",8,1000000,3475,3475,0,0.000,187.037,2561,81332243
"benchmark-example:english-extra-8-cpu","bd/english.100MB",8,1000000,3475,3475,0,0.000,187.037,2562,81342672
"benchmark-example:english-extra-8-cpu","bd/english.100MB",8,1000000,3475,3475,0,0.000,187.037,2563,81360966
"benchmark-example:english-extra-8-cpu","bd/english.100MB",8,1000000,3475,3475,0,0.000,187.037,2564,81367968
"benchmark-example:english-extra-8-cpu","bd/english.100MB",8,1000000,3475,3475,0,0.000,187.037,2565,81369687
"benchmark-example:english-extra-8-cpu","bd/english.100MB",8,1000000,3475,3475,0,0.000,187.037,2566,81372749
"benchmark-example:english-extra-8-cpu","bd/english.100MB",8,1000000,3475,3475,0,0.000,187.037,2567,81379901
"benchmark-example:english-extra-8-cpu","bd/english.100MB",8,1000000,3475,3475,0,0.000,187.037,2568,81396047
"benchmark-example:english-extra-8-cpu","bd/english.100MB",8,1000000,3475,3475,0,0.000,187.037,2569,81451966
"benchmark-example:english-extra-8-cpu","bd/english.100MB",8,1000000,3475,3475,0,0.000,187.037,2570,81454608
"benchmark-example:english-extra-8-cpu","bd/english.100MB",8,1000000,3475,3475,0,0.000,187.037,2571,81467646
"benchmark-example:english-extra-8-cpu","bd/english.100MB",8,1000000,3475,3475,0,0.000,187.037,2572,81526596
"benchmark-example:english-extra-8-cpu","bd/english.100MB",8,1000000,3475,3475,0,0.000,187.037,2573,81553468
"benchmark-example:english-extra-8-cpu","bd/english.100MB",8,1000000,3475,3475,0,0.000,187.037,2574,81571262
"benchmark-example:english-extra-8-cpu","bd/english.100MB",8,1000000,3475,3475,0,0.000,187.037,2575,81574141
"benchmark-example:english-extra-8-cpu","bd/english.100MB",8,1000000,3475,3475,0,0.000,187.037,2576,81608576
"benchmark-example:english-extra-8-cpu","bd/english.100MB",8,1000000,3475,3475,0,0.000,187.037,2577,81618115
"benchmark-example:english-extra-8-cpu","bd/english.100MB",8,1000000,3475,3475,0,0.000,187.037,2578,81628520
"benchmark-example:english-extra-8-cpu","bd/english.100MB",8,1000000,3475,3475,0,0.000,187.037,2579,81720502
"benchmark-example:english-extra-8-cpu","bd/english.100MB",8,1000000,3475,3475,0,0.000,187.037,2580,81723788
"benchmark-example:english-extra-8-cpu","bd/english.100MB",8,1000000,3475,3475,0,0.000,187.037,2581,81733442
"benchmark-example:english-extra-8-cpu","bd/english.100MB",8,1000000,3475,3475,0,0.000,187.037,2582,81733483
"benchmark-example:english-extra-8-cpu","bd/english.100MB",8,1000000,3475,3475,0,0.000,187.037,2583,81756220
"benchmark-example:english-extra-8-cpu","bd/english.100MB",8,1000000,3475,3475,0,0.000,187.037,2584,81760026
"benchmark-example:english-extra-8-cpu","bd/english.100MB",8,1000000,3475,3475,0,0.000,187.037,2585,81771489
"benchmark-example:english-extra-8-cpu","bd/english.100MB",8,1000000,3475,3475,0,0.000,187.037,2586,81781707
"benchmark-example:english-extra-8-cpu","bd/english.100MB",8,1000000,3475,3475,0,0.000,187.037,2587,81783094
"benchmark-example:english-extra-8-cpu","bd/english.100MB",8,1000000,3475,3475,0,0.000,187.037,2588,81814585
"benchmark-example:english-extra-8-cpu","bd/english.100MB",8,1000000,3475,3475,0,0.000,187.037,2589,81862405
"benchmark-example:english-extra-8-cpu","bd/english.100MB",8,1000000,3475,3475,0,0.000,187.037,2590,81906355
"benchmark-example:english-extra-8-cpu","bd/english.100MB",8,1000000,3475,3475,0,0.000,187.037,2591,81950429
"benchmark-example:english-extra-8-cpu","bd/english.100MB",8,1000000,3475,3475,0,0.000,187.037,2592,81969744
"benchmark-example:english-extra-8-cpu","bd/english.100MB",8,1000000,3475,3475,0,0.000,187.037,2593,81976033
"benchmark-example:english-extra-8-cpu","bd/english.100MB",8,1000000,3475,3475,0,0.000,187.037,2594,81976256
"benchmark-example:english-extra-8-cpu","bd/english.100MB",8,1000000,3475,3475,0,0.000,187.037,2595,81978212
"benchmark-example:english-extra-8-cpu","bd/english.100MB",8,1000000,3475,3475,0,0.000,187.037,2596,82029300
"benchmark-example:english-extra-8-cpu","bd/english.100MB",8,1000000,3475,3475,0,0.000,187.037,2597,82031574
"benchmark-example:english-extra-8-cpu","bd/english.100MB",8,1000000,3475,3475,0,0.000,187.037,2598,82206412
"benchmark-example:english-extra-8-cpu","bd/english.100MB",8,1000000,3475,3475,0,0.000,187.037,2599,82218698
"benchmark-example:english-extra-8-cpu","bd/english.100MB",8,1000000,3475,3475,0,0.000,187.037,2600,82256937
"benchmark-example:english-extra-8-cpu","bd/english.100MB",8,1000000,3475,3475,0,0.000,187.037,2601,82328145
"benchmark-example:english-extra-8-cpu","bd/english.100MB",8,1000000,3475,3475,0,0.000,187.037,2602,82595479
"benchmark-example:english-extra-8-cpu","bd/english.100MB",8,1000000,3475,3475,0,0.000,187.037,2603,82612065
"benchmark-example:english-extra-8-cpu","bd/english.100MB",8,1000000,3475,3475,0,0.000,187.037,2604,82620374
"benchmark-example:english-extra-8-cpu","bd/english.100MB",8,1000000,3475,3475,0,0.000,187.037,2605,82670798
"benchmark-example:english-extra-8-cpu","bd/english.100MB",8,1000000,3475,3475,0,0.000,187.037,2606,82673735
"benchmark-example:english-extra-8-cpu","bd/english.100MB",8,1000000,3475,3475,0,0.000,187.037,2607,82712173
"benchmark-example:english-extra-8-cpu","bd/english.100MB",8,1000000,3475,3475,0,0.000,187.037,2608,82733299
"benchmark-example:english-extra-8-cpu","bd/english.100MB",8,1000000,3475,3475,0,0.000,187.037,2609,82736256
"benchmark-example:english-extra-8-cpu","bd/english.100MB",8,1000000,3475,3475,0,0.000,187.037,2610,82814163
"benchmark-example:english-extra-8-cpu","bd/english.100MB",8,1000000,3475,3475,0,0.000,187.037,2611,82841002
"benchmark-example:english-extra-8-cpu","bd/english.100MB",8,1000000,3475,3475,0,0.000,187.037,2612,82889389
"benchmark-example:english-extra-8-cpu","bd/english.100MB",8,1000000,3475,3475,0,0.000,187.037,2613,82890990
"benchmark-example:english-extra-8-cpu","bd/english.100MB",8,1000000,3475,3475,0,0.000,187.037,2614,82956855
"benchmark-example:english-extra-8-cpu","bd/english.100MB",8,1000000,3475,3475,0,0.000,187.037,2615,83007375
"benchmark-example:english-extra-8-cpu","bd/english.100MB",8,1000000,3475,3475,0,0.000,187.037,2616,83077783
"benchmark-example:english-extra-8-cpu","bd/english.100MB",8,1000000,3475,3475,0,0.000,187.037,2617,83094569
"benchmark-example:english-extra-8-cpu","bd/english.100MB",8,1000000,3475,3475,0,0.000,187.037,2618,83118741
"benchmark-example:english-extra-8-cpu","bd/english.100MB",8,1000000,3475,3475,0,0.000,187.037,2619,83201439
"benchmark-example:english-extra-8-cpu","bd/english.100MB",8,1000000,3475,3475,0,0.000,187.037,2620,83245667
"benchmark-example:english-extra-8-cpu","bd/english.100MB",8,1000000,3475,3475,0,0.000,187.037,2621,83264972
"benchmark-example:english-extra-8-cpu","bd/english.100MB",8,1000000,3475,3475,0,0.000,187.037,2622,83314283
"benchmark-example:english-extra-8-cpu","bd/english.100MB",8,1000000,3475,3475,0,0.000,187.037,2623,83316407
"benchmark-example:english-extra-8-cpu","bd/english.100MB",8,1000000,3475,3475,0,0.000,187.037,2624,83319118
"benchmark-example:english-extra-8-cpu","bd/english.100MB",8,1000000,3475,3475,0,0.000,187.037,2625,83410421
"benchmark-example:english-extra-8-cpu","bd/english.100MB",8,1000000,3475,3475,0,0.000,187.037,2626,83414119
"benchmark-example:english-extra-8-cpu","bd/english.100MB",8,1000000,3475,3475,0,0.000,187.037,2627,83449735
"benchmark-example:english-extra-8-cpu","bd/english.100MB",8,1000000,3475,3475,0,0.000,187.037,2628,83489641
"benchmark-example:english-extra-8-cpu","bd/english.100MB",8,1000000,3475,3475,0,0.000,187.037,2629,83562239
"benchmark-example:english-extra-8-cpu","bd/english.100MB",8,1000000,3475,3475,0,0.000,187.037,2630,83580484
"benchmark-example:english-extra-8-cpu","bd/english.100MB",8,1000000,3475,3475,0,0.000,187.037,2631,83599819
"benchmark-example:english-extra-8-cpu","bd/english.100MB",8,1000000,3475,3475,0,0.000,187.037,2632,83691835
"benchmark-example:english-extra-8-cpu","bd/english.100MB",8,1000000,3475,3475,0,0.000,187.037,2633,83705640
"benchmark-example:english-extra-8-cpu","bd/english.100MB",8,1000000,3475,3475,0,0.000,187.037,2634,83809419
"benchmark-example:english-extra-8-cpu","bd/english.100MB",8,1000000,3475,3475,0,0.000,187.037,2635,83854258
"benchmark-example:english-extra-8-cpu","bd/english.100MB",8,1000000,3475,3475,0,0.000,187.037,2636,83925314
"benchmark-example:english-extra-8-cpu","bd/english.100MB",8,1000000,3475,3475,0,0.000,187.037,2637,84194130
"benchmark-example:english-extra-8-cpu","bd/english.100MB",8,1000000,3475,3475,0,0.000,187.037,2638,84277737
"benchmark-example:english-extra-8-cpu","bd/english.100MB",8,1000000,3475,3475,0,0.000,187.037,2639,84362803
"benchmark-example:english-extra-8-cpu","bd/english.100MB",8,1000000,3475,3475,0,0.000,187.037,2640,84490402
"benchmark-example:english-extra-8-cpu","bd/english.100MB",8,1000000,3475,3475,0,0.000,187.037,2641,84494422
"benchmark-example:english-extra-8-cpu","bd/english.100MB",8,1000000,3475,3475,0,0.000,187.037,2642,84504190
"benchmark-example:english-extra-8-cpu","bd/english.100MB",8,1000000,3475,3475,0,0.000,187.037,2643,84534541
"benchmark-example:english-extra-8-cpu","bd/english.100MB",8,1000000,3475,3475,0,0.000,187.037,2644,84542646
"benchmark-example:english-extra-8-cpu","bd/english.100MB",8,1000000,3475,3475,0,0.000,187.037,2645,84558532
"benchmark-example:english-extra-8-cpu","bd/english.100MB",8,1000000,3475,3475,0,0.000,187.037,2646,84559012
"benchmark-example:english-extra-8-cpu","bd/english.100MB",8,1000000,3475,3475,0,0.000,187.037,2647,84559433
"benchmark-example:english-extra-8-cpu","bd/english.100MB",8,1000000,3475,3475,0,0.000,187.037,2648,84581569
"benchmark-example:english-extra-8-cpu","bd/english.100MB",8,1000000,3475,3475,0,0.000,187.037,2649,84587525
"benchmark-example:english-extra-8-cpu","bd/english.100MB",8,1000000,3475,3475,0,0.000,187.037,2650,84587749
"benchmark-example:english-extra-8-cpu","bd/english.100MB",8,1000000,3475,3475,0,0.000,187.037,2651,84599817
"benchmark-example:english-extra-8-cpu","bd/english.100MB",8,1000000,3475,3475,0,0.000,187.037,2652,84608591
"benchmark-example:english-extra-8-cpu","bd/english.100MB",8,1000000,3475,3475,0,0.000,187.037,2653,84611851
"benchmark-example:english-extra-8-cpu","bd/english.100MB",8,1000000,3475,3475,0,0.000,187.037,2654,84633407
"benchmark-example:english-extra-8-cpu","bd/english.100MB",8,1000000,3475,3475,0,0.000,187.037,2655,84635818
"benchmark-example:english-extra-8-cpu","bd/english.100MB",8,1000000,3475,3475,0,0.000,187.037,2656,84639825
"benchmark-example:english-extra-8-cpu","bd/english.100MB",8,1000000,3475,3475,0,0.000,187.037,2657,84666279
"benchmark-example:english-extra-8-cpu","bd/english.100MB",8,1000000,3475,3475,0,0.000,187.037,2658,84666636
"benchmark-example:english-extra-8-cpu","bd/english.100MB",8,1000000,3475,3475,0,0.000,187.037,2659,84667271
"benchmark-example:english-extra-8-cpu","bd/english.100MB",8,1000000,3475,3475,0,0.000,187.037,2660,84680732
"benchmark-example:english-extra-8-cpu","bd/english.100MB",8,1000000,3475,3475,0,0.000,187.037,2661,84680770
"benchmark-example:english-extra-8-cpu","bd/english.100MB",8,1000000,3475,3475,0,0.000,187.037,2662,84681103
"benchmark-example:english-extra-8-cpu","bd/english.100MB",8,1000000,3475,3475,0,0.000,187.037,2663,84684015
"benchmark-example:english-extra-8-cpu","bd/english.100MB",8,1000000,3475,3475,0,0.000,187.037,2664,84685830
"benchmark-example:english-extra-8-cpu","bd/english.100MB",8,1000000,3475,3475,0,0.000,187.037,2665,84721525
"benchmark-example:english-extra-8-cpu","bd/english.100MB",8,1000000,3475,3475,0,0.000,187.037,2666,84731277
"benchmark-example:english-extra-8-cpu","bd/english.100MB",8,1000000,3475,3475,0,0.000,187.037,2667,84732736
"benchmark-example:english-extra-8-cpu","bd/english.100MB",8,1000000,3475,3475,0,0.000,187.037,2668,84743068
"benchmark-example:english-extra-8-cpu","bd/english.100MB",8,1000000,3475,3475,0,0.000,187.037,2669,84752272
"benchmark-example:english-extra-8-cpu","bd/english.100MB",8,1000000,3475,3475,0,0.000,187.037,2670,84777320
"benchmark-example:english-extra-8-cpu","bd/english.100MB",8,1000000,3475,3475,0,0.000,187.037,2671,84791901
"benchmark-example:english-extra-8-cpu","bd/english.100MB",8,1000000,3475,3475,0,0.000,187.037,2672,84794816
"benchmark-example:english-extra-8-cpu","bd/english.100MB",8,1000000,3475,3475,0,0.000,187.037,2673,84811414
"benchmark-example:english-extra-8-cpu","bd/english.100MB",8,1000000,3475,3475,0,0.000,187.037,2674,84868647
"benchmark-example:english-extra-8-cpu","bd/english.100MB",8,1000000,3475,3475,0,0.000,187.037,2675,84895063
"benchmark-example:english-extra-8-cpu","bd/english.100MB",8,1000000,3475,3475,0,0.000,187.037,2676,84940235
"benchmark-example:english-extra-8-cpu","bd/english.100MB",8,1000000,3475,3475,0,0.000,187.037,2677,84950352
"benchmark-example:english-extra-8-cpu","bd/english.100MB",8,1000000,3475,3475,0,0.000,187.037,2678,84958882
"benchmark-example:english-extra-8-cpu","bd/english.100MB",8,1000000,3475,3475,0,0.000,187.037,2679,84958960
"benchmark-example:english-extra-8-cpu","bd/english.100MB",8,1000000,3475,3475,0,0.000,187.037,2680,84978422
"benchmark-example:english-extra-8-cpu","bd/english.100MB",8,1000000,3475,3475,0,0.000,187.037,2681,84992962
"benchmark-example:english-extra-8-cpu","bd/english.100MB",8,1000000,3475,3475,0,0.000,187.037,2682,84993693
"benchmark-example:english-extra-8-cpu","bd/english.100MB",8,1000000,3475,3475,0,0.000,187.037,2683,85010371
"benchmark-example:english-extra-8-cpu","bd/english.100MB",8,1000000,3475,3475,0,0.000,187.037,2684,85016784
"benchmark-example:english-extra-8-cpu","bd/english.100MB",8,1000000,3475,3475,0,0.000,187.037,2685,85025743
"benchmark-example:english-extra-8-cpu","bd/english.100MB",8,1000000,3475,3475,0,0.000,187.037,2686,85027734
"benchmark-example:english-extra-8-cpu","bd/english.100MB",8,1000000,3475,3475,0,0.000,187.037,2687,85029456
"benchmark-example:english-extra-8-cpu","bd/english.100MB",8,1000000,3475,3475,0,0.000,187.037,2688,85036961
"benchmark-example:english-extra-8-cpu","bd/english.100MB",8,1000000,3475,3475,0,0.000,187.037,2689,85037974
"benchmark-example:english-extra-8-cpu","bd/english.100MB",8,1000000,3475,3475,0,0.000,187.037,2690,85058567
"benchmark-example:english-extra-8-cpu","bd/english.100MB",8,1000000,3475,3475,0,0.000,187.037,2691,85059104
"benchmark-example:english-extra-8-cpu","bd/english.100MB",8,1000000,3475,3475,0,0.000,187.037,2692,85071576
"benchmark-example:english-extra-8-cpu","bd/english.100MB",8,1000000,3475,3475,0,0.000,187.037,2693,85073492
"benchmark-example:english-extra-8-cpu","bd/english.100MB",8,1000000,3475,3475,0,0.000,187.037,2694,85085062
"benchmark-example:english-extra-8-cpu","bd/english.100MB",8,1000000,3475,3475,0,0.000,187.037,2695,85090793
"benchmark-example:english-extra-8-cpu","bd/english.100MB",8,1000000,3475,3475,0,0.000,187.037,2696,85096202
"benchmark-example:english-extra-8-cpu","bd/english.100MB",8,1000000,3475,3475,0,0.000,187.037,2697,85102494
"benchmark-example:english-extra-8-cpu","bd/english.100MB",8,1000000,3475,3475,0,0.000,187.037,2698,85103659
"benchmark-example:english-extra-8-cpu","bd/english.100MB",8,1000000,3475,3475,0,0.000,187.037,2699,85105580
"benchmark-example:english-extra-8-cpu","bd/english.100MB",8,1000000,3475,3475,0,0.000,187.037,2700,85112078
"benchmark-example:english-extra-8-cpu","bd/english.100MB",8,1000000,3475,3475,0,0.000,187.037,2701,85123317
"benchmark-example:english-extra-8-cpu","bd/english.100MB",8,1000000,3475,3475,0,0.000,187.037,2702,85126612
"benchmark-example:english-extra-8-cpu","bd/english.100MB",8,1000000,3475,3475,0,0.000,187.037,2703,85145926
"benchmark-example:english-extra-8-cpu","bd/english.100MB",8,1000000,3475,3475,0,0.000,187.037,2704,85148089
"benchmark-example:english-extra-8-cpu","bd/english.100MB",8,1000000,3475,3475,0,0.000,187.037,2705,85161217
"benchmark-example:english-extra-8-cpu","bd/english.100MB",8,1000000,3475,3475,0,0.000,187.037,2706,85171618
"benchmark-example:english-extra-8-cpu","bd/english.100MB",8,1000000,3475,3475,0,0.000,187.037,2707,85225827
"benchmark-example:english-extra-8-cpu","bd/english.100MB",8,1000000,3475,3475,0,0.000,187.037,2708,85287210
"benchmark-example:english-extra-8-cpu","bd/english.100MB",8,1000000,3475,3475,0,0.000,187.037,2709,85305729
"benchmark-example:english-extra-8-cpu","bd/english.100MB",8,1000000,3475,3475,0,0.000,187.037,2710,85306305
"benchmark-example:english-extra-8-cpu","bd/english.100MB",8,1000000,3475,3475,0,0.000,187.037,2711,85322275
"benchmark-example:english-extra-8-cpu","bd/english.100MB",8,1000000,3475,3475,0,0.000,187.037,2712,85347550
"benchmark-example:english-extra-8-cpu","bd/english.100MB",8,1000000,3475,3475,0,0.000,187.037,2713,85352571
"benchmark-example:english-extra-8-cpu","bd/english.100MB",8,1000000,3475,3475,0,0.000,187.037,2714,85355172
"benchmark-example:english-extra-8-cpu","bd/english.100MB",8,1000000,3475,3475,0,0.000,187.037,2715,85383663
"benchmark-example:english-extra-8-cpu","bd/english.100MB",8,1000000,3475,3475,0,0.000,187.037,2716,85391123
"benchmark-example:english-extra-8-cpu","bd/english.100MB",8,1000000,3475,3475,0,0.000,187.037,2717,85392359
"benchmark-example:english-extra-8-cpu","bd/english.100MB",8,1000000,3475,3475,0,0.000,187.037,2718,85421524
"benchmark-example:english-extra-8-cpu","bd/english.100MB",8,1000000,3475,3475,0,0.000,187.037,2719,85422925
"benchmark-example:english-extra-8-cpu","bd/english.100MB",8,1000000,3475,3475,0,0.000,187.037,2720,85441686
"benchmark-example:english-extra-8-cpu","bd/english.100MB",8,1000000,3475,3475,0,0.000,187.037,2721,85466866
"benchmark-example:english-extra-8-cpu","bd/english.100MB",8,1000000,3475,3475,0,0.000,187.037,2722,85562276
"benchmark-example:english-extra-8-cpu","bd/english.100MB",8,1000000,3475,3475,0,0.000,187.037,2723,85563729
"benchmark-example:english-extra-8-cpu","bd/english.100MB",8,1000000,3475,3475,0,0.000,187.037,2724,85564284
"benchmark-example:english-extra-8-cpu","bd/english.100MB",8,1000000,3475,3475,0,0.000,187.037,2725,85617920
"benchmark-example:english-extra-8-cpu","bd/english.100MB",8,1000000,3475,3475,0,0.000,187.037,2726,85710954
"benchmark-example:english-extra-8-cpu","bd/english.100MB",8,1000000,3475,3475,0,0.000,187.037,2727,85817703
"benchmark-example:english-extra-8-cpu","bd/english.100MB",8,1000000,3475,3475,0,0.000,187.037,2728,85838568
"benchmark-example:english-extra-8-cpu","bd/english.100MB",8,1000000,3475,3475,0,0.000,187.037,2729,85883271
"benchmark-example:english-extra-8-cpu","bd/english.100MB",8,1000000,3475,3475,0,0.000,187.037,2730,85901588
"benchmark-example:english-extra-8-cpu","bd/english.100MB",8,1000000,3475,3475,0,0.000,187.037,2731,85950744
"benchmark-example:english-extra-8-cpu","bd/english.100MB",8,1000000,3475,3475,0,0.000,187.037,2732,85969384
"benchmark-example:english-extra-8-cpu","bd/english.100MB",8,1000000,3475,3475,0,0.000,187.037,2733,85972472
"benchmark-example:english-extra-8-cpu","bd/english.100MB",8,1000000,3475,3475,0,0.000,187.037,2734,86265496
"benchmark-example:english-extra-8-cpu","bd/english.100MB",8,1000000,3475,3475,0,0.000,187.037,2735,86271405
"benchmark-example:english-extra-8-cpu","bd/english.100MB",8,1000000,3475,3475,0,0.000,187.037,2736,86288227
"benchmark-example:english-extra-8-cpu","bd/english.100MB",8,1000000,3475,3475,0,0.000,187.037,2737,86319110
"benchmark-example:english-extra-8-cpu","bd/english.100MB",8,1000000,3475,3475,0,0.000,187.037,2738,86326293
"benchmark-example:english-extra-8-cpu","bd/english.100MB",8,1000000,3475,3475,0,0.000,187.037,2739,86380548
"benchmark-example:english-extra-8-cpu","bd/english.100MB",8,1000000,3475,3475,0,0.000,187.037,2740,86423775
"benchmark-example:english-extra-8-cpu","bd/english.100MB",8,1000000,3475,3475,0,0.000,187.037,2741,86469191
"benchmark-example:english-extra-8-cpu","bd/english.100MB",8,1000000,3475,3475,0,0.000,187.037,2742,86516515
"benchmark-example:english-extra-8-cpu","bd/english.100MB",8,1000000,3475,3475,0,0.000,187.037,2743,86518137
"benchmark-example:english-extra-8-cpu","bd/english.100MB",8,1000000,3475,3475,0,0.000,187.037,2744,86550408
"benchmark-example:english-extra-8-cpu","bd/english.100MB",8,1000000,3475,3475,0,0.000,187.037,2745,86556548
"benchmark-example:english-extra-8-cpu","bd/english.100MB",8,1000000,3475,3475,0,0.000,187.037,2746,86560553
"benchmark-example:english-extra-8-cpu","bd/english.100MB",8,1000000,3475,3475,0,0.000,187.037,2747,86563858
"benchmark-example:english-extra-8-cpu","bd/english.100MB",8,1000000,3475,3475,0,0.000,187.037,2748,86611396
"benchmark-example:english-extra-8-cpu","bd/english.100MB",8,1000000,3475,3475,0,0.000,187.037,2749,86619221
"benchmark-example:english-extra-8-cpu","bd/english.100MB",8,1000000,3475,3475,0,0.000,187.037,2750,86621214
"benchmark-example:english-extra-8-cpu","bd/english.100MB",8,1000000,3475,3475,0,0.000,187.037,2751,86628485
"benchmark-example:english-extra-8-cpu","bd/english.100MB",8,1000000,3475,3475,0,0.000,187.037,2752,86630139
"benchmark-example:english-extra-8-cpu","bd/english.100MB",8,1000000,3475,3475,0,0.000,187.037,2753,86638828
"benchmark-example:english-extra-8-cpu","bd/english.100MB",8,1000000,3475,3475,0,0.000,187.037,2754,86668514
"benchmark-example:english-extra-8-cpu","bd/english.100MB",8,1000000,3475,3475,0,0.000,187.037,2755,86733083
"benchmark-example:english-extra-8-cpu","bd/english.100MB",8,1000000,3475,3475,0,0.000,187.037,2756,86734862
"benchmark-example:english-extra-8-cpu","bd/english.100MB",8,1000000,3475,3475,0,0.000,187.037,2757,86736667
"benchmark-example:english-extra-8-cpu","bd/english.100MB",8,1000000,3475,3475,0,0.000,187.037,2758,86767244
"benchmark-example:english-extra-8-cpu","bd/english.100MB",8,1000000,3475,3475,0,0.000,187.037,2759,86793337
"benchmark-example:english-extra-8-cpu","bd/english.100MB",8,1000000,3475,3475,0,0.000,187.037,2760,86882016
"benchmark-example:english-extra-8-cpu","bd/english.100MB",8,1000000,3475,3475,0,0.000,187.037,2761,86898118
"benchmark-example:english-extra-8-cpu","bd/english.100MB",8,1000000,3475,3475,0,0.000,187.037,2762,86906525
"benchmark-example:english-extra-8-cpu","bd/english.100MB",8,1000000,3475,3475,0,0.000,187.037,2763,86919643
"benchmark-example:english-extra-8-cpu","bd/english.100MB",8,1000000,3475,3475,0,0.000,187.037,2764,86935286
"benchmark-example:english-extra-8-cpu","bd/english.100MB",8,1000000,3475,3475,0,0.000,187.037,2765,87047294
"benchmark-example:english-extra-8-cpu","bd/english.100MB",8,1000000,3475,3475,0,0.000,187.037,2766,87212793
"benchmark-example:english-extra-8-cpu","bd/english.100MB",8,1000000,3475,3475,0,0.000,187.037,2767,87215584
"benchmark-example:english-extra-8-cpu","bd/english.100MB",8,1000000,3475,3475,0,0.000,187.037,2768,87279491
"benchmark-example:english-extra-8-cpu","bd/english.100MB",8,1000000,3475,3475,0,0.000,187.037,2769,87310862
"benchmark-example:english-extra-8-cpu","bd/english.100MB",8,1000000,3475,3475,0,0.000,187.037,2770,87353013
"benchmark-example:english-extra-8-cpu","bd/english.100MB",8,1000000,3475,3475,0,0.000,187.037,2771,87381615
"benchmark-example:english-extra-8-cpu","bd/english.100MB",8,1000000,3475,3475,0,0.000,187.037,2772,87382104
"benchmark-example:english-extra-8-cpu","bd/english.100MB",8,1000000,3475,3475,0,0.000,187.037,2773,87383273
"benchmark-example:english-extra-8-cpu","bd/english.100MB",8,1000000,3475,3475,0,0.000,187.037,2774,87470862
"benchmark-example:english-extra-8-cpu","bd/english.100MB",8,1000000,3475,3475,0,0.000,187.037,2775,87510642
"benchmark-example:english-extra-8-cpu","bd/english.100MB",8,1000000,3475,3475,0,0.000,187.037,2776,87558849
"benchmark-example:english-extra-8-cpu","bd/english.100MB",8,1000000,3475,3475,0,0.000,187.037,2777,87560661
"benchmark-example:english-extra-8-cpu","bd/english.100MB",8,1000000,3475,3475,0,0.000,187.037,2778,87581819
"benchmark-example:english-extra-8-cpu","bd/english.100MB",8,1000000,3475,3475,0,0.000,187.037,2779,87604302
"benchmark-example:english-extra-8-cpu","bd/english.100MB",8,1000000,3475,3475,0,0.000,187.037,2780,87704473
"benchmark-example:english-extra-8-cpu","bd/english.100MB",8,1000000,3475,3475,0,0.000,187.037,2781,87708590
"benchmark-example:english-extra-8-cpu","bd/english.100MB",8,1000000,3475,3475,0,0.000,187.037,2782,87710453
"benchmark-example:english-extra-8-cpu","bd/english.100MB",8,1000000,3475,3475,0,0.000,187.037,2783,87721567
"benchmark-example:english-extra-8-cpu","bd/english.100MB",8,1000000,3475,3475,0,0.000,187.037,2784,87738419
"benchmark-example:english-extra-8-cpu","bd/english.100MB",8,1000000,3475,3475,0,0.000,187.037,2785,87769068
"benchmark-example:english-extra-8-cpu","bd/english.100MB",8,1000000,3475,3475,0,0.000,187.037,2786,87808311
"benchmark-example:english-extra-8-cpu","bd/english.100MB",8,1000000,3475,3475,0,0.000,187.037,2787,87808681
"benchmark-example:english-extra-8-cpu","bd/english.100MB",8,1000000,3475,3475,0,0.000,187.037,2788,87851541
"benchmark-example:english-extra-8-cpu","bd/english.100MB",8,1000000,3475,3475,0,0.000,187.037,2789,88050603
"benchmark-example:english-extra-8-cpu","bd/english.100MB",8,1000000,3475,3475,0,0.000,187.037,2790,88055947
"benchmark-example:english-extra-8-cpu","bd/english.100MB",8,1000000,3475,3475,0,0.000,187.037,2791,88112777
"benchmark-example:english-extra-8-cpu","bd/english.100MB",8,1000000,3475,3475,0,0.000,187.037,2792,88147131
"benchmark-example:english-extra-8-cpu","bd/english.100MB",8,1000000,3475,3475,0,0.000,187.037,2793,88173973
"benchmark-example:english-extra-8-cpu","bd/english.100MB",8,1000000,3475,3475,0,0.000,187.037,2794,88230244
"benchmark-example:english-extra-8-cpu","bd/english.100MB",8,1000000,3475,3475,0,0.000,187.037,2795,88242316
"benchmark-example:english-extra-8-cpu","bd/english.100MB",8,1000000,3475,3475,0,0.000,187.037,2796,88242458
"benchmark-example:english-extra-8-cpu","bd/english.100MB",8,1000000,3475,3475,0,0.000,187.037,2797,88248844
"benchmark-example:english-extra-8-cpu","bd/english.100MB",8,1000000,3475,3475,0,0.000,187.037,2798,88302948
"benchmark-example:english-extra-8-cpu","bd/english.100MB",8,1000000,3475,3475,0,0.000,187.037,2799,88357046
"benchmark-example:english-extra-8-cpu","bd/english.100MB",8,1000000,3475,3475,0,0.000,187.037,2800,88431914
"benchmark-example:english-extra-8-cpu","bd/english.100MB",8,1000000,3475,3475,0,0.000,187.037,2801,88463084
"benchmark-example:english-extra-8-cpu","bd/english.100MB",8,1000000,3475,3475,0,0.000,187.037,2802,88523701
"benchmark-example:english-extra-8-cpu","bd/english.100MB",8,1000000,3475,3475,0,0.000,187.037,2803,88524673
"benchmark-example:english-extra-8-cpu","bd/english.100MB",8,1000000,3475,3475,0,0.000,187.037,2804,88538319
"benchmark-example:english-extra-8-cpu","bd/english.100MB",8,1000000,3475,3475,0,0.000,187.037,2805,88588174
"benchmark-example:english-extra-8-cpu","bd/english.100MB",8,1000000,3475,3475,0,0.000,187.037,2806,88645121
"benchmark-example:english-extra-8-cpu","bd/english.100MB",8,1000000,3475,3475,0,0.000,187.037,2807,88648071
"benchmark-example:english-extra-8-cpu","bd/english.100MB",8,1000000,3475,3475,0,0.000,187.037,2808,88653982
"benchmark-example:english-extra-8-cpu","bd/english.100MB",8,1000000,3475,3475,0,0.000,187.037,2809,88665024
"benchmark-example:english-extra-8-cpu","bd/english.100MB",8,1000000,3475,3475,0,0.000,187.037,2810,88689422
"benchmark-example:english-extra-8-cpu","bd/english.100MB",8,1000000,3475,3475,0,0.000,187.037,2811,88703676
"benchmark-example:english-extra-8-cpu","bd/english.100MB",8,1000000,3475,3475,0,0.000,187.037,2812,88769186
"benchmark-example:english-extra-8-cpu","bd/english.100MB",8,1000000,3475,3475,0,0.000,187.037,2813,88777828
"benchmark-example:english-extra-8-cpu","bd/english.100MB",8,1000000,3475,3475,0,0.000,187.037,2814,88790187
"benchmark-example:english-extra-8-cpu","bd/english.100MB",8,1000000,3475,3475,0,0.000,187.037,2815,88790554
"benchmark-example:english-extra-8-cpu","bd/english.100MB",8,1000000,3475,3475,0,0.000,187.037,2816,88793463
"benchmark-example:english-extra-8-cpu","bd/english.100MB",8,1000000,3475,3475,0,0.000,187.037,2817,88872815
"benchmark-example:english-extra-8-cpu","bd/english.100MB",8,1000000,3475,3475,0,0.000,187.037,2818,88894807
"benchmark-example:english-extra-8-cpu","bd/english.100MB",8,1000000,3475,3475,0,0.000,187.037,2819,88920149
"benchmark-example:english-extra-8-cpu","bd/english.100MB",8,1000000,3475,3475,0,0.000,187.037,2820,88920254
"benchmark-example:english-extra-8-cpu","bd/english.100MB",8,1000000,3475,3475,0,0.000,187.037,2821,88933022
"benchmark-example:english-extra-8-cpu","bd/english.100MB",8,1000000,3475,3475,0,0.000,187.037,2822,88958979
"benchmark-example:english-extra-8-cpu","bd/english.100MB",8,1000000,3475,3475,0,0.000,187.037,2823,88979441
"benchmark-example:english-extra-8-cpu","bd/english.100MB",8,1000000,3475,3475,0,0.000,187.037,2824,89022960
"benchmark-example:english-extra-8-cpu","bd/english.100MB",8,1000000,3475,3475,0,0.000,187.037,2825,89029117
"benchmark-example:english-extra-8-cpu","bd/english.100MB",8,1000000,3475,3475,0,0.000,187.037,2826,89029673
"benchmark-example:english-extra-8-cpu","bd/english.100MB",8,1000000,3475,3475,0,0.000,187.037,2827,89032985
"benchmark-example:english-extra-8-cpu","bd/english.100MB",8,1000000,3475,3475,0,0.000,187.037,2828,89063883
"benchmark-example:english-extra-8-cpu","bd/english.100MB",8,1000000,3475,3475,0,0.000,187.037,2829,89067938
"benchmark-example:english-extra-8-cpu","bd/english.100MB",8,1000000,3475,3475,0,0.000,187.037,2830,89071177
"benchmark-example:english-extra-8-cpu","bd/english.100MB",8,1000000,3475,3475,0,0.000,187.037,2831,89073655
"benchmark-example:english-extra-8-cpu","bd/english.100MB",8,1000000,3475,3475,0,0.000,187.037,2832,89098801
"benchmark-example:english-extra-8-cpu","bd/english.100MB",8,1000000,3475,3475,0,0.000,187.037,2833,89107817
"benchmark-example:english-extra-8-cpu","bd/english.100MB",8,1000000,3475,3475,0,0.000,187.037,2834,89211527
"benchmark-example:english-extra-8-cpu","bd/english.100MB",8,1000000,3475,3475,0,0.000,187.037,2835,89242960
"benchmark-example:english-extra-8-cpu","bd/english.100MB",8,1000000,3475,3475,0,0.000,187.037,2836,89249774
"benchmark-example:english-extra-8-cpu","bd/english.100MB",8,1000000,3475,3475,0,0.000,187.037,2837,89280965
"benchmark-example:english-extra-8-cpu","bd/english.100MB",8,1000000,3475,3475,0,0.000,187.037,2838,89310861
"benchmark-example:english-extra-8-cpu","bd/english.100MB",8,1000000,3475,3475,0,0.000,187.037,2839,89394501
"benchmark-example:english-extra-8-cpu","bd/english.100MB",8,1000000,3475,3475,0,0.000,187.037,2840,89412478
"benchmark-example:english-extra-8-cpu","bd/english.100MB",8,1000000,3475,3475,0,0.000,187.037,2841,89839819
"benchmark-example:english-extra-8-cpu","bd/english.100MB",8,1000000,3475,3475,0,0.000,187.037,2842,89876852
"benchmark-example:english-extra-8-cpu","bd/english.100MB",8,1000000,3475,3475,0,0.000,187.037,2843,89892151
"benchmark-example:english-extra-8-cpu","bd/english.100MB",8,1000000,3475,3475,0,0.000,187.037,2844,89893368
"benchmark-example:english-extra-8-cpu","bd/english.100MB",8,1000000,3475,3475,0,0.000,187.037,2845,89903097
"benchmark-example:english-extra-8-cpu","bd/english.100MB",8,1000000,3475,3475,0,0.000,187.037,2846,89903153
"benchmark-example:english-extra-8-cpu","bd/english.100MB",8,1000000,3475,3475,0,0.000,187.037,2847,89903217
"benchmark-example:english-extra-8-cpu","bd/english.100MB",8,1000000,3475,3475,0,0.000,187.037,2848,89979802
"benchmark-example:english-extra-8-cpu","bd/english.100MB",8,1000000,3475,3475,0,0.000,187.037,2849,90016849
"benchmark-example:english-extra-8-cpu","bd/english.100MB",8,1000000,3475,3475,0,0.000,187.037,2850,90032148
"benchmark-example:english-extra-8-cpu","bd/english.100MB",8,1000000,3475,3475,0,0.000,187.037,2851,90033365
"benchmark-example:english-extra-8-cpu","bd/english.100MB",8,1000000,3475,3475,0,0.000,187.037,2852,90042817
"benchmark-example:english-extra-8-cpu","bd/english.100MB",8,1000000,3475,3475,0,0.000,187.037,2853,90042873
"benchmark-example:english-extra-8-cpu","bd/english.100MB",8,1000000,3475,3475,0,0.000,187.037,2854,90042937
"benchmark-example:english-extra-8-cpu","bd/english.100MB",8,1000000,3475,3475,0,0.000,187.037,2855,90111911
"benchmark-example:english-extra-8-cpu","bd/english.100MB",8,1000000,3475,3475,0,0.000,187.037,2856,90168598
"benchmark-example:english-extra-8-cpu","bd/english.100MB",8,1000000,3475,3475,0,0.000,187.037,2857,90279285
"benchmark-example:english-extra-8-cpu","bd/english.100MB",8,1000000,3475,3475,0,0.000,187.037,2858,90379841
"benchmark-example:english-extra-8-cpu","bd/english.100MB",8,1000000,3475,3475,0,0.000,187.037,2859,90421244
"benchmark-example:english-extra-8-cpu","bd/english.100MB",8,1000000,3475,3475,0,0.000,187.037,2860,90467613
"benchmark-example:english-extra-8-cpu","bd/english.100MB",8,1000000,3475,3475,0,0.000,187.037,2861,90498216
"benchmark-example:english-extra-8-cpu","bd/english.100MB",8,1000000,3475,3475,0,0.000,187.037,2862,90516374
"benchmark-example:english-extra-8-cpu","bd/english.100MB",8,1000000,3475,3475,0,0.000,187.037,2863,90532235
"benchmark-example:english-extra-8-cpu","bd/english.100MB",8,1000000,3475,3475,0,0.000,187.037,2864,90677712
"benchmark-example:english-extra-8-cpu","bd/english.100MB",8,1000000,3475,3475,0,0.000,187.037,2865,90752311
"benchmark-example:english-extra-8-cpu","bd/english.100MB",8,1000000,3475,3475,0,0.000,187.037,2866,90868329
"benchmark-example:english-extra-8-cpu","bd/english.100MB",8,1000000,3475,3475,0,0.000,187.037,2867,90877269
"benchmark-example:english-extra-8-cpu","bd/english.100MB",8,1000000,3475,3475,0,0.000,187.037,2868,90888919
"benchmark-example:english-extra-8-cpu","bd/english.100MB",8,1000000,3475,3475,0,0.000,187.037,2869,90889636
"benchmark-example:english-extra-8-cpu","bd/english.100MB",8,1000000,3475,3475,0,0.000,187.037,2870,91004754
"benchmark-example:english-extra-8-cpu","bd/english.100MB",8,1000000,3475,3475,0,0.000,187.037,2871,91040593
"benchmark-example:english-extra-8-cpu","bd/english.100MB",8,1000000,3475,3475,0,0.000,187.037,2872,91042717
"benchmark-example:english-extra-8-cpu","bd/english.100MB",8,1000000,3475,3475,0,0.000,187.037,2873,91062667
"benchmark-example:english-extra-8-cpu","bd/english.100MB",8,1000000,3475,3475,0,0.000,187.037,2874,91079494
"benchmark-example:english-extra-8-cpu","bd/english.100MB",8,1000000,3475,3475,0,0.000,187.037,2875,91082975
"benchmark-example:english-extra-8-cpu","bd/english.100MB",8,1000000,3475,3475,0,0.000,187.037,2876,91120640
"benchmark-example:english-extra-8-cpu","bd/english.100MB",8,1000000,3475,3475,0,0.000,187.037,2877,91121105
"benchmark-example:english-extra-8-cpu","bd/english.100MB",8,1000000,3475,3475,0,0.000,187.037,2878,91178235
"benchmark-example:english-extra-8-cpu","bd/english.100MB",8,1000000,3475,3475,0,0.000,187.037,2879,91227874
"benchmark-example:english-extra-8-cpu","bd/english.100MB",8,1000000,3475,3475,0,0.000,187.037,2880,91232009
"benchmark-example:english-extra-8-cpu","bd/english.100MB",8,1000000,3475,3475,0,0.000,187.037,2881,91243917
"benchmark-example:english-extra-8-cpu","bd/english.100MB",8,1000000,3475,3475,0,0.000,187.037,2882,91245170
"benchmark-example:english-extra-8-cpu","bd/english.100MB",8,1000000,3475,3475,0,0.000,187.037,2883,91258970
"benchmark-example:english-extra-8-cpu","bd/english.100MB",8,1000000,3475,3475,0,0.000,187.037,2884,91279073
"benchmark-example:english-extra-8-cpu","bd/english.100MB",8,1000000,3475,3475,0,0.000,187.037,2885,91290020
"benchmark-example:english-extra-8-cpu","bd/english.100MB",8,1000000,3475,3475,0,0.000,187.037,2886,91292434
"benchmark-example:english-extra-8-cpu","bd/english.100MB",8,1000000,3475,3475,0,0.000,187.037,2887,91360315
"benchmark-example:english-extra-8-cpu","bd/english.100MB",8,1000000,3475,3475,0,0.000,187.037,2888,91361900
"benchmark-example:english-extra-8-cpu","bd/english.100MB",8,1000000,3475,3475,0,0.000,187.037,2889,91362393
"benchmark-example:english-extra-8-cpu","bd/english.100MB",8,1000000,3475,3475,0,0.000,187.037,2890,91363789
"benchmark-example:english-extra-8-cpu","bd/english.100MB",8,1000000,3475,3475,0,0.000,187.037,2891,91364285
"benchmark-example:english-extra-8-cpu","bd/english.100MB",8,1000000,3475,3475,0,0.000,187.037,2892,91367939
"benchmark-example:english-extra-8-cpu","bd/english.100MB",8,1000000,3475,3475,0,0.000,187.037,2893,91369576
"benchmark-example:english-extra-8-cpu","bd/english.100MB",8,1000000,3475,3475,0,0.000,187.037,2894,91405040
"benchmark-example:english-extra-8-cpu","bd/english.100MB",8,1000000,3475,3475,0,0.000,187.037,2895,91446757
"benchmark-example:english-extra-8-cpu","bd/english.100MB",8,1000000,3475,3475,0,0.000,187.037,2896,91446890
"benchmark-example:english-extra-8-cpu","bd/english.100MB",8,1000000,3475,3475,0,0.000,187.037,2897,91463694
"benchmark-example:english-extra-8-cpu","bd/english.100MB",8,1000000,3475,3475,0,0.000,187.037,2898,91487137
"benchmark-example:english-extra-8-cpu","bd/english.100MB",8,1000000,3475,3475,0,0.000,187.037,2899,91487477
"benchmark-example:english-extra-8-cpu","bd/english.100MB",8,1000000,3475,3475,0,0.000,187.037,2900,91496724
"benchmark-example:english-extra-8-cpu","bd/english.100MB",8,1000000,3475,3475,0,0.000,187.037,2901,91496982
"benchmark-example:english-extra-8-cpu","bd/english.100MB",8,1000000,3475,3475,0,0.000,187.037,2902,91499852
"benchmark-example:english-extra-8-cpu","bd/english.100MB",8,1000000,3475,3475,0,0.000,187.037,2903,91504349
"benchmark-example:english-extra-8-cpu","bd/english.100MB",8,1000000,3475,3475,0,0.000,187.037,2904,91559456
"benchmark-example:english-extra-8-cpu","bd/english.100MB",8,1000000,3475,3475,0,0.000,187.037,2905,91580673
"benchmark-example:english-extra-8-cpu","bd/english.100MB",8,1000000,3475,3475,0,0.000,187.037,2906,91580762
"benchmark-example:english-extra-8-cpu","bd/english.100MB",8,1000000,3475,3475,0,0.000,187.037,2907,91583060
"benchmark-example:english-extra-8-cpu","bd/english.100MB",8,1000000,3475,3475,0,0.000,187.037,2908,91583079
"benchmark-example:english-extra-8-cpu","bd/english.100MB",8,1000000,3475,3475,0,0.000,187.037,2909,91593278
"benchmark-example:english-extra-8-cpu","bd/english.100MB",8,1000000,3475,3475,0,0.000,187.037,2910,91594948
"benchmark-example:english-extra-8-cpu","bd/english.100MB",8,1000000,3475,3475,0,0.000,187.037,2911,91603705
"benchmark-example:english-extra-8-cpu","bd/english.100MB",8,1000000,3475,3475,0,0.000,187.037,2912,91611224
"benchmark-example:english-extra-8-cpu","bd/english.100MB",8,1000000,3475,3475,0,0.000,187.037,2913,91620277
"benchmark-example:english-extra-8-cpu","bd/english.100MB",8,1000000,3475,3475,0,0.000,187.037,2914,91622515
"benchmark-example:english-extra-8-cpu","bd/english.100MB",8,1000000,3475,3475,0,0.000,187.037,2915,91624981
"benchmark-example:english-extra-8-cpu","bd/english.100MB",8,1000000,3475,3475,0,0.000,187.037,2916,91627410
"benchmark-example:english-extra-8-cpu","bd/english.100MB",8,1000000,3475,3475,0,0.000,187.037,2917,91638952
"benchmark-example:english-extra-8-cpu","bd/english.100MB",8,1000000,3475,3475,0,0.000,187.037,2918,91641849
"benchmark-example:english-extra-8-cpu","bd/english.100MB",8,1000000,3475,3475,0,0.000,187.037,2919,91651413
"benchmark-example:english-extra-8-cpu","bd/english.100MB",8,1000000,3475,3475,0,0.000,187.037,2920,91669181
"benchmark-example:english-extra-8-cpu","bd/english.100MB",8,1000000,3475,3475,0,0.000,187.037,2921,91696588
"benchmark-example:english-extra-8-cpu","bd/english.100MB",8,1000000,3475,3475,0,0.000,187.037,2922,91712741
"benchmark-example:english-extra-8-cpu","bd/english.100MB",8,1000000,3475,3475,0,0.000,187.037,2923,91720103
"benchmark-example:english-extra-8-cpu","bd/english.100MB",8,1000000,3475,3475,0,0.000,187.037,2924,91722659
"benchmark-example:english-extra-8-cpu","bd/english.100MB",8,1000000,3475,3475,0,0.000,187.037,2925,91722834
"benchmark-example:english-extra-8-cpu","bd/english.100MB",8,1000000,3475,3475,0,0.000,187.037,2926,91724084
"benchmark-example:english-extra-8-cpu","bd/english.100MB",8,1000000,3475,3475,0,0.000,187.037,2927,91724497
"benchmark-example:english-extra-8-cpu","bd/english.100MB",8,1000000,3475,3475,0,0.000,187.037,2928,91725788
"benchmark-example:english-extra-8-cpu","bd/english.100MB",8,1000000,3475,3475,0,0.000,187.037,2929,91741370
"benchmark-example:english-extra-8-cpu","bd/english.100MB",8,1000000,3475,3475,0,0.000,187.037,2930,91753670
"benchmark-example:english-extra-8-cpu","bd/english.100MB",8,1000000,3475,3475,0,0.000,187.037,2931,91766097
"benchmark-example:english-extra-8-cpu","bd/english.100MB",8,1000000,3475,3475,0,0.000,187.037,2932,91771324
"benchmark-example:english-extra-8-cpu","bd/english.100MB",8,1000000,3475,3475,0,0.000,187.037,2933,91828549
"benchmark-example:english-extra-8-cpu","bd/english.100MB",8,1000000,3475,3475,0,0.000,187.037,2934,91829237
"benchmark-example:english-extra-8-cpu","bd/english.100MB",8,1000000,3475,3475,0,0.000,187.037,2935,91829791
"benchmark-example:english-extra-8-cpu","bd/english.100MB",8,1000000,3475,3475,0,0.000,187.037,2936,91842393
"benchmark-example:english-extra-8-cpu","bd/english.100MB",8,1000000,3475,3475,0,0.000,187.037,2937,91846207
"benchmark-example:english-extra-8-cpu","bd/english.100MB",8,1000000,3475,3475,0,0.000,187.037,2938,91846346
"benchmark-example:english-extra-8-cpu","bd/english.100MB",8,1000000,3475,3475,0,0.000,187.037,2939,91866340
"benchmark-example:english-extra-8-cpu","bd/english.100MB",8,1000000,3475,3475,0,0.000,187.037,2940,91874656
"benchmark-example:english-extra-8-cpu","bd/english.100MB",8,1000000,3475,3475,0,0.000,187.037,2941,91878956
"benchmark-example:english-extra-8-cpu","bd/english.100MB",8,1000000,3475,3475,0,0.000,187.037,2942,91894644
"benchmark-example:english-extra-8-cpu","bd/english.100MB",8,1000000,3475,3475,0,0.000,187.037,2943,91898050
"benchmark-example:english-extra-8-cpu","bd/english.100MB",8,1000000,3475,3475,0,0.000,187.037,2944,91900977
"benchmark-example:english-extra-8-cpu","bd/english.100MB",8,1000000,3475,3475,0,0.000,187.037,2945,91911097
"benchmark-example:english-extra-8-cpu","bd/english.100MB",8,1000000,3475,3475,0,0.000,187.037,2946,91911803
"benchmark-example:english-extra-8-cpu","bd/english.100MB",8,1000000,3475,3475,0,0.000,187.037,2947,91915005
"benchmark-example:english-extra-8-cpu","bd/english.100MB",8,1000000,3475,3475,0,0.000,187.037,2948,91955707
"benchmark-example:english-extra-8-cpu","bd/english.100MB",8,1000000,3475,3475,0,0.000,187.037,2949,91978030
"benchmark-example:english-extra-8-cpu","bd/english.100MB",8,1000000,3475,3475,0,0.000,187.037,2950,92027589
"benchmark-example:english-extra-8-cpu","bd/english.100MB",8,1000000,3475,3475,0,0.000,187.037,2951,92072430
"benchmark-example:english-extra-8-cpu","bd/english.100MB",8,1000000,3475,3475,0,0.000,187.037,2952,92172783
"benchmark-example:english-extra-8-cpu","bd/english.100MB",8,1000000,3475,3475,0,0.000,187.037,2953,92211859
"benchmark-example:english-extra-8-cpu","bd/english.100MB",8,1000000,3475,3475,0,0.000,187.037,2954,92260953
"benchmark-example:english-extra-8-cpu","bd/english.100MB",8,1000000,3475,3475,0,0.000,187.037,2955,92267532
"benchmark-example:english-extra-8-cpu","bd/english.100MB",8,1000000,3475,3475,0,0.000,187.037,2956,92267611
"benchmark-example:english-extra-8-cpu","bd/english.100MB",8,1000000,3475,3475,0,0.000,187.037,2957,92299351
"benchmark-example:english-extra-8-cpu","bd/english.100MB",8,1000000,3475,3475,0,0.000,187.037,2958,92307278
"benchmark-example:english-extra-8-cpu","bd/english.100MB",8,1000000,3475,3475,0,0.000,187.037,2959,92345946
"benchmark-example:english-extra-8-cpu","bd/english.100MB",8,1000000,3475,3475,0,0.000,187.037,2960,92382100
"benchmark-example:english-extra-8-cpu","bd/english.100MB",8,1000000,3475,3475,0,0.000,187.037,2961,92387112
"benchmark-example:english-extra-8-cpu","bd/english.100MB",8,1000000,3475,3475,0,0.000,187.037,2962,92396325
"benchmark-example:english-extra-8-cpu","bd/english.100MB",8,1000000,3475,3475,0,0.000,187.037,2963,92397765
"benchmark-example:english-extra-8-cpu","bd/english.100MB",8,1000000,3475,3475,0,0.000,187.037,2964,92463293
"benchmark-example:english-extra-8-cpu","bd/english.100MB",8,1000000,3475,3475,0,0.000,187.037,2965,92485716
"benchmark-example:english-extra-8-cpu","bd/english.100MB",8,1000000,3475,3475,0,0.000,187.037,2966,92494841
"benchmark-example:english-extra-8-cpu","bd/english.100MB",8,1000000,3475,3475,0,0.000,187.037,2967,92513752
"benchmark-example:english-extra-8-cpu","bd/english.100MB",8,1000000,3475,3475,0,0.000,187.037,2968,92549665
"benchmark-example:english-extra-8-cpu","bd/english.100MB",8,1000000,3475,3475,0,0.000,187.037,2969,92574508
"benchmark-example:english-extra-8-cpu","bd/english.100MB",8,1000000,3475,3475,0,0.000,187.037,2970,92576547
"benchmark-example:english-extra-8-cpu","bd/english.100MB",8,1000000,3475,3475,0,0.000,187.037,2971,92646934
"benchmark-example:english-extra-8-cpu","bd/english.100MB",8,1000000,3475,3475,0,0.000,187.037,2972,92673567
"benchmark-example:english-extra-8-cpu","bd/english.100MB",8,1000000,3475,3475,0,0.000,187.037,2973,92680939
"benchmark-example:english-extra-8-cpu","bd/english.100MB",8,1000000,3475,3475,0,0.000,187.037,2974,92681229
"benchmark-example:english-extra-8-cpu","bd/english.100MB",8,1000000,3475,3475,0,0.000,187.037,2975,92740196
"benchmark-example:english-extra-8-cpu","bd/english.100MB",8,1000000,3475,3475,0,0.000,187.037,2976,92751010
"benchmark-example:english-extra-8-cpu","bd/english.100MB",8,1000000,3475,3475,0,0.000,187.037,2977,92764821
"benchmark-example:english-extra-8-cpu","bd/english.100MB",8,1000000,3475,3475,0,0.000,187.037,2978,92766865
"benchmark-example:english-extra-8-cpu","bd/english.100MB",8,1000000,3475,3475,0,0.000,187.037,2979,92767134
"benchmark-example:english-extra-8-cpu","bd/english.100MB",8,1000000,3475,3475,0,0.000,187.037,2980,92769695
"benchmark-example:english-extra-8-cpu","bd/english.100MB",8,1000000,3475,3475,0,0.000,187.037,2981,92770448
"benchmark-example:english-extra-8-cpu","bd/english.100MB",8,1000000,3475,3475,0,0.000,187.037,2982,92770633
"benchmark-example:english-extra-8-cpu","bd/english.100MB",8,1000000,3475,3475,0,0.000,187.037,2983,92771135
"benchmark-example:english-extra-8-cpu","bd/english.100MB",8,1000000,3475,3475,0,0.000,187.037,2984,92773035
"benchmark-example:english-extra-8-cpu","bd/english.100MB",8,1000000,3475,3475,0,0.000,187.037,2985,92773543
"benchmark-example:english-extra-8-cpu","bd/english.100MB",8,1000000,3475,3475,0,0.000,187.037,2986,92782843
"benchmark-example:english-extra-8-cpu","bd/english.100MB",8,1000000,3475,3475,0,0.000,187.037,2987,92784619
"benchmark-example:english-extra-8-cpu","bd/english.100MB",8,1000000,3475,3475,0,0.000,187.037,2988,92786817
"benchmark-example:english-extra-8-cpu","bd/english.100MB",8,1000000,3475,3475,0,0.000,187.037,2989,92830940
"benchmark-example:english-extra-8-cpu","bd/english.100MB",8,1000000,3475,3475,0,0.000,187.037,2990,92846004
"benchmark-example:english-extra-8-cpu","bd/english.100MB",8,1000000,3475,3475,0,0.000,187.037,2991,92852853
"benchmark-example:english-extra-8-cpu","bd/english.100MB",8,1000000,3475,3475,0,0.000,187.037,2992,92854232
"benchmark-example:english-extra-8-cpu","bd/english.100MB",8,1000000,3475,3475,0,0.000,187.037,2993,92858729
"benchmark-example:english-extra-8-cpu","bd/english.100MB",8,1000000,3475,3475,0,0.000,187.037,2994,92859032
"benchmark-example:english-extra-8-cpu","bd/english.100MB",8,1000000,3475,3475,0,0.000,187.037,2995,92865702
"benchmark-example:english-extra-8-cpu","bd/english.100MB",8,1000000,3475,3475,0,0.000,187.037,2996,92870465
"benchmark-example:english-extra-8-cpu","bd/english.100MB",8,1000000,3475,3475,0,0.000,187.037,2997,92909841
"benchmark-example:english-extra-8-cpu","bd/english.100MB",8,1000000,3475,3475,0,0.000,187.037,2998,92909883
"benchmark-example:english-extra-8-cpu","bd/english.100MB",8,1000000,3475,3475,0,0.000,187.037,2999,92939841
"benchmark-example:english-extra-8-cpu","bd/english.100MB",8,1000000,3475,3475,0,0.000,187.037,3000,92959105
"benchmark-example:english-extra-8-cpu","bd/english.100MB",8,1000000,3475,3475,0,0.000,187.037,3001,92963322
"benchmark-example:english-extra-8-cpu","bd/english.100MB",8,1000000,3475,3475,0,0.000,187.037,3002,92963879
"benchmark-example:english-extra-8-cpu","bd/english.100MB",8,1000000,3475,3475,0,0.000,187.037,3003,92972289
"benchmark-example:english-extra-8-cpu","bd/english.100MB",8,1000000,3475,3475,0,0.000,187.037,3004,92986925
"benchmark-example:english-extra-8-cpu","bd/english.100MB",8,1000000,3475,3475,0,0.000,187.037,3005,93018158
"benchmark-example:english-extra-8-cpu","bd/english.100MB",8,1000000,3475,3475,0,0.000,187.037,3006,93046650
"benchmark-example:english-extra-8-cpu","bd/english.100MB",8,1000000,3475,3475,0,0.000,187.037,3007,93053373
"benchmark-example:english-extra-8-cpu","bd/english.100MB",8,1000000,3475,3475,0,0.000,187.037,3008,93070542
"benchmark-example:english-extra-8-cpu","bd/english.100MB",8,1000000,3475,3475,0,0.000,187.037,3009,93082415
"benchmark-example:english-extra-8-cpu","bd/english.100MB",8,1000000,3475,3475,0,0.000,187.037,3010,93083106
"benchmark-example:english-extra-8-cpu","bd/english.100MB",8,1000000,3475,3475,0,0.000,187.037,3011,93085554
"benchmark-example:english-extra-8-cpu","bd/english.100MB",8,1000000,3475,3475,0,0.000,187.037,3012,93086421
"benchmark-example:english-extra-8-cpu","bd/english.100MB",8,1000000,3475,3475,0,0.000,187.037,3013,93086877
"benchmark-example:english-extra-8-cpu","bd/english.100MB",8,1000000,3475,3475,0,0.000,187.037,3014,93122033
"benchmark-example:english-extra-8-cpu","bd/english.100MB",8,1000000,3475,3475,0,0.000,187.037,3015,93130663
"benchmark-example:english-extra-8-cpu","bd/english.100MB",8,1000000,3475,3475,0,0.000,187.037,3016,93167562
"benchmark-example:english-extra-8-cpu","bd/english.100MB",8,1000000,3475,3475,0,0.000,187.037,3017,93173190
"benchmark-example:english-extra-8-cpu","bd/english.100MB",8,1000000,3475,3475,0,0.000,187.037,3018,93176236
"benchmark-example:english-extra-8-cpu","bd/english.100MB",8,1000000,3475,3475,0,0.000,187.037,3019,93196496
"benchmark-example:english-extra-8-cpu","bd/english.100MB",8,1000000,3475,3475,0,0.000,187.037,3020,93199395
"benchmark-example:english-extra-8-cpu","bd/english.100MB",8,1000000,3475,3475,0,0.000,187.037,3021,93208786
"benchmark-example:english-extra-8-cpu","bd/english.100MB",8,1000000,3475,3475,0,0.000,187.037,3022,93208850
"benchmark-example:english-extra-8-cpu","bd/english.100MB",8,1000000,3475,3475,0,0.000,187.037,3023,93300214
"benchmark-example:english-extra-8-cpu","bd/english.100MB",8,1000000,3475,3475,0,0.000,187.037,3024,93303950
"benchmark-example:english-extra-8-cpu","bd/english.100MB",8,1000000,3475,3475,0,0.000,187.037,3025,93323768
"benchmark-example:english-extra-8-cpu","bd/english.100MB",8,1000000,3475,3475,0,0.000,187.037,3026,93336840
"benchmark-example:english-extra-8-cpu","bd/english.100MB",8,1000000,3475,3475,0,0.000,187.037,3027,93337338
"benchmark-example:english-extra-8-cpu","bd/english.100MB",8,1000000,3475,3475,0,0.000,187.037,3028,93358282
"benchmark-example:english-extra-8-cpu","bd/english.100MB",8,1000000,3475,3475,0,0.000,187.037,3029,93374850
"benchmark-example:english-extra-8-cpu","bd/english.100MB",8,1000000,3475,3475,0,0.000,187.037,3030,93398938
"benchmark-example:english-extra-8-cpu","bd/english.100MB",8,1000000,3475,3475,0,0.000,187.037,3031,93407026
"benchmark-example:english-extra-8-cpu","bd/english.100MB",8,1000000,3475,3475,0,0.000,187.037,3032,93575519
"benchmark-example:english-extra-8-cpu","bd/english.100MB",8,1000000,3475,3475,0,0.000,187.037,3033,93610517
"benchmark-example:english-extra-8-cpu","bd/english.100MB",8,1000000,3475,3475,0,0.000,187.037,3034,93670645
"benchmark-example:english-extra-8-cpu","bd/english.100MB",8,1000000,3475,3475,0,0.000,187.037,3035,93709870
"benchmark-example:english-extra-8-cpu","bd/english.100MB",8,1000000,3475,3475,0,0.000,187.037,3036,93729793
"benchmark-example:english-extra-8-cpu","bd/english.100MB",8,1000000,3475,3475,0,0.000,187.037,3037,93737167
"benchmark-example:english-extra-8-cpu","bd/english.100MB",8,1000000,3475,3475,0,0.000,187.037,3038,93762737
"benchmark-example:english-extra-8-cpu","bd/english.100MB",8,1000000,3475,3475,0,0.000,187.037,3039,93804920
"benchmark-example:english-extra-8-cpu","bd/english.100MB",8,1000000,3475,3475,0,0.000,187.037,3040,93823677
"benchmark-example:english-extra-8-cpu","bd/english.100MB",8,1000000,3475,3475,0,0.000,187.037,3041,93826059
"benchmark-example:english-extra-8-cpu","bd/english.100MB",8,1000000,3475,3475,0,0.000,187.037,3042,93829113
"benchmark-example:english-extra-8-cpu","bd/english.100MB",8,1000000,3475,3475,0,0.000,187.037,3043,93833632
"benchmark-example:english-extra-8-cpu","bd/english.100MB",8,1000000,3475,3475,0,0.000,187.037,3044,93839588
"benchmark-example:english-extra-8-cpu","bd/english.100MB",8,1000000,3475,3475,0,0.000,187.037,3045,93847393
"benchmark-example:english-extra-8-cpu","bd/english.100MB",8,1000000,3475,3475,0,0.000,187.037,3046,93864681
"benchmark-example:english-extra-8-cpu","bd/english.100MB",8,1000000,3475,3475,0,0.000,187.037,3047,93902715
"benchmark-example:english-extra-8-cpu","bd/english.100MB",8,1000000,3475,3475,0,0.000,187.037,3048,93947061
"benchmark-example:english-extra-8-cpu","bd/english.100MB",8,1000000,3475,3475,0,0.000,187.037,3049,93951023
"benchmark-example:english-extra-8-cpu","bd/english.100MB",8,1000000,3475,3475,0,0.000,187.037,3050,94036469
"benchmark-example:english-extra-8-cpu","bd/english.100MB",8,1000000,3475,3475,0,0.000,187.037,3051,94076688
"benchmark-example:english-extra-8-cpu","bd/english.100MB",8,1000000,3475,3475,0,0.000,187.037,3052,94076731
"benchmark-example:english-extra-8-cpu","bd/english.100MB",8,1000000,3475,3475,0,0.000,187.037,3053,94154305
"benchmark-example:english-extra-8-cpu","bd/english.100MB",8,1000000,3475,3475,0,0.000,187.037,3054,94156214
"benchmark-example:english-extra-8-cpu","bd/english.100MB",8,1000000,3475,3475,0,0.000,187.037,3055,94190405
"benchmark-example:english-extra-8-cpu","bd/english.100MB",8,1000000,3475,3475,0,0.000,187.037,3056,94214259
"benchmark-example:english-extra-8-cpu","bd/english.100MB",8,1000000,3475,3475,0,0.000,187.037,3057,94239920
"benchmark-example:english-extra-8-cpu","bd/english.100MB",8,1000000,3475,3475,0,0.000,187.037,3058,94258515
"benchmark-example:english-extra-8-cpu","bd/english.100MB",8,1000000,3475,3475,0,0.000,187.037,3059,94323673
"benchmark-example:english-extra-8-cpu","bd/english.100MB",8,1000000,3475,3475,0,0.000,187.037,3060,94361790
"benchmark-example:english-extra-8-cpu","bd/english.100MB",8,1000000,3475,3475,0,0.000,187.037,3061,94429879
"benchmark-example:english-extra-8-cpu","bd/english.100MB",8,1000000,3475,3475,0,0.000,187.037,3062,94430904
"benchmark-example:english-extra-8-cpu","bd/english.100MB",8,1000000,3475,3475,0,0.000,187.037,3063,94677720
"benchmark-example:english-extra-8-cpu","bd/english.100MB",8,1000000,3475,3475,0,0.000,187.037,3064,94677801
"benchmark-example:english-extra-8-cpu","bd/english.100MB",8,1000000,3475,3475,0,0.000,187.037,3065,94705051
"benchmark-example:english-extra-8-cpu","bd/english.100MB",8,1000000,3475,3475,0,0.000,187.037,3066,94791368
"benchmark-example:english-extra-8-cpu","bd/english.100MB",8,1000000,3475,3475,0,0.000,187.037,3067,94835957
"benchmark-example:english-extra-8-cpu","bd/english.100MB",8,1000000,3475,3475,0,0.000,187.037,3068,94986059
"benchmark-example:english-extra-8-cpu","bd/english.100MB",8,1000000,3475,3475,0,0.000,187.037,3069,95261061
"benchmark-example:english-extra-8-cpu","bd/english.100MB",8,1000000,3475,3475,0,0.000,187.037,3070,95338643
"benchmark-example:english-extra-8-cpu","bd/english.100MB",8,1000000,3475,3475,0,0.000,187.037,3071,95360621
"benchmark-example:english-extra-8-cpu","bd/english.100MB",8,1000000,3475,3475,0,0.000,187.037,3072,95561663
"benchmark-example:english-extra-8-cpu","bd/english.100MB",8,1000000,3475,3475,0,0.000,187.037,3073,95562496
"benchmark-example:english-extra-8-cpu","bd/english.100MB",8,1000000,3475,3475,0,0.000,187.037,3074,95632618
"benchmark-example:english-extra-8-cpu","bd/english.100MB",8,1000000,3475,3475,0,0.000,187.037,3075,95646057
"benchmark-example:english-extra-8-cpu","bd/english.100MB",8,1000000,3475,3475,0,0.000,187.037,3076,95684332
"benchmark-example:english-extra-8-cpu","bd/english.100MB",8,1000000,3475,3475,0,0.000,187.037,3077,95759418
"benchmark-example:english-extra-8-cpu","bd/english.100MB",8,1000000,3475,3475,0,0.000,187.037,3078,95785133
"benchmark-example:english-extra-8-cpu","bd/english.100MB",8,1000000,3475,3475,0,0.000,187.037,3079,95859078
"benchmark-example:english-extra-8-cpu","bd/english.100MB",8,1000000,3475,3475,0,0.000,187.037,3080,95917260
"benchmark-example:english-extra-8-cpu","bd/english.100MB",8,1000000,3475,3475,0,0.000,187.037,3081,95935667
"benchmark-example:english-extra-8-cpu","bd/english.100MB",8,1000000,3475,3475,0,0.000,187.037,3082,95937491
"benchmark-example:english-extra-8-cpu","bd/english.100MB",8,1000000,3475,3475,0,0.000,187.037,3083,95952313
"benchmark-example:english-extra-8-cpu","bd/english.100MB",8,1000000,3475,3475,0,0.000,187.037,3084,95953828
"benchmark-example:english-extra-8-cpu","bd/english.100MB",8,1000000,3475,3475,0,0.000,187.037,3085,95957193
"benchmark-example:english-extra-8-cpu","bd/english.100MB",8,1000000,3475,3475,0,0.000,187.037,3086,96069990
"benchmark-example:english-extra-8-cpu","bd/english.100MB",8,1000000,3475,3475,0,0.000,187.037,3087,96130155
"benchmark-example:english-extra-8-cpu","bd/english.100MB",8,1000000,3475,3475,0,0.000,187.037,3088,96131841
"benchmark-example:english-extra-8-cpu","bd/english.100MB",8,1000000,3475,3475,0,0.000,187.037,3089,96141766
"benchmark-example:english-extra-8-cpu","bd/english.100MB",8,1000000,3475,3475,0,0.000,187.037,3090,96219516
"benchmark-example:english-extra-8-cpu","bd/english.100MB",8,1000000,3475,3475,0,0.000,187.037,3091,96229776
"benchmark-example:english-extra-8-cpu","bd/english.100MB",8,1000000,3475,3475,0,0.000,187.037,3092,96233802
"benchmark-example:english-extra-8-cpu","bd/english.100MB",8,1000000,3475,3475,0,0.000,187.037,3093,96259396
"benchmark-example:english-extra-8-cpu","bd/english.100MB",8,1000000,3475,3475,0,0.000,187.037,3094,96261866
"benchmark-example:english-extra-8-cpu","bd/english.100MB",8,1000000,3475,3475,0,0.000,187.037,3095,96262040
"benchmark-example:english-extra-8-cpu","bd/english.100MB",8,1000000,3475,3475,0,0.000,187.037,3096,96262606
"benchmark-example:english-extra-8-cpu","bd/english.100MB",8,1000000,3475,3475,0,0.000,187.037,3097,96269003
"benchmark-example:english-extra-8-cpu","bd/english.100MB",8,1000000,3475,3475,0,0.000,187.037,3098,96269364
"benchmark-example:english-extra-8-cpu","bd/english.100MB",8,1000000,3475,3475,0,0.000,187.037,3099,96312267
"benchmark-example:english-extra-8-cpu","bd/english.100MB",8,1000000,3475,3475,0,0.000,187.037,3100,96420519
"benchmark-example:english-extra-8-cpu","bd/english.100MB",8,1000000,3475,3475,0,0.000,187.037,3101,96446823
"benchmark-example:english-extra-8-cpu","bd/english.100MB",8,1000000,3475,3475,0,0.000,187.037,3102,96464814
"benchmark-example:english-extra-8-cpu","bd/english.100MB",8,1000000,3475,3475,0,0.000,187.037,3103,96477986
"benchmark-example:english-extra-8-cpu","bd/english.100MB",8,1000000,3475,3475,0,0.000,187.037,3104,96536504
"benchmark-example:english-extra-8-cpu","bd/english.100MB",8,1000000,3475,3475,0,0.000,187.037,3105,96546865
"benchmark-example:english-extra-8-cpu","bd/english.100MB",8,1000000,3475,3475,0,0.000,187.037,3106,96590925
"benchmark-example:english-extra-8-cpu","bd/english.100MB",8,1000000,3475,3475,0,0.000,187.037,3107,96602858
"benchmark-example:english-extra-8-cpu","bd/english.100MB",8,1000000,3475,3475,0,0.000,187.037,3108,96698067
"benchmark-example:english-extra-8-cpu","bd/english.100MB",8,1000000,3475,3475,0,0.000,187.037,3109,96795473
"benchmark-example:english-extra-8-cpu","bd/english.100MB",8,1000000,3475,3475,0,0.000,187.037,3110,96796826
"benchmark-example:english-extra-8-cpu","bd/english.100MB",8,1000000,3475,3475,0,0.000,187.037,3111,96815588
"benchmark-example:english-extra-8-cpu","bd/english.100MB",8,1000000,3475,3475,0,0.000,187.037,3112,96884797
"benchmark-example:english-extra-8-cpu","bd/english.100MB",8,1000000,3475,3475,0,0.000,187.037,3113,96886555
"benchmark-example:english-extra-8-cpu","bd/english.100MB",8,1000000,3475,3475,0,0.000,187.037,3114,96914863
"benchmark-example:english-extra-8-cpu","bd/english.100MB",8,1000000,3475,3475,0,0.000,187.037,3115,96917651
"benchmark-example:english-extra-8-cpu","bd/english.100MB",8,1000000,3475,3475,0,0.000,187.037,3116,96947346
"benchmark-example:english-extra-8-cpu","bd/english.100MB",8,1000000,3475,3475,0,0.000,187.037,3117,97009101
"benchmark-example:english-extra-8-cpu","bd/english.100MB",8,1000000,3475,3475,0,0.000,187.037,3118,97085542
"benchmark-example:english-extra-8-cpu","bd/english.100MB",8,1000000,3475,3475,0,0.000,187.037,3119,97133258
"benchmark-example:english-extra-8-cpu","bd/english.100MB",8,1000000,3475,3475,0,0.000,187.037,3120,97161129
"benchmark-example:english-extra-8-cpu","bd/english.100MB",8,1000000,3475,3475,0,0.000,187.037,3121,97222124
"benchmark-example:english-extra-8-cpu","bd/english.100MB",8,1000000,3475,3475,0,0.000,187.037,3122,97222491
"benchmark-example:english-extra-8-cpu","bd/english.100MB",8,1000000,3475,3475,0,0.000,187.037,3123,97251664
"benchmark-example:english-extra-8-cpu","bd/english.100MB",8,1000000,3475,3475,0,0.000,187.037,3124,97382076
"benchmark-example:english-extra-8-cpu","bd/english.100MB",8,1000000,3475,3475,0,0.000,187.037,3125,97442615
"benchmark-example:english-extra-8-cpu","bd/english.100MB",8,1000000,3475,3475,0,0.000,187.037,3126,97447350
"benchmark-example:english-extra-8-cpu","bd/english.100MB",8,1000000,3475,3475,0,0.000,187.037,3127,97553756
"benchmark-example:english-extra-8-cpu","bd/english.100MB",8,1000000,3475,3475,0,0.000,187.037,3128,97555137
"benchmark-example:english-extra-8-cpu","bd/english.100MB",8,1000000,3475,3475,0,0.000,187.037,3129,97719522
"benchmark-example:english-extra-8-cpu","bd/english.100MB",8,1000000,3475,3475,0,0.000,187.037,3130,97823274
"benchmark-example:english-extra-8-cpu","bd/english.100MB",8,1000000,3475,3475,0,0.000,187.037,3131,97860127
"benchmark-example:english-extra-8-cpu","bd/english.100MB",8,1000000,3475,3475,0,0.000,187.037,3132,97893669
"benchmark-example:english-extra-8-cpu","bd/english.100MB",8,1000000,3475,3475,0,0.000,187.037,3133,97932238
"benchmark-example:english-extra-8-cpu","bd/english.100MB",8,1000000,3475,3475,0,0.000,187.037,3134,98168271
"benchmark-example:english-extra-8-cpu","bd/english.100MB",8,1000000,3475,3475,0,0.000,187.037,3135,98191267
"benchmark-example:english-extra-8-cpu","bd/english.100MB",8,1000000,3475,3475,0,0.000,187.037,3136,98210709
"benchmark-example:english-extra-8-cpu","bd/english.100MB",8,1000000,3475,3475,0,0.000,187.037,3137,98220668
"benchmark-example:english-extra-8-cpu","bd/english.100MB",8,1000000,3475,3475,0,0.000,187.037,3138,98246120
"benchmark-example:english-extra-8-cpu","bd/english.100MB",8,1000000,3475,3475,0,0.000,187.037,3139,98250120
"benchmark-example:english-extra-8-cpu","bd/english.100MB",8,1000000,3475,3475,0,0.000,187.037,3140,98261756
"benchmark-example:english-extra-8-cpu","bd/english.100MB",8,1000000,3475,3475,0,0.000,187.037,3141,98286021
"benchmark-example:english-extra-8-cpu","bd/english.100MB",8,1000000,3475,3475,0,0.000,187.037,3142,98307850
"benchmark-example:english-extra-8-cpu","bd/english.100MB",8,1000000,3475,3475,0,0.000,187.037,3143,98313388
"benchmark-example:english-extra-8-cpu","bd/english.100MB",8,1000000,3475,3475,0,0.000,187.037,3144,98362927
"benchmark-example:english-extra-8-cpu","bd/english.100MB",8,1000000,3475,3475,0,0.000,187.037,3145,98381815
"benchmark-example:english-extra-8-cpu","bd/english.100MB",8,1000000,3475,3475,0,0.000,187.037,3146,98424238
"benchmark-example:english-extra-8-cpu","bd/english.100MB",8,1000000,3475,3475,0,0.000,187.037,3147,98457406
"benchmark-example:english-extra-8-cpu","bd/english.100MB",8,1000000,3475,3475,0,0.000,187.037,3148,98458775
"benchmark-example:english-extra-8-cpu","bd/english.100MB",8,1000000,3475,3475,0,0.000,187.037,3149,98462951
"benchmark-example:english-extra-8-cpu","bd/english.100MB",8,1000000,3475,3475,0,0.000,187.037,3150,98463545
"benchmark-example:english-extra-8-cpu","bd/english.100MB",8,1000000,3475,3475,0,0.000,187.037,3151,98481873
"benchmark-example:english-extra-8-cpu","bd/english.100MB",8,1000000,3475,3475,0,0.000,187.037,3152,98487411
"benchmark-example:english-extra-8-cpu","bd/english.100MB",8,1000000,3475,3475,0,0.000,187.037,3153,98536948
"benchmark-example:english-extra-8-cpu","bd/english.100MB",8,1000000,3475,3475,0,0.000,187.037,3154,98555804
"benchmark-example:english-extra-8-cpu","bd/english.100MB",8,1000000,3475,3475,0,0.000,187.037,3155,98598226
"benchmark-example:english-extra-8-cpu","bd/english.100MB",8,1000000,3475,3475,0,0.000,187.037,3156,98631392
"benchmark-example:english-extra-8-cpu","bd/english.100MB",8,1000000,3475,3475,0,0.000,187.037,3157,98632761
"benchmark-example:english-extra-8-cpu","bd/english.100MB",8,1000000,3475,3475,0,0.000,187.037,3158,98636937
"benchmark-example:english-extra-8-cpu","bd/english.100MB",8,1000000,3475,3475,0,0.000,187.037,3159,98637531
"benchmark-example:english-extra-8-cpu","bd/english.100MB",8,1000000,3475,3475,0,0.000,187.037,3160,98663315
"benchmark-example:english-extra-8-cpu","bd/english.100MB",8,1000000,3475,3475,0,0.000,187.037,3161,98675975
"benchmark-example:english-extra-8-cpu","bd/english.100MB",8,1000000,3475,3475,0,0.000,187.037,3162,98695871
"benchmark-example:english-extra-8-cpu","bd/english.100MB",8,1000000,3475,3475,0,0.000,187.037,3163,98696006
"benchmark-example:english-extra-8-cpu","bd/english.100MB",8,1000000,3475,3475,0,0.000,187.037,3164,98709247
"benchmark-example:english-extra-8-cpu","bd/english.100MB",8,1000000,3475,3475,0,0.000,187.037,3165,98735018
"benchmark-example:english-extra-8-cpu","bd/english.100MB",8,1000000,3475,3475,0,0.000,187.037,3166,98741014
"benchmark-example:english-extra-8-cpu","bd/english.100MB",8,1000000,3475,3475,0,0.000,187.037,3167,98802068
"benchmark-example:english-extra-8-cpu","bd/english.100MB",8,1000000,3475,3475,0,0.000,187.037,3168,98827473
"benchmark-example:english-extra-8-cpu","bd/english.100MB",8,1000000,3475,3475,0,0.000,187.037,3169,98831881
"benchmark-example:english-extra-8-cpu","bd/english.100MB",8,1000000,3475,3475,0,0.000,187.037,3170,98865706
"benchmark-example:english-extra-8-cpu","bd/english.100MB",8,1000000,3475,3475,0,0.000,187.037,3171,98878366
"benchmark-example:english-extra-8-cpu","bd/english.100MB",8,1000000,3475,3475,0,0.000,187.037,3172,98898262
"benchmark-example:english-extra-8-cpu","bd/english.100MB",8,1000000,3475,3475,0,0.000,187.037,3173,98898397
"benchmark-example:english-extra-8-cpu","bd/english.100MB",8,1000000,3475,3475,0,0.000,187.037,3174,98911639
"benchmark-example:english-extra-8-cpu","bd/english.100MB",8,1000000,3475,3475,0,0.000,187.037,3175,98937411
"benchmark-example:english-extra-8-cpu","bd/english.100MB",8,1000000,3475,3475,0,0.000,187.037,3176,98943407
"benchmark-example:english-extra-8-cpu","bd/english.100MB",8,1000000,3475,3475,0,0.000,187.037,3177,99004458
"benchmark-example:english-extra-8-cpu","bd/english.100MB",8,1000000,3475,3475,0,0.000,187.037,3178,99029862
"benchmark-example:english-extra-8-cpu","bd/english.100MB",8,1000000,3475,3475,0,0.000,187.037,3179,99034270
"benchmark-example:english-extra-8-cpu","bd/english.100MB",8,1000000,3475,3475,0,0.000,187.037,3180,99051703
"benchmark-example:english-extra-8-cpu","bd/english.100MB",8,1000000,3475,3475,0,0.000,187.037,3181,99070755
"benchmark-example:english-extra-8-cpu","bd/english.100MB",8,1000000,3475,3475,0,0.000,187.037,3182,99070878
"benchmark-example:english-extra-8-cpu","bd/english.100MB",8,1000000,3475,3475,0,0.000,187.037,3183,99110667
"benchmark-example:english-extra-8-cpu","bd/english.100MB",8,1000000,3475,3475,0,0.000,187.037,3184,99116576
"benchmark-example:english-extra-8-cpu","bd/english.100MB",8,1000000,3475,3475,0,0.000,187.037,3185,99131352
"benchmark-example:english-extra-8-cpu","bd/english.100MB",8,1000000,3475,3475,0,0.000,187.037,3186,99137358
"benchmark-example:english-extra-8-cpu","bd/english.100MB",8,1000000,3475,3475,0,0.000,187.037,3187,99142030
"benchmark-example:english-extra-8-cpu","bd/english.100MB",8,1000000,3475,3475,0,0.000,187.037,3188,99155715
"benchmark-example:english-extra-8-cpu","bd/english.100MB",8,1000000,3475,3475,0,0.000,187.037,3189,99159862
"benchmark-example:english-extra-8-cpu","bd/english.100MB",8,1000000,3475,3475,0,0.000,187.037,3190,99215256
"benchmark-example:english-extra-8-cpu","bd/english.100MB",8,1000000,3475,3475,0,0.000,187.037,3191,99236965
"benchmark-example:english-extra-8-cpu","bd/english.100MB",8,1000000,3475,3475,0,0.000,187.037,3192,99273709
"benchmark-example:english-extra-8-cpu","bd/english.100MB",8,1000000,3475,3475,0,0.000,187.037,3193,99281276
"benchmark-example:english-extra-8-cpu","bd/english.100MB",8,1000000,3475,3475,0,0.000,187.037,3194,99282724
"benchmark-example:english-extra-8-cpu","bd/english.100MB",8,1000000,3475,3475,0,0.000,187.037,3195,99282884
"benchmark-example:english-extra-8-cpu","bd/english.100MB",8,1000000,3475,3475,0,0.000,187.037,3196,99286671
"benchmark-example:english-extra-8-cpu","bd/english.100MB",8,1000000,3475,3475,0,0.000,187.037,3197,99287296
"benchmark-example:english-extra-8-cpu","bd/english.100MB",8,1000000,3475,3475,0,0.000,187.037,3198,99287370
"benchmark-example:english-extra-8-cpu","bd/english.100MB",8,1000000,3475,3475,0,0.000,187.037,3199,99307974
"benchmark-example:english-extra-8-cpu","bd/english.100MB",8,1000000,3475,3475,0,0.000,187.037,3200,99308318
"benchmark-example:english-extra-8-cpu","bd/english.100MB",8,1000000,3475,3475,0,0.000,187.037,3201,99315763
"benchmark-example:english-extra-8-cpu","bd/english.100MB",8,1000000,3475,3475,0,0.000,187.037,3202,99325517
"benchmark-example:english-extra-8-cpu","bd/english.100MB",8,1000000,3475,3475,0,0.000,187.037,3203,99344570
"benchmark-example:english-extra-8-cpu","bd/english.100MB",8,1000000,3475,3475,0,0.000,187.037,3204,99344693
"benchmark-example:english-extra-8-cpu","bd/english.100MB",8,1000000,3475,3475,0,0.000,187.037,3205,99384481
"benchmark-example:english-extra-8-cpu","bd/english.100MB",8,1000000,3475,3475,0,0.000,187.037,3206,99390388
"benchmark-example:english-extra-8-cpu","bd/english.100MB",8,1000000,3475,3475,0,0.000,187.037,3207,99405166
"benchmark-example:english-extra-8-cpu","bd/english.100MB",8,1000000,3475,3475,0,0.000,187.037,3208,99411172
"benchmark-example:english-extra-8-cpu","bd/english.100MB",8,1000000,3475,3475,0,0.000,187.037,3209,99415844
"benchmark-example:english-extra-8-cpu","bd/english.100MB",8,1000000,3475,3475,0,0.000,187.037,3210,99429525
"benchmark-example:english-extra-8-cpu","bd/english.100MB",8,1000000,3475,3475,0,0.000,187.037,3211,99433671
"benchmark-example:english-extra-8-cpu","bd/english.100MB",8,1000000,3475,3475,0,0.000,187.037,3212,99489072
"benchmark-example:english-extra-8-cpu","bd/english.100MB",8,1000000,3475,3475,0,0.000,187.037,3213,99510780
"benchmark-example:english-extra-8-cpu","bd/english.100MB",8,1000000,3475,3475,0,0.000,187.037,3214,99547521
"benchmark-example:english-extra-8-cpu","bd/english.100MB",8,1000000,3475,3475,0,0.000,187.037,3215,99555088
"benchmark-example:english-extra-8-cpu","bd/english.100MB",8,1000000,3475,3475,0,0.000,187.037,3216,99556536
"benchmark-example:english-extra-8-cpu","bd/english.100MB",8,1000000,3475,3475,0,0.000,187.037,3217,99556696
"benchmark-example:english-extra-8-cpu","bd/english.100MB",8,1000000,3475,3475,0,0.000,187.037,3218,99560483
"benchmark-example:english-extra-8-cpu","bd/english.100MB",8,1000000,3475,3475,0,0.000,187.037,3219,99561108
"benchmark-example:english-extra-8-cpu","bd/english.100MB",8,1000000,3475,3475,0,0.000,187.037,3220,99561182
"benchmark-example:english-extra-8-cpu","bd/english.100MB",8,1000000,3475,3475,0,0.000,187.037,3221,99581785
"benchmark-example:english-extra-8-cpu","bd/english.100MB",8,1000000,3475,3475,0,0.000,187.037,3222,99582128
"benchmark-example:english-extra-8-cpu","bd/english.100MB",8,1000000,3475,3475,0,0.000,187.037,3223,99589574
"benchmark-example:english-extra-8-cpu","bd/english.100MB",8,1000000,3475,3475,0,0.000,187.037,3224,99595143
"benchmark-example:english-extra-8-cpu","bd/english.100MB",8,1000000,3475,3475,0,0.000,187.037,3225,99599052
"benchmark-example:english-extra-8-cpu","bd/english.100MB",8,1000000,3475,3475,0,0.000,187.037,3226,99655940
"benchmark-example:english-extra-8-cpu","bd/english.100MB",8,1000000,3475,3475,0,0.000,187.037,3227,99736533
"benchmark-example:english-extra-8-cpu","bd/english.100MB",8,1000000,3475,3475,0,0.000,187.037,3228,99778327
"benchmark-example:english-extra-8-cpu","bd/english.100MB",8,1000000,3475,3475,0,0.000,187.037,3229,99791680
"benchmark-example:english-extra-8-cpu","bd/english.100MB",8,1000000,3475,3475,0,0.000,187.037,3230,99804632
"benchmark-example:english-extra-8-cpu","bd/english.100MB",8,1000000,3475,3475,0,0.000,187.037,3231,99808541
"benchmark-example:english-extra-8-cpu","bd/english.100MB",8,1000000,3475,3475,0,0.000,187.037,3232,99865428
"benchmark-example:english-extra-8-cpu","bd/english.100MB",8,1000000,3475,3475,0,0.000,187.037,3233,99946015
"benchmark-example:english-extra-8-cpu","bd/english.100MB",8,1000000,3475,3475,0,0.000,187.037,3234,99987809
"benchmark-example:english-extra-8-cpu","bd/english.100MB",8,1000000,3475,3475,0,0.000,187.037,3235,100001157
"benchmark-example:english-extra-8-cpu","bd/english.100MB",8,1000000,3475,3475,0,0.000,187.037,3236,100015970
"benchmark-example:english-extra-8-cpu","bd/english.100MB",8,1000000,3475,3475,0,0.000,187.037,3237,100097132
"benchmark-example:english-extra-8-cpu","bd/english.100MB",8,1000000,3475,3475,0,0.000,187.037,3238,100124671
"benchmark-example:english-extra-8-cpu","bd/english.100MB",8,1000000,3475,3475,0,0.000,187.037,3239,100195775
"benchmark-example:english-extra-8-cpu","bd/english.100MB",8,1000000,3475,3475,0,0.000,187.037,3240,100196075
"benchmark-example:english-extra-8-cpu","bd/english.100MB",8,1000000,3475,3475,0,0.000,187.037,3241,100205291
"benchmark-example:english-extra-8-cpu","bd/english.100MB",8,1000000,3475,3475,0,0.000,187.037,3242,100207318
"benchmark-example:english-extra-8-cpu","bd/english.100MB",8,1000000,3475,3475,0,0.000,187.037,3243,100212202
"benchmark-example:english-extra-8-cpu","bd/english.100MB",8,1000000,3475,3475,0,0.000,187.037,3244,100233133
"benchmark-example:english-extra-8-cpu","bd/english.100MB",8,1000000,3475,3475,0,0.000,187.037,3245,100244722
"benchmark-example:english-extra-8-cpu","bd/english.100MB",8,1000000,3475,3475,0,0.000,187.037,3246,100325839
"benchmark-example:english-extra-8-cpu","bd/english.100MB",8,1000000,3475,3475,0,0.000,187.037,3247,100353373
"benchmark-example:english-extra-8-cpu","bd/english.100MB",8,1000000,3475,3475,0,0.000,187.037,3248,100424483
"benchmark-example:english-extra-8-cpu","bd/english.100MB",8,1000000,3475,3475,0,0.000,187.037,3249,100424783
"benchmark-example:english-extra-8-cpu","bd/english.100MB",8,1000000,3475,3475,0,0.000,187.037,3250,100433998
"benchmark-example:english-extra-8-cpu","bd/english.100MB",8,1000000,3475,3475,0,0.000,187.037,3251,100436025
"benchmark-example:english-extra-8-cpu","bd/english.100MB",8,1000000,3475,3475,0,0.000,187.037,3252,100440909
"benchmark-example:english-extra-8-cpu","bd/english.100MB",8,1000000,3475,3475,0,0.000,187.037,3253,100461841
"benchmark-example:english-extra-8-cpu","bd/english.100MB",8,1000000,3475,3475,0,0.000,187.037,3254,100471534
"benchmark-example:english-extra-8-cpu","bd/english.100MB",8,1000000,3475,3475,0,0.000,187.037,3255,100491497
"benchmark-example:english-extra-8-cpu","bd/english.100MB",8,1000000,3475,3475,0,0.000,187.037,3256,100493182
"benchmark-example:english-extra-8-cpu","bd/english.100MB",8,1000000,3475,3475,0,0.000,187.037,3257,100522671
"benchmark-example:english-extra-8-cpu","bd/english.100MB",8,1000000,3475,3475,0,0.000,187.037,3258,100540778
"benchmark-example:english-extra-8-cpu","bd/english.100MB",8,1000000,3475,3475,0,0.000,187.037,3259,100556270
"benchmark-example:english-extra-8-cpu","bd/english.100MB",8,1000000,3475,3475,0,0.000,187.037,3260,100568965
"benchmark-example:english-extra-8-cpu","bd/english.100MB",8,1000000,3475,3475,0,0.000,187.037,3261,100591222
"benchmark-example:english-extra-8-cpu","bd/english.100MB",8,1000000,3475,3475,0,0.000,187.037,3262,100605356
"benchmark-example:english-extra-8-cpu","bd/english.100MB",8,1000000,3475,3475,0,0.000,187.037,3263,100605575
"benchmark-example:english-extra-8-cpu","bd/english.100MB",8,1000000,3475,3475,0,0.000,187.037,3264,100676665
"benchmark-example:english-extra-8-cpu","bd/english.100MB",8,1000000,3475,3475,0,0.000,187.037,3265,100696628
"benchmark-example:english-extra-8-cpu","bd/english.100MB",8,1000000,3475,3475,0,0.000,187.037,3266,100698313
"benchmark-example:english-extra-8-cpu","bd/english.100MB",8,1000000,3475,3475,0,0.000,187.037,3267,100727801
"benchmark-example:english-extra-8-cpu","bd/english.100MB",8,1000000,3475,3475,0,0.000,187.037,3268,100745907
"benchmark-example:english-extra-8-cpu","bd/english.100MB",8,1000000,3475,3475,0,0.000,187.037,3269,100761398
"benchmark-example:english-extra-8-cpu","bd/english.100MB",8,1000000,3475,3475,0,0.000,187.037,3270,100774092
"benchmark-example:english-extra-8-cpu","bd/english.100MB",8,1000000,3475,3475,0,0.000,187.037,3271,100796347
"benchmark-example:english-extra-8-cpu","bd/english.100MB",8,1000000,3475,3475,0,0.000,187.037,3272,100810479
"benchmark-example:english-extra-8-cpu","bd/english.100MB",8,1000000,3475,3475,0,0.000,187.037,3273,100810698
"benchmark-example:english-extra-8-cpu","bd/english.100MB",8,1000000,3475,3475,0,0.000,187.037,3274,100910338
"benchmark-example:english-extra-8-cpu","bd/english.100MB",8,1000000,3475,3475,0,0.000,187.037,3275,100910411
"benchmark-example:english-extra-8-cpu","bd/english.100MB",8,1000000,3475,3475,0,0.000,187.037,3276,100931590
"benchmark-example:english-extra-8-cpu","bd/english.100MB",8,1000000,3475,3475,0,0.000,187.037,3277,100936898
"benchmark-example:english-extra-8-cpu","bd/english.100MB",8,1000000,3475,3475,0,0.000,187.037,3278,100939617
"benchmark-example:english-extra-8-cpu","bd/english.100MB",8,1000000,3475,3475,0,0.000,187.037,3279,100944904
"benchmark-example:english-extra-8-cpu","bd/english.100MB",8,1000000,3475,3475,0,0.000,187.037,3280,100954762
"benchmark-example:english-extra-8-cpu","bd/english.100MB",8,1000000,3475,3475,0,0.000,187.037,3281,100986707
"benchmark-example:english-extra-8-cpu","bd/english.100MB",8,1000000,3475,3475,0,0.000,187.037,3282,100994430
"benchmark-example:english-extra-8-cpu","bd/english.100MB",8,1000000,3475,3475,0,0.000,187.037,3283,101043052
"benchmark-example:english-extra-8-cpu","bd/english.100MB",8,1000000,3475,3475,0,0.000,187.037,3284,101043873
"benchmark-example:english-extra-8-cpu","bd/english.100MB",8,1000000,3475,3475,0,0.000,187.037,3285,101046767
"benchmark-example:english-extra-8-cpu","bd/english.100MB",8,1000000,3475,3475,0,0.000,187.037,3286,101060036
"benchmark-example:english-extra-8-cpu","bd/english.100MB",8,1000000,3475,3475,0,0.000,187.037,3287,101070198
"benchmark-example:english-extra-8-cpu","bd/english.100MB",8,1000000,3475,3475,0,0.000,187.037,3288,101103068
"benchmark-example:english-extra-8-cpu","bd/english.100MB",8,1000000,3475,3475,0,0.000,187.037,3289,101103141
"benchmark-example:english-extra-8-cpu","bd/english.100MB",8,1000000,3475,3475,0,0.000,187.037,3290,101124318
"benchmark-example:english-extra-8-cpu","bd/english.100MB",8,1000000,3475,3475,0,0.000,187.037,3291,101129626
"benchmark-example:english-extra-8-cpu","bd/english.100MB",8,1000000,3475,3475,0,0.000,187.037,3292,101132345
"benchmark-example:english-extra-8-cpu","bd/english.100MB",8,1000000,3475,3475,0,0.000,187.037,3293,101137632
"benchmark-example:english-extra-8-cpu","bd/english.100MB",8,1000000,3475,3475,0,0.000,187.037,3294,101147490
"benchmark-example:english-extra-8-cpu","bd/english.100MB",8,1000000,3475,3475,0,0.000,187.037,3295,101179436
"benchmark-example:english-extra-8-cpu","bd/english.100MB",8,1000000,3475,3475,0,0.000,187.037,3296,101187159
"benchmark-example:english-extra-8-cpu","bd/english.100MB",8,1000000,3475,3475,0,0.000,187.037,3297,101235777
"benchmark-example:english-extra-8-cpu","bd/english.100MB",8,1000000,3475,3475,0,0.000,187.037,3298,101236598
"benchmark-example:english-extra-8-cpu","bd/english.100MB",8,1000000,3475,3475,0,0.000,187.037,3299,101239492
"benchmark-example:english-extra-8-cpu","bd/english.100MB",8,1000000,3475,3475,0,0.000,187.037,3300,101252759
"benchmark-example:english-extra-8-cpu","bd/english.100MB",8,1000000,3475,3475,0,0.000,187.037,3301,101262920
"benchmark-example:english-extra-8-cpu","bd/english.100MB",8,1000000,3475,3475,0,0.000,187.037,3302,101270826
"benchmark-example:english-extra-8-cpu","bd/english.100MB",8,1000000,3475,3475,0,0.000,187.037,3303,101275757
"benchmark-example:english-extra-8-cpu","bd/english.100MB",8,1000000,3475,3475,0,0.000,187.037,3304,101282705
"benchmark-example:english-extra-8-cpu","bd/english.100MB",8,1000000,3475,3475,0,0.000,187.037,3305,101285697
"benchmark-example:english-extra-8-cpu","bd/english.100MB",8,1000000,3475,3475,0,0.000,187.037,3306,101317062
"benchmark-example:english-extra-8-cpu","bd/english.100MB",8,1000000,3475,3475,0,0.000,187.037,3307,101331150
"benchmark-example:english-extra-8-cpu","bd/english.100MB",8,1000000,3475,3475,0,0.000,187.037,3308,101339899
"benchmark-example:english-extra-8-cpu","bd/english.100MB",8,1000000,3475,3475,0,0.000,187.037,3309,101344198
"benchmark-example:english-extra-8-cpu","bd/english.100MB",8,1000000,3475,3475,0,0.000,187.037,3310,101345537
"benchmark-example:english-extra-8-cpu","bd/english.100MB",8,1000000,3475,3475,0,0.000,187.037,3311,101369939
"benchmark-example:english-extra-8-cpu","bd/english.100MB",8,1000000,3475,3475,0,0.000,187.037,3312,101388351
"benchmark-example:english-extra-8-cpu","bd/english.100MB",8,1000000,3475,3475,0,0.000,187.037,3313,101404339
"benchmark-example:english-extra-8-cpu","bd/english.100MB",8,1000000,3475,3475,0,0.000,187.037,3314,101407965
"benchmark-example:english-extra-8-cpu","bd/english.100MB",8,1000000,3475,3475,0,0.000,187.037,3315,101426632
"benchmark-example:english-extra-8-cpu","bd/english.100MB",8,1000000,3475,3475,0,0.000,187.037,3316,101443641
"benchmark-example:english-extra-8-cpu","bd/english.100MB",8,1000000,3475,3475,0,0.000,187.037,3317,101448572
"benchmark-example:english-extra-8-cpu","bd/english.100MB",8,1000000,3475,3475,0,0.000,187.037,3318,101455519
"benchmark-example:english-extra-8-cpu","bd/english.100MB",8,1000000,3475,3475,0,0.000,187.037,3319,101458511
"benchmark-example:english-extra-8-cpu","bd/english.100MB",8,1000000,3475,3475,0,0.000,187.037,3320,101489877
"benchmark-example:english-extra-8-cpu","bd/english.100MB",8,1000000,3475,3475,0,0.000,187.037,3321,101503966
"benchmark-example:english-extra-8-cpu","bd/english.100MB",8,1000000,3475,3475,0,0.000,187.037,3322,101512715
"benchmark-example:english-extra-8-cpu","bd/english.100MB",8,1000000,3475,3475,0,0.000,187.037,3323,101517015
"benchmark-example:english-extra-8-cpu","bd/english.100MB",8,1000000,3475,3475,0,0.000,187.037,3324,101518354
"benchmark-example:english-extra-8-cpu","bd/english.100MB",8,1000000,3475,3475,0,0.000,187.037,3325,101542753
"benchmark-example:english-extra-8-cpu","bd/english.100MB",8,1000000,3475,3475,0,0.000,187.037,3326,101561164
"benchmark-example:english-extra-8-cpu","bd/english.100MB",8,1000000,3475,3475,0,0.000,187.037,3327,101577152
"benchmark-example:english-extra-8-cpu","bd/english.100MB",8,1000000,3475,3475,0,0.000,187.037,3328,101580777
"benchmark-example:english-extra-8-cpu","bd/english.100MB",8,1000000,3475,3475,0,0.000,187.037,3329,101599443
"benchmark-example:english-extra-8-cpu","bd/english.100MB",8,1000000,3475,3475,0,0.000,187.037,3330,101622500
"benchmark-example:english-extra-8-cpu","bd/english.100MB",8,1000000,3475,3475,0,0.000,187.037,3331,101652296
"benchmark-example:english-extra-8-cpu","bd/english.100MB",8,1000000,3475,3475,0,0.000,187.037,3332,101659789
"benchmark-example:english-extra-8-cpu","bd/english.100MB",8,1000000,3475,3475,0,0.000,187.037,3333,101662017
"benchmark-example:english-extra-8-cpu","bd/english.100MB",8,1000000,3475,3475,0,0.000,187.037,3334,101709397
"benchmark-example:english-extra-8-cpu","bd/english.100MB",8,1000000,3475,3475,0,0.000,187.037,3335,101713460
"benchmark-example:english-extra-8-cpu","bd/english.100MB",8,1000000,3475,3475,0,0.000,187.037,3336,101734359
"benchmark-example:english-extra-8-cpu","bd/english.100MB",8,1000000,3475,3475,0,0.000,187.037,3337,101763891
"benchmark-example:english-extra-8-cpu","bd/english.100MB",8,1000000,3475,3475,0,0.000,187.037,3338,101768796
"benchmark-example:english-extra-8-cpu","bd/english.100MB",8,1000000,3475,3475,0,0.000,187.037,3339,101792598
"benchmark-example:english-extra-8-cpu","bd/english.100MB",8,1000000,3475,3475,0,0.000,187.037,3340,101815862
"benchmark-example:english-extra-8-cpu","bd/english.100MB",8,1000000,3475,3475,0,0.000,187.037,3341,101845659
"benchmark-example:english-extra-8-cpu","bd/english.100MB",8,1000000,3475,3475,0,0.000,187.037,3342,101853151
"benchmark-example:english-extra-8-cpu","bd/english.100MB",8,1000000,3475,3475,0,0.000,187.037,3343,101855379
"benchmark-example:english-extra-8-cpu","bd/english.100MB",8,1000000,3475,3475,0,0.000,187.037,3344,101902758
"benchmark-example:english-extra-8-cpu","bd/english.100MB",8,1000000,3475,3475,0,0.000,187.037,3345,101906821
"benchmark-example:english-extra-8-cpu","bd/english.100MB",8,1000000,3475,3475,0,0.000,187.037,3346,101927715
"benchmark-example:english-extra-8-cpu","bd/english.100MB",8,1000000,3475,3475,0,0.000,187.037,3347,101957247
"benchmark-example:english-extra-8-cpu","bd/english.100MB",8,1000000,3475,3475,0,0.000,187.037,3348,101962152
"benchmark-example:english-extra-8-cpu","bd/english.100MB",8,1000000,3475,3475,0,0.000,187.037,3349,101985957
"benchmark-example:english-extra-8-cpu","bd/english.100MB",8,1000000,3475,3475,0,0.000,187.037,3350,101998319
"benchmark-example:english-extra-8-cpu","bd/english.100MB",8,1000000,3475,3475,0,0.000,187.037,3351,102028056
"benchmark-example:english-extra-8-cpu","bd/english.100MB",8,1000000,3475,3475,0,0.000,187.037,3352,102040186
"benchmark-example:english-extra-8-cpu","bd/english.100MB",8,1000000,3475,3475,0,0.000,187.037,3353,102069384
"benchmark-example:english-extra-8-cpu","bd/english.100MB",8,1000000,3475,3475,0,0.000,187.037,3354,102119343
"benchmark-example:english-extra-8-cpu","bd/english.100MB",8,1000000,3475,3475,0,0.000,187.037,3355,102153893
"benchmark-example:english-extra-8-cpu","bd/english.100MB",8,1000000,3475,3475,0,0.000,187.037,3356,102158091
"benchmark-example:english-extra-8-cpu","bd/english.100MB",8,1000000,3475,3475,0,0.000,187.037,3357,102168235
"benchmark-example:english-extra-8-cpu","bd/english.100MB",8,1000000,3475,3475,0,0.000,187.037,3358,102181792
"benchmark-example:english-extra-8-cpu","bd/english.100MB",8,1000000,3475,3475,0,0.000,187.037,3359,102211531
"benchmark-example:english-extra-8-cpu","bd/english.100MB",8,1000000,3475,3475,0,0.000,187.037,3360,102223661
"benchmark-example:english-extra-8-cpu","bd/english.100MB",8,1000000,3475,3475,0,0.000,187.037,3361,102252857
"benchmark-example:english-extra-8-cpu","bd/english.100MB",8,1000000,3475,3475,0,0.000,187.037,3362,102302817
"benchmark-example:english-extra-8-cpu","bd/english.100MB",8,1000000,3475,3475,0,0.000,187.037,3363,102337367
"benchmark-example:english-extra-8-cpu","bd/english.100MB",8,1000000,3475,3475,0,0.000,187.037,3364,102341566
"benchmark-example:english-extra-8-cpu","bd/english.100MB",8,1000000,3475,3475,0,0.000,187.037,3365,102351710
"benchmark-example:english-extra-8-cpu","bd/english.100MB",8,1000000,3475,3475,0,0.000,187.037,3366,102377329
"benchmark-example:english-extra-8-cpu","bd/english.100MB",8,1000000,3475,3475,0,0.000,187.037,3367,102400217
"benchmark-example:english-extra-8-cpu","bd/english.100MB",8,1000000,3475,3475,0,0.000,187.037,3368,102449826
"benchmark-example:english-extra-8-cpu","bd/english.100MB",8,1000000,3475,3475,0,0.000,187.037,3369,102450411
"benchmark-example:english-extra-8-cpu","bd/english.100MB",8,1000000,3475,3475,0,0.000,187.037,3370,102471321
"benchmark-example:english-extra-8-cpu","bd/english.100MB",8,1000000,3475,3475,0,0.000,187.037,3371,102472301
"benchmark-example:english-extra-8-cpu","bd/english.100MB",8,1000000,3475,3475,0,0.000,187.037,3372,102477586
"benchmark-example:english-extra-8-cpu","bd/english.100MB",8,1000000,3475,3475,0,0.000,187.037,3373,102485630
"benchmark-example:english-extra-8-cpu","bd/english.100MB",8,1000000,3475,3475,0,0.000,187.037,3374,102488271
"benchmark-example:english-extra-8-cpu","bd/english.100MB",8,1000000,3475,3475,0,0.000,187.037,3375,102522412
"benchmark-example:english-extra-8-cpu","bd/english.100MB",8,1000000,3475,3475,0,0.000,187.037,3376,102524380
"benchmark-example:english-extra-8-cpu","bd/english.100MB",8,1000000,3475,3475,0,0.000,187.037,3377,102542973
"benchmark-example:english-extra-8-cpu","bd/english.100MB",8,1000000,3475,3475,0,0.000,187.037,3378,102564397
"benchmark-example:english-extra-8-cpu","bd/english.100MB",8,1000000,3475,3475,0,0.000,187.037,3379,102587284
"benchmark-example:english-extra-8-cpu","bd/english.100MB",8,1000000,3475,3475,0,0.000,187.037,3380,102636888
"benchmark-example:english-extra-8-cpu","bd/english.100MB",8,1000000,3475,3475,0,0.000,187.037,3381,102637473
"benchmark-example:english-extra-8-cpu","bd/english.100MB",8,1000000,3475,3475,0,0.000,187.037,3382,102658383
"benchmark-example:english-extra-8-cpu","bd/english.100MB",8,1000000,3475,3475,0,0.000,187.037,3383,102659363
"benchmark-example:english-extra-8-cpu","bd/english.100MB",8,1000000,3475,3475,0,0.000,187.037,3384,102664648
"benchmark-example:english-extra-8-cpu","bd/english.100MB",8,1000000,3475,3475,0,0.000,187.037,3385,102672692
"benchmark-example:english-extra-8-cpu","bd/english.100MB",8,1000000,3475,3475,0,0.000,187.037,3386,102675333
"benchmark-example:english-extra-8-cpu","bd/english.100MB",8,1000000,3475,3475,0,0.000,187.037,3387,102709474
"benchmark-example:english-extra-8-cpu","bd/english.100MB",8,1000000,3475,3475,0,0.000,187.037,3388,102711442
"benchmark-example:english-extra-8-cpu","bd/english.100MB",8,1000000,3475,3475,0,0.000,187.037,3389,102730035
"benchmark-example:english-extra-8-cpu","bd/english.100MB",8,1000000,3475,3475,0,0.000,187.037,3390,102757933
"benchmark-example:english-extra-8-cpu","bd/english.100MB",8,1000000,3475,3475,0,0.000,187.037,3391,102767298
"benchmark-example:english-extra-8-cpu","bd/english.100MB",8,1000000,3475,3475,0,0.000,187.037,3392,102806204
"benchmark-example:english-extra-8-cpu","bd/english.100MB",8,1000000,3475,3475,0,0.000,187.037,3393,102828508
"benchmark-example:english-extra-8-cpu","bd/english.100MB",8,1000000,3475,3475,0,0.000,187.037,3394,102877212
"benchmark-example:english-extra-8-cpu","bd/english.100MB",8,1000000,3475,3475,0,0.000,187.037,3395,102884804
"benchmark-example:english-extra-8-cpu","bd/english.100MB",8,1000000,3475,3475,0,0.000,187.037,3396,102950646
"benchmark-example:english-extra-8-cpu","bd/english.100MB",8,1000000,3475,3475,0,0.000,187.037,3397,102973638
"benchmark-example:english-extra-8-cpu","bd/english.100MB",8,1000000,3475,3475,0,0.000,187.037,3398,102983000
"benchmark-example:english-extra-8-cpu","bd/english.100MB",8,1000000,3475,3475,0,0.000,187.037,3399,103021899
"benchmark-example:english-extra-8-cpu","bd/english.100MB",8,1000000,3475,3475,0,0.000,187.037,3400,103044205
"benchmark-example:english-extra-8-cpu","bd/english.100MB",8,1000000,3475,3475,0,0.000,187.037,3401,103092910
"benchmark-example:english-extra-8-cpu","bd/english.100MB",8,1000000,3475,3475,0,0.000,187.037,3402,103100502
"benchmark-example:english-extra-8-cpu","bd/english.100MB",8,1000000,3475,3475,0,0.000,187.037,3403,103166341
"benchmark-example:english-extra-8-cpu","bd/english.100MB",8,1000000,3475,3475,0,0.000,187.037,3404,103201472
"benchmark-example:english-extra-8-cpu","bd/english.100MB",8,1000000,3475,3475,0,0.000,187.037,3405,103215201
"benchmark-example:english-extra-8-cpu","bd/english.100MB",8,1000000,3475,3475,0,0.000,187.037,3406,103271528
"benchmark-example:english-extra-8-cpu","bd/english.100MB",8,1000000,3475,3475,0,0.000,187.037,3407,103273668
"benchmark-example:english-extra-8-cpu","bd/english.100MB",8,1000000,3475,3475,0,0.000,187.037,3408,103294440
"benchmark-example:english-extra-8-cpu","bd/english.100MB",8,1000000,3475,3475,0,0.000,187.037,3409,103304397
"benchmark-example:english-extra-8-cpu","bd/english.100MB",8,1000000,3475,3475,0,0.000,187.037,3410,103318601
"benchmark-example:english-extra-8-cpu","bd/english.100MB",8,1000000,3475,3475,0,0.000,187.037,3411,103359759
"benchmark-example:english-extra-8-cpu","bd/english.100MB",8,1000000,3475,3475,0,0.000,187.037,3412,103373488
"benchmark-example:english-extra-8-cpu","bd/english.100MB",8,1000000,3475,3475,0,0.000,187.037,3413,103429818
"benchmark-example:english-extra-8-cpu","bd/english.100MB",8,1000000,3475,3475,0,0.000,187.037,3414,103431957
"benchmark-example:english-extra-8-cpu","bd/english.100MB",8,1000000,3475,3475,0,0.000,187.037,3415,103452732
"benchmark-example:english-extra-8-cpu","bd/english.100MB",8,1000000,3475,3475,0,0.000,187.037,3416,103462688
"benchmark-example:english-extra-8-cpu","bd/english.100MB",8,1000000,3475,3475,0,0.000,187.037,3417,103476892
"benchmark-example:english-extra-8-cpu","bd/english.100MB",8,1000000,3475,3475,0,0.000,187.037,3418,103491596
"benchmark-example:english-extra-8-cpu","bd/english.100MB",8,1000000,3475,3475,0,0.000,187.037,3419,103497297
"benchmark-example:english-extra-8-cpu","bd/english.100MB",8,1000000,3475,3475,0,0.000,187.037,3420,103525598
"benchmark-example:english-extra-8-cpu","bd/english.100MB",8,1000000,3475,3475,0,0.000,187.037,3421,103532029
"benchmark-example:english-extra-8-cpu","bd/english.100MB",8,1000000,3475,3475,0,0.000,187.037,3422,103534571
"benchmark-example:english-extra-8-cpu","bd/english.100MB",8,1000000,3475,3475,0,0.000,187.037,3423,103545919
"benchmark-example:english-extra-8-cpu","bd/english.100MB",8,1000000,3475,3475,0,0.000,187.037,3424,103550335
"benchmark-example:english-extra-8-cpu","bd/english.100MB",8,1000000,3475,3475,0,0.000,187.037,3425,103577604
"benchmark-example:english-extra-8-cpu","bd/english.100MB",8,1000000,3475,3475,0,0.000,187.037,3426,103583304
"benchmark-example:english-extra-8-cpu","bd/english.100MB",8,1000000,3475,3475,0,0.000,187.037,3427,103611606
"benchmark-example:english-extra-8-cpu","bd/english.100MB",8,1000000,3475,3475,0,0.000,187.037,3428,103618037
"benchmark-example:english-extra-8-cpu","bd/english.100MB",8,1000000,3475,3475,0,0.000,187.037,3429,103620579
"benchmark-example:english-extra-8-cpu","bd/english.100MB",8,1000000,3475,3475,0,0.000,187.037,3430,103631927
"benchmark-example:english-extra-8-cpu","bd/english.100MB",8,1000000,3475,3475,0,0.000,187.037,3431,103636343
"benchmark-example:english-extra-8-cpu","bd/english.100MB",8,1000000,3475,3475,0,0.000,187.037,3432,103661954
"benchmark-example:english-extra-8-cpu","bd/english.100MB",8,1000000,3475,3475,0,0.000,187.037,3433,103690127
"benchmark-example:english-extra-8-cpu","bd/english.100MB",8,1000000,3475,3475,0,0.000,187.037,3434,103690669
"benchmark-example:english-extra-8-cpu","bd/english.100MB",8,1000000,3475,3475,0,0.000,187.037,3435,103703412
"benchmark-example:english-extra-8-cpu","bd/english.100MB",8,1000000,3475,3475,0,0.000,187.037,3436,103727907
"benchmark-example:english-extra-8-cpu","bd/english.100MB",8,1000000,3475,3475,0,0.000,187.037,3437,103731932
"benchmark-example:english-extra-8-cpu","bd/english.100MB",8,1000000,3475,3475,0,0.000,187.037,3438,103749461
"benchmark-example:english-extra-8-cpu","bd/english.100MB",8,1000000,3475,3475,0,0.000,187.037,3439,103770319
"benchmark-example:english-extra-8-cpu","bd/english.100MB",8,1000000,3475,3475,0,0.000,187.037,3440,103775507
"benchmark-example:english-extra-8-cpu","bd/english.100MB",8,1000000,3475,3475,0,0.000,187.037,3441,103803678
"benchmark-example:english-extra-8-cpu","bd/english.100MB",8,1000000,3475,3475,0,0.000,187.037,3442,103804220
"benchmark-example:english-extra-8-cpu","bd/english.100MB",8,1000000,3475,3475,0,0.000,187.037,3443,103816962
"benchmark-example:english-extra-8-cpu","bd/english.100MB",8,1000000,3475,3475,0,0.000,187.037,3444,103841457
"benchmark-example:english-extra-8-cpu","bd/english.100MB",8,1000000,3475,3475,0,0.000,187.037,3445,103845482
"benchmark-example:english-extra-8-cpu","bd/english.100MB",8,1000000,3475,3475,0,0.000,187.037,3446,103863009
"benchmark-example:english-extra-8-cpu","bd/english.100MB",8,1000000,3475,3475,0,0.000,187.037,3447,103883867
"benchmark-example:english-extra-8-cpu","bd/english.100MB",8,1000000,3475,3475,0,0.000,187.037,3448,103923258
"benchmark-example:english-extra-8-cpu","bd/english.100MB",8,1000000,3475,3475,0,0.000,187.037,3449,104038356
"benchmark-example:english-extra-8-cpu","bd/english.100MB",8,1000000,3475,3475,0,0.000,187.037,3450,104210829
"benchmark-example:english-extra-8-cpu","bd/english.100MB",8,1000000,3475,3475,0,0.000,187.037,3451,104397243
"benchmark-example:english-extra-8-cpu","bd/english.100MB",8,1000000,3475,3475,0,0.000,187.037,3452,104444515
"benchmark-example:english-extra-8-cpu","bd/english.100MB",8,1000000,3475,3475,0,0.000,187.037,3453,104445321
"benchmark-example:english-extra-8-cpu","bd/english.100MB",8,1000000,3475,3475,0,0.000,187.037,3454,104446773
"benchmark-example:english-extra-8-cpu","bd/english.100MB",8,1000000,3475,3475,0,0.000,187.037,3455,104457431
"benchmark-example:english-extra-8-cpu","bd/english.100MB",8,1000000,3475,3475,0,0.000,187.037,3456,104474265
"benchmark-example:english-extra-8-cpu","bd/english.100MB",8,1000000,3475,3475,0,0.000,187.037,3457,104572123
"benchmark-example:english-extra-8-cpu","bd/english.100MB",8,1000000,3475,3475,0,0.000,187.037,3458,104602021
"benchmark-example:english-extra-8-cpu","bd/english.100MB",8,1000000,3475,3475,0,0.000,187.037,3459,104602269
"benchmark-example:english-extra-8-cpu","bd/english.100MB",8,1000000,3475,3475,0,0.000,187.037,3460,104620205
"benchmark-example:english-extra-8-cpu","bd/english.100MB",8,1000000,3475,3475,0,0.000,187.037,3461,104629895
"benchmark-example:english-extra-8-cpu","bd/english.100MB",8,1000000,3475,3475,0,0.000,187.037,3462,104633952
"benchmark-example:english-extra-8-cpu","bd/english.100MB",8,1000000,3475,3475,0,0.000,187.037,3463,104704520
"benchmark-example:english-extra-8-cpu","bd/english.100MB",8,1000000,3475,3475,0,0.000,187.037,3464,104734410
"benchmark-example:english-extra-8-cpu","bd/english.100MB",8,1000000,3475,3475,0,0.000,187.037,3465,104734658
"benchmark-example:english-extra-8-cpu","bd/english.100MB",8,1000000,3475,3475,0,0.000,187.037,3466,104752593
"benchmark-example:english-extra-8-cpu","bd/english.100MB",8,1000000,3475,3475,0,0.000,187.037,3467,104762282
"benchmark-example:english-extra-8-cpu","bd/english.100MB",8,1000000,3475,3475,0,0.000,187.037,3468,104766338
"benchmark-example:english-extra-8-cpu","bd/english.100MB",8,1000000,3475,3475,0,0.000,187.037,3469,104787789
"benchmark-example:english-extra-8-cpu","bd/english.100MB",8,1000000,3475,3475,0,0.000,187.037,3470,104804795
"benchmark-example:english-extra-8-cpu","bd/english.100MB",8,1000000,3475,3475,0,0.000,187.037,3471,104810163
"benchmark-example:english-extra-8-cpu","bd/english.100MB",8,1000000,3475,3475,0,0.000,187.037,3472,104841452
"benchmark-example:english-extra-8-cpu","bd/english.100MB",8,1000000,3475,3475,0,0.000,187.037,3473,104850015
"benchmark-example:english-extra-8-cpu","bd/english.100MB",8,1000000,3475,3475,0,0.000,187.037,3474,104854139
