run_tag,text_file,pattern_len,max_results,found_total,returned_indices,overflow,preprocessing_ms,search_ms,index_order,index_value
"benchmark-example:english-extra-8-cpu","bd/english.100MB",8,1000000,3475,3475,0,0.000,188.913,0,9318
"benchmark-example:english-extra-8-cpu","bd/english.100MB",8,1000000,3475,3475,0,0.000,188.913,1,30638
"benchmark-example:english-extra-8-cpu","bd/english.100MB",8,1000000,3475,3475,0,0.000,188.913,2,39228
"benchmark-example:english-extra-8-cpu","bd/english.100MB",8,1000000,3475,3475,0,0.000,188.913,3,39664
"benchmark-example:english-extra-8-cpu","bd/english.100MB",8,1000000,3475,3475,0,0.000,188.913,4,40686
"benchmark-example:english-extra-8-cpu","bd/english.100MB",8,1000000,3475,3475,0,0.000,188.913,5,42137
"benchmark-example:english-extra-8-cpu","bd/english.100MB",8,1000000,3475,3475,0,0.000,188.913,6,51404
"benchmark-example:english-extra-8-cpu","bd/english.100MB",8,1000000,3475,3475,0,0.000,188.913,7,84501
"benchmark-example:english-extra-8-cpu","bd/english.100MB",8,1000000,3475,3475,0,0.000,188.913,8,88769
"benchmark-example:english-extra-8-cpu","bd/english.100MB",8,1000000,3475,3475,0,0.000,188.913,9,104897
"benchmark-example:english-extra-8-cpu","bd/english.100MB",8,1000000,3475,3475,0,0.000,188.913,10,116118
"benchmark-example:english-extra-8-cpu","bd/english.100MB",8,1000000,3475,3475,0,0.000,188.913,11,149226
"benchmark-example:english-extra-8-cpu","bd/english.100MB",8,1000000,3475,3475,0,0.000,188.913,12,149596
"benchmark-example:english-extra-8-cpu","bd/english.100MB",8,1000000,3475,3475,0,0.000,188.913,13,150208
"benchmark-example:english-extra-8-cpu","bd/english.100MB",8,1000000,3475,3475,0,0.000,188.913,14,155159
"benchmark-example:english-extra-8-cpu","bd/english.100MB",8,1000000,3475,3475,0,0.000,188.913,15,155253
"benchmark-example:english-extra-8-cpu","bd/english.100MB",8,1000000,3475,3475,0,0.000,188.913,16,155358
"benchmark-example:english-extra-8-cpu","bd/english.100MB",8,1000000,3475,3475,0,0.000,188.913,17,162634
"benchmark-example:english-extra-8-cpu","bd/english.100MB",8,1000000,3475,3475,0,0.000,188.913,18,166418
"benchmark-example:english-extra-8-cpu","bd/english.100MB",8,1000000,3475,3475,0,0.000,188.913,19,188808
"benchmark-example:english-extra-8-cpu","bd/english.100MB",8,1000000,3475,3475,0,0.000,188.913,20,194666
"benchmark-example:english-extra-8-cpu","bd/english.100MB",8,1000000,3475,3475,0,0.000,188.913,21,195449
"benchmark-example:english-extra-8-cpu","bd/english.100MB",8,1000000,3475,3475,0,0.000,188.913,22,197917
"benchmark-example:english-extra-8-cpu","bd/english.100MB",8,1000000,3475,3475,0,0.000,188.913,23,199408
"benchmark-example:english-extra-8-cpu","bd/english.100MB",8,1000000,3475,3475,0,0.000,188.913,24,214557
"benchmark-example:english-extra-8-cpu","bd/english.100MB",8,1000000,3475,3475,0,0.000,188.913,25,231914
"benchmark-example:english-extra-8-cpu","bd/english.100MB",8,1000000,3475,3475,0,0.000,188.913,26,233507
"benchmark-example:english-extra-8-cpu","bd/english.100MB",8,1000000,3475,3475,0,0.000,188.913,27,236844
"benchmark-example:english-extra-8-cpu","bd/english.100MB",8,1000000,3475,3475,0,0.000,188.913,28,236964
"benchmark-example:english-extra-8-cpu","bd/english.100MB",8,1000000,3475,3475,0,0.000,188.913,29,243517
"benchmark-example:english-extra-8-cpu","bd/english.100MB",8,1000000,3475,3475,0,0.000,188.913,30,251105
"benchmark-example:english-extra-8-cpu","bd/english.100MB",8,1000000,3475,3475,0,0.000,188.913,31,257539
"benchmark-example:english-extra-8-cpu","bd/english.100MB",8,1000000,3475,3475,0,0.000,188.913,32,264409
"benchmark-example:english-extra-8-cpu","bd/english.100MB",8,1000000,3475,3475,0,0.000,188.913,33,273579
"benchmark-example:english-extra-8-cpu","bd/english.100MB",8,1000000,3475,3475,0,0.000,188.913,34,274010
"benchmark-example:english-extra-8-cpu","bd/english.100MB",8,1000000,3475,3475,0,0.000,188.913,35,277539
"benchmark-example:english-extra-8-cpu","bd/english.100MB",8,1000000,3475,3475,0,0.000,188.913,36,287116
"benchmark-example:english-extra-8-cpu","bd/english.100MB",8,1000000,3475,3475,0,0.000,188.913,37,300404
"benchmark-example:english-extra-8-cpu","bd/english.100MB",8,1000000,3475,3475,0,0.000,188.913,38,304438
"benchmark-example:english-extra-8-cpu","bd/english.100MB",8,1000000,3475,3475,0,0.000,188.913,39,314408
"benchmark-example:english-extra-8-cpu","bd/english.100MB",8,1000000,3475,3475,0,0.000,188.913,40,316429
"benchmark-example:english-extra-8-cpu","bd/english.100MB",8,1000000,3475,3475,0,0.000,188.913,41,345857
"benchmark-example:english-extra-8-cpu","bd/english.100MB",8,1000000,3475,3475,0,0.000,188.913,42,352387
"benchmark-example:english-extra-8-cpu","bd/english.100MB",8,1000000,3475,3475,0,0.000,188.913,43,368357
"benchmark-example:english-extra-8-cpu","bd/english.100MB",8,1000000,3475,3475,0,0.000,188.913,44,379015
"benchmark-example:english-extra-8-cpu","bd/english.100MB",8,1000000,3475,3475,0,0.000,188.913,45,380667
"benchmark-example:english-extra-8-cpu","bd/english.100MB",8,1000000,3475,3475,0,0.000,188.913,46,384301
"benchmark-example:english-extra-8-cpu","bd/english.100MB",8,1000000,3475,3475,0,0.000,188.913,47,384577
"benchmark-example:english-extra-8-cpu","bd/english.100MB",8,1000000,3475,3475,0,0.000,188.913,48,393091
"benchmark-example:english-extra-8-cpu","bd/english.100MB",8,1000000,3475,3475,0,0.000,188.913,49,399110
"benchmark-example:english-extra-8-cpu","bd/english.100MB",8,1000000,3475,3475,0,0.000,188.913,50,401868
"benchmark-example:english-extra-8-cpu","bd/english.100MB",8,1000000,3475,3475,0,0.000,188.913,51,402098
"benchmark-example:english-extra-8-cpu","bd/english.100MB",8,1000000,3475,3475,0,0.000,188.913,52,406136
"benchmark-example:english-extra-8-cpu","bd/english.100MB",8,1000000,3475,3475,0,0.000,188.913,53,414348
"benchmark-example:english-extra-8-cpu","bd/english.100MB",8,1000000,3475,3475,0,0.000,188.913,54,417770
"benchmark-example:english-extra-8-cpu","bd/english.100MB",8,1000000,3475,3475,0,0.000,188.913,55,418442
"benchmark-example:english-extra-8-cpu","bd/english.100MB",8,1000000,3475,3475,0,0.000,188.913,56,421092
"benchmark-example:english-extra-8-cpu","bd/english.100MB",8,1000000,3475,3475,0,0.000,188.913,57,421718
"benchmark-example:english-extra-8-cpu","bd/english.100MB",8,1000000,3475,3475,0,0.000,188.913,58,423225
"benchmark-example:english-extra-8-cpu","bd/english.100MB",8,1000000,3475,3475,0,0.000,188.913,59,431049
"benchmark-example:english-extra-8-cpu","bd/english.100MB",8,1000000,3475,3475,0,0.000,188.913,60,431411
"benchmark-example:english-extra-8-cpu","bd/english.100MB",8,1000000,3475,3475,0,0.000,188.913,61,444557
"benchmark-example:english-extra-8-cpu","bd/english.100MB",8,1000000,3475,3475,0,0.000,188.913,62,460338
"benchmark-example:english-extra-8-cpu","bd/english.100MB",8,1000000,3475,3475,0,0.000,188.913,63,461060
"benchmark-example:english-extra-8-cpu","bd/english.100MB",8,1000000,3475,3475,0,0.000,188.913,64,483306
"benchmark-example:english-extra-8-cpu","bd/english.100MB",8,1000000,3475,3475,0,0.000,188.913,65,500000
"benchmark-example:english-extra-8-cpu","bd/english.100MB",8,1000000,3475,3475,0,0.000,188.913,66,505621
"benchmark-example:english-extra-8-cpu","bd/english.100MB",8,1000000,3475,3475,0,0.000,188.913,67,509490
"benchmark-example:english-extra-8-cpu","bd/english.100MB",8,1000000,3475,3475,0,0.000,188.913,68,512876
"benchmark-example:english-extra-8-cpu","bd/english.100MB",8,1000000,3475,3475,0,0.000,188.913,69,522192
"benchmark-example:english-extra-8-cpu","bd/english.100MB",8,1000000,3475,3475,0,0.000,188.913,70,524899
"benchmark-example:english-extra-8-cpu","bd/english.100MB",8,1000000,3475,3475,0,0.000,188.913,71,573461
"benchmark-example:english-extra-8-cpu","bd/english.100MB",8,1000000,3475,3475,0,0.000,188.913,72,574253
"benchmark-example:english-extra-8-cpu","bd/english.100MB",8,1000000,3475,3475,0,0.000,188.913,73,622769
"benchmark-example:english-extra-8-cpu","bd/english.100MB",8,1000000,3475,3475,0,0.000,188.913,74,624848
"benchmark-example:english-extra-8-cpu","bd/english.100MB",8,1000000,3475,3475,0,0.000,188.913,75,645697
"benchmark-example:english-extra-8-cpu","bd/english.100MB",8,1000000,3475,3475,0,0.000,188.913,76,645946
"benchmark-example:english-extra-8-cpu","bd/english.100MB",8,1000000,3475,3475,0,0.000,188.913,77,646389
"benchmark-example:english-extra-8-cpu","bd/english.100MB",8,1000000,3475,3475,0,0.000,188.913,78,647598
"benchmark-example:english-extra-8-cpu","bd/english.100MB",8,1000000,3475,3475,0,0.000,188.913,79,654376
"benchmark-example:english-extra-8-cpu","bd/english.100MB",8,1000000,3475,3475,0,0.000,188.913,80,657488
"benchmark-example:english-extra-8-cpu","bd/english.100MB",8,1000000,3475,3475,0,0.000,188.913,81,658341
"benchmark-example:english-extra-8-cpu","bd/english.100MB",8,1000000,3475,3475,0,0.000,188.913,82,664012
"benchmark-example:english-extra-8-cpu","bd/english.100MB",8,1000000,3475,3475,0,0.000,188.913,83,664978
"benchmark-example:english-extra-8-cpu","bd/english.100MB",8,1000000,3475,3475,0,0.000,188.913,84,667140
"benchmark-example:english-extra-8-cpu","bd/english.100MB",8,1000000,3475,3475,0,0.000,188.913,85,674450
"benchmark-example:english-extra-8-cpu","bd/english.100MB",8,1000000,3475,3475,0,0.000,188.913,86,674800
"benchmark-example:english-extra-8-cpu","bd/english.100MB",8,1000000,3475,3475,0,0.000,188.913,87,675963
"benchmark-example:english-extra-8-cpu","bd/english.100MB",8,1000000,3475,3475,0,0.000,188.913,88,676174
"benchmark-example:english-extra-8-cpu","bd/english.100MB",8,1000000,3475,3475,0,0.000,188.913,89,677177
"benchmark-example:english-extra-8-cpu","bd/english.100MB",8,1000000,3475,3475,0,0.000,188.913,90,679557
"benchmark-example:english-extra-8-cpu","bd/english.100MB",8,1000000,3475,3475,0,0.000,188.913,91,684290
"benchmark-example:english-extra-8-cpu","bd/english.100MB",8,1000000,3475,3475,0,0.000,188.913,92,684597
"benchmark-example:english-extra-8-cpu","bd/english.100MB",8,1000000,3475,3475,0,0.000,188.913,93,685842
"benchmark-example:english-extra-8-cpu","bd/english.100MB",8,1000000,3475,3475,0,0.000,188.913,94,710714
"benchmark-example:english-extra-8-cpu","bd/english.100MB",8,1000000,3475,3475,0,0.000,188.913,95,712452
"benchmark-example:english-extra-8-cpu","bd/english.100MB",8,1000000,3475,3475,0,0.000,188.913,96,735408
"benchmark-example:english-extra-8-cpu","bd/english.100MB",8,1000000,3475,3475,0,0.000,188.913,97,738154
"benchmark-example:english-extra-8-cpu","bd/english.100MB",8,1000000,3475,3475,0,0.000,188.913,98,746479
"benchmark-example:english-extra-8-cpu","bd/english.100MB",8,1000000,3475,3475,0,0.000,188.913,99,760335
"benchmark-example:english-extra-8-cpu","bd/english.100MB",8,1000000,3475,3475,0,0.000,188.913,100,764138
"benchmark-example:english-extra-8-cpu","bd/english.100MB",8,1000000,3475,3475,0,0.000,188.913,101,766691
"benchmark-example:english-extra-8-cpu","bd/english.100MB",8,1000000,3475,3475,0,0.000,188.913,102,768442
"benchmark-example:english-extra-8-cpu","bd/english.100MB",8,1000000,3475,3475,0,0.000,188.913,103,770111
"benchmark-example:english-extra-8-cpu","bd/english.100MB",8,1000000,3475,3475,0,0.000,188.913,104,772233
"benchmark-example:english-extra-8-cpu","bd/english.100MB",8,1000000,3475,3475,0,0.000,188.913,105,772261
"benchmark-example:english-extra-8-cpu","bd/english.100MB",8,1000000,3475,3475,0,0.000,188.913,106,804019
"benchmark-example:english-extra-8-cpu","bd/english.100MB",8,1000000,3475,3475,0,0.000,188.913,107,825340
"benchmark-example:english-extra-8-cpu","bd/english.100MB",8,1000000,3475,3475,0,0.000,188.913,108,872099
"benchmark-example:english-extra-8-cpu","bd/english.100MB",8,1000000,3475,3475,0,0.000,188.913,109,875024
"benchmark-example:english-extra-8-cpu","bd/english.100MB",8,1000000,3475,3475,0,0.000,188.913,110,876669
"benchmark-example:english-extra-8-cpu","bd/english.100MB",8,1000000,3475,3475,0,0.000,188.913,111,942440
"benchmark-example:english-extra-8-cpu","bd/english.100MB",8,1000000,3475,3475,0,0.000,188.913,112,980625
"benchmark-example:english-extra-8-cpu","bd/english.100MB",8,1000000,3475,3475,0,0.000,188.913,113,1105949
"benchmark-example:english-extra-8-cpu","bd/english.100MB",8,1000000,3475,3475,0,0.000,188.913,114,1182147
"benchmark-example:english-extra-8-cpu","bd/english.100MB",8,1000000,3475,3475,0,0.000,188.913,115,1204333
"benchmark-example:english-extra-8-cpu","bd/english.100MB",8,1000000,3475,3475,0,0.000,188.913,116,1222736
"benchmark-example:english-extra-8-cpu","bd/english.100MB",8,1000000,3475,3475,0,0.000,188.913,117,1226586
"benchmark-example:english-extra-8-cpu","bd/english.100MB",8,1000000,3475,3475,0,0.000,188.913,118,1238832
"benchmark-example:english-extra-8-cpu","bd/english.100MB",8,1000000,3475,3475,0,0.000,188.913,119,1330111
"benchmark-example:english-extra-8-cpu","bd/english.100MB",8,1000000,3475,3475,0,0.000,188.913,120,1332143
"benchmark-example:english-extra-8-cpu","bd/english.100MB",8,1000000,3475,3475,0,0.000,188.913,121,1514732
"benchmark-example:english-extra-8-cpu","bd/english.100MB",8,1000000,3475,3475,0,0.000,188.913,122,1527746
"benchmark-example:english-extra-8-cpu","bd/english.100MB",8,1000000,3475,3475,0,0.000,188.913,123,1605078
"benchmark-example:english-extra-8-cpu","bd/english.100MB",8,1000000,3475,3475,0,0.000,188.913,124,1609097
"benchmark-example:english-extra-8-cpu","bd/english.100MB",8,1000000,3475,3475,0,0.000,188.913,125,1616789
"benchmark-example:english-extra-8-cpu","bd/english.100MB",8,1000000,3475,3475,0,0.000,188.913,126,1620521
"benchmark-example:english-extra-8-cpu","bd/english.100MB",8,1000000,3475,3475,0,0.000,188.913,127,1622517
"benchmark-example:english-extra-8-cpu","bd/english.100MB",8,1000000,3475,3475,0,0.000,188.913,128,1628662
"benchmark-example:english-extra-8-cpu","bd/english.100MB",8,1000000,3475,3475,0,0.000,188.913,129,1648285
"benchmark-example:english-extra-8-cpu","bd/english.100MB",8,1000000,3475,3475,0,0.000,188.913,130,1651230
"benchmark-example:english-extra-8-cpu","bd/english.100MB",8,1000000,3475,3475,0,0.000,188.913,131,1660335
"benchmark-example:english-extra-8-cpu","bd/english.100MB",8,1000000,3475,3475,0,0.000,188.913,132,1730372
"benchmark-example:english-extra-8-cpu","bd/english.100MB",8,1000000,3475,3475,0,0.000,188.913,133,1764970
"benchmark-example:english-extra-8-cpu","bd/english.100MB",8,1000000,3475,3475,0,0.000,188.913,134,1788749
"benchmark-example:english-extra-8-cpu","bd/english.100MB",8,1000000,3475,3475,0,0.000,188.913,135,1794124
"benchmark-example:english-extra-8-cpu","bd/english.100MB",8,1000000,3475,3475,0,0.000,188.913,136,1831125
"benchmark-example:english-extra-8-cpu","bd/english.100MB",8,1000000,3475,3475,0,0.000,188.913,137,1879305
"benchmark-example:english-extra-8-cpu","bd/english.100MB",8,1000000,3475,3475,0,0.000,188.913,138,1920735
"benchmark-example:english-extra-8-cpu","bd/english.100MB",8,1000000,3475,3475,0,0.000,188.913,139,1983913
"benchmark-example:english-extra-8-cpu","bd/english.100MB",8,1000000,3475,3475,0,0.000,188.913,140,2120797
"benchmark-example:english-extra-8-cpu","bd/english.100MB",8,1000000,3475,3475,0,0.000,188.913,141,2140762
"benchmark-example:english-extra-8-cpu","bd/english.100MB",8,1000000,3475,3475,0,0.000,188.913,142,2147633
"benchmark-example:english-extra-8-cpu","bd/english.100MB",8,1000000,3475,3475,0,0.000,188.913,143,2250554
"benchmark-example:english-extra-8-cpu","bd/english.100MB",8,1000000,3475,3475,0,0.000,188.913,144,2279134
"benchmark-example:english-extra-8-cpu","bd/english.100MB",8,1000000,3475,3475,0,0.000,188.913,145,2310451
"benchmark-example:english-extra-8-cpu","bd/english.100MB",8,1000000,3475,3475,0,0.000,188.913,146,2322940
"benchmark-example:english-extra-8-cpu","bd/english.100MB",8,1000000,3475,3475,0,0.000,188.913,147,2336007
"benchmark-example:english-extra-8-cpu","bd/english.100MB",8,1000000,3475,3475,0,0.000,188.913,148,2338799
"benchmark-example:english-extra-8-cpu","bd/english.100MB",8,1000000,3475,3475,0,0.000,188.913,149,2358226
"benchmark-example:english-extra-8-cpu","bd/english.100MB",8,1000000,3475,3475,0,0.000,188.913,150,2366492
"benchmark-example:english-extra-8-cpu","bd/english.100MB",8,1000000,3475,3475,0,0.000,188.913,151,2393065
"benchmark-example:english-extra-8-cpu","bd/english.100MB",8,1000000,3475,3475,0,0.000,188.913,152,2407633
"benchmark-example:english-extra-8-cpu","bd/english.100MB",8,1000000,3475,3475,0,0.000,188.913,153,2431038
"benchmark-example:english-extra-8-cpu","bd/english.100MB",8,1000000,3475,3475,0,0.000,188.913,154,2453190
"benchmark-example:english-extra-8-cpu","bd/english.100MB",8,1000000,3475,3475,0,0.000,188.913,155,2502017
"benchmark-example:english-extra-8-cpu","bd/english.100MB",8,1000000,3475,3475,0,0.000,188.913,156,2505110
"benchmark-example:english-extra-8-cpu","bd/english.100MB",8,1000000,3475,3475,0,0.000,188.913,157,2507264
"benchmark-example:english-extra-8-cpu","bd/english.100MB",8,1000000,3475,3475,0,0.000,188.913,158,2640545
"benchmark-example:english-extra-8-cpu","bd/english.100MB",8,1000000,3475,3475,0,0.000,188.913,159,2651157
"benchmark-example:english-extra-8-cpu","bd/english.100MB",8,1000000,3475,3475,0,0.000,188.913,160,2662587
"benchmark-example:english-extra-8-cpu","bd/english.100MB",8,1000000,3475,3475,0,0.000,188.913,161,2667862
"benchmark-example:english-extra-8-cpu","bd/english.100MB",8,1000000,3475,3475,0,0.000,188.913,162,2691192
"benchmark-example:english-extra-8-cpu","bd/english.100MB",8,1000000,3475,3475,0,0.000,188.913,163,2698171
"benchmark-example:english-extra-8-cpu","bd/english.100MB",8,1000000,3475,3475,0,0.000,188.913,164,2700309
"benchmark-example:english-extra-8-cpu","bd/english.100MB",8,1000000,3475,3475,0,0.000,188.913,165,2703000
"benchmark-example:english-extra-8-cpu","bd/english.100MB",8,1000000,3475,3475,0,0.000,188.913,166,2704356
"benchmark-example:english-extra-8-cpu","bd/english.100MB",8,1000000,3475,3475,0,0.000,188.913,167,2724330
"benchmark-example:english-extra-8-cpu","bd/english.100MB",8,1000000,3475,3475,0,0.000,188.913,168,2737416
"benchmark-example:english-extra-8-cpu","bd/english.100MB",8,1000000,3475,3475,0,0.000,188.913,169,2739654
"benchmark-example:english-extra-8-cpu","bd/english.100MB",8,1000000,3475,3475,0,0.000,188.913,170,2747445
"benchmark-example:english-extra-8-cpu","bd/english.100MB",8,1000000,3475,3475,0,0.000,188.913,171,2754135
"benchmark-example:english-extra-8-cpu","bd/english.100MB",8,1000000,3475,3475,0,0.000,188.913,172,2766118
"benchmark-example:english-extra-8-cpu","bd/english.100MB",8,1000000,3475,3475,0,0.000,188.913,173,2914502
"benchmark-example:english-extra-8-cpu","bd/english.100MB",8,1000000,3475,3475,0,0.000,188.913,174,2966893
"benchmark-example:english-extra-8-cpu","bd/english.100MB",8,1000000,3475,3475,0,0.000,188.913,175,3095069
"benchmark-example:english-extra-8-cpu","bd/english.100MB",8,1000000,3475,3475,0,0.000,188.913,176,3123649
"benchmark-example:english-extra-8-cpu","bd/english.100MB",8,1000000,3475,3475,0,0.000,188.913,177,3154966
"benchmark-example:english-extra-8-cpu","bd/english.100MB",8,1000000,3475,3475,0,0.000,188.913,178,3167455
"benchmark-example:english-extra-8-cpu","bd/english.100MB",8,1000000,3475,3475,0,0.000,188.913,179,3180521
"benchmark-example:english-extra-8-cpu","bd/english.100MB",8,1000000,3475,3475,0,0.000,188.913,180,3183313
"benchmark-example:english-extra-8-cpu","bd/english.100MB",8,1000000,3475,3475,0,0.000,188.913,181,3202740
"benchmark-example:english-extra-8-cpu","bd/english.100MB",8,1000000,3475,3475,0,0.000,188.913,182,3211006
"benchmark-example:english-extra-8-cpu","bd/english.100MB",8,1000000,3475,3475,0,0.000,188.913,183,3237579
"benchmark-example:english-extra-8-cpu","bd/english.100MB",8,1000000,3475,3475,0,0.000,188.913,184,3252147
"benchmark-example:english-extra-8-cpu","bd/english.100MB",8,1000000,3475,3475,0,0.000,188.913,185,3275552
"benchmark-example:english-extra-8-cpu","bd/english.100MB",8,1000000,3475,3475,0,0.000,188.913,186,3297704
"benchmark-example:english-extra-8-cpu","bd/english.100MB",8,1000000,3475,3475,0,0.000,188.913,187,3346531
"benchmark-example:english-extra-8-cpu","bd/english.100MB",8,1000000,3475,3475,0,0.000,188.913,188,3349624
"benchmark-example:english-extra-8-cpu","bd/english.100MB",8,1000000,3475,3475,0,0.000,188.913,189,3351778
"benchmark-example:english-extra-8-cpu","bd/english.100MB",8,1000000,3475,3475,0,0.000,188.913,190,3485059
"benchmark-example:english-extra-8-cpu","bd/english.100MB",8,1000000,3475,3475,0,0.000,188.913,191,3495671
"benchmark-example:english-extra-8-cpu","bd/english.100MB",8,1000000,3475,3475,0,0.000,188.913,192,3507100
"benchmark-example:english-extra-8-cpu","bd/english.100MB",8,1000000,3475,3475,0,0.000,188.913,193,3512375
"benchmark-example:english-extra-8-cpu","bd/english.100MB",8,1000000,3475,3475,0,0.000,188.913,194,3535705
"benchmark-example:english-extra-8-cpu","bd/english.100MB",8,1000000,3475,3475,0,0.000,188.913,195,3542684
"benchmark-example:english-extra-8-cpu","bd/english.100MB",8,1000000,3475,3475,0,0.000,188.913,196,3544822
"benchmark-example:english-extra-8-cpu","bd/english.100MB",8,1000000,3475,3475,0,0.000,188.913,197,3547513
"benchmark-example:english-extra-8-cpu","bd/english.100MB",8,1000000,3475,3475,0,0.000,188.913,198,3548869
"benchmark-example:english-extra-8-cpu","bd/english.100MB",8,1000000,3475,3475,0,0.000,188.913,199,3568843
"benchmark-example:english-extra-8-cpu","bd/english.100MB",8,1000000,3475,3475,0,0.000,188.913,200,3581929
"benchmark-example:english-extra-8-cpu","bd/english.100MB",8,1000000,3475,3475,0,0.000,188.913,201,3584167
"benchmark-example:english-extra-8-cpu","bd/english.100MB",8,1000000,3475,3475,0,0.000,188.913,202,3591958
"benchmark-example:english-extra-8-cpu","bd/english.100MB",8,1000000,3475,3475,0,0.000,188.913,203,3598648
"benchmark-example:english-extra-8-cpu","bd/english.100MB",8,1000000,3475,3475,0,0.000,188.913,204,3610630
"benchmark-example:english-extra-8-cpu","bd/english.100MB",8,1000000,3475,3475,0,0.000,188.913,205,3759009
"benchmark-example:english-extra-8-cpu","bd/english.100MB",8,1000000,3475,3475,0,0.000,188.913,206,3811347
"benchmark-example:english-extra-8-cpu","bd/english.100MB",8,1000000,3475,3475,0,0.000,188.913,207,3878242
"benchmark-example:english-extra-8-cpu","bd/english.100MB",8,1000000,3475,3475,0,0.000,188.913,208,3891255
"benchmark-example:english-extra-8-cpu","bd/english.100MB",8,1000000,3475,3475,0,0.000,188.913,209,3984545
"benchmark-example:english-extra-8-cpu","bd/english.100MB",8,1000000,3475,3475,0,0.000,188.913,210,4012952
"benchmark-example:english-extra-8-cpu","bd/english.100MB",8,1000000,3475,3475,0,0.000,188.913,211,4043854
"benchmark-example:english-extra-8-cpu","bd/english.100MB",8,1000000,3475,3475,0,0.000,188.913,212,4048521
"benchmark-example:english-extra-8-cpu","bd/english.100MB",8,1000000,3475,3475,0,0.000,188.913,213,4066610
"benchmark-example:english-extra-8-cpu","bd/english.100MB",8,1000000,3475,3475,0,0.000,188.913,214,4068565
"benchmark-example:english-extra-8-cpu","bd/english.100MB",8,1000000,3475,3475,0,0.000,188.913,215,4098027
"benchmark-example:english-extra-8-cpu","bd/english.100MB",8,1000000,3475,3475,0,0.000,188.913,216,4102893
"benchmark-example:english-extra-8-cpu","bd/english.100MB",8,1000000,3475,3475,0,0.000,188.913,217,4141593
"benchmark-example:english-extra-8-cpu","bd/english.100MB",8,1000000,3475,3475,0,0.000,188.913,218,4151528
"benchmark-example:english-extra-8-cpu","bd/english.100MB",8,1000000,3475,3475,0,0.000,188.913,219,4384015
"benchmark-example:english-extra-8-cpu","bd/english.100MB",8,1000000,3475,3475,0,0.000,188.913,220,4459050
"benchmark-example:english-extra-8-cpu","bd/english.100MB",8,1000000,3475,3475,0,0.000,188.913,221,4528188
"benchmark-example:english-extra-8-cpu","bd/english.100MB",8,1000000,3475,3475,0,0.000,188.913,222,4532766
"benchmark-example:english-extra-8-cpu","bd/english.100MB",8,1000000,3475,3475,0,0.000,188.913,223,4556168
"benchmark-example:english-extra-8-cpu","bd/english.100MB",8,1000000,3475,3475,0,0.000,188.913,224,4616192
"benchmark-example:english-extra-8-cpu","bd/english.100MB",8,1000000,3475,3475,0,0.000,188.913,225,4620508
"benchmark-example:english-extra-8-cpu","bd/english.100MB",8,1000000,3475,3475,0,0.000,188.913,226,4771290
"benchmark-example:english-extra-8-cpu","bd/english.100MB",8,1000000,3475,3475,0,0.000,188.913,227,4791136
"benchmark-example:english-extra-8-cpu","bd/english.100MB",8,1000000,3475,3475,0,0.000,188.913,228,4800170
"benchmark-example:english-extra-8-cpu","bd/english.100MB",8,1000000,3475,3475,0,0.000,188.913,229,4900038
"benchmark-example:english-extra-8-cpu","bd/english.100MB",8,1000000,3475,3475,0,0.000,188.913,230,4914033
"benchmark-example:english-extra-8-cpu","bd/english.100MB",8,1000000,3475,3475,0,0.000,188.913,231,4936433
"benchmark-example:english-extra-8-cpu","bd/english.100MB",8,1000000,3475,3475,0,0.000,188.913,232,4942113
"benchmark-example:english-extra-8-cpu","bd/english.100MB",8,1000000,3475,3475,0,0.000,188.913,233,4944979
"benchmark-example:english-extra-8-cpu","bd/english.100MB",8,1000000,3475,3475,0,0.000,188.913,234,4968784
"benchmark-example:english-extra-8-cpu","bd/english.100MB",8,1000000,3475,3475,0,0.000,188.913,235,4998496
"benchmark-example:english-extra-8-cpu","bd/english.100MB",8,1000000,3475,3475,0,0.000,188.913,236,5075043
"benchmark-example:english-extra-8-cpu","bd/english.100MB",8,1000000,3475,3475,0,0.000,188.913,237,5076952
"benchmark-example:english-extra-8-cpu","bd/english.100MB",8,1000000,3475,3475,0,0.000,188.913,238,5102585
"benchmark-example:english-extra-8-cpu","bd/english.100MB",8,1000000,3475,3475,0,0.000,188.913,239,5242357
"benchmark-example:english-extra-8-cpu","bd/english.100MB",8,1000000,3475,3475,0,0.000,188.913,240,5317392
"benchmark-example:english-extra-8-cpu","bd/english.100MB",8,1000000,3475,3475,0,0.000,188.913,241,5386528
"benchmark-example:english-extra-8-cpu","bd/english.100MB",8,1000000,3475,3475,0,0.000,188.913,242,5391106
"benchmark-example:english-extra-8-cpu","bd/english.100MB",8,1000000,3475,3475,0,0.000,188.913,243,5414508
"benchmark-example:english-extra-8-cpu","bd/english.100MB",8,1000000,3475,3475,0,0.000,188.913,244,5474532
"benchmark-example:english-extra-8-cpu","bd/english.100MB",8,1000000,3475,3475,0,0.000,188.913,245,5478848
"benchmark-example:english-extra-8-cpu","bd/english.100MB",8,1000000,3475,3475,0,0.000,188.913,246,5629630
"benchmark-example:english-extra-8-cpu","bd/english.100MB",8,1000000,3475,3475,0,0.000,188.913,247,5649476
"benchmark-example:english-extra-8-cpu","bd/english.100MB",8,1000000,3475,3475,0,0.000,188.913,248,5658510
"benchmark-example:english-extra-8-cpu","bd/english.100MB",8,1000000,3475,3475,0,0.000,188.913,249,5758378
"benchmark-example:english-extra-8-cpu","bd/english.100MB",8,1000000,3475,3475,0,0.000,188.913,250,5772373
"benchmark-example:english-extra-8-cpu","bd/english.100MB",8,1000000,3475,3475,0,0.000,188.913,251,5794773
"benchmark-example:english-extra-8-cpu","bd/english.100MB",8,1000000,3475,3475,0,0.000,188.913,252,5800453
"benchmark-example:english-extra-8-cpu","bd/english.100MB",8,1000000,3475,3475,0,0.000,188.913,253,5803319
"benchmark-example:english-extra-8-cpu","bd/english.100MB",8,1000000,3475,3475,0,0.000,188.913,254,5827124
"benchmark-example:english-extra-8-cpu","bd/english.100MB",8,1000000,3475,3475,0,0.000,188.913,255,5856836
"benchmark-example:english-extra-8-cpu","bd/english.100MB",8,1000000,3475,3475,0,0.000,188.913,256,5933376
"benchmark-example:english-extra-8-cpu","bd/english.100MB",8,1000000,3475,3475,0,0.000,188.913,257,5935284
"benchmark-example:english-extra-8-cpu","bd/english.100MB",8,1000000,3475,3475,0,0.000,188.913,258,5960915
"benchmark-example:english-extra-8-cpu","bd/english.100MB",8,1000000,3475,3475,0,0.000,188.913,259,6029115
"benchmark-example:english-extra-8-cpu","bd/english.100MB",8,1000000,3475,3475,0,0.000,188.913,260,6112804
"benchmark-example:english-extra-8-cpu","bd/english.100MB",8,1000000,3475,3475,0,0.000,188.913,261,6165700
"benchmark-example:english-extra-8-cpu","bd/english.100MB",8,1000000,3475,3475,0,0.000,188.913,262,6201730
"benchmark-example:english-extra-8-cpu","bd/english.100MB",8,1000000,3475,3475,0,0.000,188.913,263,6222328
"benchmark-example:english-extra-8-cpu","bd/english.100MB",8,1000000,3475,3475,0,0.000,188.913,264,6491040
"benchmark-example:english-extra-8-cpu","bd/english.100MB",8,1000000,3475,3475,0,0.000,188.913,265,6499582
"benchmark-example:english-extra-8-cpu","bd/english.100MB",8,1000000,3475,3475,0,0.000,188.913,266,6504714
"benchmark-example:english-extra-8-cpu","bd/english.100MB",8,1000000,3475,3475,0,0.000,188.913,267,6599251
"benchmark-example:english-extra-8-cpu","bd/english.100MB",8,1000000,3475,3475,0,0.000,188.913,268,6673916
"benchmark-example:english-extra-8-cpu","bd/english.100MB",8,1000000,3475,3475,0,0.000,188.913,269,6708349
"benchmark-example:english-extra-8-cpu","bd/english.100MB",8,1000000,3475,3475,0,0.000,188.913,270,6761678
"benchmark-example:english-extra-8-cpu","bd/english.100MB",8,1000000,3475,3475,0,0.000,188.913,271,6840357
"benchmark-example:english-extra-8-cpu","bd/english.100MB",8,1000000,3475,3475,0,0.000,188.913,272,6893253
"benchmark-example:english-extra-8-cpu","bd/english.100MB",8,1000000,3475,3475,0,0.000,188.913,273,6929283
"benchmark-example:english-extra-8-cpu","bd/english.100MB",8,1000000,3475,3475,0,0.000,188.913,274,6949881
"benchmark-example:english-extra-8-cpu","bd/english.100MB",8,1000000,3475,3475,0,0.000,188.913,275,7218593
"benchmark-example:english-extra-8-cpu","bd/english.100MB",8,1000000,3475,3475,0,0.000,188.913,276,7227135
"benchmark-example:english-extra-8-cpu","bd/english.100MB",8,1000000,3475,3475,0,0.000,188.913,277,7232267
"benchmark-example:english-extra-8-cpu","bd/english.100MB",8,1000000,3475,3475,0,0.000,188.913,278,7326804
"benchmark-example:english-extra-8-cpu","bd/english.100MB",8,1000000,3475,3475,0,0.000,188.913,279,7401468
"benchmark-example:english-extra-8-cpu","bd/english.100MB",8,1000000,3475,3475,0,0.000,188.913,280,7435895
"benchmark-example:english-extra-8-cpu","bd/english.100MB",8,1000000,3475,3475,0,0.000,188.913,281,7489220
"benchmark-example:english-extra-8-cpu","bd/english.100MB",8,1000000,3475,3475,0,0.000,188.913,282,7539382
"benchmark-example:english-extra-8-cpu","bd/english.100MB",8,1000000,3475,3475,0,0.000,188.913,283,7574476
"benchmark-example:english-extra-8-cpu","bd/english.100MB",8,1000000,3475,3475,0,0.000,188.913,284,7590350
"benchmark-example:english-extra-8-cpu","bd/english.100MB",8,1000000,3475,3475,0,0.000,188.913,285,7633301
"benchmark-example:english-extra-8-cpu","bd/english.100MB",8,1000000,3475,3475,0,0.000,188.913,286,7656187
"benchmark-example:english-extra-8-cpu","bd/english.100MB",8,1000000,3475,3475,0,0.000,188.913,287,7663817
"benchmark-example:english-extra-8-cpu","bd/english.100MB",8,1000000,3475,3475,0,0.000,188.913,288,7667025
"benchmark-example:english-extra-8-cpu","bd/english.100MB",8,1000000,3475,3475,0,0.000,188.913,289,7785809
"benchmark-example:english-extra-8-cpu","bd/english.100MB",8,1000000,3475,3475,0,0.000,188.913,290,7800041
"benchmark-example:english-extra-8-cpu","bd/english.100MB",8,1000000,3475,3475,0,0.000,188.913,291,7802018
"benchmark-example:english-extra-8-cpu","bd/english.100MB",8,1000000,3475,3475,0,0.000,188.913,292,7819319
"benchmark-example:english-extra-8-cpu","bd/english.100MB",8,1000000,3475,3475,0,0.000,188.913,293,7916176
"benchmark-example:english-extra-8-cpu","bd/english.100MB",8,1000000,3475,3475,0,0.000,188.913,294,7924898
"benchmark-example:english-extra-8-cpu","bd/english.100MB",8,1000000,3475,3475,0,0.000,188.913,295,8003429
"benchmark-example:english-extra-8-cpu","bd/english.100MB",8,1000000,3475,3475,0,0.000,188.913,296,8016183
"benchmark-example:english-extra-8-cpu","bd/english.100MB",8,1000000,3475,3475,0,0.000,188.913,297,8102612
"benchmark-example:english-extra-8-cpu","bd/english.100MB",8,1000000,3475,3475,0,0.000,188.913,298,8153082
"benchmark-example:english-extra-8-cpu","bd/english.100MB",8,1000000,3475,3475,0,0.000,188.913,299,8153245
"benchmark-example:english-extra-8-cpu","bd/english.100MB",8,1000000,3475,3475,0,0.000,188.913,300,8184950
"benchmark-example:english-extra-8-cpu","bd/english.100MB",8,1000000,3475,3475,0,0.000,188.913,301,8285163
"benchmark-example:english-extra-8-cpu","bd/english.100MB",8,1000000,3475,3475,0,0.000,188.913,302,8356964
"benchmark-example:english-extra-8-cpu","bd/english.100MB",8,1000000,3475,3475,0,0.000,188.913,303,8368659
"benchmark-example:english-extra-8-cpu","bd/english.100MB",8,1000000,3475,3475,0,0.000,188.913,304,8395158
"benchmark-example:english-extra-8-cpu","bd/english.100MB",8,1000000,3475,3475,0,0.000,188.913,305,8469766
"benchmark-example:english-extra-8-cpu","bd/english.100MB",8,1000000,3475,3475,0,0.000,188.913,306,8487670
"benchmark-example:english-extra-8-cpu","bd/english.100MB",8,1000000,3475,3475,0,0.000,188.913,307,8491572
"benchmark-example:english-extra-8-cpu","bd/english.100MB",8,1000000,3475,3475,0,0.000,188.913,308,8498084
"benchmark-example:english-extra-8-cpu","bd/english.100MB",8,1000000,3475,3475,0,0.000,188.913,309,8519766
"benchmark-example:english-extra-8-cpu","bd/english.100MB",8,1000000,3475,3475,0,0.000,188.913,310,8528833
"benchmark-example:english-extra-8-cpu","bd/english.100MB",8,1000000,3475,3475,0,0.000,188.913,311,8529760
"benchmark-example:english-extra-8-cpu","bd/english.100MB",8,1000000,3475,3475,0,0.000,188.913,312,8529888
"benchmark-example:english-extra-8-cpu","bd/english.100MB",8,1000000,3475,3475,0,0.000,188.913,313,8593581
"benchmark-example:english-extra-8-cpu","bd/english.100MB",8,1000000,3475,3475,0,0.000,188.913,314,8616467
"benchmark-example:english-extra-8-cpu","bd/english.100MB",8,1000000,3475,3475,0,0.000,188.913,315,8624097
"benchmark-example:english-extra-8-cpu","bd/english.100MB",8,1000000,3475,3475,0,0.000,188.913,316,8627305
"benchmark-example:english-extra-8-cpu","bd/english.100MB",8,1000000,3475,3475,0,0.000,188.913,317,8746089
"benchmark-example:english-extra-8-cpu","bd/english.100MB",8,1000000,3475,3475,0,0.000,188.913,318,8760321
"benchmark-example:english-extra-8-cpu","bd/english.100MB",8,1000000,3475,3475,0,0.000,188.913,319,8762298
"benchmark-example:english-extra-8-cpu","bd/english.100MB",8,1000000,3475,3475,0,0.000,188.913,320,8779599
"benchmark-example:english-extra-8-cpu","bd/english.100MB",8,1000000,3475,3475,0,0.000,188.913,321,8876456
"benchmark-example:english-extra-8-cpu","bd/english.100MB",8,1000000,3475,3475,0,0.000,188.913,322,8885178
"benchmark-example:english-extra-8-cpu","bd/english.100MB",8,1000000,3475,3475,0,0.000,188.913,323,8963709
"benchmark-example:english-extra-8-cpu","bd/english.100MB",8,1000000,3475,3475,0,0.000,188.913,324,8976463
"benchmark-example:english-extra-8-cpu","bd/english.100MB",8,1000000,3475,3475,0,0.000,188.913,325,9062891
"benchmark-example:english-extra-8-cpu","bd/english.100MB",8,1000000,3475,3475,0,0.000,188.913,326,9113361
"benchmark-example:english-extra-8-cpu","bd/english.100MB",8,1000000,3475,3475,0,0.000,188.913,327,9113524
"benchmark-example:english-extra-8-cpu","bd/english.100MB",8,1000000,3475,3475,0,0.000,188.913,328,9145229
"benchmark-example:english-extra-8-cpu","bd/english.100MB",8,1000000,3475,3475,0,0.000,188.913,329,9245442
"benchmark-example:english-extra-8-cpu","bd/english.100MB",8,1000000,3475,3475,0,0.000,188.913,330,9317243
"benchmark-example:english-extra-8-cpu","bd/english.100MB",8,1000000,3475,3475,0,0.000,188.913,331,9328938
"benchmark-example:english-extra-8-cpu","bd/english.100MB",8,1000000,3475,3475,0,0.000,188.913,332,9355437
"benchmark-example:english-extra-8-cpu","bd/english.100MB",8,1000000,3475,3475,0,0.000,188.913,333,9430034
"benchmark-example:english-extra-8-cpu","bd/english.100MB",8,1000000,3475,3475,0,0.000,188.913,334,9447937
"benchmark-example:english-extra-8-cpu","bd/english.100MB",8,1000000,3475,3475,0,0.000,188.913,335,9451839
"benchmark-example:english-extra-8-cpu","bd/english.100MB",8,1000000,3475,3475,0,0.000,188.913,336,9458351
"benchmark-example:english-extra-8-cpu","bd/english.100MB",8,1000000,3475,3475,0,0.000,188.913,337,9480032
"benchmark-example:english-extra-8-cpu","bd/english.100MB",8,1000000,3475,3475,0,0.000,188.913,338,9489097
"benchmark-example:english-extra-8-cpu","bd/english.100MB",8,1000000,3475,3475,0,0.000,188.913,339,9490024
"benchmark-example:english-extra-8-cpu","bd/english.100MB",8,1000000,3475,3475,0,0.000,188.913,340,9490152
"benchmark-example:english-extra-8-cpu","bd/english.100MB",8,1000000,3475,3475,0,0.000,188.913,341,9710432
"benchmark-example:english-extra-8-cpu","bd/english.100MB",8,1000000,3475,3475,0,0.000,188.913,342,9721118
"benchmark-example:english-extra-8-cpu","bd/english.100MB",8,1000000,3475,3475,0,0.000,188.913,343,9790915
"benchmark-example:english-extra-8-cpu","bd/english.100MB",8,1000000,3475,3475,0,0.000,188.913,344,9847391
"benchmark-example:english-extra-8-cpu","bd/english.100MB",8,1000000,3475,3475,0,0.000,188.913,345,9893835
"benchmark-example:english-extra-8-cpu","bd/english.100MB",8,1000000,3475,3475,0,0.000,188.913,346,9894815
"benchmark-example:english-extra-8-cpu","bd/english.100MB",8,1000000,3475,3475,0,0.000,188.913,347,9895355
"benchmark-example:english-extra-8-cpu","bd/english.100MB",8,1000000,3475,3475,0,0.000,188.913,348,9906595
"benchmark-example:english-extra-8-cpu","bd/english.100MB",8,1000000,3475,3475,0,0.000,188.913,349,9945425
"benchmark-example:english-extra-8-cpu","bd/english.100MB",8,1000000,3475,3475,0,0.000,188.913,350,9959481
"benchmark-example:english-extra-8-cpu","bd/english.100MB",8,1000000,3475,3475,0,0.000,188.913,351,10009678
"benchmark-example:english-extra-8-cpu","bd/english.100MB",8,1000000,3475,3475,0,0.000,188.913,352,10067444
"benchmark-example:english-extra-8-cpu","bd/english.100MB",8,1000000,3475,3475,0,0.000,188.913,353,10075536
"benchmark-example:english-extra-8-cpu","bd/english.100MB",8,1000000,3475,3475,0,0.000,188.913,354,10086380
"benchmark-example:english-extra-8-cpu","bd/english.100MB",8,1000000,3475,3475,0,0.000,188.913,355,10086418
"benchmark-example:english-extra-8-cpu","bd/english.100MB",8,1000000,3475,3475,0,0.000,188.913,356,10100505
"benchmark-example:english-extra-8-cpu","bd/english.100MB",8,1000000,3475,3475,0,0.000,188.913,357,10127523
"benchmark-example:english-extra-8-cpu","bd/english.100MB",8,1000000,3475,3475,0,0.000,188.913,358,10257718
"benchmark-example:english-extra-8-cpu","bd/english.100MB",8,1000000,3475,3475,0,0.000,188.913,359,10303829
"benchmark-example:english-extra-8-cpu","bd/english.100MB",8,1000000,3475,3475,0,0.000,188.913,360,10347626
"benchmark-example:english-extra-8-cpu","bd/english.100MB",8,1000000,3475,3475,0,0.000,188.913,361,10349358
"benchmark-example:english-extra-8-cpu","bd/english.100MB",8,1000000,3475,3475,0,0.000,188.913,362,10353801
"benchmark-example:english-extra-8-cpu","bd/english.100MB",8,1000000,3475,3475,0,0.000,188.913,363,10371785
"benchmark-example:english-extra-8-cpu","bd/english.100MB",8,1000000,3475,3475,0,0.000,188.913,364,10376257
"benchmark-example:english-extra-8-cpu","bd/english.100MB",8,1000000,3475,3475,0,0.000,188.913,365,10411233
"benchmark-example:english-extra-8-cpu","bd/english.100MB",8,1000000,3475,3475,0,0.000,188.913,366,10451878
"benchmark-example:english-extra-8-cpu","bd/english.100MB",8,1000000,3475,3475,0,0.000,188.913,367,10482152
"benchmark-example:english-extra-8-cpu","bd/english.100MB",8,1000000,3475,3475,0,0.000,188.913,368,10613730
"benchmark-example:english-extra-8-cpu","bd/english.100MB",8,1000000,3475,3475,0,0.000,188.913,369,10640085
"benchmark-example:english-extra-8-cpu","bd/english.100MB",8,1000000,3475,3475,0,0.000,188.913,370,10687914
"benchmark-example:english-extra-8-cpu","bd/english.100MB",8,1000000,3475,3475,0,0.000,188.913,371,10699414
"benchmark-example:english-extra-8-cpu","bd/english.100MB",8,1000000,3475,3475,0,0.000,188.913,372,10711231
"benchmark-example:english-extra-8-cpu","bd/english.100MB",8,1000000,3475,3475,0,0.000,188.913,373,10746401
"benchmark-example:english-extra-8-cpu","bd/english.100MB",8,1000000,3475,3475,0,0.000,188.913,374,10807795
"benchmark-example:english-extra-8-cpu","bd/english.100MB",8,1000000,3475,3475,0,0.000,188.913,375,10821437
"benchmark-example:english-extra-8-cpu","bd/english.100MB",8,1000000,3475,3475,0,0.000,188.913,376,10823077
"benchmark-example:english-extra-8-cpu","bd/english.100MB",8,1000000,3475,3475,0,0.000,188.913,377,10840278
"benchmark-example:english-extra-8-cpu","bd/english.100MB",8,1000000,3475,3475,0,0.000,188.913,378,10863952
"benchmark-example:english-extra-8-cpu","bd/english.100MB",8,1000000,3475,3475,0,0.000,188.913,379,10994147
"benchmark-example:english-extra-8-cpu","bd/english.100MB",8,1000000,3475,3475,0,0.000,188.913,380,11040258
"benchmark-example:english-extra-8-cpu","bd/english.100MB",8,1000000,3475,3475,0,0.000,188.913,381,11084054
"benchmark-example:english-extra-8-cpu","bd/english.100MB",8,1000000,3475,3475,0,0.000,188.913,382,11085786
"benchmark-example:english-extra-8-cpu","bd/english.100MB",8,1000000,3475,3475,0,0.000,188.913,383,11090229
"benchmark-example:english-extra-8-cpu","bd/english.100MB",8,1000000,3475,3475,0,0.000,188.913,384,11108213
"benchmark-example:english-extra-8-cpu","bd/english.100MB",8,1000000,3475,3475,0,0.000,188.913,385,11112685
"benchmark-example:english-extra-8-cpu","bd/english.100MB",8,1000000,3475,3475,0,0.000,188.913,386,11147661
"benchmark-example:english-extra-8-cpu","bd/english.100MB",8,1000000,3475,3475,0,0.000,188.913,387,11188306
"benchmark-example:english-extra-8-cpu","bd/english.100MB",8,1000000,3475,3475,0,0.000,188.913,388,11218580
"benchmark-example:english-extra-8-cpu","bd/english.100MB",8,1000000,3475,3475,0,0.000,188.913,389,11350158
"benchmark-example:english-extra-8-cpu","bd/english.100MB",8,1000000,3475,3475,0,0.000,188.913,390,11376513
"benchmark-example:english-extra-8-cpu","bd/english.100MB",8,1000000,3475,3475,0,0.000,188.913,391,11424342
"benchmark-example:english-extra-8-cpu","bd/english.100MB",8,1000000,3475,3475,0,0.000,188.913,392,11435842
"benchmark-example:english-extra-8-cpu","bd/english.100MB",8,1000000,3475,3475,0,0.000,188.913,393,11447659
"benchmark-example:english-extra-8-cpu","bd/english.100MB",8,1000000,3475,3475,0,0.000,188.913,394,11482829
"benchmark-example:english-extra-8-cpu","bd/english.100MB",8,1000000,3475,3475,0,0.000,188.913,395,11544211
"benchmark-example:english-extra-8-cpu","bd/english.100MB",8,1000000,3475,3475,0,0.000,188.913,396,11557852
"benchmark-example:english-extra-8-cpu","bd/english.100MB",8,1000000,3475,3475,0,0.000,188.913,397,11559492
"benchmark-example:english-extra-8-cpu","bd/english.100MB",8,1000000,3475,3475,0,0.000,188.913,398,11576693
"benchmark-example:english-extra-8-cpu","bd/english.100MB",8,1000000,3475,3475,0,0.000,188.913,399,11610828
"benchmark-example:english-extra-8-cpu","bd/english.100MB",8,1000000,3475,3475,0,0.000,188.913,400,11641631
"benchmark-example:english-extra-8-cpu","bd/english.100MB",8,1000000,3475,3475,0,0.000,188.913,401,11776400
"benchmark-example:english-extra-8-cpu","bd/english.100MB",8,1000000,3475,3475,0,0.000,188.913,402,11862384
"benchmark-example:english-extra-8-cpu","bd/english.100MB",8,1000000,3475,3475,0,0.000,188.913,403,11945919
"benchmark-example:english-extra-8-cpu","bd/english.100MB",8,1000000,3475,3475,0,0.000,188.913,404,11946304
"benchmark-example:english-extra-8-cpu","bd/english.100MB",8,1000000,3475,3475,0,0.000,188.913,405,11962455
"benchmark-example:english-extra-8-cpu","bd/english.100MB",8,1000000,3475,3475,0,0.000,188.913,406,12059232
"benchmark-example:english-extra-8-cpu","bd/english.100MB",8,1000000,3475,3475,0,0.000,188.913,407,12059414
"benchmark-example:english-extra-8-cpu","bd/english.100MB",8,1000000,3475,3475,0,0.000,188.913,408,12091391
"benchmark-example:english-extra-8-cpu","bd/english.100MB",8,1000000,3475,3475,0,0.000,188.913,409,12336663
"benchmark-example:english-extra-8-cpu","bd/english.100MB",8,1000000,3475,3475,0,0.000,188.913,410,12340058
"benchmark-example:english-extra-8-cpu","bd/english.100MB",8,1000000,3475,3475,0,0.000,188.913,411,12367142
"benchmark-example:english-extra-8-cpu","bd/english.100MB",8,1000000,3475,3475,0,0.000,188.913,412,12390532
"benchmark-example:english-extra-8-cpu","bd/english.100MB",8,1000000,3475,3475,0,0.000,188.913,413,12445401
"benchmark-example:english-extra-8-cpu","bd/english.100MB",8,1000000,3475,3475,0,0.000,188.913,414,12523334
"benchmark-example:english-extra-8-cpu","bd/english.100MB",8,1000000,3475,3475,0,0.000,188.913,415,12523392
"benchmark-example:english-extra-8-cpu","bd/english.100MB",8,1000000,3475,3475,0,0.000,188.913,416,12523548
"benchmark-example:english-extra-8-cpu","bd/english.100MB",8,1000000,3475,3475,0,0.000,188.913,417,12555758
"benchmark-example:english-extra-8-cpu","bd/english.100MB",8,1000000,3475,3475,0,0.000,188.913,418,12702912
"benchmark-example:english-extra-8-cpu","bd/english.100MB",8,1000000,3475,3475,0,0.000,188.913,419,12788896
"benchmark-example:english-extra-8-cpu","bd/english.100MB",8,1000000,3475,3475,0,0.000,188.913,420,12872431
"benchmark-example:english-extra-8-cpu","bd/english.100MB",8,1000000,3475,3475,0,0.000,188.913,421,12872816
"benchmark-example:english-extra-8-cpu","bd/english.100MB",8,1000000,3475,3475,0,0.000,188.913,422,12888967
"benchmark-example:english-extra-8-cpu","bd/english.100MB",8,1000000,3475,3475,0,0.000,188.913,423,12985744
"benchmark-example:english-extra-8-cpu","bd/english.100MB",8,1000000,3475,3475,0,0.000,188.913,424,12985926
"benchmark-example:english-extra-8-cpu","bd/english.100MB",8,1000000,3475,3475,0,0.000,188.913,425,13017903
"benchmark-example:english-extra-8-cpu","bd/english.100MB",8,1000000,3475,3475,0,0.000,188.913,426,13263175
"benchmark-example:english-extra-8-cpu","bd/english.100MB",8,1000000,3475,3475,0,0.000,188.913,427,13266570
"benchmark-example:english-extra-8-cpu","bd/english.100MB",8,1000000,3475,3475,0,0.000,188.913,428,13293654
"benchmark-example:english-extra-8-cpu","bd/english.100MB",8,1000000,3475,3475,0,0.000,188.913,429,13317044
"benchmark-example:english-extra-8-cpu","bd/english.100MB",8,1000000,3475,3475,0,0.000,188.913,430,13371913
"benchmark-example:english-extra-8-cpu","bd/english.100MB",8,1000000,3475,3475,0,0.000,188.913,431,13449845
"benchmark-example:english-extra-8-cpu","bd/english.100MB",8,1000000,3475,3475,0,0.000,188.913,432,13449903
"benchmark-example:english-extra-8-cpu","bd/english.100MB",8,1000000,3475,3475,0,0.000,188.913,433,13450059
"benchmark-example:english-extra-8-cpu","bd/english.100MB",8,1000000,3475,3475,0,0.000,188.913,434,13482265
"benchmark-example:english-extra-8-cpu","bd/english.100MB",8,1000000,3475,3475,0,0.000,188.913,435,13527046
"benchmark-example:english-extra-8-cpu","bd/english.100MB",8,1000000,3475,3475,0,0.000,188.913,436,13529110
"benchmark-example:english-extra-8-cpu","bd/english.100MB",8,1000000,3475,3475,0,0.000,188.913,437,13568887
"benchmark-example:english-extra-8-cpu","bd/english.100MB",8,1000000,3475,3475,0,0.000,188.913,438,13586851
"benchmark-example:english-extra-8-cpu","bd/english.100MB",8,1000000,3475,3475,0,0.000,188.913,439,13617714
"benchmark-example:english-extra-8-cpu","bd/english.100MB",8,1000000,3475,3475,0,0.000,188.913,440,13689811
"benchmark-example:english-extra-8-cpu","bd/english.100MB",8,1000000,3475,3475,0,0.000,188.913,441,13702125
"benchmark-example:english-extra-8-cpu","bd/english.100MB",8,1000000,3475,3475,0,0.000,188.913,442,13788554
"benchmark-example:english-extra-8-cpu","bd/english.100MB",8,1000000,3475,3475,0,0.000,188.913,443,13797920
"benchmark-example:english-extra-8-cpu","bd/english.100MB",8,1000000,3475,3475,0,0.000,188.913,444,13871058
"benchmark-example:english-extra-8-cpu","bd/english.100MB",8,1000000,3475,3475,0,0.000,188.913,445,13878266
"benchmark-example:english-extra-8-cpu","bd/english.100MB",8,1000000,3475,3475,0,0.000,188.913,446,13887650
"benchmark-example:english-extra-8-cpu","bd/english.100MB",8,1000000,3475,3475,0,0.000,188.913,447,13942294
"benchmark-example:english-extra-8-cpu","bd/english.100MB",8,1000000,3475,3475,0,0.000,188.913,448,13964432
"benchmark-example:english-extra-8-cpu","bd/english.100MB",8,1000000,3475,3475,0,0.000,188.913,449,13964791
"benchmark-example:english-extra-8-cpu","bd/english.100MB",8,1000000,3475,3475,0,0.000,188.913,450,14001137
"benchmark-example:english-extra-8-cpu","bd/english.100MB",8,1000000,3475,3475,0,0.000,188.913,451,14028069
"benchmark-example:english-extra-8-cpu","bd/english.100MB",8,1000000,3475,3475,0,0.000,188.913,452,14029921
"benchmark-example:english-extra-8-cpu","bd/english.100MB",8,1000000,3475,3475,0,0.000,188.913,453,14033674
"benchmark-example:english-extra-8-cpu","bd/english.100MB",8,1000000,3475,3475,0,0.000,188.913,454,14062044
"benchmark-example:english-extra-8-cpu","bd/english.100MB",8,1000000,3475,3475,0,0.000,188.913,455,14101974
"benchmark-example:english-extra-8-cpu","bd/english.100MB",8,1000000,3475,3475,0,0.000,188.913,456,14151915
"benchmark-example:english-extra-8-cpu","bd/english.100MB",8,1000000,3475,3475,0,0.000,188.913,457,14202662
"benchmark-example:english-extra-8-cpu","bd/english.100MB",8,1000000,3475,3475,0,0.000,188.913,458,14306281
"benchmark-example:english-extra-8-cpu","bd/english.100MB",8,1000000,3475,3475,0,0.000,188.913,459,14337215
"benchmark-example:english-extra-8-cpu","bd/english.100MB",8,1000000,3475,3475,0,0.000,188.913,460,14341810
"benchmark-example:english-extra-8-cpu","bd/english.100MB",8,1000000,3475,3475,0,0.000,188.913,461,14365290
"benchmark-example:english-extra-8-cpu","bd/english.100MB",8,1000000,3475,3475,0,0.000,188.913,462,14390846
"benchmark-example:english-extra-8-cpu","bd/english.100MB",8,1000000,3475,3475,0,0.000,188.913,463,14391678
"benchmark-example:english-extra-8-cpu","bd/english.100MB",8,1000000,3475,3475,0,0.000,188.913,464,14416336
"benchmark-example:english-extra-8-cpu","bd/english.100MB",8,1000000,3475,3475,0,0.000,188.913,465,14430138
"benchmark-example:english-extra-8-cpu","bd/english.100MB",8,1000000,3475,3475,0,0.000,188.913,466,14443403
"benchmark-example:english-extra-8-cpu","bd/english.100MB",8,1000000,3475,3475,0,0.000,188.913,467,14498856
"benchmark-example:english-extra-8-cpu","bd/english.100MB",8,1000000,3475,3475,0,0.000,188.913,468,14516424
"benchmark-example:english-extra-8-cpu","bd/english.100MB",8,1000000,3475,3475,0,0.000,188.913,469,14519992
"benchmark-example:english-extra-8-cpu","bd/english.100MB",8,1000000,3475,3475,0,0.000,188.913,470,14563261
"benchmark-example:english-extra-8-cpu","bd/english.100MB",8,1000000,3475,3475,0,0.000,188.913,471,14584871
"benchmark-example:english-extra-8-cpu","bd/english.100MB",8,1000000,3475,3475,0,0.000,188.913,472,14641863
"benchmark-example:english-extra-8-cpu","bd/english.100MB",8,1000000,3475,3475,0,0.000,188.913,473,14734310
"benchmark-example:english-extra-8-cpu","bd/english.100MB",8,1000000,3475,3475,0,0.000,188.913,474,14779819
"benchmark-example:english-extra-8-cpu","bd/english.100MB",8,1000000,3475,3475,0,0.000,188.913,475,14780531
"benchmark-example:english-extra-8-cpu","bd/english.100MB",8,1000000,3475,3475,0,0.000,188.913,476,14824661
"benchmark-example:english-extra-8-cpu","bd/english.100MB",8,1000000,3475,3475,0,0.000,188.913,477,14827814
"benchmark-example:english-extra-8-cpu","bd/english.100MB",8,1000000,3475,3475,0,0.000,188.913,478,14879342
"benchmark-example:english-extra-8-cpu","bd/english.100MB",8,1000000,3475,3475,0,0.000,188.913,479,14899732
"benchmark-example:english-extra-8-cpu","bd/english.100MB",8,1000000,3475,3475,0,0.000,188.913,480,14912891
"benchmark-example:english-extra-8-cpu","bd/english.100MB",8,1000000,3475,3475,0,0.000,188.913,481,14949807
"benchmark-example:english-extra-8-cpu","bd/english.100MB",8,1000000,3475,3475,0,0.000,188.913,482,14953093
"benchmark-example:english-extra-8-cpu","bd/english.100MB",8,1000000,3475,3475,0,0.000,188.913,483,14963464
"benchmark-example:english-extra-8-cpu","bd/english.100MB",8,1000000,3475,3475,0,0.000,188.913,484,14979262
"benchmark-example:english-extra-8-cpu","bd/english.100MB",8,1000000,3475,3475,0,0.000,188.913,485,14996265
"benchmark-example:english-extra-8-cpu","bd/english.100MB",8,1000000,3475,3475,0,0.000,188.913,486,14999485
"benchmark-example:english-extra-8-cpu","bd/english.100MB",8,1000000,3475,3475,0,0.000,188.913,487,15052034
"benchmark-example:english-extra-8-cpu","bd/english.100MB",8,1000000,3475,3475,0,0.000,188.913,488,15062382
"benchmark-example:english-extra-8-cpu","bd/english.100MB",8,1000000,3475,3475,0,0.000,188.913,489,15090256
"benchmark-example:english-extra-8-cpu","bd/english.100MB",8,1000000,3475,3475,0,0.000,188.913,490,15144925
"benchmark-example:english-extra-8-cpu","bd/english.100MB",8,1000000,3475,3475,0,0.000,188.913,491,15166322
"benchmark-example:english-extra-8-cpu","bd/english.100MB",8,1000000,3475,3475,0,0.000,188.913,492,15186264
"benchmark-example:english-extra-8-cpu","bd/english.100MB",8,1000000,3475,3475,0,0.000,188.913,493,15285298
"benchmark-example:english-extra-8-cpu","bd/english.100MB",8,1000000,3475,3475,0,0.000,188.913,494,15382838
"benchmark-example:english-extra-8-cpu","bd/english.100MB",8,1000000,3475,3475,0,0.000,188.913,495,15435687
"benchmark-example:english-extra-8-cpu","bd/english.100MB",8,1000000,3475,3475,0,0.000,188.913,496,15443949
"benchmark-example:english-extra-8-cpu","bd/english.100MB",8,1000000,3475,3475,0,0.000,188.913,497,15460829
"benchmark-example:english-extra-8-cpu","bd/english.100MB",8,1000000,3475,3475,0,0.000,188.913,498,15498976
"benchmark-example:english-extra-8-cpu","bd/english.100MB",8,1000000,3475,3475,0,0.000,188.913,499,15500313
"benchmark-example:english-extra-8-cpu","bd/english.100MB",8,1000000,3475,3475,0,0.000,188.913,500,15633612
"benchmark-example:english-extra-8-cpu","bd/english.100MB",8,1000000,3475,3475,0,0.000,188.913,501,15667832
"benchmark-example:english-extra-8-cpu","bd/english.100MB",8,1000000,3475,3475,0,0.000,188.913,502,15677051
"benchmark-example:english-extra-8-cpu","bd/english.100MB",8,1000000,3475,3475,0,0.000,188.913,503,15677244
"benchmark-example:english-extra-8-cpu","bd/english.100MB",8,1000000,3475,3475,0,0.000,188.913,504,15733096
"benchmark-example:english-extra-8-cpu","bd/english.100MB",8,1000000,3475,3475,0,0.000,188.913,505,15740662
"benchmark-example:english-extra-8-cpu","bd/english.100MB",8,1000000,3475,3475,0,0.000,188.913,506,15805790
"benchmark-example:english-extra-8-cpu","bd/english.100MB",8,1000000,3475,3475,0,0.000,188.913,507,15843698
"benchmark-example:english-extra-8-cpu","bd/english.100MB",8,1000000,3475,3475,0,0.000,188.913,508,15856178
"benchmark-example:english-extra-8-cpu","bd/english.100MB",8,1000000,3475,3475,0,0.000,188.913,509,15905938
"benchmark-example:english-extra-8-cpu","bd/english.100MB",8,1000000,3475,3475,0,0.000,188.913,510,15936168
"benchmark-example:english-extra-8-cpu","bd/english.100MB",8,1000000,3475,3475,0,0.000,188.913,511,15936441
"benchmark-example:english-extra-8-cpu","bd/english.100MB",8,1000000,3475,3475,0,0.000,188.913,512,16029768
"benchmark-example:english-extra-8-cpu","bd/english.100MB",8,1000000,3475,3475,0,0.000,188.913,513,16064527
"benchmark-example:english-extra-8-cpu","bd/english.100MB",8,1000000,3475,3475,0,0.000,188.913,514,16071074
"benchmark-example:english-extra-8-cpu","bd/english.100MB",8,1000000,3475,3475,0,0.000,188.913,515,16145334
"benchmark-example:english-extra-8-cpu","bd/english.100MB",8,1000000,3475,3475,0,0.000,188.913,516,16174565
"benchmark-example:english-extra-8-cpu","bd/english.100MB",8,1000000,3475,3475,0,0.000,188.913,517,16186298
"benchmark-example:english-extra-8-cpu","bd/english.100MB",8,1000000,3475,3475,0,0.000,188.913,518,16191165
"benchmark-example:english-extra-8-cpu","bd/english.100MB",8,1000000,3475,3475,0,0.000,188.913,519,16203594
"benchmark-example:english-extra-8-cpu","bd/english.100MB",8,1000000,3475,3475,0,0.000,188.913,520,16340028
"benchmark-example:english-extra-8-cpu","bd/english.100MB",8,1000000,3475,3475,0,0.000,188.913,521,16376680
"benchmark-example:english-extra-8-cpu","bd/english.100MB",8,1000000,3475,3475,0,0.000,188.913,522,16440121
"benchmark-example:english-extra-8-cpu","bd/english.100MB",8,1000000,3475,3475,0,0.000,188.913,523,16542902
"benchmark-example:english-extra-8-cpu","bd/english.100MB",8,1000000,3475,3475,0,0.000,188.913,524,16559004
"benchmark-example:english-extra-8-cpu","bd/english.100MB",8,1000000,3475,3475,0,0.000,188.913,525,16565720
"benchmark-example:english-extra-8-cpu","bd/english.100MB",8,1000000,3475,3475,0,0.000,188.913,526,16607683
"benchmark-example:english-extra-8-cpu","bd/english.100MB",8,1000000,3475,3475,0,0.000,188.913,527,16642367
"benchmark-example:english-extra-8-cpu","bd/english.100MB",8,1000000,3475,3475,0,0.000,188.913,528,16656982
"benchmark-example:english-extra-8-cpu","bd/english.100MB",8,1000000,3475,3475,0,0.000,188.913,529,16730701
"benchmark-example:english-extra-8-cpu","bd/english.100MB",8,1000000,3475,3475,0,0.000,188.913,530,16754409
"benchmark-example:english-extra-8-cpu","bd/english.100MB",8,1000000,3475,3475,0,0.000,188.913,531,16784639
"benchmark-example:english-extra-8-cpu","bd/english.100MB",8,1000000,3475,3475,0,0.000,188.913,532,16784912
"benchmark-example:english-extra-8-cpu","bd/english.100MB",8,1000000,3475,3475,0,0.000,188.913,533,16878239
"benchmark-example:english-extra-8-cpu","bd/english.100MB",8,1000000,3475,3475,0,0.000,188.913,534,16912998
"benchmark-example:english-extra-8-cpu","bd/english.100MB",8,1000000,3475,3475,0,0.000,188.913,535,16919545
"benchmark-example:english-extra-8-cpu","bd/english.100MB",8,1000000,3475,3475,0,0.000,188.913,536,16993805
"benchmark-example:english-extra-8-cpu","bd/english.100MB",8,1000000,3475,3475,0,0.000,188.913,537,17023036
"benchmark-example:english-extra-8-cpu","bd/english.100MB",8,1000000,3475,3475,0,0.000,188.913,538,17034769
"benchmark-example:english-extra-8-cpu","bd/english.100MB",8,1000000,3475,3475,0,0.000,188.913,539,17039636
"benchmark-example:english-extra-8-cpu","bd/english.100MB",8,1000000,3475,3475,0,0.000,188.913,540,17052065
"benchmark-example:english-extra-8-cpu","bd/english.100MB",8,1000000,3475,3475,0,0.000,188.913,541,17188499
"benchmark-example:english-extra-8-cpu","bd/english.100MB",8,1000000,3475,3475,0,0.000,188.913,542,17225151
"benchmark-example:english-extra-8-cpu","bd/english.100MB",8,1000000,3475,3475,0,0.000,188.913,543,17288592
"benchmark-example:english-extra-8-cpu","bd/english.100MB",8,1000000,3475,3475,0,0.000,188.913,544,17391373
"benchmark-example:english-extra-8-cpu","bd/english.100MB",8,1000000,3475,3475,0,0.000,188.913,545,17407475
"benchmark-example:english-extra-8-cpu","bd/english.100MB",8,1000000,3475,3475,0,0.000,188.913,546,17414191
"benchmark-example:english-extra-8-cpu","bd/english.100MB",8,1000000,3475,3475,0,0.000,188.913,547,17456154
"benchmark-example:english-extra-8-cpu","bd/english.100MB",8,1000000,3475,3475,0,0.000,188.913,548,17490832
"benchmark-example:english-extra-8-cpu","bd/english.100MB",8,1000000,3475,3475,0,0.000,188.913,549,17505447
"benchmark-example:english-extra-8-cpu","bd/english.100MB",8,1000000,3475,3475,0,0.000,188.913,550,17579099
"benchmark-example:english-extra-8-cpu","bd/english.100MB",8,1000000,3475,3475,0,0.000,188.913,551,17601199
"benchmark-example:english-extra-8-cpu","bd/english.100MB",8,1000000,3475,3475,0,0.000,188.913,552,17603263
"benchmark-example:english-extra-8-cpu","bd/english.100MB",8,1000000,3475,3475,0,0.000,188.913,553,17643040
"benchmark-example:english-extra-8-cpu","bd/english.100MB",8,1000000,3475,3475,0,0.000,188.913,554,17661004
"benchmark-example:english-extra-8-cpu","bd/english.100MB",8,1000000,3475,3475,0,0.000,188.913,555,17691867
"benchmark-example:english-extra-8-cpu","bd/english.100MB",8,1000000,3475,3475,0,0.000,188.913,556,17763964
"benchmark-example:english-extra-8-cpu","bd/english.100MB",8,1000000,3475,3475,0,0.000,188.913,557,17776278
"benchmark-example:english-extra-8-cpu","bd/english.100MB",8,1000000,3475,3475,0,0.000,188.913,558,17862707
"benchmark-example:english-extra-8-cpu","bd/english.100MB",8,1000000,3475,3475,0,0.000,188.913,559,17872073
"benchmark-example:english-extra-8-cpu","bd/english.100MB",8,1000000,3475,3475,0,0.000,188.913,560,17945211
"benchmark-example:english-extra-8-cpu","bd/english.100MB",8,1000000,3475,3475,0,0.000,188.913,561,17952419
"benchmark-example:english-extra-8-cpu","bd/english.100MB",8,1000000,3475,3475,0,0.000,188.913,562,17961803
"benchmark-example:english-extra-8-cpu","bd/english.100MB",8,1000000,3475,3475,0,0.000,188.913,563,18016447
"benchmark-example:english-extra-8-cpu","bd/english.100MB",8,1000000,3475,3475,0,0.000,188.913,564,18038585
"benchmark-example:english-extra-8-cpu","bd/english.100MB",8,1000000,3475,3475,0,0.000,188.913,565,18038944
"benchmark-example:english-extra-8-cpu","bd/english.100MB",8,1000000,3475,3475,0,0.000,188.913,566,18075290
"benchmark-example:english-extra-8-cpu","bd/english.100MB",8,1000000,3475,3475,0,0.000,188.913,567,18102222
"benchmark-example:english-extra-8-cpu","bd/english.100MB",8,1000000,3475,3475,0,0.000,188.913,568,18104074
"benchmark-example:english-extra-8-cpu","bd/english.100MB",8,1000000,3475,3475,0,0.000,188.913,569,18107827
"benchmark-example:english-extra-8-cpu","bd/english.100MB",8,1000000,3475,3475,0,0.000,188.913,570,18136069
"benchmark-example:english-extra-8-cpu","bd/english.100MB",8,1000000,3475,3475,0,0.000,188.913,571,18175928
"benchmark-example:english-extra-8-cpu","bd/english.100MB",8,1000000,3475,3475,0,0.000,188.913,572,18225808
"benchmark-example:english-extra-8-cpu","bd/english.100MB",8,1000000,3475,3475,0,0.000,188.913,573,18276550
"benchmark-example:english-extra-8-cpu","bd/english.100MB",8,1000000,3475,3475,0,0.000,188.913,574,18380126
"benchmark-example:english-extra-8-cpu","bd/english.100MB",8,1000000,3475,3475,0,0.000,188.913,575,18411057
"benchmark-example:english-extra-8-cpu","bd/english.100MB",8,1000000,3475,3475,0,0.000,188.913,576,18415652
"benchmark-example:english-extra-8-cpu","bd/english.100MB",8,1000000,3475,3475,0,0.000,188.913,577,18439120
"benchmark-example:english-extra-8-cpu","bd/english.100MB",8,1000000,3475,3475,0,0.000,188.913,578,18464658
"benchmark-example:english-extra-8-cpu","bd/english.100MB",8,1000000,3475,3475,0,0.000,188.913,579,18465487
"benchmark-example:english-extra-8-cpu","bd/english.100MB",8,1000000,3475,3475,0,0.000,188.913,580,18490037
"benchmark-example:english-extra-8-cpu","bd/english.100MB",8,1000000,3475,3475,0,0.000,188.913,581,18503806
"benchmark-example:english-extra-8-cpu","bd/english.100MB",8,1000000,3475,3475,0,0.000,188.913,582,18517047
"benchmark-example:english-extra-8-cpu","bd/english.100MB",8,1000000,3475,3475,0,0.000,188.913,583,18572482
"benchmark-example:english-extra-8-cpu","bd/english.100MB",8,1000000,3475,3475,0,0.000,188.913,584,18590046
"benchmark-example:english-extra-8-cpu","bd/english.100MB",8,1000000,3475,3475,0,0.000,188.913,585,18593614
"benchmark-example:english-extra-8-cpu","bd/english.100MB",8,1000000,3475,3475,0,0.000,188.913,586,18636852
"benchmark-example:english-extra-8-cpu","bd/english.100MB",8,1000000,3475,3475,0,0.000,188.913,587,18658453
"benchmark-example:english-extra-8-cpu","bd/english.100MB",8,1000000,3475,3475,0,0.000,188.913,588,18715368
"benchmark-example:english-extra-8-cpu","bd/english.100MB",8,1000000,3475,3475,0,0.000,188.913,589,18807713
"benchmark-example:english-extra-8-cpu","bd/english.100MB",8,1000000,3475,3475,0,0.000,188.913,590,18853207
"benchmark-example:english-extra-8-cpu","bd/english.100MB",8,1000000,3475,3475,0,0.000,188.913,591,18853916
"benchmark-example:english-extra-8-cpu","bd/english.100MB",8,1000000,3475,3475,0,0.000,188.913,592,18897971
"benchmark-example:english-extra-8-cpu","bd/english.100MB",8,1000000,3475,3475,0,0.000,188.913,593,18901118
"benchmark-example:english-extra-8-cpu","bd/english.100MB",8,1000000,3475,3475,0,0.000,188.913,594,18952544
"benchmark-example:english-extra-8-cpu","bd/english.100MB",8,1000000,3475,3475,0,0.000,188.913,595,18972898
"benchmark-example:english-extra-8-cpu","bd/english.100MB",8,1000000,3475,3475,0,0.000,188.913,596,18986057
"benchmark-example:english-extra-8-cpu","bd/english.100MB",8,1000000,3475,3475,0,0.000,188.913,597,19022961
"benchmark-example:english-extra-8-cpu","bd/english.100MB",8,1000000,3475,3475,0,0.000,188.913,598,19026247
"benchmark-example:english-extra-8-cpu","bd/english.100MB",8,1000000,3475,3475,0,0.000,188.913,599,19036609
"benchmark-example:english-extra-8-cpu","bd/english.100MB",8,1000000,3475,3475,0,0.000,188.913,600,19052404
"benchmark-example:english-extra-8-cpu","bd/english.100MB",8,1000000,3475,3475,0,0.000,188.913,601,19069404
"benchmark-example:english-extra-8-cpu","bd/english.100MB",8,1000000,3475,3475,0,0.000,188.913,602,19072621
"benchmark-example:english-extra-8-cpu","bd/english.100MB",8,1000000,3475,3475,0,0.000,188.913,603,19125152
"benchmark-example:english-extra-8-cpu","bd/english.100MB",8,1000000,3475,3475,0,0.000,188.913,604,19135488
"benchmark-example:english-extra-8-cpu","bd/english.100MB",8,1000000,3475,3475,0,0.000,188.913,605,19163286
"benchmark-example:english-extra-8-cpu","bd/english.100MB",8,1000000,3475,3475,0,0.000,188.913,606,19217857
"benchmark-example:english-extra-8-cpu","bd/english.100MB",8,1000000,3475,3475,0,0.000,188.913,607,19239254
"benchmark-example:english-extra-8-cpu","bd/english.100MB",8,1000000,3475,3475,0,0.000,188.913,608,19259142
"benchmark-example:english-extra-8-cpu","bd/english.100MB",8,1000000,3475,3475,0,0.000,188.913,609,19367137
"benchmark-example:english-extra-8-cpu","bd/english.100MB",8,1000000,3475,3475,0,0.000,188.913,610,19379144
"benchmark-example:english-extra-8-cpu","bd/english.100MB",8,1000000,3475,3475,0,0.000,188.913,611,19409078
"benchmark-example:english-extra-8-cpu","bd/english.100MB",8,1000000,3475,3475,0,0.000,188.913,612,19444660
"benchmark-example:english-extra-8-cpu","bd/english.100MB",8,1000000,3475,3475,0,0.000,188.913,613,19480901
"benchmark-example:english-extra-8-cpu","bd/english.100MB",8,1000000,3475,3475,0,0.000,188.913,614,19483988
"benchmark-example:english-extra-8-cpu","bd/english.100MB",8,1000000,3475,3475,0,0.000,188.913,615,19551151
"benchmark-example:english-extra-8-cpu","bd/english.100MB",8,1000000,3475,3475,0,0.000,188.913,616,19554410
"benchmark-example:english-extra-8-cpu","bd/english.100MB",8,1000000,3475,3475,0,0.000,188.913,617,19561206
"benchmark-example:english-extra-8-cpu","bd/english.100MB",8,1000000,3475,3475,0,0.000,188.913,618,19562959
"benchmark-example:english-extra-8-cpu","bd/english.100MB",8,1000000,3475,3475,0,0.000,188.913,619,19581337
"benchmark-example:english-extra-8-cpu","bd/english.100MB",8,1000000,3475,3475,0,0.000,188.913,620,19598170
"benchmark-example:english-extra-8-cpu","bd/english.100MB",8,1000000,3475,3475,0,0.000,188.913,621,19598330
"benchmark-example:english-extra-8-cpu","bd/english.100MB",8,1000000,3475,3475,0,0.000,188.913,622,19603059
"benchmark-example:english-extra-8-cpu","bd/english.100MB",8,1000000,3475,3475,0,0.000,188.913,623,19621175
"benchmark-example:english-extra-8-cpu","bd/english.100MB",8,1000000,3475,3475,0,0.000,188.913,624,19644288
"benchmark-example:english-extra-8-cpu","bd/english.100MB",8,1000000,3475,3475,0,0.000,188.913,625,19666969
"benchmark-example:english-extra-8-cpu","bd/english.100MB",8,1000000,3475,3475,0,0.000,188.913,626,19676313
"benchmark-example:english-extra-8-cpu","bd/english.100MB",8,1000000,3475,3475,0,0.000,188.913,627,19682647
"benchmark-example:english-extra-8-cpu","bd/english.100MB",8,1000000,3475,3475,0,0.000,188.913,628,19714177
"benchmark-example:english-extra-8-cpu","bd/english.100MB",8,1000000,3475,3475,0,0.000,188.913,629,19953463
"benchmark-example:english-extra-8-cpu","bd/english.100MB",8,1000000,3475,3475,0,0.000,188.913,630,19998351
"benchmark-example:english-extra-8-cpu","bd/english.100MB",8,1000000,3475,3475,0,0.000,188.913,631,20022587
"benchmark-example:english-extra-8-cpu","bd/english.100MB",8,1000000,3475,3475,0,0.000,188.913,632,20030850
"benchmark-example:english-extra-8-cpu","bd/english.100MB",8,1000000,3475,3475,0,0.000,188.913,633,20056666
"benchmark-example:english-extra-8-cpu","bd/english.100MB",8,1000000,3475,3475,0,0.000,188.913,634,20062105
"benchmark-example:english-extra-8-cpu","bd/english.100MB",8,1000000,3475,3475,0,0.000,188.913,635,20083283
"benchmark-example:english-extra-8-cpu","bd/english.100MB",8,1000000,3475,3475,0,0.000,188.913,636,20168701
"benchmark-example:english-extra-8-cpu","bd/english.100MB",8,1000000,3475,3475,0,0.000,188.913,637,20173363
"benchmark-example:english-extra-8-cpu","bd/english.100MB",8,1000000,3475,3475,0,0.000,188.913,638,20174127
"benchmark-example:english-extra-8-cpu","bd/english.100MB",8,1000000,3475,3475,0,0.000,188.913,639,20247995
"benchmark-example:english-extra-8-cpu","bd/english.100MB",8,1000000,3475,3475,0,0.000,188.913,640,20260002
"benchmark-example:english-extra-8-cpu","bd/english.100MB",8,1000000,3475,3475,0,0.000,188.913,641,20289936
"benchmark-example:english-extra-8-cpu","bd/english.100MB",8,1000000,3475,3475,0,0.000,188.913,642,20325518
"benchmark-example:english-extra-8-cpu","bd/english.100MB",8,1000000,3475,3475,0,0.000,188.913,643,20361759
"benchmark-example:english-extra-8-cpu","bd/english.100MB",8,1000000,3475,3475,0,0.000,188.913,644,20364846
"benchmark-example:english-extra-8-cpu","bd/english.100MB",8,1000000,3475,3475,0,0.000,188.913,645,20432009
"benchmark-example:english-extra-8-cpu","bd/english.100MB",8,1000000,3475,3475,0,0.000,188.913,646,20435268
"benchmark-example:english-extra-8-cpu","bd/english.100MB",8,1000000,3475,3475,0,0.000,188.913,647,20442064
"benchmark-example:english-extra-8-cpu","bd/english.100MB",8,1000000,3475,3475,0,0.000,188.913,648,20443817
"benchmark-example:english-extra-8-cpu","bd/english.100MB",8,1000000,3475,3475,0,0.000,188.913,649,20462195
"benchmark-example:english-extra-8-cpu","bd/english.100MB",8,1000000,3475,3475,0,0.000,188.913,650,20479028
"benchmark-example:english-extra-8-cpu","bd/english.100MB",8,1000000,3475,3475,0,0.000,188.913,651,20479188
"benchmark-example:english-extra-8-cpu","bd/english.100MB",8,1000000,3475,3475,0,0.000,188.913,652,20483917
"benchmark-example:english-extra-8-cpu","bd/english.100MB",8,1000000,3475,3475,0,0.000,188.913,653,20502033
"benchmark-example:english-extra-8-cpu","bd/english.100MB",8,1000000,3475,3475,0,0.000,188.913,654,20525146
"benchmark-example:english-extra-8-cpu","bd/english.100MB",8,1000000,3475,3475,0,0.000,188.913,655,20547827
"benchmark-example:english-extra-8-cpu","bd/english.100MB",8,1000000,3475,3475,0,0.000,188.913,656,20557171
"benchmark-example:english-extra-8-cpu","bd/english.100MB",8,1000000,3475,3475,0,0.000,188.913,657,20563505
"benchmark-example:english-extra-8-cpu","bd/english.100MB",8,1000000,3475,3475,0,0.000,188.913,658,20595035
"benchmark-example:english-extra-8-cpu","bd/english.100MB",8,1000000,3475,3475,0,0.000,188.913,659,20834321
"benchmark-example:english-extra-8-cpu","bd/english.100MB",8,1000000,3475,3475,0,0.000,188.913,660,20879209
"benchmark-example:english-extra-8-cpu","bd/english.100MB",8,1000000,3475,3475,0,0.000,188.913,661,20903445
"benchmark-example:english-extra-8-cpu","bd/english.100MB",8,1000000,3475,3475,0,0.000,188.913,662,20911708
"benchmark-example:english-extra-8-cpu","bd/english.100MB",8,1000000,3475,3475,0,0.000,188.913,663,20937524
"benchmark-example:english-extra-8-cpu","bd/english.100MB",8,1000000,3475,3475,0,0.000,188.913,664,20942963
"benchmark-example:english-extra-8-cpu","bd/english.100MB",8,1000000,3475,3475,0,0.000,188.913,665,20964141
"benchmark-example:english-extra-8-cpu","bd/english.100MB",8,1000000,3475,3475,0,0.000,188.913,666,21049543
"benchmark-example:english-extra-8-cpu","bd/english.100MB",8,1000000,3475,3475,0,0.000,188.913,667,21054205
"benchmark-example:english-extra-8-cpu","bd/english.100MB",8,1000000,3475,3475,0,0.000,188.913,668,21054969
"benchmark-example:english-extra-8-cpu","bd/english.100MB",8,1000000,3475,3475,0,0.000,188.913,669,21140472
"benchmark-example:english-extra-8-cpu","bd/english.100MB",8,1000000,3475,3475,0,0.000,188.913,670,21141531
"benchmark-example:english-extra-8-cpu","bd/english.100MB",8,1000000,3475,3475,0,0.000,188.913,671,21143608
"benchmark-example:english-extra-8-cpu","bd/english.100MB",8,1000000,3475,3475,0,0.000,188.913,672,21144093
"benchmark-example:english-extra-8-cpu","bd/english.100MB",8,1000000,3475,3475,0,0.000,188.913,673,21231496
"benchmark-example:english-extra-8-cpu","bd/english.100MB",8,1000000,3475,3475,0,0.000,188.913,674,21333822
"benchmark-example:english-extra-8-cpu","bd/english.100MB",8,1000000,3475,3475,0,0.000,188.913,675,21337291
"benchmark-example:english-extra-8-cpu","bd/english.100MB",8,1000000,3475,3475,0,0.000,188.913,676,21374744
"benchmark-example:english-extra-8-cpu","bd/english.100MB",8,1000000,3475,3475,0,0.000,188.913,677,21626895
"benchmark-example:english-extra-8-cpu","bd/english.100MB",8,1000000,3475,3475,0,0.000,188.913,678,21634659
"benchmark-example:english-extra-8-cpu","bd/english.100MB",8,1000000,3475,3475,0,0.000,188.913,679,21639060
"benchmark-example:english-extra-8-cpu","bd/english.100MB",8,1000000,3475,3475,0,0.000,188.913,680,21642374
"benchmark-example:english-extra-8-cpu","bd/english.100MB",8,1000000,3475,3475,0,0.000,188.913,681,21749464
"benchmark-example:english-extra-8-cpu","bd/english.100MB",8,1000000,3475,3475,0,0.000,188.913,682,21768824
"benchmark-example:english-extra-8-cpu","bd/english.100MB",8,1000000,3475,3475,0,0.000,188.913,683,21812736
"benchmark-example:english-extra-8-cpu","bd/english.100MB",8,1000000,3475,3475,0,0.000,188.913,684,21964033
"benchmark-example:english-extra-8-cpu","bd/english.100MB",8,1000000,3475,3475,0,0.000,188.913,685,22191377
"benchmark-example:english-extra-8-cpu","bd/english.100MB",8,1000000,3475,3475,0,0.000,188.913,686,22192436
"benchmark-example:english-extra-8-cpu","bd/english.100MB",8,1000000,3475,3475,0,0.000,188.913,687,22194513
"benchmark-example:english-extra-8-cpu","bd/english.100MB",8,1000000,3475,3475,0,0.000,188.913,688,22194998
"benchmark-example:english-extra-8-cpu","bd/english.100MB",8,1000000,3475,3475,0,0.000,188.913,689,22282401
"benchmark-example:english-extra-8-cpu","bd/english.100MB",8,1000000,3475,3475,0,0.000,188.913,690,22384643
"benchmark-example:english-extra-8-cpu","bd/english.100MB",8,1000000,3475,3475,0,0.000,188.913,691,22388112
"benchmark-example:english-extra-8-cpu","bd/english.100MB",8,1000000,3475,3475,0,0.000,188.913,692,22425560
"benchmark-example:english-extra-8-cpu","bd/english.100MB",8,1000000,3475,3475,0,0.000,188.913,693,22677577
"benchmark-example:english-extra-8-cpu","bd/english.100MB",8,1000000,3475,3475,0,0.000,188.913,694,22685341
"benchmark-example:english-extra-8-cpu","bd/english.100MB",8,1000000,3475,3475,0,0.000,188.913,695,22689742
"benchmark-example:english-extra-8-cpu","bd/english.100MB",8,1000000,3475,3475,0,0.000,188.913,696,22693056
"benchmark-example:english-extra-8-cpu","bd/english.100MB",8,1000000,3475,3475,0,0.000,188.913,697,22800145
"benchmark-example:english-extra-8-cpu","bd/english.100MB",8,1000000,3475,3475,0,0.000,188.913,698,22819505
"benchmark-example:english-extra-8-cpu","bd/english.100MB",8,1000000,3475,3475,0,0.000,188.913,699,22863407
"benchmark-example:english-extra-8-cpu","bd/english.100MB",8,1000000,3475,3475,0,0.000,188.913,700,23014679
"benchmark-example:english-extra-8-cpu","bd/english.100MB",8,1000000,3475,3475,0,0.000,188.913,701,23207408
"benchmark-example:english-extra-8-cpu","bd/english.100MB",8,1000000,3475,3475,0,0.000,188.913,702,23235126
"benchmark-example:english-extra-8-cpu","bd/english.100MB",8,1000000,3475,3475,0,0.000,188.913,703,23318207
"benchmark-example:english-extra-8-cpu","bd/english.100MB",8,1000000,3475,3475,0,0.000,188.913,704,23423308
"benchmark-example:english-extra-8-cpu","bd/english.100MB",8,1000000,3475,3475,0,0.000,188.913,705,23426709
"benchmark-example:english-extra-8-cpu","bd/english.100MB",8,1000000,3475,3475,0,0.000,188.913,706,23503280
"benchmark-example:english-extra-8-cpu","bd/english.100MB",8,1000000,3475,3475,0,0.000,188.913,707,23574380
"benchmark-example:english-extra-8-cpu","bd/english.100MB",8,1000000,3475,3475,0,0.000,188.913,708,23576937
"benchmark-example:english-extra-8-cpu","bd/english.100MB",8,1000000,3475,3475,0,0.000,188.913,709,23585560
"benchmark-example:english-extra-8-cpu","bd/english.100MB",8,1000000,3475,3475,0,0.000,188.913,710,23615752
"benchmark-example:english-extra-8-cpu","bd/english.100MB",8,1000000,3475,3475,0,0.000,188.913,711,23659365
"benchmark-example:english-extra-8-cpu","bd/english.100MB",8,1000000,3475,3475,0,0.000,188.913,712,23744955
"benchmark-example:english-extra-8-cpu","bd/english.100MB",8,1000000,3475,3475,0,0.000,188.913,713,23745087
"benchmark-example:english-extra-8-cpu","bd/english.100MB",8,1000000,3475,3475,0,0.000,188.913,714,23748045
"benchmark-example:english-extra-8-cpu","bd/english.100MB",8,1000000,3475,3475,0,0.000,188.913,715,23780680
"benchmark-example:english-extra-8-cpu","bd/english.100MB",8,1000000,3475,3475,0,0.000,188.913,716,23800276
"benchmark-example:english-extra-8-cpu","bd/english.100MB",8,1000000,3475,3475,0,0.000,188.913,717,23803457
"benchmark-example:english-extra-8-cpu","bd/english.100MB",8,1000000,3475,3475,0,0.000,188.913,718,23804587
"benchmark-example:english-extra-8-cpu","bd/english.100MB",8,1000000,3475,3475,0,0.000,188.913,719,23816393
"benchmark-example:english-extra-8-cpu","bd/english.100MB",8,1000000,3475,3475,0,0.000,188.913,720,23820719
"benchmark-example:english-extra-8-cpu","bd/english.100MB",8,1000000,3475,3475,0,0.000,188.913,721,23821001
"benchmark-example:english-extra-8-cpu","bd/english.100MB",8,1000000,3475,3475,0,0.000,188.913,722,23822428
"benchmark-example:english-extra-8-cpu","bd/english.100MB",8,1000000,3475,3475,0,0.000,188.913,723,23823352
"benchmark-example:english-extra-8-cpu","bd/english.100MB",8,1000000,3475,3475,0,0.000,188.913,724,23824524
"benchmark-example:english-extra-8-cpu","bd/english.100MB",8,1000000,3475,3475,0,0.000,188.913,725,23825752
"benchmark-example:english-extra-8-cpu","bd/english.100MB",8,1000000,3475,3475,0,0.000,188.913,726,23830814
"benchmark-example:english-extra-8-cpu","bd/english.100MB",8,1000000,3475,3475,0,0.000,188.913,727,23833599
"benchmark-example:english-extra-8-cpu","bd/english.100MB",8,1000000,3475,3475,0,0.000,188.913,728,23837593
"benchmark-example:english-extra-8-cpu","bd/english.100MB",8,1000000,3475,3475,0,0.000,188.913,729,23837914
"benchmark-example:english-extra-8-cpu","bd/english.100MB",8,1000000,3475,3475,0,0.000,188.913,730,23852281
"benchmark-example:english-extra-8-cpu","bd/english.100MB",8,1000000,3475,3475,0,0.000,188.913,731,23871904
"benchmark-example:english-extra-8-cpu","bd/english.100MB",8,1000000,3475,3475,0,0.000,188.913,732,23878910
"benchmark-example:english-extra-8-cpu","bd/english.100MB",8,1000000,3475,3475,0,0.000,188.913,733,23896417
"benchmark-example:english-extra-8-cpu","bd/english.100MB",8,1000000,3475,3475,0,0.000,188.913,734,23904496
"benchmark-example:english-extra-8-cpu","bd/english.100MB",8,1000000,3475,3475,0,0.000,188.913,735,23924756
"benchmark-example:english-extra-8-cpu","bd/english.100MB",8,1000000,3475,3475,0,0.000,188.913,736,23929445
"benchmark-example:english-extra-8-cpu","bd/english.100MB",8,1000000,3475,3475,0,0.000,188.913,737,23933045
"benchmark-example:english-extra-8-cpu","bd/english.100MB",8,1000000,3475,3475,0,0.000,188.913,738,23939003
"benchmark-example:english-extra-8-cpu","bd/english.100MB",8,1000000,3475,3475,0,0.000,188.913,739,23956895
"benchmark-example:english-extra-8-cpu","bd/english.100MB",8,1000000,3475,3475,0,0.000,188.913,740,23957645
"benchmark-example:english-extra-8-cpu","bd/english.100MB",8,1000000,3475,3475,0,0.000,188.913,741,23970726
"benchmark-example:english-extra-8-cpu","bd/english.100MB",8,1000000,3475,3475,0,0.000,188.913,742,24056691
"benchmark-example:english-extra-8-cpu","bd/english.100MB",8,1000000,3475,3475,0,0.000,188.913,743,24064254
"benchmark-example:english-extra-8-cpu","bd/english.100MB",8,1000000,3475,3475,0,0.000,188.913,744,24101824
"benchmark-example:english-extra-8-cpu","bd/english.100MB",8,1000000,3475,3475,0,0.000,188.913,745,24112501
"benchmark-example:english-extra-8-cpu","bd/english.100MB",8,1000000,3475,3475,0,0.000,188.913,746,24113754
"benchmark-example:english-extra-8-cpu","bd/english.100MB",8,1000000,3475,3475,0,0.000,188.913,747,24118792
"benchmark-example:english-extra-8-cpu","bd/english.100MB",8,1000000,3475,3475,0,0.000,188.913,748,24150489
"benchmark-example:english-extra-8-cpu","bd/english.100MB",8,1000000,3475,3475,0,0.000,188.913,749,24155649
"benchmark-example:english-extra-8-cpu","bd/english.100MB",8,1000000,3475,3475,0,0.000,188.913,750,24207620
"benchmark-example:english-extra-8-cpu","bd/english.100MB",8,1000000,3475,3475,0,0.000,188.913,751,24306667
"benchmark-example:english-extra-8-cpu","bd/english.100MB",8,1000000,3475,3475,0,0.000,188.913,752,24413868
"benchmark-example:english-extra-8-cpu","bd/english.100MB",8,1000000,3475,3475,0,0.000,188.913,753,24421434
"benchmark-example:english-extra-8-cpu","bd/english.100MB",8,1000000,3475,3475,0,0.000,188.913,754,24507010
"benchmark-example:english-extra-8-cpu","bd/english.100MB",8,1000000,3475,3475,0,0.000,188.913,755,24552456
"benchmark-example:english-extra-8-cpu","bd/english.100MB",8,1000000,3475,3475,0,0.000,188.913,756,24556579
"benchmark-example:english-extra-8-cpu","bd/english.100MB",8,1000000,3475,3475,0,0.000,188.913,757,24623112
"benchmark-example:english-extra-8-cpu","bd/english.100MB",8,1000000,3475,3475,0,0.000,188.913,758,24631830
"benchmark-example:english-extra-8-cpu","bd/english.100MB",8,1000000,3475,3475,0,0.000,188.913,759,24652607
"benchmark-example:english-extra-8-cpu","bd/english.100MB",8,1000000,3475,3475,0,0.000,188.913,760,24667559
"benchmark-example:english-extra-8-cpu","bd/english.100MB",8,1000000,3475,3475,0,0.000,188.913,761,24771357
"benchmark-example:english-extra-8-cpu","bd/english.100MB",8,1000000,3475,3475,0,0.000,188.913,762,24813594
"benchmark-example:english-extra-8-cpu","bd/english.100MB",8,1000000,3475,3475,0,0.000,188.913,763,24844129
"benchmark-example:english-extra-8-cpu","bd/english.100MB",8,1000000,3475,3475,0,0.000,188.913,764,24852049
"benchmark-example:english-extra-8-cpu","bd/english.100MB",8,1000000,3475,3475,0,0.000,188.913,765,24887037
"benchmark-example:english-extra-8-cpu","bd/english.100MB",8,1000000,3475,3475,0,0.000,188.913,766,24919618
"benchmark-example:english-extra-8-cpu","bd/english.100MB",8,1000000,3475,3475,0,0.000,188.913,767,24921069
"benchmark-example:english-extra-8-cpu","bd/english.100MB",8,1000000,3475,3475,0,0.000,188.913,768,24922062
"benchmark-example:english-extra-8-cpu","bd/english.100MB",8,1000000,3475,3475,0,0.000,188.913,769,24979290
"benchmark-example:english-extra-8-cpu","bd/english.100MB",8,1000000,3475,3475,0,0.000,188.913,770,24979361
"benchmark-example:english-extra-8-cpu","bd/english.100MB",8,1000000,3475,3475,0,0.000,188.913,771,25002377
"benchmark-example:english-extra-8-cpu","bd/english.100MB",8,1000000,3475,3475,0,0.000,188.913,772,25047578
"benchmark-example:english-extra-8-cpu","bd/english.100MB",8,1000000,3475,3475,0,0.000,188.913,773,25050485
"benchmark-example:english-extra-8-cpu","bd/english.100MB",8,1000000,3475,3475,0,0.000,188.913,774,25157464
"benchmark-example:english-extra-8-cpu","bd/english.100MB",8,1000000,3475,3475,0,0.000,188.913,775,25202910
"benchmark-example:english-extra-8-cpu","bd/english.100MB",8,1000000,3475,3475,0,0.000,188.913,776,25207033
"benchmark-example:english-extra-8-cpu","bd/english.100MB",8,1000000,3475,3475,0,0.000,188.913,777,25273566
"benchmark-example:english-extra-8-cpu","bd/english.100MB",8,1000000,3475,3475,0,0.000,188.913,778,25282284
"benchmark-example:english-extra-8-cpu","bd/english.100MB",8,1000000,3475,3475,0,0.000,188.913,779,25303061
"benchmark-example:english-extra-8-cpu","bd/english.100MB",8,1000000,3475,3475,0,0.000,188.913,780,25318013
"benchmark-example:english-extra-8-cpu","bd/english.100MB",8,1000000,3475,3475,0,0.000,188.913,781,25421811
"benchmark-example:english-extra-8-cpu","bd/english.100MB",8,1000000,3475,3475,0,0.000,188.913,782,25464048
"benchmark-example:english-extra-8-cpu","bd/english.100MB",8,1000000,3475,3475,0,0.000,188.913,783,25494583
"benchmark-example:english-extra-8-cpu","bd/english.100MB",8,1000000,3475,3475,0,0.000,188.913,784,25502503
"benchmark-example:english-extra-8-cpu","bd/english.100MB",8,1000000,3475,3475,0,0.000,188.913,785,25537491
"benchmark-example:english-extra-8-cpu","bd/english.100MB",8,1000000,3475,3475,0,0.000,188.913,786,25570072
"benchmark-example:english-extra-8-cpu","bd/english.100MB",8,1000000,3475,3475,0,0.000,188.913,787,25571523
"benchmark-example:english-extra-8-cpu","bd/english.100MB",8,1000000,3475,3475,0,0.000,188.913,788,25572516
"benchmark-example:english-extra-8-cpu","bd/english.100MB",8,1000000,3475,3475,0,0.000,188.913,789,25629744
"benchmark-example:english-extra-8-cpu","bd/english.100MB",8,1000000,3475,3475,0,0.000,188.913,790,25629815
"benchmark-example:english-extra-8-cpu","bd/english.100MB",8,1000000,3475,3475,0,0.000,188.913,791,25652830
"benchmark-example:english-extra-8-cpu","bd/english.100MB",8,1000000,3475,3475,0,0.000,188.913,792,25698030
"benchmark-example:english-extra-8-cpu","bd/english.100MB",8,1000000,3475,3475,0,0.000,188.913,793,25700937
"benchmark-example:english-extra-8-cpu","bd/english.100MB",8,1000000,3475,3475,0,0.000,188.913,794,25796598
"benchmark-example:english-extra-8-cpu","bd/english.100MB",8,1000000,3475,3475,0,0.000,188.913,795,25837954
"benchmark-example:english-extra-8-cpu","bd/english.100MB",8,1000000,3475,3475,0,0.000,188.913,796,25838804
"benchmark-example:english-extra-8-cpu","bd/english.100MB",8,1000000,3475,3475,0,0.000,188.913,797,25851513
"benchmark-example:english-extra-8-cpu","bd/english.100MB",8,1000000,3475,3475,0,0.000,188.913,798,25876519
"benchmark-example:english-extra-8-cpu","bd/english.100MB",8,1000000,3475,3475,0,0.000,188.913,799,25902491
"benchmark-example:english-extra-8-cpu","bd/english.100MB",8,1000000,3475,3475,0,0.000,188.913,800,25918428
"benchmark-example:english-extra-8-cpu","bd/english.100MB",8,1000000,3475,3475,0,0.000,188.913,801,25926264
"benchmark-example:english-extra-8-cpu","bd/english.100MB",8,1000000,3475,3475,0,0.000,188.913,802,25944809
"benchmark-example:english-extra-8-cpu","bd/english.100MB",8,1000000,3475,3475,0,0.000,188.913,803,25967413
"benchmark-example:english-extra-8-cpu","bd/english.100MB",8,1000000,3475,3475,0,0.000,188.913,804,26041575
"benchmark-example:english-extra-8-cpu","bd/english.100MB",8,1000000,3475,3475,0,0.000,188.913,805,26103961
"benchmark-example:english-extra-8-cpu","bd/english.100MB",8,1000000,3475,3475,0,0.000,188.913,806,26106024
"benchmark-example:english-extra-8-cpu","bd/english.100MB",8,1000000,3475,3475,0,0.000,188.913,807,26106922
"benchmark-example:english-extra-8-cpu","bd/english.100MB",8,1000000,3475,3475,0,0.000,188.913,808,26126413
"benchmark-example:english-extra-8-cpu","bd/english.100MB",8,1000000,3475,3475,0,0.000,188.913,809,26127218
"benchmark-example:english-extra-8-cpu","bd/english.100MB",8,1000000,3475,3475,0,0.000,188.913,810,26166216
"benchmark-example:english-extra-8-cpu","bd/english.100MB",8,1000000,3475,3475,0,0.000,188.913,811,26181655
"benchmark-example:english-extra-8-cpu","bd/english.100MB",8,1000000,3475,3475,0,0.000,188.913,812,26192666
"benchmark-example:english-extra-8-cpu","bd/english.100MB",8,1000000,3475,3475,0,0.000,188.913,813,26254301
"benchmark-example:english-extra-8-cpu","bd/english.100MB",8,1000000,3475,3475,0,0.000,188.913,814,26276966
"benchmark-example:english-extra-8-cpu","bd/english.100MB",8,1000000,3475,3475,0,0.000,188.913,815,26278009
"benchmark-example:english-extra-8-cpu","bd/english.100MB",8,1000000,3475,3475,0,0.000,188.913,816,26280889
"benchmark-example:english-extra-8-cpu","bd/english.100MB",8,1000000,3475,3475,0,0.000,188.913,817,26280939
"benchmark-example:english-extra-8-cpu","bd/english.100MB",8,1000000,3475,3475,0,0.000,188.913,818,26377144
"benchmark-example:english-extra-8-cpu","bd/english.100MB",8,1000000,3475,3475,0,0.000,188.913,819,26395858
"benchmark-example:english-extra-8-cpu","bd/english.100MB",8,1000000,3475,3475,0,0.000,188.913,820,26510266
"benchmark-example:english-extra-8-cpu","bd/english.100MB",8,1000000,3475,3475,0,0.000,188.913,821,26518819
"benchmark-example:english-extra-8-cpu","bd/english.100MB",8,1000000,3475,3475,0,0.000,188.913,822,26538988
"benchmark-example:english-extra-8-cpu","bd/english.100MB",8,1000000,3475,3475,0,0.000,188.913,823,26564238
"benchmark-example:english-extra-8-cpu","bd/english.100MB",8,1000000,3475,3475,0,0.000,188.913,824,26596752
"benchmark-example:english-extra-8-cpu","bd/english.100MB",8,1000000,3475,3475,0,0.000,188.913,825,26608196
"benchmark-example:english-extra-8-cpu","bd/english.100MB",8,1000000,3475,3475,0,0.000,188.913,826,26610468
"benchmark-example:english-extra-8-cpu","bd/english.100MB",8,1000000,3475,3475,0,0.000,188.913,827,26674753
"benchmark-example:english-extra-8-cpu","bd/english.100MB",8,1000000,3475,3475,0,0.000,188.913,828,26848279
"benchmark-example:english-extra-8-cpu","bd/english.100MB",8,1000000,3475,3475,0,0.000,188.913,829,26891891
"benchmark-example:english-extra-8-cpu","bd/english.100MB",8,1000000,3475,3475,0,0.000,188.913,830,26894218
"benchmark-example:english-extra-8-cpu","bd/english.100MB",8,1000000,3475,3475,0,0.000,188.913,831,26909991
"benchmark-example:english-extra-8-cpu","bd/english.100MB",8,1000000,3475,3475,0,0.000,188.913,832,26910296
"benchmark-example:english-extra-8-cpu","bd/english.100MB",8,1000000,3475,3475,0,0.000,188.913,833,26959716
"benchmark-example:english-extra-8-cpu","bd/english.100MB",8,1000000,3475,3475,0,0.000,188.913,834,26962343
"benchmark-example:english-extra-8-cpu","bd/english.100MB",8,1000000,3475,3475,0,0.000,188.913,835,26979111
"benchmark-example:english-extra-8-cpu","bd/english.100MB",8,1000000,3475,3475,0,0.000,188.913,836,27043850
"benchmark-example:english-extra-8-cpu","bd/english.100MB",8,1000000,3475,3475,0,0.000,188.913,837,27049335
"benchmark-example:english-extra-8-cpu","bd/english.100MB",8,1000000,3475,3475,0,0.000,188.913,838,27063404
"benchmark-example:english-extra-8-cpu","bd/english.100MB",8,1000000,3475,3475,0,0.000,188.913,839,27091771
"benchmark-example:english-extra-8-cpu","bd/english.100MB",8,1000000,3475,3475,0,0.000,188.913,840,27096513
"benchmark-example:english-extra-8-cpu","bd/english.100MB",8,1000000,3475,3475,0,0.000,188.913,841,27181224
"benchmark-example:english-extra-8-cpu","bd/english.100MB",8,1000000,3475,3475,0,0.000,188.913,842,27189281
"benchmark-example:english-extra-8-cpu","bd/english.100MB",8,1000000,3475,3475,0,0.000,188.913,843,27214203
"benchmark-example:english-extra-8-cpu","bd/english.100MB",8,1000000,3475,3475,0,0.000,188.913,844,27214587
"benchmark-example:english-extra-8-cpu","bd/english.100MB",8,1000000,3475,3475,0,0.000,188.913,845,27225861
"benchmark-example:english-extra-8-cpu","bd/english.100MB",8,1000000,3475,3475,0,0.000,188.913,846,27256852
"benchmark-example:english-extra-8-cpu","bd/english.100MB",8,1000000,3475,3475,0,0.000,188.913,847,27312469
"benchmark-example:english-extra-8-cpu","bd/english.100MB",8,1000000,3475,3475,0,0.000,188.913,848,27314835
"benchmark-example:english-extra-8-cpu","bd/english.100MB",8,1000000,3475,3475,0,0.000,188.913,849,27326076
"benchmark-example:english-extra-8-cpu","bd/english.100MB",8,1000000,3475,3475,0,0.000,188.913,850,27326402
"benchmark-example:english-extra-8-cpu","bd/english.100MB",8,1000000,3475,3475,0,0.000,188.913,851,27357030
"benchmark-example:english-extra-8-cpu","bd/english.100MB",8,1000000,3475,3475,0,0.000,188.913,852,27411102
"benchmark-example:english-extra-8-cpu","bd/english.100MB",8,1000000,3475,3475,0,0.000,188.913,853,27427935
"benchmark-example:english-extra-8-cpu","bd/english.100MB",8,1000000,3475,3475,0,0.000,188.913,854,27437082
"benchmark-example:english-extra-8-cpu","bd/english.100MB",8,1000000,3475,3475,0,0.000,188.913,855,27437953
"benchmark-example:english-extra-8-cpu","bd/english.100MB",8,1000000,3475,3475,0,0.000,188.913,856,27446776
"benchmark-example:english-extra-8-cpu","bd/english.100MB",8,1000000,3475,3475,0,0.000,188.913,857,27449521
"benchmark-example:english-extra-8-cpu","bd/english.100MB",8,1000000,3475,3475,0,0.000,188.913,858,27453526
"benchmark-example:english-extra-8-cpu","bd/english.100MB",8,1000000,3475,3475,0,0.000,188.913,859,27455817
"benchmark-example:english-extra-8-cpu","bd/english.100MB",8,1000000,3475,3475,0,0.000,188.913,860,27601716
"benchmark-example:english-extra-8-cpu","bd/english.100MB",8,1000000,3475,3475,0,0.000,188.913,861,27639583
"benchmark-example:english-extra-8-cpu","bd/english.100MB",8,1000000,3475,3475,0,0.000,188.913,862,27640952
"benchmark-example:english-extra-8-cpu","bd/english.100MB",8,1000000,3475,3475,0,0.000,188.913,863,27798304
"benchmark-example:english-extra-8-cpu","bd/english.100MB",8,1000000,3475,3475,0,0.000,188.913,864,27829634
"benchmark-example:english-extra-8-cpu","bd/english.100MB",8,1000000,3475,3475,0,0.000,188.913,865,27865614
"benchmark-example:english-extra-8-cpu","bd/english.100MB",8,1000000,3475,3475,0,0.000,188.913,866,27931700
"benchmark-example:english-extra-8-cpu","bd/english.100MB",8,1000000,3475,3475,0,0.000,188.913,867,27970617
"benchmark-example:english-extra-8-cpu","bd/english.100MB",8,1000000,3475,3475,0,0.000,188.913,868,28034531
"benchmark-example:english-extra-8-cpu","bd/english.100MB",8,1000000,3475,3475,0,0.000,188.913,869,28095463
"benchmark-example:english-extra-8-cpu","bd/english.100MB",8,1000000,3475,3475,0,0.000,188.913,870,28130291
"benchmark-example:english-extra-8-cpu","bd/english.100MB",8,1000000,3475,3475,0,0.000,188.913,871,28147289
"benchmark-example:english-extra-8-cpu","bd/english.100MB",8,1000000,3475,3475,0,0.000,188.913,872,28280840
"benchmark-example:english-extra-8-cpu","bd/english.100MB",8,1000000,3475,3475,0,0.000,188.913,873,28294335
"benchmark-example:english-extra-8-cpu","bd/english.100MB",8,1000000,3475,3475,0,0.000,188.913,874,28339071
"benchmark-example:english-extra-8-cpu","bd/english.100MB",8,1000000,3475,3475,0,0.000,188.913,875,28343414
"benchmark-example:english-extra-8-cpu","bd/english.100MB",8,1000000,3475,3475,0,0.000,188.913,876,28389847
"benchmark-example:english-extra-8-cpu","bd/english.100MB",8,1000000,3475,3475,0,0.000,188.913,877,28395229
"benchmark-example:english-extra-8-cpu","bd/english.100MB",8,1000000,3475,3475,0,0.000,188.913,878,28439789
"benchmark-example:english-extra-8-cpu","bd/english.100MB",8,1000000,3475,3475,0,0.000,188.913,879,28441593
"benchmark-example:english-extra-8-cpu","bd/english.100MB",8,1000000,3475,3475,0,0.000,188.913,880,28469776
"benchmark-example:english-extra-8-cpu","bd/english.100MB",8,1000000,3475,3475,0,0.000,188.913,881,28511930
"benchmark-example:english-extra-8-cpu","bd/english.100MB",8,1000000,3475,3475,0,0.000,188.913,882,28525426
"benchmark-example:english-extra-8-cpu","bd/english.100MB",8,1000000,3475,3475,0,0.000,188.913,883,28540273
"benchmark-example:english-extra-8-cpu","bd/english.100MB",8,1000000,3475,3475,0,0.000,188.913,884,28617363
"benchmark-example:english-extra-8-cpu","bd/english.100MB",8,1000000,3475,3475,0,0.000,188.913,885,28633229
"benchmark-example:english-extra-8-cpu","bd/english.100MB",8,1000000,3475,3475,0,0.000,188.913,886,28678747
"benchmark-example:english-extra-8-cpu","bd/english.100MB",8,1000000,3475,3475,0,0.000,188.913,887,28790408
"benchmark-example:english-extra-8-cpu","bd/english.100MB",8,1000000,3475,3475,0,0.000,188.913,888,28799380
"benchmark-example:english-extra-8-cpu","bd/english.100MB",8,1000000,3475,3475,0,0.000,188.913,889,28800055
"benchmark-example:english-extra-8-cpu","bd/english.100MB",8,1000000,3475,3475,0,0.000,188.913,890,28830947
"benchmark-example:english-extra-8-cpu","bd/english.100MB",8,1000000,3475,3475,0,0.000,188.913,891,28936384
"benchmark-example:english-extra-8-cpu","bd/english.100MB",8,1000000,3475,3475,0,0.000,188.913,892,29026544
"benchmark-example:english-extra-8-cpu","bd/english.100MB",8,1000000,3475,3475,0,0.000,188.913,893,29028915
"benchmark-example:english-extra-8-cpu","bd/english.100MB",8,1000000,3475,3475,0,0.000,188.913,894,29118489
"benchmark-example:english-extra-8-cpu","bd/english.100MB",8,1000000,3475,3475,0,0.000,188.913,895,29144861
"benchmark-example:english-extra-8-cpu","bd/english.100MB",8,1000000,3475,3475,0,0.000,188.913,896,29164269
"benchmark-example:english-extra-8-cpu","bd/english.100MB",8,1000000,3475,3475,0,0.000,188.913,897,29198599
"benchmark-example:english-extra-8-cpu","bd/english.100MB",8,1000000,3475,3475,0,0.000,188.913,898,29216354
"benchmark-example:english-extra-8-cpu","bd/english.100MB",8,1000000,3475,3475,0,0.000,188.913,899,29216649
"benchmark-example:english-extra-8-cpu","bd/english.100MB",8,1000000,3475,3475,0,0.000,188.913,900,29321003
"benchmark-example:english-extra-8-cpu","bd/english.100MB",8,1000000,3475,3475,0,0.000,188.913,901,29324856
"benchmark-example:english-extra-8-cpu","bd/english.100MB",8,1000000,3475,3475,0,0.000,188.913,902,29358653
"benchmark-example:english-extra-8-cpu","bd/english.100MB",8,1000000,3475,3475,0,0.000,188.913,903,29378779
"benchmark-example:english-extra-8-cpu","bd/english.100MB",8,1000000,3475,3475,0,0.000,188.913,904,29387099
"benchmark-example:english-extra-8-cpu","bd/english.100MB",8,1000000,3475,3475,0,0.000,188.913,905,29459879
"benchmark-example:english-extra-8-cpu","bd/english.100MB",8,1000000,3475,3475,0,0.000,188.913,906,29470586
"benchmark-example:english-extra-8-cpu","bd/english.100MB",8,1000000,3475,3475,0,0.000,188.913,907,29500605
"benchmark-example:english-extra-8-cpu","bd/english.100MB",8,1000000,3475,3475,0,0.000,188.913,908,29505365
"benchmark-example:english-extra-8-cpu","bd/english.100MB",8,1000000,3475,3475,0,0.000,188.913,909,29506223
"benchmark-example:english-extra-8-cpu","bd/english.100MB",8,1000000,3475,3475,0,0.000,188.913,910,29506974
"benchmark-example:english-extra-8-cpu","bd/english.100MB",8,1000000,3475,3475,0,0.000,188.913,911,29511658
"benchmark-example:english-extra-8-cpu","bd/english.100MB",8,1000000,3475,3475,0,0.000,188.913,912,29514757
"benchmark-example:english-extra-8-cpu","bd/english.100MB",8,1000000,3475,3475,0,0.000,188.913,913,29524979
"benchmark-example:english-extra-8-cpu","bd/english.100MB",8,1000000,3475,3475,0,0.000,188.913,914,29536443
"benchmark-example:english-extra-8-cpu","bd/english.100MB",8,1000000,3475,3475,0,0.000,188.913,915,29543325
"benchmark-example:english-extra-8-cpu","bd/english.100MB",8,1000000,3475,3475,0,0.000,188.913,916,29551131
"benchmark-example:english-extra-8-cpu","bd/english.100MB",8,1000000,3475,3475,0,0.000,188.913,917,29554761
"benchmark-example:english-extra-8-cpu","bd/english.100MB",8,1000000,3475,3475,0,0.000,188.913,918,29577813
"benchmark-example:english-extra-8-cpu","bd/english.100MB",8,1000000,3475,3475,0,0.000,188.913,919,29579813
"benchmark-example:english-extra-8-cpu","bd/english.100MB",8,1000000,3475,3475,0,0.000,188.913,920,29580084
"benchmark-example:english-extra-8-cpu","bd/english.100MB",8,1000000,3475,3475,0,0.000,188.913,921,29580824
"benchmark-example:english-extra-8-cpu","bd/english.100MB",8,1000000,3475,3475,0,0.000,188.913,922,29585560
"benchmark-example:english-extra-8-cpu","bd/english.100MB",8,1000000,3475,3475,0,0.000,188.913,923,29600405
"benchmark-example:english-extra-8-cpu","bd/english.100MB",8,1000000,3475,3475,0,0.000,188.913,924,29603777
"benchmark-example:english-extra-8-cpu","bd/english.100MB",8,1000000,3475,3475,0,0.000,188.913,925,29651965
"benchmark-example:english-extra-8-cpu","bd/english.100MB",8,1000000,3475,3475,0,0.000,188.913,926,29660828
"benchmark-example:english-extra-8-cpu","bd/english.100MB",8,1000000,3475,3475,0,0.000,188.913,927,29746351
"benchmark-example:english-extra-8-cpu","bd/english.100MB",8,1000000,3475,3475,0,0.000,188.913,928,29760416
"benchmark-example:english-extra-8-cpu","bd/english.100MB",8,1000000,3475,3475,0,0.000,188.913,929,29788857
"benchmark-example:english-extra-8-cpu","bd/english.100MB",8,1000000,3475,3475,0,0.000,188.913,930,29791259
"benchmark-example:english-extra-8-cpu","bd/english.100MB",8,1000000,3475,3475,0,0.000,188.913,931,29814717
"benchmark-example:english-extra-8-cpu","bd/english.100MB",8,1000000,3475,3475,0,0.000,188.913,932,29844741
"benchmark-example:english-extra-8-cpu","bd/english.100MB",8,1000000,3475,3475,0,0.000,188.913,933,29894133
"benchmark-example:english-extra-8-cpu","bd/english.100MB",8,1000000,3475,3475,0,0.000,188.913,934,29921263
"benchmark-example:english-extra-8-cpu","bd/english.100MB",8,1000000,3475,3475,0,0.000,188.913,935,29927194
"benchmark-example:english-extra-8-cpu","bd/english.100MB",8,1000000,3475,3475,0,0.000,188.913,936,29943662
"benchmark-example:english-extra-8-cpu","bd/english.100MB",8,1000000,3475,3475,0,0.000,188.913,937,29973032
"benchmark-example:english-extra-8-cpu","bd/english.100MB",8,1000000,3475,3475,0,0.000,188.913,938,30031796
"benchmark-example:english-extra-8-cpu","bd/english.100MB",8,1000000,3475,3475,0,0.000,188.913,939,30037943
"benchmark-example:english-extra-8-cpu","bd/english.100MB",8,1000000,3475,3475,0,0.000,188.913,940,30109609
"benchmark-example:english-extra-8-cpu","bd/english.100MB",8,1000000,3475,3475,0,0.000,188.913,941,30130323
"benchmark-example:english-extra-8-cpu","bd/english.100MB",8,1000000,3475,3475,0,0.000,188.913,942,30145572
"benchmark-example:english-extra-8-cpu","bd/english.100MB",8,1000000,3475,3475,0,0.000,188.913,943,30193564
"benchmark-example:english-extra-8-cpu","bd/english.100MB",8,1000000,3475,3475,0,0.000,188.913,944,30210338
"benchmark-example:english-extra-8-cpu","bd/english.100MB",8,1000000,3475,3475,0,0.000,188.913,945,30329586
"benchmark-example:english-extra-8-cpu","bd/english.100MB",8,1000000,3475,3475,0,0.000,188.913,946,30358338
"benchmark-example:english-extra-8-cpu","bd/english.100MB",8,1000000,3475,3475,0,0.000,188.913,947,30364310
"benchmark-example:english-extra-8-cpu","bd/english.100MB",8,1000000,3475,3475,0,0.000,188.913,948,30376021
"benchmark-example:english-extra-8-cpu","bd/english.100MB",8,1000000,3475,3475,0,0.000,188.913,949,30409360
"benchmark-example:english-extra-8-cpu","bd/english.100MB",8,1000000,3475,3475,0,0.000,188.913,950,30423883
"benchmark-example:english-extra-8-cpu","bd/english.100MB",8,1000000,3475,3475,0,0.000,188.913,951,30474828
"benchmark-example:english-extra-8-cpu","bd/english.100MB",8,1000000,3475,3475,0,0.000,188.913,952,30634739
"benchmark-example:english-extra-8-cpu","bd/english.100MB",8,1000000,3475,3475,0,0.000,188.913,953,30656955
"benchmark-example:english-extra-8-cpu","bd/english.100MB",8,1000000,3475,3475,0,0.000,188.913,954,30721570
"benchmark-example:english-extra-8-cpu","bd/english.100MB",8,1000000,3475,3475,0,0.000,188.913,955,30758912
"benchmark-example:english-extra-8-cpu","bd/english.100MB",8,1000000,3475,3475,0,0.000,188.913,956,30760770
"benchmark-example:english-extra-8-cpu","bd/english.100MB",8,1000000,3475,3475,0,0.000,188.913,957,30769779
"benchmark-example:english-extra-8-cpu","bd/english.100MB",8,1000000,3475,3475,0,0.000,188.913,958,30817381
"benchmark-example:english-extra-8-cpu","bd/english.100MB",8,1000000,3475,3475,0,0.000,188.913,959,30836000
"benchmark-example:english-extra-8-cpu","bd/english.100MB",8,1000000,3475,3475,0,0.000,188.913,960,30847642
"benchmark-example:english-extra-8-cpu","bd/english.100MB",8,1000000,3475,3475,0,0.000,188.913,961,30848234
"benchmark-example:english-extra-8-cpu","bd/english.100MB",8,1000000,3475,3475,0,0.000,188.913,962,30854608
"benchmark-example:english-extra-8-cpu","bd/english.100MB",8,1000000,3475,3475,0,0.000,188.913,963,30892250
"benchmark-example:english-extra-8-cpu","bd/english.100MB",8,1000000,3475,3475,0,0.000,188.913,964,30899931
"benchmark-example:english-extra-8-cpu","bd/english.100MB",8,1000000,3475,3475,0,0.000,188.913,965,30948884
"benchmark-example:english-extra-8-cpu","bd/english.100MB",8,1000000,3475,3475,0,0.000,188.913,966,30986226
"benchmark-example:english-extra-8-cpu","bd/english.100MB",8,1000000,3475,3475,0,0.000,188.913,967,30988084
"benchmark-example:english-extra-8-cpu","bd/english.100MB",8,1000000,3475,3475,0,0.000,188.913,968,30997093
"benchmark-example:english-extra-8-cpu","bd/english.100MB",8,1000000,3475,3475,0,0.000,188.913,969,31044695
"benchmark-example:english-extra-8-cpu","bd/english.100MB",8,1000000,3475,3475,0,0.000,188.913,970,31063313
"benchmark-example:english-extra-8-cpu","bd/english.100MB",8,1000000,3475,3475,0,0.000,188.913,971,31074956
"benchmark-example:english-extra-8-cpu","bd/english.100MB",8,1000000,3475,3475,0,0.000,188.913,972,31075548
"benchmark-example:english-extra-8-cpu","bd/english.100MB",8,1000000,3475,3475,0,0.000,188.913,973,31081922
"benchmark-example:english-extra-8-cpu","bd/english.100MB",8,1000000,3475,3475,0,0.000,188.913,974,31119564
"benchmark-example:english-extra-8-cpu","bd/english.100MB",8,1000000,3475,3475,0,0.000,188.913,975,31127244
"benchmark-example:english-extra-8-cpu","bd/english.100MB",8,1000000,3475,3475,0,0.000,188.913,976,31160621
"benchmark-example:english-extra-8-cpu","bd/english.100MB",8,1000000,3475,3475,0,0.000,188.913,977,31162276
"benchmark-example:english-extra-8-cpu","bd/english.100MB",8,1000000,3475,3475,0,0.000,188.913,978,31239746
"benchmark-example:english-extra-8-cpu","bd/english.100MB",8,1000000,3475,3475,0,0.000,188.913,979,31314476
"benchmark-example:english-extra-8-cpu","bd/english.100MB",8,1000000,3475,3475,0,0.000,188.913,980,31339915
"benchmark-example:english-extra-8-cpu","bd/english.100MB",8,1000000,3475,3475,0,0.000,188.913,981,31448813
"benchmark-example:english-extra-8-cpu","bd/english.100MB",8,1000000,3475,3475,0,0.000,188.913,982,31519782
"benchmark-example:english-extra-8-cpu","bd/english.100MB",8,1000000,3475,3475,0,0.000,188.913,983,31632403
"benchmark-example:english-extra-8-cpu","bd/english.100MB",8,1000000,3475,3475,0,0.000,188.913,984,31676703
"benchmark-example:english-extra-8-cpu","bd/english.100MB",8,1000000,3475,3475,0,0.000,188.913,985,31686714
"benchmark-example:english-extra-8-cpu","bd/english.100MB",8,1000000,3475,3475,0,0.000,188.913,986,31687614
"benchmark-example:english-extra-8-cpu","bd/english.100MB",8,1000000,3475,3475,0,0.000,188.913,987,31777245
"benchmark-example:english-extra-8-cpu","bd/english.100MB",8,1000000,3475,3475,0,0.000,188.913,988,31793680
"benchmark-example:english-extra-8-cpu","bd/english.100MB",8,1000000,3475,3475,0,0.000,188.913,989,31798030
"benchmark-example:english-extra-8-cpu","bd/english.100MB",8,1000000,3475,3475,0,0.000,188.913,990,31832287
"benchmark-example:english-extra-8-cpu","bd/english.100MB",8,1000000,3475,3475,0,0.000,188.913,991,31843996
"benchmark-example:english-extra-8-cpu","bd/english.100MB",8,1000000,3475,3475,0,0.000,188.913,992,31880160
"benchmark-example:english-extra-8-cpu","bd/english.100MB",8,1000000,3475,3475,0,0.000,188.913,993,31902609
"benchmark-example:english-extra-8-cpu","bd/english.100MB",8,1000000,3475,3475,0,0.000,188.913,994,31935687
"benchmark-example:english-extra-8-cpu","bd/english.100MB",8,1000000,3475,3475,0,0.000,188.913,995,31945423
"benchmark-example:english-extra-8-cpu","bd/english.100MB",8,1000000,3475,3475,0,0.000,188.913,996,31956444
"benchmark-example:english-extra-8-cpu","bd/english.100MB",8,1000000,3475,3475,0,0.000,188.913,997,31958042
"benchmark-example:english-extra-8-cpu","bd/english.100MB",8,1000000,3475,3475,0,0.000,188.913,998,31958674
"benchmark-example:english-extra-8-cpu","bd/english.100MB",8,1000000,3475,3475,0,0.000,188.913,999,32004298
"benchmark-example:english-extra-8-cpu","bd/english.100MB",8,1000000,3475,3475,0,0.000,188.913,1000,32035182
"benchmark-example:english-extra-8-cpu","bd/english.100MB",8,1000000,3475,3475,0,0.000,188.913,1001,32048586
"benchmark-example:english-extra-8-cpu","bd/english.100MB",8,1000000,3475,3475,0,0.000,188.913,1002,32111171
"benchmark-example:english-extra-8-cpu","bd/english.100MB",8,1000000,3475,3475,0,0.000,188.913,1003,32113609
"benchmark-example:english-extra-8-cpu","bd/english.100MB",8,1000000,3475,3475,0,0.000,188.913,1004,32130974
"benchmark-example:english-extra-8-cpu","bd/english.100MB",8,1000000,3475,3475,0,0.000,188.913,1005,32160892
"benchmark-example:english-extra-8-cpu","bd/english.100MB",8,1000000,3475,3475,0,0.000,188.913,1006,32188075
"benchmark-example:english-extra-8-cpu","bd/english.100MB",8,1000000,3475,3475,0,0.000,188.913,1007,32255182
"benchmark-example:english-extra-8-cpu","bd/english.100MB",8,1000000,3475,3475,0,0.000,188.913,1008,32275309
"benchmark-example:english-extra-8-cpu","bd/english.100MB",8,1000000,3475,3475,0,0.000,188.913,1009,32278454
"benchmark-example:english-extra-8-cpu","bd/english.100MB",8,1000000,3475,3475,0,0.000,188.913,1010,32347347
"benchmark-example:english-extra-8-cpu","bd/english.100MB",8,1000000,3475,3475,0,0.000,188.913,1011,32451225
"benchmark-example:english-extra-8-cpu","bd/english.100MB",8,1000000,3475,3475,0,0.000,188.913,1012,32451247
"benchmark-example:english-extra-8-cpu","bd/english.100MB",8,1000000,3475,3475,0,0.000,188.913,1013,32452018
"benchmark-example:english-extra-8-cpu","bd/english.100MB",8,1000000,3475,3475,0,0.000,188.913,1014,32476629
"benchmark-example:english-extra-8-cpu","bd/english.100MB",8,1000000,3475,3475,0,0.000,188.913,1015,32579316
"benchmark-example:english-extra-8-cpu","bd/english.100MB",8,1000000,3475,3475,0,0.000,188.913,1016,32605440
"benchmark-example:english-extra-8-cpu","bd/english.100MB",8,1000000,3475,3475,0,0.000,188.913,1017,32660860
"benchmark-example:english-extra-8-cpu","bd/english.100MB",8,1000000,3475,3475,0,0.000,188.913,1018,32853002
"benchmark-example:english-extra-8-cpu","bd/english.100MB",8,1000000,3475,3475,0,0.000,188.913,1019,33003570
"benchmark-example:english-extra-8-cpu","bd/english.100MB",8,1000000,3475,3475,0,0.000,188.913,1020,33008285
"benchmark-example:english-extra-8-cpu","bd/english.100MB",8,1000000,3475,3475,0,0.000,188.913,1021,33018332
"benchmark-example:english-extra-8-cpu","bd/english.100MB",8,1000000,3475,3475,0,0.000,188.913,1022,33054318
"benchmark-example:english-extra-8-cpu","bd/english.100MB",8,1000000,3475,3475,0,0.000,188.913,1023,33075495
"benchmark-example:english-extra-8-cpu","bd/english.100MB",8,1000000,3475,3475,0,0.000,188.913,1024,33129989
"benchmark-example:english-extra-8-cpu","bd/english.100MB",8,1000000,3475,3475,0,0.000,188.913,1025,33172373
"benchmark-example:english-extra-8-cpu","bd/english.100MB",8,1000000,3475,3475,0,0.000,188.913,1026,33261272
"benchmark-example:english-extra-8-cpu","bd/english.100MB",8,1000000,3475,3475,0,0.000,188.913,1027,33261294
"benchmark-example:english-extra-8-cpu","bd/english.100MB",8,1000000,3475,3475,0,0.000,188.913,1028,33262065
"benchmark-example:english-extra-8-cpu","bd/english.100MB",8,1000000,3475,3475,0,0.000,188.913,1029,33286676
"benchmark-example:english-extra-8-cpu","bd/english.100MB",8,1000000,3475,3475,0,0.000,188.913,1030,33389363
"benchmark-example:english-extra-8-cpu","bd/english.100MB",8,1000000,3475,3475,0,0.000,188.913,1031,33415486
"benchmark-example:english-extra-8-cpu","bd/english.100MB",8,1000000,3475,3475,0,0.000,188.913,1032,33470906
"benchmark-example:english-extra-8-cpu","bd/english.100MB",8,1000000,3475,3475,0,0.000,188.913,1033,33663047
"benchmark-example:english-extra-8-cpu","bd/english.100MB",8,1000000,3475,3475,0,0.000,188.913,1034,33813612
"benchmark-example:english-extra-8-cpu","bd/english.100MB",8,1000000,3475,3475,0,0.000,188.913,1035,33818327
"benchmark-example:english-extra-8-cpu","bd/english.100MB",8,1000000,3475,3475,0,0.000,188.913,1036,33828373
"benchmark-example:english-extra-8-cpu","bd/english.100MB",8,1000000,3475,3475,0,0.000,188.913,1037,33864359
"benchmark-example:english-extra-8-cpu","bd/english.100MB",8,1000000,3475,3475,0,0.000,188.913,1038,33885536
"benchmark-example:english-extra-8-cpu","bd/english.100MB",8,1000000,3475,3475,0,0.000,188.913,1039,33940025
"benchmark-example:english-extra-8-cpu","bd/english.100MB",8,1000000,3475,3475,0,0.000,188.913,1040,33982394
"benchmark-example:english-extra-8-cpu","bd/english.100MB",8,1000000,3475,3475,0,0.000,188.913,1041,34077062
"benchmark-example:english-extra-8-cpu","bd/english.100MB",8,1000000,3475,3475,0,0.000,188.913,1042,34112689
"benchmark-example:english-extra-8-cpu","bd/english.100MB",8,1000000,3475,3475,0,0.000,188.913,1043,34112991
"benchmark-example:english-extra-8-cpu","bd/english.100MB",8,1000000,3475,3475,0,0.000,188.913,1044,34117079
"benchmark-example:english-extra-8-cpu","bd/english.100MB",8,1000000,3475,3475,0,0.000,188.913,1045,34138550
"benchmark-example:english-extra-8-cpu","bd/english.100MB",8,1000000,3475,3475,0,0.000,188.913,1046,34142875
"benchmark-example:english-extra-8-cpu","bd/english.100MB",8,1000000,3475,3475,0,0.000,188.913,1047,34215284
"benchmark-example:english-extra-8-cpu","bd/english.100MB",8,1000000,3475,3475,0,0.000,188.913,1048,34263861
"benchmark-example:english-extra-8-cpu","bd/english.100MB",8,1000000,3475,3475,0,0.000,188.913,1049,34334881
"benchmark-example:english-extra-8-cpu","bd/english.100MB",8,1000000,3475,3475,0,0.000,188.913,1050,34354342
"benchmark-example:english-extra-8-cpu","bd/english.100MB",8,1000000,3475,3475,0,0.000,188.913,1051,34375052
"benchmark-example:english-extra-8-cpu","bd/english.100MB",8,1000000,3475,3475,0,0.000,188.913,1052,34401263
"benchmark-example:english-extra-8-cpu","bd/english.100MB",8,1000000,3475,3475,0,0.000,188.913,1053,34403260
"benchmark-example:english-extra-8-cpu","bd/english.100MB",8,1000000,3475,3475,0,0.000,188.913,1054,34403622
"benchmark-example:english-extra-8-cpu","bd/english.100MB",8,1000000,3475,3475,0,0.000,188.913,1055,34407042
"benchmark-example:english-extra-8-cpu","bd/english.100MB",8,1000000,3475,3475,0,0.000,188.913,1056,34408218
"benchmark-example:english-extra-8-cpu","bd/english.100MB",8,1000000,3475,3475,0,0.000,188.913,1057,34433260
"benchmark-example:english-extra-8-cpu","bd/english.100MB",8,1000000,3475,3475,0,0.000,188.913,1058,34455031
"benchmark-example:english-extra-8-cpu","bd/english.100MB",8,1000000,3475,3475,0,0.000,188.913,1059,34524804
"benchmark-example:english-extra-8-cpu","bd/english.100MB",8,1000000,3475,3475,0,0.000,188.913,1060,34551839
"benchmark-example:english-extra-8-cpu","bd/english.100MB",8,1000000,3475,3475,0,0.000,188.913,1061,34553584
"benchmark-example:english-extra-8-cpu","bd/english.100MB",8,1000000,3475,3475,0,0.000,188.913,1062,34558103
"benchmark-example:english-extra-8-cpu","bd/english.100MB",8,1000000,3475,3475,0,0.000,188.913,1063,34568265
"benchmark-example:english-extra-8-cpu","bd/english.100MB",8,1000000,3475,3475,0,0.000,188.913,1064,34568508
"benchmark-example:english-extra-8-cpu","bd/english.100MB",8,1000000,3475,3475,0,0.000,188.913,1065,34569734
"benchmark-example:english-extra-8-cpu","bd/english.100MB",8,1000000,3475,3475,0,0.000,188.913,1066,34571804
"benchmark-example:english-extra-8-cpu","bd/english.100MB",8,1000000,3475,3475,0,0.000,188.913,1067,34576498
"benchmark-example:english-extra-8-cpu","bd/english.100MB",8,1000000,3475,3475,0,0.000,188.913,1068,34587331
"benchmark-example:english-extra-8-cpu","bd/english.100MB",8,1000000,3475,3475,0,0.000,188.913,1069,34609460
"benchmark-example:english-extra-8-cpu","bd/english.100MB",8,1000000,3475,3475,0,0.000,188.913,1070,34627948
"benchmark-example:english-extra-8-cpu","bd/english.100MB",8,1000000,3475,3475,0,0.000,188.913,1071,34632692
"benchmark-example:english-extra-8-cpu","bd/english.100MB",8,1000000,3475,3475,0,0.000,188.913,1072,34638055
"benchmark-example:english-extra-8-cpu","bd/english.100MB",8,1000000,3475,3475,0,0.000,188.913,1073,34688865
"benchmark-example:english-extra-8-cpu","bd/english.100MB",8,1000000,3475,3475,0,0.000,188.913,1074,34708320
"benchmark-example:english-extra-8-cpu","bd/english.100MB",8,1000000,3475,3475,0,0.000,188.913,1075,34712333
"benchmark-example:english-extra-8-cpu","bd/english.100MB",8,1000000,3475,3475,0,0.000,188.913,1076,34717990
"benchmark-example:english-extra-8-cpu","bd/english.100MB",8,1000000,3475,3475,0,0.000,188.913,1077,34720432
"benchmark-example:english-extra-8-cpu","bd/english.100MB",8,1000000,3475,3475,0,0.000,188.913,1078,34728774
"benchmark-example:english-extra-8-cpu","bd/english.100MB",8,1000000,3475,3475,0,0.000,188.913,1079,34743790
"benchmark-example:english-extra-8-cpu","bd/english.100MB",8,1000000,3475,3475,0,0.000,188.913,1080,34747669
"benchmark-example:english-extra-8-cpu","bd/english.100MB",8,1000000,3475,3475,0,0.000,188.913,1081,34750646
"benchmark-example:english-extra-8-cpu","bd/english.100MB",8,1000000,3475,3475,0,0.000,188.913,1082,34771825
"benchmark-example:english-extra-8-cpu","bd/english.100MB",8,1000000,3475,3475,0,0.000,188.913,1083,34783748
"benchmark-example:english-extra-8-cpu","bd/english.100MB",8,1000000,3475,3475,0,0.000,188.913,1084,34806277
"benchmark-example:english-extra-8-cpu","bd/english.100MB",8,1000000,3475,3475,0,0.000,188.913,1085,34819360
"benchmark-example:english-extra-8-cpu","bd/english.100MB",8,1000000,3475,3475,0,0.000,188.913,1086,34821902
"benchmark-example:english-extra-8-cpu","bd/english.100MB",8,1000000,3475,3475,0,0.000,188.913,1087,34830625
"benchmark-example:english-extra-8-cpu","bd/english.100MB",8,1000000,3475,3475,0,0.000,188.913,1088,34855174
"benchmark-example:english-extra-8-cpu","bd/english.100MB",8,1000000,3475,3475,0,0.000,188.913,1089,34863630
"benchmark-example:english-extra-8-cpu","bd/english.100MB",8,1000000,3475,3475,0,0.000,188.913,1090,34869205
"benchmark-example:english-extra-8-cpu","bd/english.100MB",8,1000000,3475,3475,0,0.000,188.913,1091,34875532
"benchmark-example:english-extra-8-cpu","bd/english.100MB",8,1000000,3475,3475,0,0.000,188.913,1092,34896413
"benchmark-example:english-extra-8-cpu","bd/english.100MB",8,1000000,3475,3475,0,0.000,188.913,1093,34903379
"benchmark-example:english-extra-8-cpu","bd/english.100MB",8,1000000,3475,3475,0,0.000,188.913,1094,34933553
"benchmark-example:english-extra-8-cpu","bd/english.100MB",8,1000000,3475,3475,0,0.000,188.913,1095,34941440
"benchmark-example:english-extra-8-cpu","bd/english.100MB",8,1000000,3475,3475,0,0.000,188.913,1096,35010535
"benchmark-example:english-extra-8-cpu","bd/english.100MB",8,1000000,3475,3475,0,0.000,188.913,1097,35058547
"benchmark-example:english-extra-8-cpu","bd/english.100MB",8,1000000,3475,3475,0,0.000,188.913,1098,35059429
"benchmark-example:english-extra-8-cpu","bd/english.100MB",8,1000000,3475,3475,0,0.000,188.913,1099,35060932
"benchmark-example:english-extra-8-cpu","bd/english.100MB",8,1000000,3475,3475,0,0.000,188.913,1100,35061786
"benchmark-example:english-extra-8-cpu","bd/english.100MB",8,1000000,3475,3475,0,0.000,188.913,1101,35065222
"benchmark-example:english-extra-8-cpu","bd/english.100MB",8,1000000,3475,3475,0,0.000,188.913,1102,35069864
"benchmark-example:english-extra-8-cpu","bd/english.100MB",8,1000000,3475,3475,0,0.000,188.913,1103,35072868
"benchmark-example:english-extra-8-cpu","bd/english.100MB",8,1000000,3475,3475,0,0.000,188.913,1104,35085878
"benchmark-example:english-extra-8-cpu","bd/english.100MB",8,1000000,3475,3475,0,0.000,188.913,1105,35087166
"benchmark-example:english-extra-8-cpu","bd/english.100MB",8,1000000,3475,3475,0,0.000,188.913,1106,35128707
"benchmark-example:english-extra-8-cpu","bd/english.100MB",8,1000000,3475,3475,0,0.000,188.913,1107,35178805
"benchmark-example:english-extra-8-cpu","bd/english.100MB",8,1000000,3475,3475,0,0.000,188.913,1108,35189294
"benchmark-example:english-extra-8-cpu","bd/english.100MB",8,1000000,3475,3475,0,0.000,188.913,1109,35211040
"benchmark-example:english-extra-8-cpu","bd/english.100MB",8,1000000,3475,3475,0,0.000,188.913,1110,35242590
"benchmark-example:english-extra-8-cpu","bd/english.100MB",8,1000000,3475,3475,0,0.000,188.913,1111,35246546
"benchmark-example:english-extra-8-cpu","bd/english.100MB",8,1000000,3475,3475,0,0.000,188.913,1112,35246669
"benchmark-example:english-extra-8-cpu","bd/english.100MB",8,1000000,3475,3475,0,0.000,188.913,1113,35294645
"benchmark-example:english-extra-8-cpu","bd/english.100MB",8,1000000,3475,3475,0,0.000,188.913,1114,35317290
"benchmark-example:english-extra-8-cpu","bd/english.100MB",8,1000000,3475,3475,0,0.000,188.913,1115,35317343
"benchmark-example:english-extra-8-cpu","bd/english.100MB",8,1000000,3475,3475,0,0.000,188.913,1116,35366195
"benchmark-example:english-extra-8-cpu","bd/english.100MB",8,1000000,3475,3475,0,0.000,188.913,1117,35374051
"benchmark-example:english-extra-8-cpu","bd/english.100MB",8,1000000,3475,3475,0,0.000,188.913,1118,35390402
"benchmark-example:english-extra-8-cpu","bd/english.100MB",8,1000000,3475,3475,0,0.000,188.913,1119,35394853
"benchmark-example:english-extra-8-cpu","bd/english.100MB",8,1000000,3475,3475,0,0.000,188.913,1120,35436032
"benchmark-example:english-extra-8-cpu","bd/english.100MB",8,1000000,3475,3475,0,0.000,188.913,1121,35457954
"benchmark-example:english-extra-8-cpu","bd/english.100MB",8,1000000,3475,3475,0,0.000,188.913,1122,35462437
"benchmark-example:english-extra-8-cpu","bd/english.100MB",8,1000000,3475,3475,0,0.000,188.913,1123,35466570
"benchmark-example:english-extra-8-cpu","bd/english.100MB",8,1000000,3475,3475,0,0.000,188.913,1124,35486087
"benchmark-example:english-extra-8-cpu","bd/english.100MB",8,1000000,3475,3475,0,0.000,188.913,1125,35490859
"benchmark-example:english-extra-8-cpu","bd/english.100MB",8,1000000,3475,3475,0,0.000,188.913,1126,35498350
"benchmark-example:english-extra-8-cpu","bd/english.100MB",8,1000000,3475,3475,0,0.000,188.913,1127,35502205
"benchmark-example:english-extra-8-cpu","bd/english.100MB",8,1000000,3475,3475,0,0.000,188.913,1128,35525160
"benchmark-example:english-extra-8-cpu","bd/english.100MB",8,1000000,3475,3475,0,0.000,188.913,1129,35527159
"benchmark-example:english-extra-8-cpu","bd/english.100MB",8,1000000,3475,3475,0,0.000,188.913,1130,35527231
"benchmark-example:english-extra-8-cpu","bd/english.100MB",8,1000000,3475,3475,0,0.000,188.913,1131,35529875
"benchmark-example:english-extra-8-cpu","bd/english.100MB",8,1000000,3475,3475,0,0.000,188.913,1132,35544163
"benchmark-example:english-extra-8-cpu","bd/english.100MB",8,1000000,3475,3475,0,0.000,188.913,1133,35551284
"benchmark-example:english-extra-8-cpu","bd/english.100MB",8,1000000,3475,3475,0,0.000,188.913,1134,35569320
"benchmark-example:english-extra-8-cpu","bd/english.100MB",8,1000000,3475,3475,0,0.000,188.913,1135,35576985
"benchmark-example:english-extra-8-cpu","bd/english.100MB",8,1000000,3475,3475,0,0.000,188.913,1136,35588577
"benchmark-example:english-extra-8-cpu","bd/english.100MB",8,1000000,3475,3475,0,0.000,188.913,1137,35593771
"benchmark-example:english-extra-8-cpu","bd/english.100MB",8,1000000,3475,3475,0,0.000,188.913,1138,35594737
"benchmark-example:english-extra-8-cpu","bd/english.100MB",8,1000000,3475,3475,0,0.000,188.913,1139,35655041
"benchmark-example:english-extra-8-cpu","bd/english.100MB",8,1000000,3475,3475,0,0.000,188.913,1140,35669061
"benchmark-example:english-extra-8-cpu","bd/english.100MB",8,1000000,3475,3475,0,0.000,188.913,1141,35689781
"benchmark-example:english-extra-8-cpu","bd/english.100MB",8,1000000,3475,3475,0,0.000,188.913,1142,35691004
"benchmark-example:english-extra-8-cpu","bd/english.100MB",8,1000000,3475,3475,0,0.000,188.913,1143,35691078
"benchmark-example:english-extra-8-cpu","bd/english.100MB",8,1000000,3475,3475,0,0.000,188.913,1144,35903218
"benchmark-example:english-extra-8-cpu","bd/english.100MB",8,1000000,3475,3475,0,0.000,188.913,1145,35973585
"benchmark-example:english-extra-8-cpu","bd/english.100MB",8,1000000,3475,3475,0,0.000,188.913,1146,36156471
"benchmark-example:english-extra-8-cpu","bd/english.100MB",8,1000000,3475,3475,0,0.000,188.913,1147,36200252
"benchmark-example:english-extra-8-cpu","bd/english.100MB",8,1000000,3475,3475,0,0.000,188.913,1148,36215760
"benchmark-example:english-extra-8-cpu","bd/english.100MB",8,1000000,3475,3475,0,0.000,188.913,1149,36234570
"benchmark-example:english-extra-8-cpu","bd/english.100MB",8,1000000,3475,3475,0,0.000,188.913,1150,36241604
"benchmark-example:english-extra-8-cpu","bd/english.100MB",8,1000000,3475,3475,0,0.000,188.913,1151,36241904
"benchmark-example:english-extra-8-cpu","bd/english.100MB",8,1000000,3475,3475,0,0.000,188.913,1152,36260570
"benchmark-example:english-extra-8-cpu","bd/english.100MB",8,1000000,3475,3475,0,0.000,188.913,1153,36261824
"benchmark-example:english-extra-8-cpu","bd/english.100MB",8,1000000,3475,3475,0,0.000,188.913,1154,36285259
"benchmark-example:english-extra-8-cpu","bd/english.100MB",8,1000000,3475,3475,0,0.000,188.913,1155,36292236
"benchmark-example:english-extra-8-cpu","bd/english.100MB",8,1000000,3475,3475,0,0.000,188.913,1156,36297741
"benchmark-example:english-extra-8-cpu","bd/english.100MB",8,1000000,3475,3475,0,0.000,188.913,1157,36297783
"benchmark-example:english-extra-8-cpu","bd/english.100MB",8,1000000,3475,3475,0,0.000,188.913,1158,36298372
"benchmark-example:english-extra-8-cpu","bd/english.100MB",8,1000000,3475,3475,0,0.000,188.913,1159,36298437
"benchmark-example:english-extra-8-cpu","bd/english.100MB",8,1000000,3475,3475,0,0.000,188.913,1160,36299133
"benchmark-example:english-extra-8-cpu","bd/english.100MB",8,1000000,3475,3475,0,0.000,188.913,1161,36325420
"benchmark-example:english-extra-8-cpu","bd/english.100MB",8,1000000,3475,3475,0,0.000,188.913,1162,36328753
"benchmark-example:english-extra-8-cpu","bd/english.100MB",8,1000000,3475,3475,0,0.000,188.913,1163,36328794
"benchmark-example:english-extra-8-cpu","bd/english.100MB",8,1000000,3475,3475,0,0.000,188.913,1164,36336680
"benchmark-example:english-extra-8-cpu","bd/english.100MB",8,1000000,3475,3475,0,0.000,188.913,1165,36346687
"benchmark-example:english-extra-8-cpu","bd/english.100MB",8,1000000,3475,3475,0,0.000,188.913,1166,36349020
"benchmark-example:english-extra-8-cpu","bd/english.100MB",8,1000000,3475,3475,0,0.000,188.913,1167,36421837
"benchmark-example:english-extra-8-cpu","bd/english.100MB",8,1000000,3475,3475,0,0.000,188.913,1168,36425508
"benchmark-example:english-extra-8-cpu","bd/english.100MB",8,1000000,3475,3475,0,0.000,188.913,1169,36425767
"benchmark-example:english-extra-8-cpu","bd/english.100MB",8,1000000,3475,3475,0,0.000,188.913,1170,36433592
"benchmark-example:english-extra-8-cpu","bd/english.100MB",8,1000000,3475,3475,0,0.000,188.913,1171,36438228
"benchmark-example:english-extra-8-cpu","bd/english.100MB",8,1000000,3475,3475,0,0.000,188.913,1172,36472768
"benchmark-example:english-extra-8-cpu","bd/english.100MB",8,1000000,3475,3475,0,0.000,188.913,1173,36504012
"benchmark-example:english-extra-8-cpu","bd/english.100MB",8,1000000,3475,3475,0,0.000,188.913,1174,36568008
"benchmark-example:english-extra-8-cpu","bd/english.100MB",8,1000000,3475,3475,0,0.000,188.913,1175,36596316
"benchmark-example:english-extra-8-cpu","bd/english.100MB",8,1000000,3475,3475,0,0.000,188.913,1176,36647486
"benchmark-example:english-extra-8-cpu","bd/english.100MB",8,1000000,3475,3475,0,0.000,188.913,1177,36705403
"benchmark-example:english-extra-8-cpu","bd/english.100MB",8,1000000,3475,3475,0,0.000,188.913,1178,36719338
"benchmark-example:english-extra-8-cpu","bd/english.100MB",8,1000000,3475,3475,0,0.000,188.913,1179,36737502
"benchmark-example:english-extra-8-cpu","bd/english.100MB",8,1000000,3475,3475,0,0.000,188.913,1180,36738976
"benchmark-example:english-extra-8-cpu","bd/english.100MB",8,1000000,3475,3475,0,0.000,188.913,1181,36742438
"benchmark-example:english-extra-8-cpu","bd/english.100MB",8,1000000,3475,3475,0,0.000,188.913,1182,36754703
"benchmark-example:english-extra-8-cpu","bd/english.100MB",8,1000000,3475,3475,0,0.000,188.913,1183,36787384
"benchmark-example:english-extra-8-cpu","bd/english.100MB",8,1000000,3475,3475,0,0.000,188.913,1184,36792822
"benchmark-example:english-extra-8-cpu","bd/english.100MB",8,1000000,3475,3475,0,0.000,188.913,1185,36809368
"benchmark-example:english-extra-8-cpu","bd/english.100MB",8,1000000,3475,3475,0,0.000,188.913,1186,36917794
"benchmark-example:english-extra-8-cpu","bd/english.100MB",8,1000000,3475,3475,0,0.000,188.913,1187,37027354
"benchmark-example:english-extra-8-cpu","bd/english.100MB",8,1000000,3475,3475,0,0.000,188.913,1188,37121141
"benchmark-example:english-extra-8-cpu","bd/english.100MB",8,1000000,3475,3475,0,0.000,188.913,1189,37134198
"benchmark-example:english-extra-8-cpu","bd/english.100MB",8,1000000,3475,3475,0,0.000,188.913,1190,37186786
"benchmark-example:english-extra-8-cpu","bd/english.100MB",8,1000000,3475,3475,0,0.000,188.913,1191,37211893
"benchmark-example:english-extra-8-cpu","bd/english.100MB",8,1000000,3475,3475,0,0.000,188.913,1192,37245296
"benchmark-example:english-extra-8-cpu","bd/english.100MB",8,1000000,3475,3475,0,0.000,188.913,1193,37245540
"benchmark-example:english-extra-8-cpu","bd/english.100MB",8,1000000,3475,3475,0,0.000,188.913,1194,37286124
"benchmark-example:english-extra-8-cpu","bd/english.100MB",8,1000000,3475,3475,0,0.000,188.913,1195,37316724
"benchmark-example:english-extra-8-cpu","bd/english.100MB",8,1000000,3475,3475,0,0.000,188.913,1196,37424049
"benchmark-example:english-extra-8-cpu","bd/english.100MB",8,1000000,3475,3475,0,0.000,188.913,1197,37492133
"benchmark-example:english-extra-8-cpu","bd/english.100MB",8,1000000,3475,3475,0,0.000,188.913,1198,37502211
"benchmark-example:english-extra-8-cpu","bd/english.100MB",8,1000000,3475,3475,0,0.000,188.913,1199,37510498
"benchmark-example:english-extra-8-cpu","bd/english.100MB",8,1000000,3475,3475,0,0.000,188.913,1200,37542456
"benchmark-example:english-extra-8-cpu","bd/english.100MB",8,1000000,3475,3475,0,0.000,188.913,1201,37591328
"benchmark-example:english-extra-8-cpu","bd/english.100MB",8,1000000,3475,3475,0,0.000,188.913,1202,37614837
"benchmark-example:english-extra-8-cpu","bd/english.100MB",8,1000000,3475,3475,0,0.000,188.913,1203,37634990
"benchmark-example:english-extra-8-cpu","bd/english.100MB",8,1000000,3475,3475,0,0.000,188.913,1204,37669133
"benchmark-example:english-extra-8-cpu","bd/english.100MB",8,1000000,3475,3475,0,0.000,188.913,1205,37671783
"benchmark-example:english-extra-8-cpu","bd/english.100MB",8,1000000,3475,3475,0,0.000,188.913,1206,37694897
"benchmark-example:english-extra-8-cpu","bd/english.100MB",8,1000000,3475,3475,0,0.000,188.913,1207,37782018
"benchmark-example:english-extra-8-cpu","bd/english.100MB",8,1000000,3475,3475,0,0.000,188.913,1208,37837935
"benchmark-example:english-extra-8-cpu","bd/english.100MB",8,1000000,3475,3475,0,0.000,188.913,1209,37838244
"benchmark-example:english-extra-8-cpu","bd/english.100MB",8,1000000,3475,3475,0,0.000,188.913,1210,37839451
"benchmark-example:english-extra-8-cpu","bd/english.100MB",8,1000000,3475,3475,0,0.000,188.913,1211,37881547
"benchmark-example:english-extra-8-cpu","bd/english.100MB",8,1000000,3475,3475,0,0.000,188.913,1212,37911839
"benchmark-example:english-extra-8-cpu","bd/english.100MB",8,1000000,3475,3475,0,0.000,188.913,1213,37912056
"benchmark-example:english-extra-8-cpu","bd/english.100MB",8,1000000,3475,3475,0,0.000,188.913,1214,37913044
"benchmark-example:english-extra-8-cpu","bd/english.100MB",8,1000000,3475,3475,0,0.000,188.913,1215,37925953
"benchmark-example:english-extra-8-cpu","bd/english.100MB",8,1000000,3475,3475,0,0.000,188.913,1216,37958074
"benchmark-example:english-extra-8-cpu","bd/english.100MB",8,1000000,3475,3475,0,0.000,188.913,1217,37965464
"benchmark-example:english-extra-8-cpu","bd/english.100MB",8,1000000,3475,3475,0,0.000,188.913,1218,37984231
"benchmark-example:english-extra-8-cpu","bd/english.100MB",8,1000000,3475,3475,0,0.000,188.913,1219,37985630
"benchmark-example:english-extra-8-cpu","bd/english.100MB",8,1000000,3475,3475,0,0.000,188.913,1220,37991246
"benchmark-example:english-extra-8-cpu","bd/english.100MB",8,1000000,3475,3475,0,0.000,188.913,1221,37991287
"benchmark-example:english-extra-8-cpu","bd/english.100MB",8,1000000,3475,3475,0,0.000,188.913,1222,38185645
"benchmark-example:english-extra-8-cpu","bd/english.100MB",8,1000000,3475,3475,0,0.000,188.913,1223,38195955
"benchmark-example:english-extra-8-cpu","bd/english.100MB",8,1000000,3475,3475,0,0.000,188.913,1224,38245890
"benchmark-example:english-extra-8-cpu","bd/english.100MB",8,1000000,3475,3475,0,0.000,188.913,1225,38431902
"benchmark-example:english-extra-8-cpu","bd/english.100MB",8,1000000,3475,3475,0,0.000,188.913,1226,38455045
"benchmark-example:english-extra-8-cpu","bd/english.100MB",8,1000000,3475,3475,0,0.000,188.913,1227,38631557
"benchmark-example:english-extra-8-cpu","bd/english.100MB",8,1000000,3475,3475,0,0.000,188.913,1228,38670704
"benchmark-example:english-extra-8-cpu","bd/english.100MB",8,1000000,3475,3475,0,0.000,188.913,1229,38751529
"benchmark-example:english-extra-8-cpu","bd/english.100MB",8,1000000,3475,3475,0,0.000,188.913,1230,38768853
"benchmark-example:english-extra-8-cpu","bd/english.100MB",8,1000000,3475,3475,0,0.000,188.913,1231,38798729
"benchmark-example:english-extra-8-cpu","bd/english.100MB",8,1000000,3475,3475,0,0.000,188.913,1232,39002712
"benchmark-example:english-extra-8-cpu","bd/english.100MB",8,1000000,3475,3475,0,0.000,188.913,1233,39087295
"benchmark-example:english-extra-8-cpu","bd/english.100MB",8,1000000,3475,3475,0,0.000,188.913,1234,39088383
"benchmark-example:english-extra-8-cpu","bd/english.100MB",8,1000000,3475,3475,0,0.000,188.913,1235,39100507
"benchmark-example:english-extra-8-cpu","bd/english.100MB",8,1000000,3475,3475,0,0.000,188.913,1236,39116879
"benchmark-example:english-extra-8-cpu","bd/english.100MB",8,1000000,3475,3475,0,0.000,188.913,1237,39132098
"benchmark-example:english-extra-8-cpu","bd/english.100MB",8,1000000,3475,3475,0,0.000,188.913,1238,39135914
"benchmark-example:english-extra-8-cpu","bd/english.100MB",8,1000000,3475,3475,0,0.000,188.913,1239,39157807
"benchmark-example:english-extra-8-cpu","bd/english.100MB",8,1000000,3475,3475,0,0.000,188.913,1240,39248909
"benchmark-example:english-extra-8-cpu","bd/english.100MB",8,1000000,3475,3475,0,0.000,188.913,1241,39398580
"benchmark-example:english-extra-8-cpu","bd/english.100MB",8,1000000,3475,3475,0,0.000,188.913,1242,39410804
"benchmark-example:english-extra-8-cpu","bd/english.100MB",8,1000000,3475,3475,0,0.000,188.913,1243,39466184
"benchmark-example:english-extra-8-cpu","bd/english.100MB",8,1000000,3475,3475,0,0.000,188.913,1244,39489195
"benchmark-example:english-extra-8-cpu","bd/english.100MB",8,1000000,3475,3475,0,0.000,188.913,1245,39580201
"benchmark-example:english-extra-8-cpu","bd/english.100MB",8,1000000,3475,3475,0,0.000,188.913,1246,39866202
"benchmark-example:english-extra-8-cpu","bd/english.100MB",8,1000000,3475,3475,0,0.000,188.913,1247,39948761
"benchmark-example:english-extra-8-cpu","bd/english.100MB",8,1000000,3475,3475,0,0.000,188.913,1248,40015218
"benchmark-example:english-extra-8-cpu","bd/english.100MB",8,1000000,3475,3475,0,0.000,188.913,1249,40021724
"benchmark-example:english-extra-8-cpu","bd/english.100MB",8,1000000,3475,3475,0,0.000,188.913,1250,40046844
"benchmark-example:english-extra-8-cpu","bd/english.100MB",8,1000000,3475,3475,0,0.000,188.913,1251,40085425
"benchmark-example:english-extra-8-cpu","bd/english.100MB",8,1000000,3475,3475,0,0.000,188.913,1252,40176516
"benchmark-example:english-extra-8-cpu","bd/english.100MB",8,1000000,3475,3475,0,0.000,188.913,1253,40179851
"benchmark-example:english-extra-8-cpu","bd/english.100MB",8,1000000,3475,3475,0,0.000,188.913,1254,40199377
"benchmark-example:english-extra-8-cpu","bd/english.100MB",8,1000000,3475,3475,0,0.000,188.913,1255,40247001
"benchmark-example:english-extra-8-cpu","bd/english.100MB",8,1000000,3475,3475,0,0.000,188.913,1256,40258677
"benchmark-example:english-extra-8-cpu","bd/english.100MB",8,1000000,3475,3475,0,0.000,188.913,1257,40332336
"benchmark-example:english-extra-8-cpu","bd/english.100MB",8,1000000,3475,3475,0,0.000,188.913,1258,40353858
"benchmark-example:english-extra-8-cpu","bd/english.100MB",8,1000000,3475,3475,0,0.000,188.913,1259,40393405
"benchmark-example:english-extra-8-cpu","bd/english.100MB",8,1000000,3475,3475,0,0.000,188.913,1260,40419109
"benchmark-example:english-extra-8-cpu","bd/english.100MB",8,1000000,3475,3475,0,0.000,188.913,1261,40444902
"benchmark-example:english-extra-8-cpu","bd/english.100MB",8,1000000,3475,3475,0,0.000,188.913,1262,40619821
"benchmark-example:english-extra-8-cpu","bd/english.100MB",8,1000000,3475,3475,0,0.000,188.913,1263,40683651
"benchmark-example:english-extra-8-cpu","bd/english.100MB",8,1000000,3475,3475,0,0.000,188.913,1264,40766955
"benchmark-example:english-extra-8-cpu","bd/english.100MB",8,1000000,3475,3475,0,0.000,188.913,1265,40786334
"benchmark-example:english-extra-8-cpu","bd/english.100MB",8,1000000,3475,3475,0,0.000,188.913,1266,40829472
"benchmark-example:english-extra-8-cpu","bd/english.100MB",8,1000000,3475,3475,0,0.000,188.913,1267,40835079
"benchmark-example:english-extra-8-cpu","bd/english.100MB",8,1000000,3475,3475,0,0.000,188.913,1268,40927553
"benchmark-example:english-extra-8-cpu","bd/english.100MB",8,1000000,3475,3475,0,0.000,188.913,1269,41112585
"benchmark-example:english-extra-8-cpu","bd/english.100MB",8,1000000,3475,3475,0,0.000,188.913,1270,41112686
"benchmark-example:english-extra-8-cpu","bd/english.100MB",8,1000000,3475,3475,0,0.000,188.913,1271,41115130
"benchmark-example:english-extra-8-cpu","bd/english.100MB",8,1000000,3475,3475,0,0.000,188.913,1272,41280942
"benchmark-example:english-extra-8-cpu","bd/english.100MB",8,1000000,3475,3475,0,0.000,188.913,1273,41308272
"benchmark-example:english-extra-8-cpu","bd/english.100MB",8,1000000,3475,3475,0,0.000,188.913,1274,41417492
"benchmark-example:english-extra-8-cpu","bd/english.100MB",8,1000000,3475,3475,0,0.000,188.913,1275,41420827
"benchmark-example:english-extra-8-cpu","bd/english.100MB",8,1000000,3475,3475,0,0.000,188.913,1276,41440353
"benchmark-example:english-extra-8-cpu","bd/english.100MB",8,1000000,3475,3475,0,0.000,188.913,1277,41487977
"benchmark-example:english-extra-8-cpu","bd/english.100MB",8,1000000,3475,3475,0,0.000,188.913,1278,41499653
"benchmark-example:english-extra-8-cpu","bd/english.100MB",8,1000000,3475,3475,0,0.000,188.913,1279,41573312
"benchmark-example:english-extra-8-cpu","bd/english.100MB",8,1000000,3475,3475,0,0.000,188.913,1280,41594834
"benchmark-example:english-extra-8-cpu","bd/english.100MB",8,1000000,3475,3475,0,0.000,188.913,1281,41634381
"benchmark-example:english-extra-8-cpu","bd/english.100MB",8,1000000,3475,3475,0,0.000,188.913,1282,41660085
"benchmark-example:english-extra-8-cpu","bd/english.100MB",8,1000000,3475,3475,0,0.000,188.913,1283,41685878
"benchmark-example:english-extra-8-cpu","bd/english.100MB",8,1000000,3475,3475,0,0.000,188.913,1284,41860797
"benchmark-example:english-extra-8-cpu","bd/english.100MB",8,1000000,3475,3475,0,0.000,188.913,1285,41924627
"benchmark-example:english-extra-8-cpu","bd/english.100MB",8,1000000,3475,3475,0,0.000,188.913,1286,42007930
"benchmark-example:english-extra-8-cpu","bd/english.100MB",8,1000000,3475,3475,0,0.000,188.913,1287,42027309
"benchmark-example:english-extra-8-cpu","bd/english.100MB",8,1000000,3475,3475,0,0.000,188.913,1288,42070447
"benchmark-example:english-extra-8-cpu","bd/english.100MB",8,1000000,3475,3475,0,0.000,188.913,1289,42076054
"benchmark-example:english-extra-8-cpu","bd/english.100MB",8,1000000,3475,3475,0,0.000,188.913,1290,42168528
"benchmark-example:english-extra-8-cpu","bd/english.100MB",8,1000000,3475,3475,0,0.000,188.913,1291,42353558
"benchmark-example:english-extra-8-cpu","bd/english.100MB",8,1000000,3475,3475,0,0.000,188.913,1292,42353659
"benchmark-example:english-extra-8-cpu","bd/english.100MB",8,1000000,3475,3475,0,0.000,188.913,1293,42356102
"benchmark-example:english-extra-8-cpu","bd/english.100MB",8,1000000,3475,3475,0,0.000,188.913,1294,42521903
"benchmark-example:english-extra-8-cpu","bd/english.100MB",8,1000000,3475,3475,0,0.000,188.913,1295,42549228
"benchmark-example:english-extra-8-cpu","bd/english.100MB",8,1000000,3475,3475,0,0.000,188.913,1296,42608733
"benchmark-example:english-extra-8-cpu","bd/english.100MB",8,1000000,3475,3475,0,0.000,188.913,1297,42609006
"benchmark-example:english-extra-8-cpu","bd/english.100MB",8,1000000,3475,3475,0,0.000,188.913,1298,42610591
"benchmark-example:english-extra-8-cpu","bd/english.100MB",8,1000000,3475,3475,0,0.000,188.913,1299,42653323
"benchmark-example:english-extra-8-cpu","bd/english.100MB",8,1000000,3475,3475,0,0.000,188.913,1300,42676512
"benchmark-example:english-extra-8-cpu","bd/english.100MB",8,1000000,3475,3475,0,0.000,188.913,1301,42686900
"benchmark-example:english-extra-8-cpu","bd/english.100MB",8,1000000,3475,3475,0,0.000,188.913,1302,42693992
"benchmark-example:english-extra-8-cpu","bd/english.100MB",8,1000000,3475,3475,0,0.000,188.913,1303,42704389
"benchmark-example:english-extra-8-cpu","bd/english.100MB",8,1000000,3475,3475,0,0.000,188.913,1304,42723009
"benchmark-example:english-extra-8-cpu","bd/english.100MB",8,1000000,3475,3475,0,0.000,188.913,1305,42727375
"benchmark-example:english-extra-8-cpu","bd/english.100MB",8,1000000,3475,3475,0,0.000,188.913,1306,42735020
"benchmark-example:english-extra-8-cpu","bd/english.100MB",8,1000000,3475,3475,0,0.000,188.913,1307,42736945
"benchmark-example:english-extra-8-cpu","bd/english.100MB",8,1000000,3475,3475,0,0.000,188.913,1308,42749422
"benchmark-example:english-extra-8-cpu","bd/english.100MB",8,1000000,3475,3475,0,0.000,188.913,1309,42751572
"benchmark-example:english-extra-8-cpu","bd/english.100MB",8,1000000,3475,3475,0,0.000,188.913,1310,42765101
"benchmark-example:english-extra-8-cpu","bd/english.100MB",8,1000000,3475,3475,0,0.000,188.913,1311,42796446
"benchmark-example:english-extra-8-cpu","bd/english.100MB",8,1000000,3475,3475,0,0.000,188.913,1312,42797839
"benchmark-example:english-extra-8-cpu","bd/english.100MB",8,1000000,3475,3475,0,0.000,188.913,1313,42798396
"benchmark-example:english-extra-8-cpu","bd/english.100MB",8,1000000,3475,3475,0,0.000,188.913,1314,42828615
"benchmark-example:english-extra-8-cpu","bd/english.100MB",8,1000000,3475,3475,0,0.000,188.913,1315,42885887
"benchmark-example:english-extra-8-cpu","bd/english.100MB",8,1000000,3475,3475,0,0.000,188.913,1316,42919435
"benchmark-example:english-extra-8-cpu","bd/english.100MB",8,1000000,3475,3475,0,0.000,188.913,1317,42946675
"benchmark-example:english-extra-8-cpu","bd/english.100MB",8,1000000,3475,3475,0,0.000,188.913,1318,42998288
"benchmark-example:english-extra-8-cpu","bd/english.100MB",8,1000000,3475,3475,0,0.000,188.913,1319,43029254
"benchmark-example:english-extra-8-cpu","bd/english.100MB",8,1000000,3475,3475,0,0.000,188.913,1320,43057684
"benchmark-example:english-extra-8-cpu","bd/english.100MB",8,1000000,3475,3475,0,0.000,188.913,1321,43142667
"benchmark-example:english-extra-8-cpu","bd/english.100MB",8,1000000,3475,3475,0,0.000,188.913,1322,43192558
"benchmark-example:english-extra-8-cpu","bd/english.100MB",8,1000000,3475,3475,0,0.000,188.913,1323,43230127
"benchmark-example:english-extra-8-cpu","bd/english.100MB",8,1000000,3475,3475,0,0.000,188.913,1324,43312338
"benchmark-example:english-extra-8-cpu","bd/english.100MB",8,1000000,3475,3475,0,0.000,188.913,1325,43360806
"benchmark-example:english-extra-8-cpu","bd/english.100MB",8,1000000,3475,3475,0,0.000,188.913,1326,43405854
"benchmark-example:english-extra-8-cpu","bd/english.100MB",8,1000000,3475,3475,0,0.000,188.913,1327,43447639
"benchmark-example:english-extra-8-cpu","bd/english.100MB",8,1000000,3475,3475,0,0.000,188.913,1328,43655145
"benchmark-example:english-extra-8-cpu","bd/english.100MB",8,1000000,3475,3475,0,0.000,188.913,1329,43684769
"benchmark-example:english-extra-8-cpu","bd/english.100MB",8,1000000,3475,3475,0,0.000,188.913,1330,43704260
"benchmark-example:english-extra-8-cpu","bd/english.100MB",8,1000000,3475,3475,0,0.000,188.913,1331,43731784
"benchmark-example:english-extra-8-cpu","bd/english.100MB",8,1000000,3475,3475,0,0.000,188.913,1332,43741325
"benchmark-example:english-extra-8-cpu","bd/english.100MB",8,1000000,3475,3475,0,0.000,188.913,1333,43794713
"benchmark-example:english-extra-8-cpu","bd/english.100MB",8,1000000,3475,3475,0,0.000,188.913,1334,43944558
"benchmark-example:english-extra-8-cpu","bd/english.100MB",8,1000000,3475,3475,0,0.000,188.913,1335,43956007
"benchmark-example:english-extra-8-cpu","bd/english.100MB",8,1000000,3475,3475,0,0.000,188.913,1336,43964757
"benchmark-example:english-extra-8-cpu","bd/english.100MB",8,1000000,3475,3475,0,0.000,188.913,1337,44035356
"benchmark-example:english-extra-8-cpu","bd/english.100MB",8,1000000,3475,3475,0,0.000,188.913,1338,44064010
"benchmark-example:english-extra-8-cpu","bd/english.100MB",8,1000000,3475,3475,0,0.000,188.913,1339,44081453
"benchmark-example:english-extra-8-cpu","bd/english.100MB",8,1000000,3475,3475,0,0.000,188.913,1340,44163238
"benchmark-example:english-extra-8-cpu","bd/english.100MB",8,1000000,3475,3475,0,0.000,188.913,1341,44174228
"benchmark-example:english-extra-8-cpu","bd/english.100MB",8,1000000,3475,3475,0,0.000,188.913,1342,44174579
"benchmark-example:english-extra-8-cpu","bd/english.100MB",8,1000000,3475,3475,0,0.000,188.913,1343,44190192
"benchmark-example:english-extra-8-cpu","bd/english.100MB",8,1000000,3475,3475,0,0.000,188.913,1344,44190653
"benchmark-example:english-extra-8-cpu","bd/english.100MB",8,1000000,3475,3475,0,0.000,188.913,1345,44222241
"benchmark-example:english-extra-8-cpu","bd/english.100MB",8,1000000,3475,3475,0,0.000,188.913,1346,44302046
"benchmark-example:english-extra-8-cpu","bd/english.100MB",8,1000000,3475,3475,0,0.000,188.913,1347,44334395
"benchmark-example:english-extra-8-cpu","bd/english.100MB",8,1000000,3475,3475,0,0.000,188.913,1348,44363253
"benchmark-example:english-extra-8-cpu","bd/english.100MB",8,1000000,3475,3475,0,0.000,188.913,1349,44382049
"benchmark-example:english-extra-8-cpu","bd/english.100MB",8,1000000,3475,3475,0,0.000,188.913,1350,44426378
"benchmark-example:english-extra-8-cpu","bd/english.100MB",8,1000000,3475,3475,0,0.000,188.913,1351,44430819
"benchmark-example:english-extra-8-cpu","bd/english.100MB",8,1000000,3475,3475,0,0.000,188.913,1352,44431753
"benchmark-example:english-extra-8-cpu","bd/english.100MB",8,1000000,3475,3475,0,0.000,188.913,1353,44446594
"benchmark-example:english-extra-8-cpu","bd/english.100MB",8,1000000,3475,3475,0,0.000,188.913,1354,44450059
"benchmark-example:english-extra-8-cpu","bd/english.100MB",8,1000000,3475,3475,0,0.000,188.913,1355,44535214
"benchmark-example:english-extra-8-cpu","bd/english.100MB",8,1000000,3475,3475,0,0.000,188.913,1356,44588008
"benchmark-example:english-extra-8-cpu","bd/english.100MB",8,1000000,3475,3475,0,0.000,188.913,1357,44604956
"benchmark-example:english-extra-8-cpu","bd/english.100MB",8,1000000,3475,3475,0,0.000,188.913,1358,44621096
"benchmark-example:english-extra-8-cpu","bd/english.100MB",8,1000000,3475,3475,0,0.000,188.913,1359,44633538
"benchmark-example:english-extra-8-cpu","bd/english.100MB",8,1000000,3475,3475,0,0.000,188.913,1360,44693752
"benchmark-example:english-extra-8-cpu","bd/english.100MB",8,1000000,3475,3475,0,0.000,188.913,1361,44724666
"benchmark-example:english-extra-8-cpu","bd/english.100MB",8,1000000,3475,3475,0,0.000,188.913,1362,44758119
"benchmark-example:english-extra-8-cpu","bd/english.100MB",8,1000000,3475,3475,0,0.000,188.913,1363,44789504
"benchmark-example:english-extra-8-cpu","bd/english.100MB",8,1000000,3475,3475,0,0.000,188.913,1364,44824997
"benchmark-example:english-extra-8-cpu","bd/english.100MB",8,1000000,3475,3475,0,0.000,188.913,1365,44825351
"benchmark-example:english-extra-8-cpu","bd/english.100MB",8,1000000,3475,3475,0,0.000,188.913,1366,44847639
"benchmark-example:english-extra-8-cpu","bd/english.100MB",8,1000000,3475,3475,0,0.000,188.913,1367,44905312
"benchmark-example:english-extra-8-cpu","bd/english.100MB",8,1000000,3475,3475,0,0.000,188.913,1368,44939390
"benchmark-example:english-extra-8-cpu","bd/english.100MB",8,1000000,3475,3475,0,0.000,188.913,1369,44951678
"benchmark-example:english-extra-8-cpu","bd/english.100MB",8,1000000,3475,3475,0,0.000,188.913,1370,45075571
"benchmark-example:english-extra-8-cpu","bd/english.100MB",8,1000000,3475,3475,0,0.000,188.913,1371,45087170
"benchmark-example:english-extra-8-cpu","bd/english.100MB",8,1000000,3475,3475,0,0.000,188.913,1372,45092288
"benchmark-example:english-extra-8-cpu","bd/english.100MB",8,1000000,3475,3475,0,0.000,188.913,1373,45137258
"benchmark-example:english-extra-8-cpu","bd/english.100MB",8,1000000,3475,3475,0,0.000,188.913,1374,45151801
"benchmark-example:english-extra-8-cpu","bd/english.100MB",8,1000000,3475,3475,0,0.000,188.913,1375,45160594
"benchmark-example:english-extra-8-cpu","bd/english.100MB",8,1000000,3475,3475,0,0.000,188.913,1376,45165254
"benchmark-example:english-extra-8-cpu","bd/english.100MB",8,1000000,3475,3475,0,0.000,188.913,1377,45226639
"benchmark-example:english-extra-8-cpu","bd/english.100MB",8,1000000,3475,3475,0,0.000,188.913,1378,45229871
"benchmark-example:english-extra-8-cpu","bd/english.100MB",8,1000000,3475,3475,0,0.000,188.913,1379,45251394
"benchmark-example:english-extra-8-cpu","bd/english.100MB",8,1000000,3475,3475,0,0.000,188.913,1380,45321657
"benchmark-example:english-extra-8-cpu","bd/english.100MB",8,1000000,3475,3475,0,0.000,188.913,1381,45329089
"benchmark-example:english-extra-8-cpu","bd/english.100MB",8,1000000,3475,3475,0,0.000,188.913,1382,45336263
"benchmark-example:english-extra-8-cpu","bd/english.100MB",8,1000000,3475,3475,0,0.000,188.913,1383,45461226
"benchmark-example:english-extra-8-cpu","bd/english.100MB",8,1000000,3475,3475,0,0.000,188.913,1384,45471574
"benchmark-example:english-extra-8-cpu","bd/english.100MB",8,1000000,3475,3475,0,0.000,188.913,1385,45496027
"benchmark-example:english-extra-8-cpu","bd/english.100MB",8,1000000,3475,3475,0,0.000,188.913,1386,45542715
"benchmark-example:english-extra-8-cpu","bd/english.100MB",8,1000000,3475,3475,0,0.000,188.913,1387,45566868
"benchmark-example:english-extra-8-cpu","bd/english.100MB",8,1000000,3475,3475,0,0.000,188.913,1388,45658623
"benchmark-example:english-extra-8-cpu","bd/english.100MB",8,1000000,3475,3475,0,0.000,188.913,1389,45679751
"benchmark-example:english-extra-8-cpu","bd/english.100MB",8,1000000,3475,3475,0,0.000,188.913,1390,45687949
"benchmark-example:english-extra-8-cpu","bd/english.100MB",8,1000000,3475,3475,0,0.000,188.913,1391,45788995
"benchmark-example:english-extra-8-cpu","bd/english.100MB",8,1000000,3475,3475,0,0.000,188.913,1392,45839636
"benchmark-example:english-extra-8-cpu","bd/english.100MB",8,1000000,3475,3475,0,0.000,188.913,1393,45894668
"benchmark-example:english-extra-8-cpu","bd/english.100MB",8,1000000,3475,3475,0,0.000,188.913,1394,45956638
"benchmark-example:english-extra-8-cpu","bd/english.100MB",8,1000000,3475,3475,0,0.000,188.913,1395,46010584
"benchmark-example:english-extra-8-cpu","bd/english.100MB",8,1000000,3475,3475,0,0.000,188.913,1396,46053855
"benchmark-example:english-extra-8-cpu","bd/english.100MB",8,1000000,3475,3475,0,0.000,188.913,1397,46092667
"benchmark-example:english-extra-8-cpu","bd/english.100MB",8,1000000,3475,3475,0,0.000,188.913,1398,46248218
"benchmark-example:english-extra-8-cpu","bd/english.100MB",8,1000000,3475,3475,0,0.000,188.913,1399,46294955
"benchmark-example:english-extra-8-cpu","bd/english.100MB",8,1000000,3475,3475,0,0.000,188.913,1400,46350667
"benchmark-example:english-extra-8-cpu","bd/english.100MB",8,1000000,3475,3475,0,0.000,188.913,1401,46386981
"benchmark-example:english-extra-8-cpu","bd/english.100MB",8,1000000,3475,3475,0,0.000,188.913,1402,46390104
"benchmark-example:english-extra-8-cpu","bd/english.100MB",8,1000000,3475,3475,0,0.000,188.913,1403,46423767
"benchmark-example:english-extra-8-cpu","bd/english.100MB",8,1000000,3475,3475,0,0.000,188.913,1404,46432194
"benchmark-example:english-extra-8-cpu","bd/english.100MB",8,1000000,3475,3475,0,0.000,188.913,1405,46518136
"benchmark-example:english-extra-8-cpu","bd/english.100MB",8,1000000,3475,3475,0,0.000,188.913,1406,46530647
"benchmark-example:english-extra-8-cpu","bd/english.100MB",8,1000000,3475,3475,0,0.000,188.913,1407,46564023
"benchmark-example:english-extra-8-cpu","bd/english.100MB",8,1000000,3475,3475,0,0.000,188.913,1408,46658113
"benchmark-example:english-extra-8-cpu","bd/english.100MB",8,1000000,3475,3475,0,0.000,188.913,1409,46658934
"benchmark-example:english-extra-8-cpu","bd/english.100MB",8,1000000,3475,3475,0,0.000,188.913,1410,46716542
"benchmark-example:english-extra-8-cpu","bd/english.100MB",8,1000000,3475,3475,0,0.000,188.913,1411,46719728
"benchmark-example:english-extra-8-cpu","bd/english.100MB",8,1000000,3475,3475,0,0.000,188.913,1412,46810539
"benchmark-example:english-extra-8-cpu","bd/english.100MB",8,1000000,3475,3475,0,0.000,188.913,1413,46851374
"benchmark-example:english-extra-8-cpu","bd/english.100MB",8,1000000,3475,3475,0,0.000,188.913,1414,46860489
"benchmark-example:english-extra-8-cpu","bd/english.100MB",8,1000000,3475,3475,0,0.000,188.913,1415,46871155
"benchmark-example:english-extra-8-cpu","bd/english.100MB",8,1000000,3475,3475,0,0.000,188.913,1416,46873619
"benchmark-example:english-extra-8-cpu","bd/english.100MB",8,1000000,3475,3475,0,0.000,188.913,1417,46889939
"benchmark-example:english-extra-8-cpu","bd/english.100MB",8,1000000,3475,3475,0,0.000,188.913,1418,46953760
"benchmark-example:english-extra-8-cpu","bd/english.100MB",8,1000000,3475,3475,0,0.000,188.913,1419,46971092
"benchmark-example:english-extra-8-cpu","bd/english.100MB",8,1000000,3475,3475,0,0.000,188.913,1420,46972566
"benchmark-example:english-extra-8-cpu","bd/english.100MB",8,1000000,3475,3475,0,0.000,188.913,1421,46973146
"benchmark-example:english-extra-8-cpu","bd/english.100MB",8,1000000,3475,3475,0,0.000,188.913,1422,46987896
"benchmark-example:english-extra-8-cpu","bd/english.100MB",8,1000000,3475,3475,0,0.000,188.913,1423,46993006
"benchmark-example:english-extra-8-cpu","bd/english.100MB",8,1000000,3475,3475,0,0.000,188.913,1424,46996839
"benchmark-example:english-extra-8-cpu","bd/english.100MB",8,1000000,3475,3475,0,0.000,188.913,1425,46998929
"benchmark-example:english-extra-8-cpu","bd/english.100MB",8,1000000,3475,3475,0,0.000,188.913,1426,47001420
"benchmark-example:english-extra-8-cpu","bd/english.100MB",8,1000000,3475,3475,0,0.000,188.913,1427,47031138
"benchmark-example:english-extra-8-cpu","bd/english.100MB",8,1000000,3475,3475,0,0.000,188.913,1428,47090176
"benchmark-example:english-extra-8-cpu","bd/english.100MB",8,1000000,3475,3475,0,0.000,188.913,1429,47156902
"benchmark-example:english-extra-8-cpu","bd/english.100MB",8,1000000,3475,3475,0,0.000,188.913,1430,47202455
"benchmark-example:english-extra-8-cpu","bd/english.100MB",8,1000000,3475,3475,0,0.000,188.913,1431,47248004
"benchmark-example:english-extra-8-cpu","bd/english.100MB",8,1000000,3475,3475,0,0.000,188.913,1432,47359091
"benchmark-example:english-extra-8-cpu","bd/english.100MB",8,1000000,3475,3475,0,0.000,188.913,1433,47397787
"benchmark-example:english-extra-8-cpu","bd/english.100MB",8,1000000,3475,3475,0,0.000,188.913,1434,47418913
"benchmark-example:english-extra-8-cpu","bd/english.100MB",8,1000000,3475,3475,0,0.000,188.913,1435,47482393
"benchmark-example:english-extra-8-cpu","bd/english.100MB",8,1000000,3475,3475,0,0.000,188.913,1436,47501068
"benchmark-example:english-extra-8-cpu","bd/english.100MB",8,1000000,3475,3475,0,0.000,188.913,1437,47530364
"benchmark-example:english-extra-8-cpu","bd/english.100MB",8,1000000,3475,3475,0,0.000,188.913,1438,47545221
"benchmark-example:english-extra-8-cpu","bd/english.100MB",8,1000000,3475,3475,0,0.000,188.913,1439,47600864
"benchmark-example:english-extra-8-cpu","bd/english.100MB",8,1000000,3475,3475,0,0.000,188.913,1440,47633792
"benchmark-example:english-extra-8-cpu","bd/english.100MB",8,1000000,3475,3475,0,0.000,188.913,1441,47636929
"benchmark-example:english-extra-8-cpu","bd/english.100MB",8,1000000,3475,3475,0,0.000,188.913,1442,47672609
"benchmark-example:english-extra-8-cpu","bd/english.100MB",8,1000000,3475,3475,0,0.000,188.913,1443,47681045
"benchmark-example:english-extra-8-cpu","bd/english.100MB",8,1000000,3475,3475,0,0.000,188.913,1444,47714711
"benchmark-example:english-extra-8-cpu","bd/english.100MB",8,1000000,3475,3475,0,0.000,188.913,1445,47768914
"benchmark-example:english-extra-8-cpu","bd/english.100MB",8,1000000,3475,3475,0,0.000,188.913,1446,47781500
"benchmark-example:english-extra-8-cpu","bd/english.100MB",8,1000000,3475,3475,0,0.000,188.913,1447,47814979
"benchmark-example:english-extra-8-cpu","bd/english.100MB",8,1000000,3475,3475,0,0.000,188.913,1448,47913751
"benchmark-example:english-extra-8-cpu","bd/english.100MB",8,1000000,3475,3475,0,0.000,188.913,1449,47914573
"benchmark-example:english-extra-8-cpu","bd/english.100MB",8,1000000,3475,3475,0,0.000,188.913,1450,47972202
"benchmark-example:english-extra-8-cpu","bd/english.100MB",8,1000000,3475,3475,0,0.000,188.913,1451,47975387
"benchmark-example:english-extra-8-cpu","bd/english.100MB",8,1000000,3475,3475,0,0.000,188.913,1452,48088817
"benchmark-example:english-extra-8-cpu","bd/english.100MB",8,1000000,3475,3475,0,0.000,188.913,1453,48127851
"benchmark-example:english-extra-8-cpu","bd/english.100MB",8,1000000,3475,3475,0,0.000,188.913,1454,48137005
"benchmark-example:english-extra-8-cpu","bd/english.100MB",8,1000000,3475,3475,0,0.000,188.913,1455,48147712
"benchmark-example:english-extra-8-cpu","bd/english.100MB",8,1000000,3475,3475,0,0.000,188.913,1456,48166564
"benchmark-example:english-extra-8-cpu","bd/english.100MB",8,1000000,3475,3475,0,0.000,188.913,1457,48228962
"benchmark-example:english-extra-8-cpu","bd/english.100MB",8,1000000,3475,3475,0,0.000,188.913,1458,48246361
"benchmark-example:english-extra-8-cpu","bd/english.100MB",8,1000000,3475,3475,0,0.000,188.913,1459,48247832
"benchmark-example:english-extra-8-cpu","bd/english.100MB",8,1000000,3475,3475,0,0.000,188.913,1460,48248411
"benchmark-example:english-extra-8-cpu","bd/english.100MB",8,1000000,3475,3475,0,0.000,188.913,1461,48263332
"benchmark-example:english-extra-8-cpu","bd/english.100MB",8,1000000,3475,3475,0,0.000,188.913,1462,48268459
"benchmark-example:english-extra-8-cpu","bd/english.100MB",8,1000000,3475,3475,0,0.000,188.913,1463,48272315
"benchmark-example:english-extra-8-cpu","bd/english.100MB",8,1000000,3475,3475,0,0.000,188.913,1464,48274426
"benchmark-example:english-extra-8-cpu","bd/english.100MB",8,1000000,3475,3475,0,0.000,188.913,1465,48276930
"benchmark-example:english-extra-8-cpu","bd/english.100MB",8,1000000,3475,3475,0,0.000,188.913,1466,48306871
"benchmark-example:english-extra-8-cpu","bd/english.100MB",8,1000000,3475,3475,0,0.000,188.913,1467,48368784
"benchmark-example:english-extra-8-cpu","bd/english.100MB",8,1000000,3475,3475,0,0.000,188.913,1468,48435555
"benchmark-example:english-extra-8-cpu","bd/english.100MB",8,1000000,3475,3475,0,0.000,188.913,1469,48458609
"benchmark-example:english-extra-8-cpu","bd/english.100MB",8,1000000,3475,3475,0,0.000,188.913,1470,48544680
"benchmark-example:english-extra-8-cpu","bd/english.100MB",8,1000000,3475,3475,0,0.000,188.913,1471,48583464
"benchmark-example:english-extra-8-cpu","bd/english.100MB",8,1000000,3475,3475,0,0.000,188.913,1472,48604690
"benchmark-example:english-extra-8-cpu","bd/english.100MB",8,1000000,3475,3475,0,0.000,188.913,1473,48668345
"benchmark-example:english-extra-8-cpu","bd/english.100MB",8,1000000,3475,3475,0,0.000,188.913,1474,48687083
"benchmark-example:english-extra-8-cpu","bd/english.100MB",8,1000000,3475,3475,0,0.000,188.913,1475,48716525
"benchmark-example:english-extra-8-cpu","bd/english.100MB",8,1000000,3475,3475,0,0.000,188.913,1476,48731465
"benchmark-example:english-extra-8-cpu","bd/english.100MB",8,1000000,3475,3475,0,0.000,188.913,1477,48787025
"benchmark-example:english-extra-8-cpu","bd/english.100MB",8,1000000,3475,3475,0,0.000,188.913,1478,48819925
"benchmark-example:english-extra-8-cpu","bd/english.100MB",8,1000000,3475,3475,0,0.000,188.913,1479,48823057
"benchmark-example:english-extra-8-cpu","bd/english.100MB",8,1000000,3475,3475,0,0.000,188.913,1480,48858720
"benchmark-example:english-extra-8-cpu","bd/english.100MB",8,1000000,3475,3475,0,0.000,188.913,1481,48867154
"benchmark-example:english-extra-8-cpu","bd/english.100MB",8,1000000,3475,3475,0,0.000,188.913,1482,48900829
"benchmark-example:english-extra-8-cpu","bd/english.100MB",8,1000000,3475,3475,0,0.000,188.913,1483,48955078
"benchmark-example:english-extra-8-cpu","bd/english.100MB",8,1000000,3475,3475,0,0.000,188.913,1484,48967663
"benchmark-example:english-extra-8-cpu","bd/english.100MB",8,1000000,3475,3475,0,0.000,188.913,1485,49001156
"benchmark-example:english-extra-8-cpu","bd/english.100MB",8,1000000,3475,3475,0,0.000,188.913,1486,49100006
"benchmark-example:english-extra-8-cpu","bd/english.100MB",8,1000000,3475,3475,0,0.000,188.913,1487,49100828
"benchmark-example:english-extra-8-cpu","bd/english.100MB",8,1000000,3475,3475,0,0.000,188.913,1488,49158483
"benchmark-example:english-extra-8-cpu","bd/english.100MB",8,1000000,3475,3475,0,0.000,188.913,1489,49161668
"benchmark-example:english-extra-8-cpu","bd/english.100MB",8,1000000,3475,3475,0,0.000,188.913,1490,49275200
"benchmark-example:english-extra-8-cpu","bd/english.100MB",8,1000000,3475,3475,0,0.000,188.913,1491,49314253
"benchmark-example:english-extra-8-cpu","bd/english.100MB",8,1000000,3475,3475,0,0.000,188.913,1492,49323407
"benchmark-example:english-extra-8-cpu","bd/english.100MB",8,1000000,3475,3475,0,0.000,188.913,1493,49334114
"benchmark-example:english-extra-8-cpu","bd/english.100MB",8,1000000,3475,3475,0,0.000,188.913,1494,49352986
"benchmark-example:english-extra-8-cpu","bd/english.100MB",8,1000000,3475,3475,0,0.000,188.913,1495,49415447
"benchmark-example:english-extra-8-cpu","bd/english.100MB",8,1000000,3475,3475,0,0.000,188.913,1496,49432839
"benchmark-example:english-extra-8-cpu","bd/english.100MB",8,1000000,3475,3475,0,0.000,188.913,1497,49434310
"benchmark-example:english-extra-8-cpu","bd/english.100MB",8,1000000,3475,3475,0,0.000,188.913,1498,49434889
"benchmark-example:english-extra-8-cpu","bd/english.100MB",8,1000000,3475,3475,0,0.000,188.913,1499,49449836
"benchmark-example:english-extra-8-cpu","bd/english.100MB",8,1000000,3475,3475,0,0.000,188.913,1500,49454963
"benchmark-example:english-extra-8-cpu","bd/english.100MB",8,1000000,3475,3475,0,0.000,188.913,1501,49458819
"benchmark-example:english-extra-8-cpu","bd/english.100MB",8,1000000,3475,3475,0,0.000,188.913,1502,49460930
"benchmark-example:english-extra-8-cpu","bd/english.100MB",8,1000000,3475,3475,0,0.000,188.913,1503,49463434
"benchmark-example:english-extra-8-cpu","bd/english.100MB",8,1000000,3475,3475,0,0.000,188.913,1504,49493394
"benchmark-example:english-extra-8-cpu","bd/english.100MB",8,1000000,3475,3475,0,0.000,188.913,1505,49555304
"benchmark-example:english-extra-8-cpu","bd/english.100MB",8,1000000,3475,3475,0,0.000,188.913,1506,49622112
"benchmark-example:english-extra-8-cpu","bd/english.100MB",8,1000000,3475,3475,0,0.000,188.913,1507,49645188
"benchmark-example:english-extra-8-cpu","bd/english.100MB",8,1000000,3475,3475,0,0.000,188.913,1508,49731262
"benchmark-example:english-extra-8-cpu","bd/english.100MB",8,1000000,3475,3475,0,0.000,188.913,1509,49770090
"benchmark-example:english-extra-8-cpu","bd/english.100MB",8,1000000,3475,3475,0,0.000,188.913,1510,49791315
"benchmark-example:english-extra-8-cpu","bd/english.100MB",8,1000000,3475,3475,0,0.000,188.913,1511,49855026
"benchmark-example:english-extra-8-cpu","bd/english.100MB",8,1000000,3475,3475,0,0.000,188.913,1512,49873788
"benchmark-example:english-extra-8-cpu","bd/english.100MB",8,1000000,3475,3475,0,0.000,188.913,1513,49903290
"benchmark-example:english-extra-8-cpu","bd/english.100MB",8,1000000,3475,3475,0,0.000,188.913,1514,49938325
"benchmark-example:english-extra-8-cpu","bd/english.100MB",8,1000000,3475,3475,0,0.000,188.913,1515,50016961
"benchmark-example:english-extra-8-cpu","bd/english.100MB",8,1000000,3475,3475,0,0.000,188.913,1516,50028811
"benchmark-example:english-extra-8-cpu","bd/english.100MB",8,1000000,3475,3475,0,0.000,188.913,1517,50029359
"benchmark-example:english-extra-8-cpu","bd/english.100MB",8,1000000,3475,3475,0,0.000,188.913,1518,50068289
"benchmark-example:english-extra-8-cpu","bd/english.100MB",8,1000000,3475,3475,0,0.000,188.913,1519,50134410
"benchmark-example:english-extra-8-cpu","bd/english.100MB",8,1000000,3475,3475,0,0.000,188.913,1520,50146305
"benchmark-example:english-extra-8-cpu","bd/english.100MB",8,1000000,3475,3475,0,0.000,188.913,1521,50156400
"benchmark-example:english-extra-8-cpu","bd/english.100MB",8,1000000,3475,3475,0,0.000,188.913,1522,50184830
"benchmark-example:english-extra-8-cpu","bd/english.100MB",8,1000000,3475,3475,0,0.000,188.913,1523,50194727
"benchmark-example:english-extra-8-cpu","bd/english.100MB",8,1000000,3475,3475,0,0.000,188.913,1524,50201678
"benchmark-example:english-extra-8-cpu","bd/english.100MB",8,1000000,3475,3475,0,0.000,188.913,1525,50237365
"benchmark-example:english-extra-8-cpu","bd/english.100MB",8,1000000,3475,3475,0,0.000,188.913,1526,50244992
"benchmark-example:english-extra-8-cpu","bd/english.100MB",8,1000000,3475,3475,0,0.000,188.913,1527,50249833
"benchmark-example:english-extra-8-cpu","bd/english.100MB",8,1000000,3475,3475,0,0.000,188.913,1528,50256192
"benchmark-example:english-extra-8-cpu","bd/english.100MB",8,1000000,3475,3475,0,0.000,188.913,1529,50279762
"benchmark-example:english-extra-8-cpu","bd/english.100MB",8,1000000,3475,3475,0,0.000,188.913,1530,50322435
"benchmark-example:english-extra-8-cpu","bd/english.100MB",8,1000000,3475,3475,0,0.000,188.913,1531,50353357
"benchmark-example:english-extra-8-cpu","bd/english.100MB",8,1000000,3475,3475,0,0.000,188.913,1532,50360903
"benchmark-example:english-extra-8-cpu","bd/english.100MB",8,1000000,3475,3475,0,0.000,188.913,1533,50365583
"benchmark-example:english-extra-8-cpu","bd/english.100MB",8,1000000,3475,3475,0,0.000,188.913,1534,50366246
"benchmark-example:english-extra-8-cpu","bd/english.100MB",8,1000000,3475,3475,0,0.000,188.913,1535,50506185
"benchmark-example:english-extra-8-cpu","bd/english.100MB",8,1000000,3475,3475,0,0.000,188.913,1536,50561396
"benchmark-example:english-extra-8-cpu","bd/english.100MB",8,1000000,3475,3475,0,0.000,188.913,1537,50567549
"benchmark-example:english-extra-8-cpu","bd/english.100MB",8,1000000,3475,3475,0,0.000,188.913,1538,50576249
"benchmark-example:english-extra-8-cpu","bd/english.100MB",8,1000000,3475,3475,0,0.000,188.913,1539,50650238
"benchmark-example:english-extra-8-cpu","bd/english.100MB",8,1000000,3475,3475,0,0.000,188.913,1540,50705659
"benchmark-example:english-extra-8-cpu","bd/english.100MB",8,1000000,3475,3475,0,0.000,188.913,1541,50744506
"benchmark-example:english-extra-8-cpu","bd/english.100MB",8,1000000,3475,3475,0,0.000,188.913,1542,50812480
"benchmark-example:english-extra-8-cpu","bd/english.100MB",8,1000000,3475,3475,0,0.000,188.913,1543,50869893
"benchmark-example:english-extra-8-cpu","bd/english.100MB",8,1000000,3475,3475,0,0.000,188.913,1544,51135709
"benchmark-example:english-extra-8-cpu","bd/english.100MB",8,1000000,3475,3475,0,0.000,188.913,1545,51185221
"benchmark-example:english-extra-8-cpu","bd/english.100MB",8,1000000,3475,3475,0,0.000,188.913,1546,51186627
"benchmark-example:english-extra-8-cpu","bd/english.100MB",8,1000000,3475,3475,0,0.000,188.913,1547,51186700
"benchmark-example:english-extra-8-cpu","bd/english.100MB",8,1000000,3475,3475,0,0.000,188.913,1548,51224906
"benchmark-example:english-extra-8-cpu","bd/english.100MB",8,1000000,3475,3475,0,0.000,188.913,1549,51244332
"benchmark-example:english-extra-8-cpu","bd/english.100MB",8,1000000,3475,3475,0,0.000,188.913,1550,51264169
"benchmark-example:english-extra-8-cpu","bd/english.100MB",8,1000000,3475,3475,0,0.000,188.913,1551,51284106
"benchmark-example:english-extra-8-cpu","bd/english.100MB",8,1000000,3475,3475,0,0.000,188.913,1552,51471226
"benchmark-example:english-extra-8-cpu","bd/english.100MB",8,1000000,3475,3475,0,0.000,188.913,1553,51557673
"benchmark-example:english-extra-8-cpu","bd/english.100MB",8,1000000,3475,3475,0,0.000,188.913,1554,51610894
"benchmark-example:english-extra-8-cpu","bd/english.100MB",8,1000000,3475,3475,0,0.000,188.913,1555,51645110
"benchmark-example:english-extra-8-cpu","bd/english.100MB",8,1000000,3475,3475,0,0.000,188.913,1556,51737074
"benchmark-example:english-extra-8-cpu","bd/english.100MB",8,1000000,3475,3475,0,0.000,188.913,1557,51745727
"benchmark-example:english-extra-8-cpu","bd/english.100MB",8,1000000,3475,3475,0,0.000,188.913,1558,51748773
"benchmark-example:english-extra-8-cpu","bd/english.100MB",8,1000000,3475,3475,0,0.000,188.913,1559,51894847
"benchmark-example:english-extra-8-cpu","bd/english.100MB",8,1000000,3475,3475,0,0.000,188.913,1560,51944359
"benchmark-example:english-extra-8-cpu","bd/english.100MB",8,1000000,3475,3475,0,0.000,188.913,1561,51945765
"benchmark-example:english-extra-8-cpu","bd/english.100MB",8,1000000,3475,3475,0,0.000,188.913,1562,51945838
"benchmark-example:english-extra-8-cpu","bd/english.100MB",8,1000000,3475,3475,0,0.000,188.913,1563,51984044
"benchmark-example:english-extra-8-cpu","bd/english.100MB",8,1000000,3475,3475,0,0.000,188.913,1564,52003470
"benchmark-example:english-extra-8-cpu","bd/english.100MB",8,1000000,3475,3475,0,0.000,188.913,1565,52023306
"benchmark-example:english-extra-8-cpu","bd/english.100MB",8,1000000,3475,3475,0,0.000,188.913,1566,52043243
"benchmark-example:english-extra-8-cpu","bd/english.100MB",8,1000000,3475,3475,0,0.000,188.913,1567,52230362
"benchmark-example:english-extra-8-cpu","bd/english.100MB",8,1000000,3475,3475,0,0.000,188.913,1568,52316809
"benchmark-example:english-extra-8-cpu","bd/english.100MB",8,1000000,3475,3475,0,0.000,188.913,1569,52370030
"benchmark-example:english-extra-8-cpu","bd/english.100MB",8,1000000,3475,3475,0,0.000,188.913,1570,52404240
"benchmark-example:english-extra-8-cpu","bd/english.100MB",8,1000000,3475,3475,0,0.000,188.913,1571,52496197
"benchmark-example:english-extra-8-cpu","bd/english.100MB",8,1000000,3475,3475,0,0.000,188.913,1572,52504850
"benchmark-example:english-extra-8-cpu","bd/english.100MB",8,1000000,3475,3475,0,0.000,188.913,1573,52507896
"benchmark-example:english-extra-8-cpu","bd/english.100MB",8,1000000,3475,3475,0,0.000,188.913,1574,52630489
"benchmark-example:english-extra-8-cpu","bd/english.100MB",8,1000000,3475,3475,0,0.000,188.913,1575,52660094
"benchmark-example:english-extra-8-cpu","bd/english.100MB",8,1000000,3475,3475,0,0.000,188.913,1576,52707126
"benchmark-example:english-extra-8-cpu","bd/english.100MB",8,1000000,3475,3475,0,0.000,188.913,1577,52752236
"benchmark-example:english-extra-8-cpu","bd/english.100MB",8,1000000,3475,3475,0,0.000,188.913,1578,52756041
"benchmark-example:english-extra-8-cpu","bd/english.100MB",8,1000000,3475,3475,0,0.000,188.913,1579,52763635
"benchmark-example:english-extra-8-cpu","bd/english.100MB",8,1000000,3475,3475,0,0.000,188.913,1580,52766412
"benchmark-example:english-extra-8-cpu","bd/english.100MB",8,1000000,3475,3475,0,0.000,188.913,1581,52905087
"benchmark-example:english-extra-8-cpu","bd/english.100MB",8,1000000,3475,3475,0,0.000,188.913,1582,52934689
"benchmark-example:english-extra-8-cpu","bd/english.100MB",8,1000000,3475,3475,0,0.000,188.913,1583,52981707
"benchmark-example:english-extra-8-cpu","bd/english.100MB",8,1000000,3475,3475,0,0.000,188.913,1584,53026712
"benchmark-example:english-extra-8-cpu","bd/english.100MB",8,1000000,3475,3475,0,0.000,188.913,1585,53030517
"benchmark-example:english-extra-8-cpu","bd/english.100MB",8,1000000,3475,3475,0,0.000,188.913,1586,53038109
"benchmark-example:english-extra-8-cpu","bd/english.100MB",8,1000000,3475,3475,0,0.000,188.913,1587,53040886
"benchmark-example:english-extra-8-cpu","bd/english.100MB",8,1000000,3475,3475,0,0.000,188.913,1588,53095440
"benchmark-example:english-extra-8-cpu","bd/english.100MB",8,1000000,3475,3475,0,0.000,188.913,1589,53199380
"benchmark-example:english-extra-8-cpu","bd/english.100MB",8,1000000,3475,3475,0,0.000,188.913,1590,53199480
"benchmark-example:english-extra-8-cpu","bd/english.100MB",8,1000000,3475,3475,0,0.000,188.913,1591,53247020
"benchmark-example:english-extra-8-cpu","bd/english.100MB",8,1000000,3475,3475,0,0.000,188.913,1592,53254735
"benchmark-example:english-extra-8-cpu","bd/english.100MB",8,1000000,3475,3475,0,0.000,188.913,1593,53273647
"benchmark-example:english-extra-8-cpu","bd/english.100MB",8,1000000,3475,3475,0,0.000,188.913,1594,53334289
"benchmark-example:english-extra-8-cpu","bd/english.100MB",8,1000000,3475,3475,0,0.000,188.913,1595,53377039
"benchmark-example:english-extra-8-cpu","bd/english.100MB",8,1000000,3475,3475,0,0.000,188.913,1596,53381635
"benchmark-example:english-extra-8-cpu","bd/english.100MB",8,1000000,3475,3475,0,0.000,188.913,1597,53408770
"benchmark-example:english-extra-8-cpu","bd/english.100MB",8,1000000,3475,3475,0,0.000,188.913,1598,53433809
"benchmark-example:english-extra-8-cpu","bd/english.100MB",8,1000000,3475,3475,0,0.000,188.913,1599,53447430
"benchmark-example:english-extra-8-cpu","bd/english.100MB",8,1000000,3475,3475,0,0.000,188.913,1600,53448360
"benchmark-example:english-extra-8-cpu","bd/english.100MB",8,1000000,3475,3475,0,0.000,188.913,1601,53467687
"benchmark-example:english-extra-8-cpu","bd/english.100MB",8,1000000,3475,3475,0,0.000,188.913,1602,53561504
"benchmark-example:english-extra-8-cpu","bd/english.100MB",8,1000000,3475,3475,0,0.000,188.913,1603,53573845
"benchmark-example:english-extra-8-cpu","bd/english.100MB",8,1000000,3475,3475,0,0.000,188.913,1604,53577224
"benchmark-example:english-extra-8-cpu","bd/english.100MB",8,1000000,3475,3475,0,0.000,188.913,1605,53735987
"benchmark-example:english-extra-8-cpu","bd/english.100MB",8,1000000,3475,3475,0,0.000,188.913,1606,53821420
"benchmark-example:english-extra-8-cpu","bd/english.100MB",8,1000000,3475,3475,0,0.000,188.913,1607,53842055
"benchmark-example:english-extra-8-cpu","bd/english.100MB",8,1000000,3475,3475,0,0.000,188.913,1608,53941784
"benchmark-example:english-extra-8-cpu","bd/english.100MB",8,1000000,3475,3475,0,0.000,188.913,1609,54029456
"benchmark-example:english-extra-8-cpu","bd/english.100MB",8,1000000,3475,3475,0,0.000,188.913,1610,54037785
"benchmark-example:english-extra-8-cpu","bd/english.100MB",8,1000000,3475,3475,0,0.000,188.913,1611,54074300
"benchmark-example:english-extra-8-cpu","bd/english.100MB",8,1000000,3475,3475,0,0.000,188.913,1612,54075274
"benchmark-example:english-extra-8-cpu","bd/english.100MB",8,1000000,3475,3475,0,0.000,188.913,1613,54089770
"benchmark-example:english-extra-8-cpu","bd/english.100MB",8,1000000,3475,3475,0,0.000,188.913,1614,54092906
"benchmark-example:english-extra-8-cpu","bd/english.100MB",8,1000000,3475,3475,0,0.000,188.913,1615,54093041
"benchmark-example:english-extra-8-cpu","bd/english.100MB",8,1000000,3475,3475,0,0.000,188.913,1616,54134407
"benchmark-example:english-extra-8-cpu","bd/english.100MB",8,1000000,3475,3475,0,0.000,188.913,1617,54155950
"benchmark-example:english-extra-8-cpu","bd/english.100MB",8,1000000,3475,3475,0,0.000,188.913,1618,54183295
"benchmark-example:english-extra-8-cpu","bd/english.100MB",8,1000000,3475,3475,0,0.000,188.913,1619,54247725
"benchmark-example:english-extra-8-cpu","bd/english.100MB",8,1000000,3475,3475,0,0.000,188.913,1620,54339915
"benchmark-example:english-extra-8-cpu","bd/english.100MB",8,1000000,3475,3475,0,0.000,188.913,1621,54368371
"benchmark-example:english-extra-8-cpu","bd/english.100MB",8,1000000,3475,3475,0,0.000,188.913,1622,54390679
"benchmark-example:english-extra-8-cpu","bd/english.100MB",8,1000000,3475,3475,0,0.000,188.913,1623,54397097
"benchmark-example:english-extra-8-cpu","bd/english.100MB",8,1000000,3475,3475,0,0.000,188.913,1624,54410908
"benchmark-example:english-extra-8-cpu","bd/english.100MB",8,1000000,3475,3475,0,0.000,188.913,1625,54649216
"benchmark-example:english-extra-8-cpu","bd/english.100MB",8,1000000,3475,3475,0,0.000,188.913,1626,54858294
"benchmark-example:english-extra-8-cpu","bd/english.100MB",8,1000000,3475,3475,0,0.000,188.913,1627,54859629
"benchmark-example:english-extra-8-cpu","bd/english.100MB",8,1000000,3475,3475,0,0.000,188.913,1628,54922571
"benchmark-example:english-extra-8-cpu","bd/english.100MB",8,1000000,3475,3475,0,0.000,188.913,1629,55020718
"benchmark-example:english-extra-8-cpu","bd/english.100MB",8,1000000,3475,3475,0,0.000,188.913,1630,55026398
"benchmark-example:english-extra-8-cpu","bd/english.100MB",8,1000000,3475,3475,0,0.000,188.913,1631,55052496
"benchmark-example:english-extra-8-cpu","bd/english.100MB",8,1000000,3475,3475,0,0.000,188.913,1632,55064372
"benchmark-example:english-extra-8-cpu","bd/english.100MB",8,1000000,3475,3475,0,0.000,188.913,1633,55135279
"benchmark-example:english-extra-8-cpu","bd/english.100MB",8,1000000,3475,3475,0,0.000,188.913,1634,55170761
"benchmark-example:english-extra-8-cpu","bd/english.100MB",8,1000000,3475,3475,0,0.000,188.913,1635,55274793
"benchmark-example:english-extra-8-cpu","bd/english.100MB",8,1000000,3475,3475,0,0.000,188.913,1636,55303249
"benchmark-example:english-extra-8-cpu","bd/english.100MB",8,1000000,3475,3475,0,0.000,188.913,1637,55325557
"benchmark-example:english-extra-8-cpu","bd/english.100MB",8,1000000,3475,3475,0,0.000,188.913,1638,55331975
"benchmark-example:english-extra-8-cpu","bd/english.100MB",8,1000000,3475,3475,0,0.000,188.913,1639,55345786
"benchmark-example:english-extra-8-cpu","bd/english.100MB",8,1000000,3475,3475,0,0.000,188.913,1640,55584094
"benchmark-example:english-extra-8-cpu","bd/english.100MB",8,1000000,3475,3475,0,0.000,188.913,1641,55793171
"benchmark-example:english-extra-8-cpu","bd/english.100MB",8,1000000,3475,3475,0,0.000,188.913,1642,55794506
"benchmark-example:english-extra-8-cpu","bd/english.100MB",8,1000000,3475,3475,0,0.000,188.913,1643,55857448
"benchmark-example:english-extra-8-cpu","bd/english.100MB",8,1000000,3475,3475,0,0.000,188.913,1644,55955593
"benchmark-example:english-extra-8-cpu","bd/english.100MB",8,1000000,3475,3475,0,0.000,188.913,1645,55961273
"benchmark-example:english-extra-8-cpu","bd/english.100MB",8,1000000,3475,3475,0,0.000,188.913,1646,55987368
"benchmark-example:english-extra-8-cpu","bd/english.100MB",8,1000000,3475,3475,0,0.000,188.913,1647,55999245
"benchmark-example:english-extra-8-cpu","bd/english.100MB",8,1000000,3475,3475,0,0.000,188.913,1648,56070148
"benchmark-example:english-extra-8-cpu","bd/english.100MB",8,1000000,3475,3475,0,0.000,188.913,1649,56105630
"benchmark-example:english-extra-8-cpu","bd/english.100MB",8,1000000,3475,3475,0,0.000,188.913,1650,56149064
"benchmark-example:english-extra-8-cpu","bd/english.100MB",8,1000000,3475,3475,0,0.000,188.913,1651,56152152
"benchmark-example:english-extra-8-cpu","bd/english.100MB",8,1000000,3475,3475,0,0.000,188.913,1652,56187899
"benchmark-example:english-extra-8-cpu","bd/english.100MB",8,1000000,3475,3475,0,0.000,188.913,1653,56190373
"benchmark-example:english-extra-8-cpu","bd/english.100MB",8,1000000,3475,3475,0,0.000,188.913,1654,56190410
"benchmark-example:english-extra-8-cpu","bd/english.100MB",8,1000000,3475,3475,0,0.000,188.913,1655,56203707
"benchmark-example:english-extra-8-cpu","bd/english.100MB",8,1000000,3475,3475,0,0.000,188.913,1656,56215304
"benchmark-example:english-extra-8-cpu","bd/english.100MB",8,1000000,3475,3475,0,0.000,188.913,1657,56215339
"benchmark-example:english-extra-8-cpu","bd/english.100MB",8,1000000,3475,3475,0,0.000,188.913,1658,56231859
"benchmark-example:english-extra-8-cpu","bd/english.100MB",8,1000000,3475,3475,0,0.000,188.913,1659,56231890
"benchmark-example:english-extra-8-cpu","bd/english.100MB",8,1000000,3475,3475,0,0.000,188.913,1660,56244180
"benchmark-example:english-extra-8-cpu","bd/english.100MB",8,1000000,3475,3475,0,0.000,188.913,1661,56245182
"benchmark-example:english-extra-8-cpu","bd/english.100MB",8,1000000,3475,3475,0,0.000,188.913,1662,56245260
"benchmark-example:english-extra-8-cpu","bd/english.100MB",8,1000000,3475,3475,0,0.000,188.913,1663,56247505
"benchmark-example:english-extra-8-cpu","bd/english.100MB",8,1000000,3475,3475,0,0.000,188.913,1664,56319516
"benchmark-example:english-extra-8-cpu","bd/english.100MB",8,1000000,3475,3475,0,0.000,188.913,1665,56329399
"benchmark-example:english-extra-8-cpu","bd/english.100MB",8,1000000,3475,3475,0,0.000,188.913,1666,56339601
"benchmark-example:english-extra-8-cpu","bd/english.100MB",8,1000000,3475,3475,0,0.000,188.913,1667,56350317
"benchmark-example:english-extra-8-cpu","bd/english.100MB",8,1000000,3475,3475,0,0.000,188.913,1668,56391118
"benchmark-example:english-extra-8-cpu","bd/english.100MB",8,1000000,3475,3475,0,0.000,188.913,1669,56393107
"benchmark-example:english-extra-8-cpu","bd/english.100MB",8,1000000,3475,3475,0,0.000,188.913,1670,56403373
"benchmark-example:english-extra-8-cpu","bd/english.100MB",8,1000000,3475,3475,0,0.000,188.913,1671,56403434
"benchmark-example:english-extra-8-cpu","bd/english.100MB",8,1000000,3475,3475,0,0.000,188.913,1672,56406742
"benchmark-example:english-extra-8-cpu","bd/english.100MB",8,1000000,3475,3475,0,0.000,188.913,1673,56437719
"benchmark-example:english-extra-8-cpu","bd/english.100MB",8,1000000,3475,3475,0,0.000,188.913,1674,56453869
"benchmark-example:english-extra-8-cpu","bd/english.100MB",8,1000000,3475,3475,0,0.000,188.913,1675,56640863
"benchmark-example:english-extra-8-cpu","bd/english.100MB",8,1000000,3475,3475,0,0.000,188.913,1676,56932083
"benchmark-example:english-extra-8-cpu","bd/english.100MB",8,1000000,3475,3475,0,0.000,188.913,1677,56933795
"benchmark-example:english-extra-8-cpu","bd/english.100MB",8,1000000,3475,3475,0,0.000,188.913,1678,57079330
"benchmark-example:english-extra-8-cpu","bd/english.100MB",8,1000000,3475,3475,0,0.000,188.913,1679,57092880
"benchmark-example:english-extra-8-cpu","bd/english.100MB",8,1000000,3475,3475,0,0.000,188.913,1680,57096887
"benchmark-example:english-extra-8-cpu","bd/english.100MB",8,1000000,3475,3475,0,0.000,188.913,1681,57146587
"benchmark-example:english-extra-8-cpu","bd/english.100MB",8,1000000,3475,3475,0,0.000,188.913,1682,57165882
"benchmark-example:english-extra-8-cpu","bd/english.100MB",8,1000000,3475,3475,0,0.000,188.913,1683,57166372
"benchmark-example:english-extra-8-cpu","bd/english.100MB",8,1000000,3475,3475,0,0.000,188.913,1684,57166894
"benchmark-example:english-extra-8-cpu","bd/english.100MB",8,1000000,3475,3475,0,0.000,188.913,1685,57182781
"benchmark-example:english-extra-8-cpu","bd/english.100MB",8,1000000,3475,3475,0,0.000,188.913,1686,57190047
"benchmark-example:english-extra-8-cpu","bd/english.100MB",8,1000000,3475,3475,0,0.000,188.913,1687,57190345
"benchmark-example:english-extra-8-cpu","bd/english.100MB",8,1000000,3475,3475,0,0.000,188.913,1688,57190484
"benchmark-example:english-extra-8-cpu","bd/english.100MB",8,1000000,3475,3475,0,0.000,188.913,1689,57226361
"benchmark-example:english-extra-8-cpu","bd/english.100MB",8,1000000,3475,3475,0,0.000,188.913,1690,57234964
"benchmark-example:english-extra-8-cpu","bd/english.100MB",8,1000000,3475,3475,0,0.000,188.913,1691,57235161
"benchmark-example:english-extra-8-cpu","bd/english.100MB",8,1000000,3475,3475,0,0.000,188.913,1692,57237685
"benchmark-example:english-extra-8-cpu","bd/english.100MB",8,1000000,3475,3475,0,0.000,188.913,1693,57239764
"benchmark-example:english-extra-8-cpu","bd/english.100MB",8,1000000,3475,3475,0,0.000,188.913,1694,57248514
"benchmark-example:english-extra-8-cpu","bd/english.100MB",8,1000000,3475,3475,0,0.000,188.913,1695,57267737
"benchmark-example:english-extra-8-cpu","bd/english.100MB",8,1000000,3475,3475,0,0.000,188.913,1696,57267764
"benchmark-example:english-extra-8-cpu","bd/english.100MB",8,1000000,3475,3475,0,0.000,188.913,1697,57269120
"benchmark-example:english-extra-8-cpu","bd/english.100MB",8,1000000,3475,3475,0,0.000,188.913,1698,57272920
"benchmark-example:english-extra-8-cpu","bd/english.100MB",8,1000000,3475,3475,0,0.000,188.913,1699,57273592
"benchmark-example:english-extra-8-cpu","bd/english.100MB",8,1000000,3475,3475,0,0.000,188.913,1700,57274372
"benchmark-example:english-extra-8-cpu","bd/english.100MB",8,1000000,3475,3475,0,0.000,188.913,1701,57283867
"benchmark-example:english-extra-8-cpu","bd/english.100MB",8,1000000,3475,3475,0,0.000,188.913,1702,57308832
"benchmark-example:english-extra-8-cpu","bd/english.100MB",8,1000000,3475,3475,0,0.000,188.913,1703,57352398
"benchmark-example:english-extra-8-cpu","bd/english.100MB",8,1000000,3475,3475,0,0.000,188.913,1704,57353846
"benchmark-example:english-extra-8-cpu","bd/english.100MB",8,1000000,3475,3475,0,0.000,188.913,1705,57367800
"benchmark-example:english-extra-8-cpu","bd/english.100MB",8,1000000,3475,3475,0,0.000,188.913,1706,57370930
"benchmark-example:english-extra-8-cpu","bd/english.100MB",8,1000000,3475,3475,0,0.000,188.913,1707,57383321
"benchmark-example:english-extra-8-cpu","bd/english.100MB",8,1000000,3475,3475,0,0.000,188.913,1708,57399191
"benchmark-example:english-extra-8-cpu","bd/english.100MB",8,1000000,3475,3475,0,0.000,188.913,1709,57441676
"benchmark-example:english-extra-8-cpu","bd/english.100MB",8,1000000,3475,3475,0,0.000,188.913,1710,57497130
"benchmark-example:english-extra-8-cpu","bd/english.100MB",8,1000000,3475,3475,0,0.000,188.913,1711,57552150
"benchmark-example:english-extra-8-cpu","bd/english.100MB",8,1000000,3475,3475,0,0.000,188.913,1712,57552247
"benchmark-example:english-extra-8-cpu","bd/english.100MB",8,1000000,3475,3475,0,0.000,188.913,1713,57573765
"benchmark-example:english-extra-8-cpu","bd/english.100MB",8,1000000,3475,3475,0,0.000,188.913,1714,57576357
"benchmark-example:english-extra-8-cpu","bd/english.100MB",8,1000000,3475,3475,0,0.000,188.913,1715,57585613
"benchmark-example:english-extra-8-cpu","bd/english.100MB",8,1000000,3475,3475,0,0.000,188.913,1716,57592598
"benchmark-example:english-extra-8-cpu","bd/english.100MB",8,1000000,3475,3475,0,0.000,188.913,1717,57651881
"benchmark-example:english-extra-8-cpu","bd/english.100MB",8,1000000,3475,3475,0,0.000,188.913,1718,57654294
"benchmark-example:english-extra-8-cpu","bd/english.100MB",8,1000000,3475,3475,0,0.000,188.913,1719,57654888
"benchmark-example:english-extra-8-cpu","bd/english.100MB",8,1000000,3475,3475,0,0.000,188.913,1720,57771746
"benchmark-example:english-extra-8-cpu","bd/english.100MB",8,1000000,3475,3475,0,0.000,188.913,1721,57782881
"benchmark-example:english-extra-8-cpu","bd/english.100MB",8,1000000,3475,3475,0,0.000,188.913,1722,57942584
"benchmark-example:english-extra-8-cpu","bd/english.100MB",8,1000000,3475,3475,0,0.000,188.913,1723,58021333
"benchmark-example:english-extra-8-cpu","bd/english.100MB",8,1000000,3475,3475,0,0.000,188.913,1724,58042152
"benchmark-example:english-extra-8-cpu","bd/english.100MB",8,1000000,3475,3475,0,0.000,188.913,1725,58158606
"benchmark-example:english-extra-8-cpu","bd/english.100MB",8,1000000,3475,3475,0,0.000,188.913,1726,58296290
"benchmark-example:english-extra-8-cpu","bd/english.100MB",8,1000000,3475,3475,0,0.000,188.913,1727,58297770
"benchmark-example:english-extra-8-cpu","bd/english.100MB",8,1000000,3475,3475,0,0.000,188.913,1728,58320816
"benchmark-example:english-extra-8-cpu","bd/english.100MB",8,1000000,3475,3475,0,0.000,188.913,1729,58348835
"benchmark-example:english-extra-8-cpu","bd/english.100MB",8,1000000,3475,3475,0,0.000,188.913,1730,58422273
"benchmark-example:english-extra-8-cpu","bd/english.100MB",8,1000000,3475,3475,0,0.000,188.913,1731,58425020
"benchmark-example:english-extra-8-cpu","bd/english.100MB",8,1000000,3475,3475,0,0.000,188.913,1732,58485270
"benchmark-example:english-extra-8-cpu","bd/english.100MB",8,1000000,3475,3475,0,0.000,188.913,1733,58509576
"benchmark-example:english-extra-8-cpu","bd/english.100MB",8,1000000,3475,3475,0,0.000,188.913,1734,58555652
"benchmark-example:english-extra-8-cpu","bd/english.100MB",8,1000000,3475,3475,0,0.000,188.913,1735,58744321
"benchmark-example:english-extra-8-cpu","bd/english.100MB",8,1000000,3475,3475,0,0.000,188.913,1736,58855151
"benchmark-example:english-extra-8-cpu","bd/english.100MB",8,1000000,3475,3475,0,0.000,188.913,1737,58992948
"benchmark-example:english-extra-8-cpu","bd/english.100MB",8,1000000,3475,3475,0,0.000,188.913,1738,59056669
"benchmark-example:english-extra-8-cpu","bd/english.100MB",8,1000000,3475,3475,0,0.000,188.913,1739,59115244
"benchmark-example:english-extra-8-cpu","bd/english.100MB",8,1000000,3475,3475,0,0.000,188.913,1740,59165564
"benchmark-example:english-extra-8-cpu","bd/english.100MB",8,1000000,3475,3475,0,0.000,188.913,1741,59196602
"benchmark-example:english-extra-8-cpu","bd/english.100MB",8,1000000,3475,3475,0,0.000,188.913,1742,59356053
"benchmark-example:english-extra-8-cpu","bd/english.100MB",8,1000000,3475,3475,0,0.000,188.913,1743,59356144
"benchmark-example:english-extra-8-cpu","bd/english.100MB",8,1000000,3475,3475,0,0.000,188.913,1744,59360665
"benchmark-example:english-extra-8-cpu","bd/english.100MB",8,1000000,3475,3475,0,0.000,188.913,1745,59360937
"benchmark-example:english-extra-8-cpu","bd/english.100MB",8,1000000,3475,3475,0,0.000,188.913,1746,59362367
"benchmark-example:english-extra-8-cpu","bd/english.100MB",8,1000000,3475,3475,0,0.000,188.913,1747,59390705
"benchmark-example:english-extra-8-cpu","bd/english.100MB",8,1000000,3475,3475,0,0.000,188.913,1748,59421146
"benchmark-example:english-extra-8-cpu","bd/english.100MB",8,1000000,3475,3475,0,0.000,188.913,1749,59433165
"benchmark-example:english-extra-8-cpu","bd/english.100MB",8,1000000,3475,3475,0,0.000,188.913,1750,59576193
"benchmark-example:english-extra-8-cpu","bd/english.100MB",8,1000000,3475,3475,0,0.000,188.913,1751,59585345
"benchmark-example:english-extra-8-cpu","bd/english.100MB",8,1000000,3475,3475,0,0.000,188.913,1752,59588087
"benchmark-example:english-extra-8-cpu","bd/english.100MB",8,1000000,3475,3475,0,0.000,188.913,1753,59629004
"benchmark-example:english-extra-8-cpu","bd/english.100MB",8,1000000,3475,3475,0,0.000,188.913,1754,59661116
"benchmark-example:english-extra-8-cpu","bd/english.100MB",8,1000000,3475,3475,0,0.000,188.913,1755,59675186
"benchmark-example:english-extra-8-cpu","bd/english.100MB",8,1000000,3475,3475,0,0.000,188.913,1756,59675528
"benchmark-example:english-extra-8-cpu","bd/english.100MB",8,1000000,3475,3475,0,0.000,188.913,1757,59689294
"benchmark-example:english-extra-8-cpu","bd/english.100MB",8,1000000,3475,3475,0,0.000,188.913,1758,59691432
"benchmark-example:english-extra-8-cpu","bd/english.100MB",8,1000000,3475,3475,0,0.000,188.913,1759,59701459
"benchmark-example:english-extra-8-cpu","bd/english.100MB",8,1000000,3475,3475,0,0.000,188.913,1760,59701723
"benchmark-example:english-extra-8-cpu","bd/english.100MB",8,1000000,3475,3475,0,0.000,188.913,1761,59701762
"benchmark-example:english-extra-8-cpu","bd/english.100MB",8,1000000,3475,3475,0,0.000,188.913,1762,59740046
"benchmark-example:english-extra-8-cpu","bd/english.100MB",8,1000000,3475,3475,0,0.000,188.913,1763,59886777
"benchmark-example:english-extra-8-cpu","bd/english.100MB",8,1000000,3475,3475,0,0.000,188.913,1764,59959559
"benchmark-example:english-extra-8-cpu","bd/english.100MB",8,1000000,3475,3475,0,0.000,188.913,1765,59965883
"benchmark-example:english-extra-8-cpu","bd/english.100MB",8,1000000,3475,3475,0,0.000,188.913,1766,59998114
"benchmark-example:english-extra-8-cpu","bd/english.100MB",8,1000000,3475,3475,0,0.000,188.913,1767,60007453
"benchmark-example:english-extra-8-cpu","bd/english.100MB",8,1000000,3475,3475,0,0.000,188.913,1768,60103326
"benchmark-example:english-extra-8-cpu","bd/english.100MB",8,1000000,3475,3475,0,0.000,188.913,1769,60152302
"benchmark-example:english-extra-8-cpu","bd/english.100MB",8,1000000,3475,3475,0,0.000,188.913,1770,60195413
"benchmark-example:english-extra-8-cpu","bd/english.100MB",8,1000000,3475,3475,0,0.000,188.913,1771,60294681
"benchmark-example:english-extra-8-cpu","bd/english.100MB",8,1000000,3475,3475,0,0.000,188.913,1772,60296279
"benchmark-example:english-extra-8-cpu","bd/english.100MB",8,1000000,3475,3475,0,0.000,188.913,1773,60308346
"benchmark-example:english-extra-8-cpu","bd/english.100MB",8,1000000,3475,3475,0,0.000,188.913,1774,60312948
"benchmark-example:english-extra-8-cpu","bd/english.100MB",8,1000000,3475,3475,0,0.000,188.913,1775,60325323
"benchmark-example:english-extra-8-cpu","bd/english.100MB",8,1000000,3475,3475,0,0.000,188.913,1776,60378859
"benchmark-example:english-extra-8-cpu","bd/english.100MB",8,1000000,3475,3475,0,0.000,188.913,1777,60564904
"benchmark-example:english-extra-8-cpu","bd/english.100MB",8,1000000,3475,3475,0,0.000,188.913,1778,60574584
"benchmark-example:english-extra-8-cpu","bd/english.100MB",8,1000000,3475,3475,0,0.000,188.913,1779,60604070
"benchmark-example:english-extra-8-cpu","bd/english.100MB",8,1000000,3475,3475,0,0.000,188.913,1780,60655048
"benchmark-example:english-extra-8-cpu","bd/english.100MB",8,1000000,3475,3475,0,0.000,188.913,1781,60714840
"benchmark-example:english-extra-8-cpu","bd/english.100MB",8,1000000,3475,3475,0,0.000,188.913,1782,60761747
"benchmark-example:english-extra-8-cpu","bd/english.100MB",8,1000000,3475,3475,0,0.000,188.913,1783,60861489
"benchmark-example:english-extra-8-cpu","bd/english.100MB",8,1000000,3475,3475,0,0.000,188.913,1784,60901776
"benchmark-example:english-extra-8-cpu","bd/english.100MB",8,1000000,3475,3475,0,0.000,188.913,1785,60946623
"benchmark-example:english-extra-8-cpu","bd/english.100MB",8,1000000,3475,3475,0,0.000,188.913,1786,60948594
"benchmark-example:english-extra-8-cpu","bd/english.100MB",8,1000000,3475,3475,0,0.000,188.913,1787,60994153
"benchmark-example:english-extra-8-cpu","bd/english.100MB",8,1000000,3475,3475,0,0.000,188.913,1788,60997303
"benchmark-example:english-extra-8-cpu","bd/english.100MB",8,1000000,3475,3475,0,0.000,188.913,1789,61001362
"benchmark-example:english-extra-8-cpu","bd/english.100MB",8,1000000,3475,3475,0,0.000,188.913,1790,61004271
"benchmark-example:english-extra-8-cpu","bd/english.100MB",8,1000000,3475,3475,0,0.000,188.913,1791,61005513
"benchmark-example:english-extra-8-cpu","bd/english.100MB",8,1000000,3475,3475,0,0.000,188.913,1792,61006497
"benchmark-example:english-extra-8-cpu","bd/english.100MB",8,1000000,3475,3475,0,0.000,188.913,1793,61043146
"benchmark-example:english-extra-8-cpu","bd/english.100MB",8,1000000,3475,3475,0,0.000,188.913,1794,61060355
"benchmark-example:english-extra-8-cpu","bd/english.100MB",8,1000000,3475,3475,0,0.000,188.913,1795,61075936
"benchmark-example:english-extra-8-cpu","bd/english.100MB",8,1000000,3475,3475,0,0.000,188.913,1796,61104198
"benchmark-example:english-extra-8-cpu","bd/english.100MB",8,1000000,3475,3475,0,0.000,188.913,1797,61141035
"benchmark-example:english-extra-8-cpu","bd/english.100MB",8,1000000,3475,3475,0,0.000,188.913,1798,61156432
"benchmark-example:english-extra-8-cpu","bd/english.100MB",8,1000000,3475,3475,0,0.000,188.913,1799,61159076
"benchmark-example:english-extra-8-cpu","bd/english.100MB",8,1000000,3475,3475,0,0.000,188.913,1800,61196157
"benchmark-example:english-extra-8-cpu","bd/english.100MB",8,1000000,3475,3475,0,0.000,188.913,1801,61287674
"benchmark-example:english-extra-8-cpu","bd/english.100MB",8,1000000,3475,3475,0,0.000,188.913,1802,61299282
"benchmark-example:english-extra-8-cpu","bd/english.100MB",8,1000000,3475,3475,0,0.000,188.913,1803,61312723
"benchmark-example:english-extra-8-cpu","bd/english.100MB",8,1000000,3475,3475,0,0.000,188.913,1804,61327068
"benchmark-example:english-extra-8-cpu","bd/english.100MB",8,1000000,3475,3475,0,0.000,188.913,1805,61331026
"benchmark-example:english-extra-8-cpu","bd/english.100MB",8,1000000,3475,3475,0,0.000,188.913,1806,61357819
"benchmark-example:english-extra-8-cpu","bd/english.100MB",8,1000000,3475,3475,0,0.000,188.913,1807,61398713
"benchmark-example:english-extra-8-cpu","bd/english.100MB",8,1000000,3475,3475,0,0.000,188.913,1808,61420188
"benchmark-example:english-extra-8-cpu","bd/english.100MB",8,1000000,3475,3475,0,0.000,188.913,1809,61429706
"benchmark-example:english-extra-8-cpu","bd/english.100MB",8,1000000,3475,3475,0,0.000,188.913,1810,61444424
"benchmark-example:english-extra-8-cpu","bd/english.100MB",8,1000000,3475,3475,0,0.000,188.913,1811,61445761
"benchmark-example:english-extra-8-cpu","bd/english.100MB",8,1000000,3475,3475,0,0.000,188.913,1812,61473802
"benchmark-example:english-extra-8-cpu","bd/english.100MB",8,1000000,3475,3475,0,0.000,188.913,1813,61474603
"benchmark-example:english-extra-8-cpu","bd/english.100MB",8,1000000,3475,3475,0,0.000,188.913,1814,61484875
"benchmark-example:english-extra-8-cpu","bd/english.100MB",8,1000000,3475,3475,0,0.000,188.913,1815,61523947
"benchmark-example:english-extra-8-cpu","bd/english.100MB",8,1000000,3475,3475,0,0.000,188.913,1816,61560242
"benchmark-example:english-extra-8-cpu","bd/english.100MB",8,1000000,3475,3475,0,0.000,188.913,1817,61571698
"benchmark-example:english-extra-8-cpu","bd/english.100MB",8,1000000,3475,3475,0,0.000,188.913,1818,61612444
"benchmark-example:english-extra-8-cpu","bd/english.100MB",8,1000000,3475,3475,0,0.000,188.913,1819,61666862
"benchmark-example:english-extra-8-cpu","bd/english.100MB",8,1000000,3475,3475,0,0.000,188.913,1820,61667375
"benchmark-example:english-extra-8-cpu","bd/english.100MB",8,1000000,3475,3475,0,0.000,188.913,1821,61695002
"benchmark-example:english-extra-8-cpu","bd/english.100MB",8,1000000,3475,3475,0,0.000,188.913,1822,61699204
"benchmark-example:english-extra-8-cpu","bd/english.100MB",8,1000000,3475,3475,0,0.000,188.913,1823,61742054
"benchmark-example:english-extra-8-cpu","bd/english.100MB",8,1000000,3475,3475,0,0.000,188.913,1824,61757721
"benchmark-example:english-extra-8-cpu","bd/english.100MB",8,1000000,3475,3475,0,0.000,188.913,1825,61794023
"benchmark-example:english-extra-8-cpu","bd/english.100MB",8,1000000,3475,3475,0,0.000,188.913,1826,61826151
"benchmark-example:english-extra-8-cpu","bd/english.100MB",8,1000000,3475,3475,0,0.000,188.913,1827,61852808
"benchmark-example:english-extra-8-cpu","bd/english.100MB",8,1000000,3475,3475,0,0.000,188.913,1828,61902896
"benchmark-example:english-extra-8-cpu","bd/english.100MB",8,1000000,3475,3475,0,0.000,188.913,1829,61914078
"benchmark-example:english-extra-8-cpu","bd/english.100MB",8,1000000,3475,3475,0,0.000,188.913,1830,61920688
"benchmark-example:english-extra-8-cpu","bd/english.100MB",8,1000000,3475,3475,0,0.000,188.913,1831,61943006
"benchmark-example:english-extra-8-cpu","bd/english.100MB",8,1000000,3475,3475,0,0.000,188.913,1832,61948019
"benchmark-example:english-extra-8-cpu","bd/english.100MB",8,1000000,3475,3475,0,0.000,188.913,1833,61963461
"benchmark-example:english-extra-8-cpu","bd/english.100MB",8,1000000,3475,3475,0,0.000,188.913,1834,61976670
"benchmark-example:english-extra-8-cpu","bd/english.100MB",8,1000000,3475,3475,0,0.000,188.913,1835,61979890
"benchmark-example:english-extra-8-cpu","bd/english.100MB",8,1000000,3475,3475,0,0.000,188.913,1836,61987096
"benchmark-example:english-extra-8-cpu","bd/english.100MB",8,1000000,3475,3475,0,0.000,188.913,1837,62002314
"benchmark-example:english-extra-8-cpu","bd/english.100MB",8,1000000,3475,3475,0,0.000,188.913,1838,62002428
"benchmark-example:english-extra-8-cpu","bd/english.100MB",8,1000000,3475,3475,0,0.000,188.913,1839,62015096
"benchmark-example:english-extra-8-cpu","bd/english.100MB",8,1000000,3475,3475,0,0.000,188.913,1840,62021889
"benchmark-example:english-extra-8-cpu","bd/english.100MB",8,1000000,3475,3475,0,0.000,188.913,1841,62034147
"benchmark-example:english-extra-8-cpu","bd/english.100MB",8,1000000,3475,3475,0,0.000,188.913,1842,62064268
"benchmark-example:english-extra-8-cpu","bd/english.100MB",8,1000000,3475,3475,0,0.000,188.913,1843,62071844
"benchmark-example:english-extra-8-cpu","bd/english.100MB",8,1000000,3475,3475,0,0.000,188.913,1844,62072056
"benchmark-example:english-extra-8-cpu","bd/english.100MB",8,1000000,3475,3475,0,0.000,188.913,1845,62096680
"benchmark-example:english-extra-8-cpu","bd/english.100MB",8,1000000,3475,3475,0,0.000,188.913,1846,62126034
"benchmark-example:english-extra-8-cpu","bd/english.100MB",8,1000000,3475,3475,0,0.000,188.913,1847,62174970
"benchmark-example:english-extra-8-cpu","bd/english.100MB",8,1000000,3475,3475,0,0.000,188.913,1848,62208689
"benchmark-example:english-extra-8-cpu","bd/english.100MB",8,1000000,3475,3475,0,0.000,188.913,1849,62228384
"benchmark-example:english-extra-8-cpu","bd/english.100MB",8,1000000,3475,3475,0,0.000,188.913,1850,62254046
"benchmark-example:english-extra-8-cpu","bd/english.100MB",8,1000000,3475,3475,0,0.000,188.913,1851,62254668
"benchmark-example:english-extra-8-cpu","bd/english.100MB",8,1000000,3475,3475,0,0.000,188.913,1852,62267580
"benchmark-example:english-extra-8-cpu","bd/english.100MB",8,1000000,3475,3475,0,0.000,188.913,1853,62446797
"benchmark-example:english-extra-8-cpu","bd/english.100MB",8,1000000,3475,3475,0,0.000,188.913,1854,62449252
"benchmark-example:english-extra-8-cpu","bd/english.100MB",8,1000000,3475,3475,0,0.000,188.913,1855,62523805
"benchmark-example:english-extra-8-cpu","bd/english.100MB",8,1000000,3475,3475,0,0.000,188.913,1856,62569607
"benchmark-example:english-extra-8-cpu","bd/english.100MB",8,1000000,3475,3475,0,0.000,188.913,1857,62600578
"benchmark-example:english-extra-8-cpu","bd/english.100MB",8,1000000,3475,3475,0,0.000,188.913,1858,62645644
"benchmark-example:english-extra-8-cpu","bd/english.100MB",8,1000000,3475,3475,0,0.000,188.913,1859,62648458
"benchmark-example:english-extra-8-cpu","bd/english.100MB",8,1000000,3475,3475,0,0.000,188.913,1860,62672601
"benchmark-example:english-extra-8-cpu","bd/english.100MB",8,1000000,3475,3475,0,0.000,188.913,1861,62674780
"benchmark-example:english-extra-8-cpu","bd/english.100MB",8,1000000,3475,3475,0,0.000,188.913,1862,62681032
"benchmark-example:english-extra-8-cpu","bd/english.100MB",8,1000000,3475,3475,0,0.000,188.913,1863,62682239
"benchmark-example:english-extra-8-cpu","bd/english.100MB",8,1000000,3475,3475,0,0.000,188.913,1864,62685050
"benchmark-example:english-extra-8-cpu","bd/english.100MB",8,1000000,3475,3475,0,0.000,188.913,1865,62694995
"benchmark-example:english-extra-8-cpu","bd/english.100MB",8,1000000,3475,3475,0,0.000,188.913,1866,62707474
"benchmark-example:english-extra-8-cpu","bd/english.100MB",8,1000000,3475,3475,0,0.000,188.913,1867,62707694
"benchmark-example:english-extra-8-cpu","bd/english.100MB",8,1000000,3475,3475,0,0.000,188.913,1868,62785228
"benchmark-example:english-extra-8-cpu","bd/english.100MB",8,1000000,3475,3475,0,0.000,188.913,1869,62795535
"benchmark-example:english-extra-8-cpu","bd/english.100MB",8,1000000,3475,3475,0,0.000,188.913,1870,62852222
"benchmark-example:english-extra-8-cpu","bd/english.100MB",8,1000000,3475,3475,0,0.000,188.913,1871,62907320
"benchmark-example:english-extra-8-cpu","bd/english.100MB",8,1000000,3475,3475,0,0.000,188.913,1872,62916348
"benchmark-example:english-extra-8-cpu","bd/english.100MB",8,1000000,3475,3475,0,0.000,188.913,1873,62916511
"benchmark-example:english-extra-8-cpu","bd/english.100MB",8,1000000,3475,3475,0,0.000,188.913,1874,62927524
"benchmark-example:english-extra-8-cpu","bd/english.100MB",8,1000000,3475,3475,0,0.000,188.913,1875,62977511
"benchmark-example:english-extra-8-cpu","bd/english.100MB",8,1000000,3475,3475,0,0.000,188.913,1876,62992953
"benchmark-example:english-extra-8-cpu","bd/english.100MB",8,1000000,3475,3475,0,0.000,188.913,1877,63006162
"benchmark-example:english-extra-8-cpu","bd/english.100MB",8,1000000,3475,3475,0,0.000,188.913,1878,63009382
"benchmark-example:english-extra-8-cpu","bd/english.100MB",8,1000000,3475,3475,0,0.000,188.913,1879,63016587
"benchmark-example:english-extra-8-cpu","bd/english.100MB",8,1000000,3475,3475,0,0.000,188.913,1880,63031805
"benchmark-example:english-extra-8-cpu","bd/english.100MB",8,1000000,3475,3475,0,0.000,188.913,1881,63031919
"benchmark-example:english-extra-8-cpu","bd/english.100MB",8,1000000,3475,3475,0,0.000,188.913,1882,63044587
"benchmark-example:english-extra-8-cpu","bd/english.100MB",8,1000000,3475,3475,0,0.000,188.913,1883,63051380
"benchmark-example:english-extra-8-cpu","bd/english.100MB",8,1000000,3475,3475,0,0.000,188.913,1884,63063638
"benchmark-example:english-extra-8-cpu","bd/english.100MB",8,1000000,3475,3475,0,0.000,188.913,1885,63093759
"benchmark-example:english-extra-8-cpu","bd/english.100MB",8,1000000,3475,3475,0,0.000,188.913,1886,63101335
"benchmark-example:english-extra-8-cpu","bd/english.100MB",8,1000000,3475,3475,0,0.000,188.913,1887,63101547
"benchmark-example:english-extra-8-cpu","bd/english.100MB",8,1000000,3475,3475,0,0.000,188.913,1888,63126171
"benchmark-example:english-extra-8-cpu","bd/english.100MB",8,1000000,3475,3475,0,0.000,188.913,1889,63155525
"benchmark-example:english-extra-8-cpu","bd/english.100MB",8,1000000,3475,3475,0,0.000,188.913,1890,63204463
"benchmark-example:english-extra-8-cpu","bd/english.100MB",8,1000000,3475,3475,0,0.000,188.913,1891,63238182
"benchmark-example:english-extra-8-cpu","bd/english.100MB",8,1000000,3475,3475,0,0.000,188.913,1892,63257877
"benchmark-example:english-extra-8-cpu","bd/english.100MB",8,1000000,3475,3475,0,0.000,188.913,1893,63283539
"benchmark-example:english-extra-8-cpu","bd/english.100MB",8,1000000,3475,3475,0,0.000,188.913,1894,63284161
"benchmark-example:english-extra-8-cpu","bd/english.100MB",8,1000000,3475,3475,0,0.000,188.913,1895,63297073
"benchmark-example:english-extra-8-cpu","bd/english.100MB",8,1000000,3475,3475,0,0.000,188.913,1896,63476290
"benchmark-example:english-extra-8-cpu","bd/english.100MB",8,1000000,3475,3475,0,0.000,188.913,1897,63478745
"benchmark-example:english-extra-8-cpu","bd/english.100MB",8,1000000,3475,3475,0,0.000,188.913,1898,63553298
"benchmark-example:english-extra-8-cpu","bd/english.100MB",8,1000000,3475,3475,0,0.000,188.913,1899,63599100
"benchmark-example:english-extra-8-cpu","bd/english.100MB",8,1000000,3475,3475,0,0.000,188.913,1900,63630071
"benchmark-example:english-extra-8-cpu","bd/english.100MB",8,1000000,3475,3475,0,0.000,188.913,1901,63675137
"benchmark-example:english-extra-8-cpu","bd/english.100MB",8,1000000,3475,3475,0,0.000,188.913,1902,63677951
"benchmark-example:english-extra-8-cpu","bd/english.100MB",8,1000000,3475,3475,0,0.000,188.913,1903,63702094
"benchmark-example:english-extra-8-cpu","bd/english.100MB",8,1000000,3475,3475,0,0.000,188.913,1904,63704273
"benchmark-example:english-extra-8-cpu","bd/english.100MB",8,1000000,3475,3475,0,0.000,188.913,1905,63710525
"benchmark-example:english-extra-8-cpu","bd/english.100MB",8,1000000,3475,3475,0,0.000,188.913,1906,63711732
"benchmark-example:english-extra-8-cpu","bd/english.100MB",8,1000000,3475,3475,0,0.000,188.913,1907,63714543
"benchmark-example:english-extra-8-cpu","bd/english.100MB",8,1000000,3475,3475,0,0.000,188.913,1908,63724488
"benchmark-example:english-extra-8-cpu","bd/english.100MB",8,1000000,3475,3475,0,0.000,188.913,1909,63736967
"benchmark-example:english-extra-8-cpu","bd/english.100MB",8,1000000,3475,3475,0,0.000,188.913,1910,63737187
"benchmark-example:english-extra-8-cpu","bd/english.100MB",8,1000000,3475,3475,0,0.000,188.913,1911,63814726
"benchmark-example:english-extra-8-cpu","bd/english.100MB",8,1000000,3475,3475,0,0.000,188.913,1912,63825037
"benchmark-example:english-extra-8-cpu","bd/english.100MB",8,1000000,3475,3475,0,0.000,188.913,1913,63881721
"benchmark-example:english-extra-8-cpu","bd/english.100MB",8,1000000,3475,3475,0,0.000,188.913,1914,63936819
"benchmark-example:english-extra-8-cpu","bd/english.100MB",8,1000000,3475,3475,0,0.000,188.913,1915,63945847
"benchmark-example:english-extra-8-cpu","bd/english.100MB",8,1000000,3475,3475,0,0.000,188.913,1916,63946010
"benchmark-example:english-extra-8-cpu","bd/english.100MB",8,1000000,3475,3475,0,0.000,188.913,1917,63957023
"benchmark-example:english-extra-8-cpu","bd/english.100MB",8,1000000,3475,3475,0,0.000,188.913,1918,64029248
"benchmark-example:english-extra-8-cpu","bd/english.100MB",8,1000000,3475,3475,0,0.000,188.913,1919,64108315
"benchmark-example:english-extra-8-cpu","bd/english.100MB",8,1000000,3475,3475,0,0.000,188.913,1920,64209202
"benchmark-example:english-extra-8-cpu","bd/english.100MB",8,1000000,3475,3475,0,0.000,188.913,1921,64232424
"benchmark-example:english-extra-8-cpu","bd/english.100MB",8,1000000,3475,3475,0,0.000,188.913,1922,64240888
"benchmark-example:english-extra-8-cpu","bd/english.100MB",8,1000000,3475,3475,0,0.000,188.913,1923,64442611
"benchmark-example:english-extra-8-cpu","bd/english.100MB",8,1000000,3475,3475,0,0.000,188.913,1924,64490539
"benchmark-example:english-extra-8-cpu","bd/english.100MB",8,1000000,3475,3475,0,0.000,188.913,1925,64516347
"benchmark-example:english-extra-8-cpu","bd/english.100MB",8,1000000,3475,3475,0,0.000,188.913,1926,64648381
"benchmark-example:english-extra-8-cpu","bd/english.100MB",8,1000000,3475,3475,0,0.000,188.913,1927,64725280
"benchmark-example:english-extra-8-cpu","bd/english.100MB",8,1000000,3475,3475,0,0.000,188.913,1928,64783495
"benchmark-example:english-extra-8-cpu","bd/english.100MB",8,1000000,3475,3475,0,0.000,188.913,1929,64803686
"benchmark-example:english-extra-8-cpu","bd/english.100MB",8,1000000,3475,3475,0,0.000,188.913,1930,64809387
"benchmark-example:english-extra-8-cpu","bd/english.100MB",8,1000000,3475,3475,0,0.000,188.913,1931,64884368
"benchmark-example:english-extra-8-cpu","bd/english.100MB",8,1000000,3475,3475,0,0.000,188.913,1932,64897964
"benchmark-example:english-extra-8-cpu","bd/english.100MB",8,1000000,3475,3475,0,0.000,188.913,1933,64923781
"benchmark-example:english-extra-8-cpu","bd/english.100MB",8,1000000,3475,3475,0,0.000,188.913,1934,64975775
"benchmark-example:english-extra-8-cpu","bd/english.100MB",8,1000000,3475,3475,0,0.000,188.913,1935,65054841
"benchmark-example:english-extra-8-cpu","bd/english.100MB",8,1000000,3475,3475,0,0.000,188.913,1936,65155725
"benchmark-example:english-extra-8-cpu","bd/english.100MB",8,1000000,3475,3475,0,0.000,188.913,1937,65178947
"benchmark-example:english-extra-8-cpu","bd/english.100MB",8,1000000,3475,3475,0,0.000,188.913,1938,65187411
"benchmark-example:english-extra-8-cpu","bd/english.100MB",8,1000000,3475,3475,0,0.000,188.913,1939,65389134
"benchmark-example:english-extra-8-cpu","bd/english.100MB",8,1000000,3475,3475,0,0.000,188.913,1940,65437062
"benchmark-example:english-extra-8-cpu","bd/english.100MB",8,1000000,3475,3475,0,0.000,188.913,1941,65462866
"benchmark-example:english-extra-8-cpu","bd/english.100MB",8,1000000,3475,3475,0,0.000,188.913,1942,65594898
"benchmark-example:english-extra-8-cpu","bd/english.100MB",8,1000000,3475,3475,0,0.000,188.913,1943,65671789
"benchmark-example:english-extra-8-cpu","bd/english.100MB",8,1000000,3475,3475,0,0.000,188.913,1944,65729998
"benchmark-example:english-extra-8-cpu","bd/english.100MB",8,1000000,3475,3475,0,0.000,188.913,1945,65750188
"benchmark-example:english-extra-8-cpu","bd/english.100MB",8,1000000,3475,3475,0,0.000,188.913,1946,65755888
"benchmark-example:english-extra-8-cpu","bd/english.100MB",8,1000000,3475,3475,0,0.000,188.913,1947,65830856
"benchmark-example:english-extra-8-cpu","bd/english.100MB",8,1000000,3475,3475,0,0.000,188.913,1948,65844450
"benchmark-example:english-extra-8-cpu","bd/english.100MB",8,1000000,3475,3475,0,0.000,188.913,1949,65870261
"benchmark-example:english-extra-8-cpu","bd/english.100MB",8,1000000,3475,3475,0,0.000,188.913,1950,65898625
"benchmark-example:english-extra-8-cpu","bd/english.100MB",8,1000000,3475,3475,0,0.000,188.913,1951,65973216
"benchmark-example:english-extra-8-cpu","bd/english.100MB",8,1000000,3475,3475,0,0.000,188.913,1952,65973506
"benchmark-example:english-extra-8-cpu","bd/english.100MB",8,1000000,3475,3475,0,0.000,188.913,1953,65975153
"benchmark-example:english-extra-8-cpu","bd/english.100MB",8,1000000,3475,3475,0,0.000,188.913,1954,65979473
"benchmark-example:english-extra-8-cpu","bd/english.100MB",8,1000000,3475,3475,0,0.000,188.913,1955,65979752
"benchmark-example:english-extra-8-cpu","bd/english.100MB",8,1000000,3475,3475,0,0.000,188.913,1956,65983545
"benchmark-example:english-extra-8-cpu","bd/english.100MB",8,1000000,3475,3475,0,0.000,188.913,1957,65983791
"benchmark-example:english-extra-8-cpu","bd/english.100MB",8,1000000,3475,3475,0,0.000,188.913,1958,66015621
"benchmark-example:english-extra-8-cpu","bd/english.100MB",8,1000000,3475,3475,0,0.000,188.913,1959,66016573
"benchmark-example:english-extra-8-cpu","bd/english.100MB",8,1000000,3475,3475,0,0.000,188.913,1960,66017345
"benchmark-example:english-extra-8-cpu","bd/english.100MB",8,1000000,3475,3475,0,0.000,188.913,1961,66017395
"benchmark-example:english-extra-8-cpu","bd/english.100MB",8,1000000,3475,3475,0,0.000,188.913,1962,66030761
"benchmark-example:english-extra-8-cpu","bd/english.100MB",8,1000000,3475,3475,0,0.000,188.913,1963,66030800
"benchmark-example:english-extra-8-cpu","bd/english.100MB",8,1000000,3475,3475,0,0.000,188.913,1964,66067716
"benchmark-example:english-extra-8-cpu","bd/english.100MB",8,1000000,3475,3475,0,0.000,188.913,1965,66083882
"benchmark-example:english-extra-8-cpu","bd/english.100MB",8,1000000,3475,3475,0,0.000,188.913,1966,66084392
"benchmark-example:english-extra-8-cpu","bd/english.100MB",8,1000000,3475,3475,0,0.000,188.913,1967,66104209
"benchmark-example:english-extra-8-cpu","bd/english.100MB",8,1000000,3475,3475,0,0.000,188.913,1968,66111315
"benchmark-example:english-extra-8-cpu","bd/english.100MB",8,1000000,3475,3475,0,0.000,188.913,1969,66121810
"benchmark-example:english-extra-8-cpu","bd/english.100MB",8,1000000,3475,3475,0,0.000,188.913,1970,66164320
"benchmark-example:english-extra-8-cpu","bd/english.100MB",8,1000000,3475,3475,0,0.000,188.913,1971,66167308
"benchmark-example:english-extra-8-cpu","bd/english.100MB",8,1000000,3475,3475,0,0.000,188.913,1972,66182271
"benchmark-example:english-extra-8-cpu","bd/english.100MB",8,1000000,3475,3475,0,0.000,188.913,1973,66186707
"benchmark-example:english-extra-8-cpu","bd/english.100MB",8,1000000,3475,3475,0,0.000,188.913,1974,66192852
"benchmark-example:english-extra-8-cpu","bd/english.100MB",8,1000000,3475,3475,0,0.000,188.913,1975,66192879
"benchmark-example:english-extra-8-cpu","bd/english.100MB",8,1000000,3475,3475,0,0.000,188.913,1976,66203926
"benchmark-example:english-extra-8-cpu","bd/english.100MB",8,1000000,3475,3475,0,0.000,188.913,1977,66228212
"benchmark-example:english-extra-8-cpu","bd/english.100MB",8,1000000,3475,3475,0,0.000,188.913,1978,66276553
"benchmark-example:english-extra-8-cpu","bd/english.100MB",8,1000000,3475,3475,0,0.000,188.913,1979,66283074
"benchmark-example:english-extra-8-cpu","bd/english.100MB",8,1000000,3475,3475,0,0.000,188.913,1980,66297052
"benchmark-example:english-extra-8-cpu","bd/english.100MB",8,1000000,3475,3475,0,0.000,188.913,1981,66351733
"benchmark-example:english-extra-8-cpu","bd/english.100MB",8,1000000,3475,3475,0,0.000,188.913,1982,66360002
"benchmark-example:english-extra-8-cpu","bd/english.100MB",8,1000000,3475,3475,0,0.000,188.913,1983,66360925
"benchmark-example:english-extra-8-cpu","bd/english.100MB",8,1000000,3475,3475,0,0.000,188.913,1984,66379650
"benchmark-example:english-extra-8-cpu","bd/english.100MB",8,1000000,3475,3475,0,0.000,188.913,1985,66395325
"benchmark-example:english-extra-8-cpu","bd/english.100MB",8,1000000,3475,3475,0,0.000,188.913,1986,66440015
"benchmark-example:english-extra-8-cpu","bd/english.100MB",8,1000000,3475,3475,0,0.000,188.913,1987,66442962
"benchmark-example:english-extra-8-cpu","bd/english.100MB",8,1000000,3475,3475,0,0.000,188.913,1988,66485738
"benchmark-example:english-extra-8-cpu","bd/english.100MB",8,1000000,3475,3475,0,0.000,188.913,1989,66533564
"benchmark-example:english-extra-8-cpu","bd/english.100MB",8,1000000,3475,3475,0,0.000,188.913,1990,66599660
"benchmark-example:english-extra-8-cpu","bd/english.100MB",8,1000000,3475,3475,0,0.000,188.913,1991,66625464
"benchmark-example:english-extra-8-cpu","bd/english.100MB",8,1000000,3475,3475,0,0.000,188.913,1992,66653246
"benchmark-example:english-extra-8-cpu","bd/english.100MB",8,1000000,3475,3475,0,0.000,188.913,1993,66662646
"benchmark-example:english-extra-8-cpu","bd/english.100MB",8,1000000,3475,3475,0,0.000,188.913,1994,66670534
"benchmark-example:english-extra-8-cpu","bd/english.100MB",8,1000000,3475,3475,0,0.000,188.913,1995,66670830
"benchmark-example:english-extra-8-cpu","bd/english.100MB",8,1000000,3475,3475,0,0.000,188.913,1996,66694196
"benchmark-example:english-extra-8-cpu","bd/english.100MB",8,1000000,3475,3475,0,0.000,188.913,1997,66703970
"benchmark-example:english-extra-8-cpu","bd/english.100MB",8,1000000,3475,3475,0,0.000,188.913,1998,66743012
"benchmark-example:english-extra-8-cpu","bd/english.100MB",8,1000000,3475,3475,0,0.000,188.913,1999,66789332
"benchmark-example:english-extra-8-cpu","bd/english.100MB",8,1000000,3475,3475,0,0.000,188.913,2000,66817386
"benchmark-example:english-extra-8-cpu","bd/english.100MB",8,1000000,3475,3475,0,0.000,188.913,2001,66833321
"benchmark-example:english-extra-8-cpu","bd/english.100MB",8,1000000,3475,3475,0,0.000,188.913,2002,66837894
"benchmark-example:english-extra-8-cpu","bd/english.100MB",8,1000000,3475,3475,0,0.000,188.913,2003,66870694
"benchmark-example:english-extra-8-cpu","bd/english.100MB",8,1000000,3475,3475,0,0.000,188.913,2004,66898119
"benchmark-example:english-extra-8-cpu","bd/english.100MB",8,1000000,3475,3475,0,0.000,188.913,2005,66906257
"benchmark-example:english-extra-8-cpu","bd/english.100MB",8,1000000,3475,3475,0,0.000,188.913,2006,66924327
"benchmark-example:english-extra-8-cpu","bd/english.100MB",8,1000000,3475,3475,0,0.000,188.913,2007,66925555
"benchmark-example:english-extra-8-cpu","bd/english.100MB",8,1000000,3475,3475,0,0.000,188.913,2008,66938260
"benchmark-example:english-extra-8-cpu","bd/english.100MB",8,1000000,3475,3475,0,0.000,188.913,2009,66943295
"benchmark-example:english-extra-8-cpu","bd/english.100MB",8,1000000,3475,3475,0,0.000,188.913,2010,67043320
"benchmark-example:english-extra-8-cpu","bd/english.100MB",8,1000000,3475,3475,0,0.000,188.913,2011,67065628
"benchmark-example:english-extra-8-cpu","bd/english.100MB",8,1000000,3475,3475,0,0.000,188.913,2012,67069017
"benchmark-example:english-extra-8-cpu","bd/english.100MB",8,1000000,3475,3475,0,0.000,188.913,2013,67076197
"benchmark-example:english-extra-8-cpu","bd/english.100MB",8,1000000,3475,3475,0,0.000,188.913,2014,67123616
"benchmark-example:english-extra-8-cpu","bd/english.100MB",8,1000000,3475,3475,0,0.000,188.913,2015,67148416
"benchmark-example:english-extra-8-cpu","bd/english.100MB",8,1000000,3475,3475,0,0.000,188.913,2016,67149521
"benchmark-example:english-extra-8-cpu","bd/english.100MB",8,1000000,3475,3475,0,0.000,188.913,2017,67151204
"benchmark-example:english-extra-8-cpu","bd/english.100MB",8,1000000,3475,3475,0,0.000,188.913,2018,67164976
"benchmark-example:english-extra-8-cpu","bd/english.100MB",8,1000000,3475,3475,0,0.000,188.913,2019,67169972
"benchmark-example:english-extra-8-cpu","bd/english.100MB",8,1000000,3475,3475,0,0.000,188.913,2020,67181947
"benchmark-example:english-extra-8-cpu","bd/english.100MB",8,1000000,3475,3475,0,0.000,188.913,2021,67189050
"benchmark-example:english-extra-8-cpu","bd/english.100MB",8,1000000,3475,3475,0,0.000,188.913,2022,67199872
"benchmark-example:english-extra-8-cpu","bd/english.100MB",8,1000000,3475,3475,0,0.000,188.913,2023,67230392
"benchmark-example:english-extra-8-cpu","bd/english.100MB",8,1000000,3475,3475,0,0.000,188.913,2024,67253213
"benchmark-example:english-extra-8-cpu","bd/english.100MB",8,1000000,3475,3475,0,0.000,188.913,2025,67381736
"benchmark-example:english-extra-8-cpu","bd/english.100MB",8,1000000,3475,3475,0,0.000,188.913,2026,67384590
"benchmark-example:english-extra-8-cpu","bd/english.100MB",8,1000000,3475,3475,0,0.000,188.913,2027,67384690
"benchmark-example:english-extra-8-cpu","bd/english.100MB",8,1000000,3475,3475,0,0.000,188.913,2028,67392732
"benchmark-example:english-extra-8-cpu","bd/english.100MB",8,1000000,3475,3475,0,0.000,188.913,2029,67397732
"benchmark-example:english-extra-8-cpu","bd/english.100MB",8,1000000,3475,3475,0,0.000,188.913,2030,67422857
"benchmark-example:english-extra-8-cpu","bd/english.100MB",8,1000000,3475,3475,0,0.000,188.913,2031,67484197
"benchmark-example:english-extra-8-cpu","bd/english.100MB",8,1000000,3475,3475,0,0.000,188.913,2032,67561235
"benchmark-example:english-extra-8-cpu","bd/english.100MB",8,1000000,3475,3475,0,0.000,188.913,2033,67594221
"benchmark-example:english-extra-8-cpu","bd/english.100MB",8,1000000,3475,3475,0,0.000,188.913,2034,67611226
"benchmark-example:english-extra-8-cpu","bd/english.100MB",8,1000000,3475,3475,0,0.000,188.913,2035,67613801
"benchmark-example:english-extra-8-cpu","bd/english.100MB",8,1000000,3475,3475,0,0.000,188.913,2036,67671012
"benchmark-example:english-extra-8-cpu","bd/english.100MB",8,1000000,3475,3475,0,0.000,188.913,2037,67695292
"benchmark-example:english-extra-8-cpu","bd/english.100MB",8,1000000,3475,3475,0,0.000,188.913,2038,67732276
"benchmark-example:english-extra-8-cpu","bd/english.100MB",8,1000000,3475,3475,0,0.000,188.913,2039,67742100
"benchmark-example:english-extra-8-cpu","bd/english.100MB",8,1000000,3475,3475,0,0.000,188.913,2040,67742686
"benchmark-example:english-extra-8-cpu","bd/english.100MB",8,1000000,3475,3475,0,0.000,188.913,2041,67783570
"benchmark-example:english-extra-8-cpu","bd/english.100MB",8,1000000,3475,3475,0,0.000,188.913,2042,67833140
"benchmark-example:english-extra-8-cpu","bd/english.100MB",8,1000000,3475,3475,0,0.000,188.913,2043,67850725
"benchmark-example:english-extra-8-cpu","bd/english.100MB",8,1000000,3475,3475,0,0.000,188.913,2044,67850832
"benchmark-example:english-extra-8-cpu","bd/english.100MB",8,1000000,3475,3475,0,0.000,188.913,2045,67864228
"benchmark-example:english-extra-8-cpu","bd/english.100MB",8,1000000,3475,3475,0,0.000,188.913,2046,67929368
"benchmark-example:english-extra-8-cpu","bd/english.100MB",8,1000000,3475,3475,0,0.000,188.913,2047,67936084
"benchmark-example:english-extra-8-cpu","bd/english.100MB",8,1000000,3475,3475,0,0.000,188.913,2048,67936606
"benchmark-example:english-extra-8-cpu","bd/english.100MB",8,1000000,3475,3475,0,0.000,188.913,2049,67982425
"benchmark-example:english-extra-8-cpu","bd/english.100MB",8,1000000,3475,3475,0,0.000,188.913,2050,68054157
"benchmark-example:english-extra-8-cpu","bd/english.100MB",8,1000000,3475,3475,0,0.000,188.913,2051,68066734
"benchmark-example:english-extra-8-cpu","bd/english.100MB",8,1000000,3475,3475,0,0.000,188.913,2052,68069818
"benchmark-example:english-extra-8-cpu","bd/english.100MB",8,1000000,3475,3475,0,0.000,188.913,2053,68070000
"benchmark-example:english-extra-8-cpu","bd/english.100MB",8,1000000,3475,3475,0,0.000,188.913,2054,68070198
"benchmark-example:english-extra-8-cpu","bd/english.100MB",8,1000000,3475,3475,0,0.000,188.913,2055,68092064
"benchmark-example:english-extra-8-cpu","bd/english.100MB",8,1000000,3475,3475,0,0.000,188.913,2056,68098523
"benchmark-example:english-extra-8-cpu","bd/english.100MB",8,1000000,3475,3475,0,0.000,188.913,2057,68104630
"benchmark-example:english-extra-8-cpu","bd/english.100MB",8,1000000,3475,3475,0,0.000,188.913,2058,68129694
"benchmark-example:english-extra-8-cpu","bd/english.100MB",8,1000000,3475,3475,0,0.000,188.913,2059,68150618
"benchmark-example:english-extra-8-cpu","bd/english.100MB",8,1000000,3475,3475,0,0.000,188.913,2060,68154635
"benchmark-example:english-extra-8-cpu","bd/english.100MB",8,1000000,3475,3475,0,0.000,188.913,2061,68164519
"benchmark-example:english-extra-8-cpu","bd/english.100MB",8,1000000,3475,3475,0,0.000,188.913,2062,68174807
"benchmark-example:english-extra-8-cpu","bd/english.100MB",8,1000000,3475,3475,0,0.000,188.913,2063,68181158
"benchmark-example:english-extra-8-cpu","bd/english.100MB",8,1000000,3475,3475,0,0.000,188.913,2064,68199401
"benchmark-example:english-extra-8-cpu","bd/english.100MB",8,1000000,3475,3475,0,0.000,188.913,2065,68231213
"benchmark-example:english-extra-8-cpu","bd/english.100MB",8,1000000,3475,3475,0,0.000,188.913,2066,68240986
"benchmark-example:english-extra-8-cpu","bd/english.100MB",8,1000000,3475,3475,0,0.000,188.913,2067,68283006
"benchmark-example:english-extra-8-cpu","bd/english.100MB",8,1000000,3475,3475,0,0.000,188.913,2068,68340378
"benchmark-example:english-extra-8-cpu","bd/english.100MB",8,1000000,3475,3475,0,0.000,188.913,2069,68341216
"benchmark-example:english-extra-8-cpu","bd/english.100MB",8,1000000,3475,3475,0,0.000,188.913,2070,68347450
"benchmark-example:english-extra-8-cpu","bd/english.100MB",8,1000000,3475,3475,0,0.000,188.913,2071,68366393
"benchmark-example:english-extra-8-cpu","bd/english.100MB",8,1000000,3475,3475,0,0.000,188.913,2072,68368021
"benchmark-example:english-extra-8-cpu","bd/english.100MB",8,1000000,3475,3475,0,0.000,188.913,2073,68368360
"benchmark-example:english-extra-8-cpu","bd/english.100MB",8,1000000,3475,3475,0,0.000,188.913,2074,68375234
"benchmark-example:english-extra-8-cpu","bd/english.100MB",8,1000000,3475,3475,0,0.000,188.913,2075,68380041
"benchmark-example:english-extra-8-cpu","bd/english.100MB",8,1000000,3475,3475,0,0.000,188.913,2076,68406465
"benchmark-example:english-extra-8-cpu","bd/english.100MB",8,1000000,3475,3475,0,0.000,188.913,2077,68420924
"benchmark-example:english-extra-8-cpu","bd/english.100MB",8,1000000,3475,3475,0,0.000,188.913,2078,68434942
"benchmark-example:english-extra-8-cpu","bd/english.100MB",8,1000000,3475,3475,0,0.000,188.913,2079,68443343
"benchmark-example:english-extra-8-cpu","bd/english.100MB",8,1000000,3475,3475,0,0.000,188.913,2080,68451904
"benchmark-example:english-extra-8-cpu","bd/english.100MB",8,1000000,3475,3475,0,0.000,188.913,2081,68513355
"benchmark-example:english-extra-8-cpu","bd/english.100MB",8,1000000,3475,3475,0,0.000,188.913,2082,68543960
"benchmark-example:english-extra-8-cpu","bd/english.100MB",8,1000000,3475,3475,0,0.000,188.913,2083,68580033
"benchmark-example:english-extra-8-cpu","bd/english.100MB",8,1000000,3475,3475,0,0.000,188.913,2084,68606490
"benchmark-example:english-extra-8-cpu","bd/english.100MB",8,1000000,3475,3475,0,0.000,188.913,2085,68608333
"benchmark-example:english-extra-8-cpu","bd/english.100MB",8,1000000,3475,3475,0,0.000,188.913,2086,68688079
"benchmark-example:english-extra-8-cpu","bd/english.100MB",8,1000000,3475,3475,0,0.000,188.913,2087,68688738
"benchmark-example:english-extra-8-cpu","bd/english.100MB",8,1000000,3475,3475,0,0.000,188.913,2088,68696640
"benchmark-example:english-extra-8-cpu","bd/english.100MB",8,1000000,3475,3475,0,0.000,188.913,2089,68918349
"benchmark-example:english-extra-8-cpu","bd/english.100MB",8,1000000,3475,3475,0,0.000,188.913,2090,68938389
"benchmark-example:english-extra-8-cpu","bd/english.100MB",8,1000000,3475,3475,0,0.000,188.913,2091,68942855
"benchmark-example:english-extra-8-cpu","bd/english.100MB",8,1000000,3475,3475,0,0.000,188.913,2092,68992103
"benchmark-example:english-extra-8-cpu","bd/english.100MB",8,1000000,3475,3475,0,0.000,188.913,2093,68995007
"benchmark-example:english-extra-8-cpu","bd/english.100MB",8,1000000,3475,3475,0,0.000,188.913,2094,69066796
"benchmark-example:english-extra-8-cpu","bd/english.100MB",8,1000000,3475,3475,0,0.000,188.913,2095,69083088
"benchmark-example:english-extra-8-cpu","bd/english.100MB",8,1000000,3475,3475,0,0.000,188.913,2096,69224697
"benchmark-example:english-extra-8-cpu","bd/english.100MB",8,1000000,3475,3475,0,0.000,188.913,2097,69227987
"benchmark-example:english-extra-8-cpu","bd/english.100MB",8,1000000,3475,3475,0,0.000,188.913,2098,69263132
"benchmark-example:english-extra-8-cpu","bd/english.100MB",8,1000000,3475,3475,0,0.000,188.913,2099,69394680
"benchmark-example:english-extra-8-cpu","bd/english.100MB",8,1000000,3475,3475,0,0.000,188.913,2100,69406109
"benchmark-example:english-extra-8-cpu","bd/english.100MB",8,1000000,3475,3475,0,0.000,188.913,2101,69443104
"benchmark-example:english-extra-8-cpu","bd/english.100MB",8,1000000,3475,3475,0,0.000,188.913,2102,69446793
"benchmark-example:english-extra-8-cpu","bd/english.100MB",8,1000000,3475,3475,0,0.000,188.913,2103,69471096
"benchmark-example:english-extra-8-cpu","bd/english.100MB",8,1000000,3475,3475,0,0.000,188.913,2104,69476220
"benchmark-example:english-extra-8-cpu","bd/english.100MB",8,1000000,3475,3475,0,0.000,188.913,2105,69495396
"benchmark-example:english-extra-8-cpu","bd/english.100MB",8,1000000,3475,3475,0,0.000,188.913,2106,69523465
"benchmark-example:english-extra-8-cpu","bd/english.100MB",8,1000000,3475,3475,0,0.000,188.913,2107,69597995
"benchmark-example:english-extra-8-cpu","bd/english.100MB",8,1000000,3475,3475,0,0.000,188.913,2108,69599894
"benchmark-example:english-extra-8-cpu","bd/english.100MB",8,1000000,3475,3475,0,0.000,188.913,2109,69602568
"benchmark-example:english-extra-8-cpu","bd/english.100MB",8,1000000,3475,3475,0,0.000,188.913,2110,69604216
"benchmark-example:english-extra-8-cpu","bd/english.100MB",8,1000000,3475,3475,0,0.000,188.913,2111,69620696
"benchmark-example:english-extra-8-cpu","bd/english.100MB",8,1000000,3475,3475,0,0.000,188.913,2112,69667951
"benchmark-example:english-extra-8-cpu","bd/english.100MB",8,1000000,3475,3475,0,0.000,188.913,2113,69745688
"benchmark-example:english-extra-8-cpu","bd/english.100MB",8,1000000,3475,3475,0,0.000,188.913,2114,69771868
"benchmark-example:english-extra-8-cpu","bd/english.100MB",8,1000000,3475,3475,0,0.000,188.913,2115,69864407
"benchmark-example:english-extra-8-cpu","bd/english.100MB",8,1000000,3475,3475,0,0.000,188.913,2116,69950356
"benchmark-example:english-extra-8-cpu","bd/english.100MB",8,1000000,3475,3475,0,0.000,188.913,2117,69952806
"benchmark-example:english-extra-8-cpu","bd/english.100MB",8,1000000,3475,3475,0,0.000,188.913,2118,69953136
"benchmark-example:english-extra-8-cpu","bd/english.100MB",8,1000000,3475,3475,0,0.000,188.913,2119,69954174
"benchmark-example:english-extra-8-cpu","bd/english.100MB",8,1000000,3475,3475,0,0.000,188.913,2120,69962115
"benchmark-example:english-extra-8-cpu","bd/english.100MB",8,1000000,3475,3475,0,0.000,188.913,2121,69989579
"benchmark-example:english-extra-8-cpu","bd/english.100MB",8,1000000,3475,3475,0,0.000,188.913,2122,70007227
"benchmark-example:english-extra-8-cpu","bd/english.100MB",8,1000000,3475,3475,0,0.000,188.913,2123,70057653
"benchmark-example:english-extra-8-cpu","bd/english.100MB",8,1000000,3475,3475,0,0.000,188.913,2124,70066623
"benchmark-example:english-extra-8-cpu","bd/english.100MB",8,1000000,3475,3475,0,0.000,188.913,2125,70078973
"benchmark-example:english-extra-8-cpu","bd/english.100MB",8,1000000,3475,3475,0,0.000,188.913,2126,70080734
"benchmark-example:english-extra-8-cpu","bd/english.100MB",8,1000000,3475,3475,0,0.000,188.913,2127,70142177
"benchmark-example:english-extra-8-cpu","bd/english.100MB",8,1000000,3475,3475,0,0.000,188.913,2128,70181424
"benchmark-example:english-extra-8-cpu","bd/english.100MB",8,1000000,3475,3475,0,0.000,188.913,2129,70183238
"benchmark-example:english-extra-8-cpu","bd/english.100MB",8,1000000,3475,3475,0,0.000,188.913,2130,70202922
"benchmark-example:english-extra-8-cpu","bd/english.100MB",8,1000000,3475,3475,0,0.000,188.913,2131,70230612
"benchmark-example:english-extra-8-cpu","bd/english.100MB",8,1000000,3475,3475,0,0.000,188.913,2132,70252959
"benchmark-example:english-extra-8-cpu","bd/english.100MB",8,1000000,3475,3475,0,0.000,188.913,2133,70258545
"benchmark-example:english-extra-8-cpu","bd/english.100MB",8,1000000,3475,3475,0,0.000,188.913,2134,70259046
"benchmark-example:english-extra-8-cpu","bd/english.100MB",8,1000000,3475,3475,0,0.000,188.913,2135,70304861
"benchmark-example:english-extra-8-cpu","bd/english.100MB",8,1000000,3475,3475,0,0.000,188.913,2136,70421139
"benchmark-example:english-extra-8-cpu","bd/english.100MB",8,1000000,3475,3475,0,0.000,188.913,2137,70493290
"benchmark-example:english-extra-8-cpu","bd/english.100MB",8,1000000,3475,3475,0,0.000,188.913,2138,70575150
"benchmark-example:english-extra-8-cpu","bd/english.100MB",8,1000000,3475,3475,0,0.000,188.913,2139,70583877
"benchmark-example:english-extra-8-cpu","bd/english.100MB",8,1000000,3475,3475,0,0.000,188.913,2140,70608934
"benchmark-example:english-extra-8-cpu","bd/english.100MB",8,1000000,3475,3475,0,0.000,188.913,2141,70642286
"benchmark-example:english-extra-8-cpu","bd/english.100MB",8,1000000,3475,3475,0,0.000,188.913,2142,70665422
"benchmark-example:english-extra-8-cpu","bd/english.100MB",8,1000000,3475,3475,0,0.000,188.913,2143,70685388
"benchmark-example:english-extra-8-cpu","bd/english.100MB",8,1000000,3475,3475,0,0.000,188.913,2144,70693947
"benchmark-example:english-extra-8-cpu","bd/english.100MB",8,1000000,3475,3475,0,0.000,188.913,2145,70696312
"benchmark-example:english-extra-8-cpu","bd/english.100MB",8,1000000,3475,3475,0,0.000,188.913,2146,70831688
"benchmark-example:english-extra-8-cpu","bd/english.100MB",8,1000000,3475,3475,0,0.000,188.913,2147,70893259
"benchmark-example:english-extra-8-cpu","bd/english.100MB",8,1000000,3475,3475,0,0.000,188.913,2148,70928837
"benchmark-example:english-extra-8-cpu","bd/english.100MB",8,1000000,3475,3475,0,0.000,188.913,2149,70941430
"benchmark-example:english-extra-8-cpu","bd/english.100MB",8,1000000,3475,3475,0,0.000,188.913,2150,70945508
"benchmark-example:english-extra-8-cpu","bd/english.100MB",8,1000000,3475,3475,0,0.000,188.913,2151,70960874
"benchmark-example:english-extra-8-cpu","bd/english.100MB",8,1000000,3475,3475,0,0.000,188.913,2152,71016543
"benchmark-example:english-extra-8-cpu","bd/english.100MB",8,1000000,3475,3475,0,0.000,188.913,2153,71062124
"benchmark-example:english-extra-8-cpu","bd/english.100MB",8,1000000,3475,3475,0,0.000,188.913,2154,71114802
"benchmark-example:english-extra-8-cpu","bd/english.100MB",8,1000000,3475,3475,0,0.000,188.913,2155,71140966
"benchmark-example:english-extra-8-cpu","bd/english.100MB",8,1000000,3475,3475,0,0.000,188.913,2156,71175526
"benchmark-example:english-extra-8-cpu","bd/english.100MB",8,1000000,3475,3475,0,0.000,188.913,2157,71232638
"benchmark-example:english-extra-8-cpu","bd/english.100MB",8,1000000,3475,3475,0,0.000,188.913,2158,71365200
"benchmark-example:english-extra-8-cpu","bd/english.100MB",8,1000000,3475,3475,0,0.000,188.913,2159,71379143
"benchmark-example:english-extra-8-cpu","bd/english.100MB",8,1000000,3475,3475,0,0.000,188.913,2160,71385391
"benchmark-example:english-extra-8-cpu","bd/english.100MB",8,1000000,3475,3475,0,0.000,188.913,2161,71401525
"benchmark-example:english-extra-8-cpu","bd/english.100MB",8,1000000,3475,3475,0,0.000,188.913,2162,71424436
"benchmark-example:english-extra-8-cpu","bd/english.100MB",8,1000000,3475,3475,0,0.000,188.913,2163,71430880
"benchmark-example:english-extra-8-cpu","bd/english.100MB",8,1000000,3475,3475,0,0.000,188.913,2164,71465672
"benchmark-example:english-extra-8-cpu","bd/english.100MB",8,1000000,3475,3475,0,0.000,188.913,2165,71521238
"benchmark-example:english-extra-8-cpu","bd/english.100MB",8,1000000,3475,3475,0,0.000,188.913,2166,71556864
"benchmark-example:english-extra-8-cpu","bd/english.100MB",8,1000000,3475,3475,0,0.000,188.913,2167,71560012
"benchmark-example:english-extra-8-cpu","bd/english.100MB",8,1000000,3475,3475,0,0.000,188.913,2168,71560592
"benchmark-example:english-extra-8-cpu","bd/english.100MB",8,1000000,3475,3475,0,0.000,188.913,2169,71648915
"benchmark-example:english-extra-8-cpu","bd/english.100MB",8,1000000,3475,3475,0,0.000,188.913,2170,71692442
"benchmark-example:english-extra-8-cpu","bd/english.100MB",8,1000000,3475,3475,0,0.000,188.913,2171,71764262
"benchmark-example:english-extra-8-cpu","bd/english.100MB",8,1000000,3475,3475,0,0.000,188.913,2172,71764646
"benchmark-example:english-extra-8-cpu","bd/english.100MB",8,1000000,3475,3475,0,0.000,188.913,2173,71793911
"benchmark-example:english-extra-8-cpu","bd/english.100MB",8,1000000,3475,3475,0,0.000,188.913,2174,71816545
"benchmark-example:english-extra-8-cpu","bd/english.100MB",8,1000000,3475,3475,0,0.000,188.913,2175,71828270
"benchmark-example:english-extra-8-cpu","bd/english.100MB",8,1000000,3475,3475,0,0.000,188.913,2176,71829588
"benchmark-example:english-extra-8-cpu","bd/english.100MB",8,1000000,3475,3475,0,0.000,188.913,2177,71854827
"benchmark-example:english-extra-8-cpu","bd/english.100MB",8,1000000,3475,3475,0,0.000,188.913,2178,71864438
"benchmark-example:english-extra-8-cpu","bd/english.100MB",8,1000000,3475,3475,0,0.000,188.913,2179,71864976
"benchmark-example:english-extra-8-cpu","bd/english.100MB",8,1000000,3475,3475,0,0.000,188.913,2180,71887144
"benchmark-example:english-extra-8-cpu","bd/english.100MB",8,1000000,3475,3475,0,0.000,188.913,2181,71896407
"benchmark-example:english-extra-8-cpu","bd/english.100MB",8,1000000,3475,3475,0,0.000,188.913,2182,71954337
"benchmark-example:english-extra-8-cpu","bd/english.100MB",8,1000000,3475,3475,0,0.000,188.913,2183,71958577
"benchmark-example:english-extra-8-cpu","bd/english.100MB",8,1000000,3475,3475,0,0.000,188.913,2184,72005022
"benchmark-example:english-extra-8-cpu","bd/english.100MB",8,1000000,3475,3475,0,0.000,188.913,2185,72016203
"benchmark-example:english-extra-8-cpu","bd/english.100MB",8,1000000,3475,3475,0,0.000,188.913,2186,72086628
"benchmark-example:english-extra-8-cpu","bd/english.100MB",8,1000000,3475,3475,0,0.000,188.913,2187,72136499
"benchmark-example:english-extra-8-cpu","bd/english.100MB",8,1000000,3475,3475,0,0.000,188.913,2188,72138227
"benchmark-example:english-extra-8-cpu","bd/english.100MB",8,1000000,3475,3475,0,0.000,188.913,2189,72143991
"benchmark-example:english-extra-8-cpu","bd/english.100MB",8,1000000,3475,3475,0,0.000,188.913,2190,72147253
"benchmark-example:english-extra-8-cpu","bd/english.100MB",8,1000000,3475,3475,0,0.000,188.913,2191,72184737
"benchmark-example:english-extra-8-cpu","bd/english.100MB",8,1000000,3475,3475,0,0.000,188.913,2192,72189049
"benchmark-example:english-extra-8-cpu","bd/english.100MB",8,1000000,3475,3475,0,0.000,188.913,2193,72200078
"benchmark-example:english-extra-8-cpu","bd/english.100MB",8,1000000,3475,3475,0,0.000,188.913,2194,72203467
"benchmark-example:english-extra-8-cpu","bd/english.100MB",8,1000000,3475,3475,0,0.000,188.913,2195,72222334
"benchmark-example:english-extra-8-cpu","bd/english.100MB",8,1000000,3475,3475,0,0.000,188.913,2196,72255873
"benchmark-example:english-extra-8-cpu","bd/english.100MB",8,1000000,3475,3475,0,0.000,188.913,2197,72356317
"benchmark-example:english-extra-8-cpu","bd/english.100MB",8,1000000,3475,3475,0,0.000,188.913,2198,72440511
"benchmark-example:english-extra-8-cpu","bd/english.100MB",8,1000000,3475,3475,0,0.000,188.913,2199,72443631
"benchmark-example:english-extra-8-cpu","bd/english.100MB",8,1000000,3475,3475,0,0.000,188.913,2200,72456097
"benchmark-example:english-extra-8-cpu","bd/english.100MB",8,1000000,3475,3475,0,0.000,188.913,2201,72458387
"benchmark-example:english-extra-8-cpu","bd/english.100MB",8,1000000,3475,3475,0,0.000,188.913,2202,72459839
"benchmark-example:english-extra-8-cpu","bd/english.100MB",8,1000000,3475,3475,0,0.000,188.913,2203,72459876
"benchmark-example:english-extra-8-cpu","bd/english.100MB",8,1000000,3475,3475,0,0.000,188.913,2204,72461700
"benchmark-example:english-extra-8-cpu","bd/english.100MB",8,1000000,3475,3475,0,0.000,188.913,2205,72494327
"benchmark-example:english-extra-8-cpu","bd/english.100MB",8,1000000,3475,3475,0,0.000,188.913,2206,72494856
"benchmark-example:english-extra-8-cpu","bd/english.100MB",8,1000000,3475,3475,0,0.000,188.913,2207,72494965
"benchmark-example:english-extra-8-cpu","bd/english.100MB",8,1000000,3475,3475,0,0.000,188.913,2208,72495247
"benchmark-example:english-extra-8-cpu","bd/english.100MB",8,1000000,3475,3475,0,0.000,188.913,2209,72497290
"benchmark-example:english-extra-8-cpu","bd/english.100MB",8,1000000,3475,3475,0,0.000,188.913,2210,72497818
"benchmark-example:english-extra-8-cpu","bd/english.100MB",8,1000000,3475,3475,0,0.000,188.913,2211,72521986
"benchmark-example:english-extra-8-cpu","bd/english.100MB",8,1000000,3475,3475,0,0.000,188.913,2212,72561495
"benchmark-example:english-extra-8-cpu","bd/english.100MB",8,1000000,3475,3475,0,0.000,188.913,2213,72743749
"benchmark-example:english-extra-8-cpu","bd/english.100MB",8,1000000,3475,3475,0,0.000,188.913,2214,72815994
"benchmark-example:english-extra-8-cpu","bd/english.100MB",8,1000000,3475,3475,0,0.000,188.913,2215,72842194
"benchmark-example:english-extra-8-cpu","bd/english.100MB",8,1000000,3475,3475,0,0.000,188.913,2216,72872945
"benchmark-example:english-extra-8-cpu","bd/english.100MB",8,1000000,3475,3475,0,0.000,188.913,2217,72895235
"benchmark-example:english-extra-8-cpu","bd/english.100MB",8,1000000,3475,3475,0,0.000,188.913,2218,72897740
"benchmark-example:english-extra-8-cpu","bd/english.100MB",8,1000000,3475,3475,0,0.000,188.913,2219,72908532
"benchmark-example:english-extra-8-cpu","bd/english.100MB",8,1000000,3475,3475,0,0.000,188.913,2220,72920017
"benchmark-example:english-extra-8-cpu","bd/english.100MB",8,1000000,3475,3475,0,0.000,188.913,2221,72923401
"benchmark-example:english-extra-8-cpu","bd/english.100MB",8,1000000,3475,3475,0,0.000,188.913,2222,72956136
"benchmark-example:english-extra-8-cpu","bd/english.100MB",8,1000000,3475,3475,0,0.000,188.913,2223,72977396
"benchmark-example:english-extra-8-cpu","bd/english.100MB",8,1000000,3475,3475,0,0.000,188.913,2224,72999946
"benchmark-example:english-extra-8-cpu","bd/english.100MB",8,1000000,3475,3475,0,0.000,188.913,2225,73001939
"benchmark-example:english-extra-8-cpu","bd/english.100MB",8,1000000,3475,3475,0,0.000,188.913,2226,73008019
"benchmark-example:english-extra-8-cpu","bd/english.100MB",8,1000000,3475,3475,0,0.000,188.913,2227,73026743
"benchmark-example:english-extra-8-cpu","bd/english.100MB",8,1000000,3475,3475,0,0.000,188.913,2228,73041183
"benchmark-example:english-extra-8-cpu","bd/english.100MB",8,1000000,3475,3475,0,0.000,188.913,2229,73048280
"benchmark-example:english-extra-8-cpu","bd/english.100MB",8,1000000,3475,3475,0,0.000,188.913,2230,73050927
"benchmark-example:english-extra-8-cpu","bd/english.100MB",8,1000000,3475,3475,0,0.000,188.913,2231,73058512
"benchmark-example:english-extra-8-cpu","bd/english.100MB",8,1000000,3475,3475,0,0.000,188.913,2232,73088478
"benchmark-example:english-extra-8-cpu","bd/english.100MB",8,1000000,3475,3475,0,0.000,188.913,2233,73100266
"benchmark-example:english-extra-8-cpu","bd/english.100MB",8,1000000,3475,3475,0,0.000,188.913,2234,73115362
"benchmark-example:english-extra-8-cpu","bd/english.100MB",8,1000000,3475,3475,0,0.000,188.913,2235,73149449
"benchmark-example:english-extra-8-cpu","bd/english.100MB",8,1000000,3475,3475,0,0.000,188.913,2236,73172235
"benchmark-example:english-extra-8-cpu","bd/english.100MB",8,1000000,3475,3475,0,0.000,188.913,2237,73189084
"benchmark-example:english-extra-8-cpu","bd/english.100MB",8,1000000,3475,3475,0,0.000,188.913,2238,73211256
"benchmark-example:english-extra-8-cpu","bd/english.100MB",8,1000000,3475,3475,0,0.000,188.913,2239,73213474
"benchmark-example:english-extra-8-cpu","bd/english.100MB",8,1000000,3475,3475,0,0.000,188.913,2240,73216528
"benchmark-example:english-extra-8-cpu","bd/english.100MB",8,1000000,3475,3475,0,0.000,188.913,2241,73217594
"benchmark-example:english-extra-8-cpu","bd/english.100MB",8,1000000,3475,3475,0,0.000,188.913,2242,73224136
"benchmark-example:english-extra-8-cpu","bd/english.100MB",8,1000000,3475,3475,0,0.000,188.913,2243,73226209
"benchmark-example:english-extra-8-cpu","bd/english.100MB",8,1000000,3475,3475,0,0.000,188.913,2244,73226463
"benchmark-example:english-extra-8-cpu","bd/english.100MB",8,1000000,3475,3475,0,0.000,188.913,2245,73226496
"benchmark-example:english-extra-8-cpu","bd/english.100MB",8,1000000,3475,3475,0,0.000,188.913,2246,73227288
"benchmark-example:english-extra-8-cpu","bd/english.100MB",8,1000000,3475,3475,0,0.000,188.913,2247,73234948
"benchmark-example:english-extra-8-cpu","bd/english.100MB",8,1000000,3475,3475,0,0.000,188.913,2248,73235549
"benchmark-example:english-extra-8-cpu","bd/english.100MB",8,1000000,3475,3475,0,0.000,188.913,2249,73245422
"benchmark-example:english-extra-8-cpu","bd/english.100MB",8,1000000,3475,3475,0,0.000,188.913,2250,73252304
"benchmark-example:english-extra-8-cpu","bd/english.100MB",8,1000000,3475,3475,0,0.000,188.913,2251,73271462
"benchmark-example:english-extra-8-cpu","bd/english.100MB",8,1000000,3475,3475,0,0.000,188.913,2252,73292718
"benchmark-example:english-extra-8-cpu","bd/english.100MB",8,1000000,3475,3475,0,0.000,188.913,2253,73305042
"benchmark-example:english-extra-8-cpu","bd/english.100MB",8,1000000,3475,3475,0,0.000,188.913,2254,73315091
"benchmark-example:english-extra-8-cpu","bd/english.100MB",8,1000000,3475,3475,0,0.000,188.913,2255,73322084
"benchmark-example:english-extra-8-cpu","bd/english.100MB",8,1000000,3475,3475,0,0.000,188.913,2256,73322934
"benchmark-example:english-extra-8-cpu","bd/english.100MB",8,1000000,3475,3475,0,0.000,188.913,2257,73324478
"benchmark-example:english-extra-8-cpu","bd/english.100MB",8,1000000,3475,3475,0,0.000,188.913,2258,73325673
"benchmark-example:english-extra-8-cpu","bd/english.100MB",8,1000000,3475,3475,0,0.000,188.913,2259,73325900
"benchmark-example:english-extra-8-cpu","bd/english.100MB",8,1000000,3475,3475,0,0.000,188.913,2260,73330415
"benchmark-example:english-extra-8-cpu","bd/english.100MB",8,1000000,3475,3475,0,0.000,188.913,2261,73337092
"benchmark-example:english-extra-8-cpu","bd/english.100MB",8,1000000,3475,3475,0,0.000,188.913,2262,73338231
"benchmark-example:english-extra-8-cpu","bd/english.100MB",8,1000000,3475,3475,0,0.000,188.913,2263,73338468
"benchmark-example:english-extra-8-cpu","bd/english.100MB",8,1000000,3475,3475,0,0.000,188.913,2264,73346875
"benchmark-example:english-extra-8-cpu","bd/english.100MB",8,1000000,3475,3475,0,0.000,188.913,2265,73357859
"benchmark-example:english-extra-8-cpu","bd/english.100MB",8,1000000,3475,3475,0,0.000,188.913,2266,73365631
"benchmark-example:english-extra-8-cpu","bd/english.100MB",8,1000000,3475,3475,0,0.000,188.913,2267,73369932
"benchmark-example:english-extra-8-cpu","bd/english.100MB",8,1000000,3475,3475,0,0.000,188.913,2268,73370228
"benchmark-example:english-extra-8-cpu","bd/english.100MB",8,1000000,3475,3475,0,0.000,188.913,2269,73371995
"benchmark-example:english-extra-8-cpu","bd/english.100MB",8,1000000,3475,3475,0,0.000,188.913,2270,73373502
"benchmark-example:english-extra-8-cpu","bd/english.100MB",8,1000000,3475,3475,0,0.000,188.913,2271,73373853
"benchmark-example:english-extra-8-cpu","bd/english.100MB",8,1000000,3475,3475,0,0.000,188.913,2272,73374559
"benchmark-example:english-extra-8-cpu","bd/english.100MB",8,1000000,3475,3475,0,0.000,188.913,2273,73374755
"benchmark-example:english-extra-8-cpu","bd/english.100MB",8,1000000,3475,3475,0,0.000,188.913,2274,73380139
"benchmark-example:english-extra-8-cpu","bd/english.100MB",8,1000000,3475,3475,0,0.000,188.913,2275,73387278
"benchmark-example:english-extra-8-cpu","bd/english.100MB",8,1000000,3475,3475,0,0.000,188.913,2276,73388451
"benchmark-example:english-extra-8-cpu","bd/english.100MB",8,1000000,3475,3475,0,0.000,188.913,2277,73391324
"benchmark-example:english-extra-8-cpu","bd/english.100MB",8,1000000,3475,3475,0,0.000,188.913,2278,73404453
"benchmark-example:english-extra-8-cpu","bd/english.100MB",8,1000000,3475,3475,0,0.000,188.913,2279,73406653
"benchmark-example:english-extra-8-cpu","bd/english.100MB",8,1000000,3475,3475,0,0.000,188.913,2280,73420492
"benchmark-example:english-extra-8-cpu","bd/english.100MB",8,1000000,3475,3475,0,0.000,188.913,2281,73425941
"benchmark-example:english-extra-8-cpu","bd/english.100MB",8,1000000,3475,3475,0,0.000,188.913,2282,73429690
"benchmark-example:english-extra-8-cpu","bd/english.100MB",8,1000000,3475,3475,0,0.000,188.913,2283,73431283
"benchmark-example:english-extra-8-cpu","bd/english.100MB",8,1000000,3475,3475,0,0.000,188.913,2284,73434152
"benchmark-example:english-extra-8-cpu","bd/english.100MB",8,1000000,3475,3475,0,0.000,188.913,2285,73436767
"benchmark-example:english-extra-8-cpu","bd/english.100MB",8,1000000,3475,3475,0,0.000,188.913,2286,73440221
"benchmark-example:english-extra-8-cpu","bd/english.100MB",8,1000000,3475,3475,0,0.000,188.913,2287,73441654
"benchmark-example:english-extra-8-cpu","bd/english.100MB",8,1000000,3475,3475,0,0.000,188.913,2288,73471584
"benchmark-example:english-extra-8-cpu","bd/english.100MB",8,1000000,3475,3475,0,0.000,188.913,2289,73484884
"benchmark-example:english-extra-8-cpu","bd/english.100MB",8,1000000,3475,3475,0,0.000,188.913,2290,73485056
"benchmark-example:english-extra-8-cpu","bd/english.100MB",8,1000000,3475,3475,0,0.000,188.913,2291,73486518
"benchmark-example:english-extra-8-cpu","bd/english.100MB",8,1000000,3475,3475,0,0.000,188.913,2292,73487446
"benchmark-example:english-extra-8-cpu","bd/english.100MB",8,1000000,3475,3475,0,0.000,188.913,2293,73491019
"benchmark-example:english-extra-8-cpu","bd/english.100MB",8,1000000,3475,3475,0,0.000,188.913,2294,73491906
"benchmark-example:english-extra-8-cpu","bd/english.100MB",8,1000000,3475,3475,0,0.000,188.913,2295,73493626
"benchmark-example:english-extra-8-cpu","bd/english.100MB",8,1000000,3475,3475,0,0.000,188.913,2296,73498417
"benchmark-example:english-extra-8-cpu","bd/english.100MB",8,1000000,3475,3475,0,0.000,188.913,2297,73508102
"benchmark-example:english-extra-8-cpu","bd/english.100MB",8,1000000,3475,3475,0,0.000,188.913,2298,73512573
"benchmark-example:english-extra-8-cpu","bd/english.100MB",8,1000000,3475,3475,0,0.000,188.913,2299,73515701
"benchmark-example:english-extra-8-cpu","bd/english.100MB",8,1000000,3475,3475,0,0.000,188.913,2300,73527033
"benchmark-example:english-extra-8-cpu","bd/english.100MB",8,1000000,3475,3475,0,0.000,188.913,2301,73540202
"benchmark-example:english-extra-8-cpu","bd/english.100MB",8,1000000,3475,3475,0,0.000,188.913,2302,73558973
"benchmark-example:english-extra-8-cpu","bd/english.100MB",8,1000000,3475,3475,0,0.000,188.913,2303,73563686
"benchmark-example:english-extra-8-cpu","bd/english.100MB",8,1000000,3475,3475,0,0.000,188.913,2304,73564094
"benchmark-example:english-extra-8-cpu","bd/english.100MB",8,1000000,3475,3475,0,0.000,188.913,2305,73654562
"benchmark-example:english-extra-8-cpu","bd/english.100MB",8,1000000,3475,3475,0,0.000,188.913,2306,73688280
"benchmark-example:english-extra-8-cpu","bd/english.100MB",8,1000000,3475,3475,0,0.000,188.913,2307,73691234
"benchmark-example:english-extra-8-cpu","bd/english.100MB",8,1000000,3475,3475,0,0.000,188.913,2308,73696157
"benchmark-example:english-extra-8-cpu","bd/english.100MB",8,1000000,3475,3475,0,0.000,188.913,2309,73706052
"benchmark-example:english-extra-8-cpu","bd/english.100MB",8,1000000,3475,3475,0,0.000,188.913,2310,73708663
"benchmark-example:english-extra-8-cpu","bd/english.100MB",8,1000000,3475,3475,0,0.000,188.913,2311,73708698
"benchmark-example:english-extra-8-cpu","bd/english.100MB",8,1000000,3475,3475,0,0.000,188.913,2312,73711769
"benchmark-example:english-extra-8-cpu","bd/english.100MB",8,1000000,3475,3475,0,0.000,188.913,2313,73765733
"benchmark-example:english-extra-8-cpu","bd/english.100MB",8,1000000,3475,3475,0,0.000,188.913,2314,73778708
"benchmark-example:english-extra-8-cpu","bd/english.100MB",8,1000000,3475,3475,0,0.000,188.913,2315,73778793
"benchmark-example:english-extra-8-cpu","bd/english.100MB",8,1000000,3475,3475,0,0.000,188.913,2316,73791678
"benchmark-example:english-extra-8-cpu","bd/english.100MB",8,1000000,3475,3475,0,0.000,188.913,2317,73793327
"benchmark-example:english-extra-8-cpu","bd/english.100MB",8,1000000,3475,3475,0,0.000,188.913,2318,73809495
"benchmark-example:english-extra-8-cpu","bd/english.100MB",8,1000000,3475,3475,0,0.000,188.913,2319,73842721
"benchmark-example:english-extra-8-cpu","bd/english.100MB",8,1000000,3475,3475,0,0.000,188.913,2320,73847898
"benchmark-example:english-extra-8-cpu","bd/english.100MB",8,1000000,3475,3475,0,0.000,188.913,2321,73847937
"benchmark-example:english-extra-8-cpu","bd/english.100MB",8,1000000,3475,3475,0,0.000,188.913,2322,73944622
"benchmark-example:english-extra-8-cpu","bd/english.100MB",8,1000000,3475,3475,0,0.000,188.913,2323,73963596
"benchmark-example:english-extra-8-cpu","bd/english.100MB",8,1000000,3475,3475,0,0.000,188.913,2324,73969971
"benchmark-example:english-extra-8-cpu","bd/english.100MB",8,1000000,3475,3475,0,0.000,188.913,2325,74027737
"benchmark-example:english-extra-8-cpu","bd/english.100MB",8,1000000,3475,3475,0,0.000,188.913,2326,74043113
"benchmark-example:english-extra-8-cpu","bd/english.100MB",8,1000000,3475,3475,0,0.000,188.913,2327,74076707
"benchmark-example:english-extra-8-cpu","bd/english.100MB",8,1000000,3475,3475,0,0.000,188.913,2328,74099545
"benchmark-example:english-extra-8-cpu","bd/english.100MB",8,1000000,3475,3475,0,0.000,188.913,2329,74102513
"benchmark-example:english-extra-8-cpu","bd/english.100MB",8,1000000,3475,3475,0,0.000,188.913,2330,74121931
"benchmark-example:english-extra-8-cpu","bd/english.100MB",8,1000000,3475,3475,0,0.000,188.913,2331,74121978
"benchmark-example:english-extra-8-cpu","bd/english.100MB",8,1000000,3475,3475,0,0.000,188.913,2332,74128388
"benchmark-example:english-extra-8-cpu","bd/english.100MB",8,1000000,3475,3475,0,0.000,188.913,2333,74141959
"benchmark-example:english-extra-8-cpu","bd/english.100MB",8,1000000,3475,3475,0,0.000,188.913,2334,74149568
"benchmark-example:english-extra-8-cpu","bd/english.100MB",8,1000000,3475,3475,0,0.000,188.913,2335,74151318
"benchmark-example:english-extra-8-cpu","bd/english.100MB",8,1000000,3475,3475,0,0.000,188.913,2336,74158770
"benchmark-example:english-extra-8-cpu","bd/english.100MB",8,1000000,3475,3475,0,0.000,188.913,2337,74165412
"benchmark-example:english-extra-8-cpu","bd/english.100MB",8,1000000,3475,3475,0,0.000,188.913,2338,74182824
"benchmark-example:english-extra-8-cpu","bd/english.100MB",8,1000000,3475,3475,0,0.000,188.913,2339,74188234
"benchmark-example:english-extra-8-cpu","bd/english.100MB",8,1000000,3475,3475,0,0.000,188.913,2340,74188740
"benchmark-example:english-extra-8-cpu","bd/english.100MB",8,1000000,3475,3475,0,0.000,188.913,2341,74188812
"benchmark-example:english-extra-8-cpu","bd/english.100MB",8,1000000,3475,3475,0,0.000,188.913,2342,74188845
"benchmark-example:english-extra-8-cpu","bd/english.100MB",8,1000000,3475,3475,0,0.000,188.913,2343,74188865
"benchmark-example:english-extra-8-cpu","bd/english.100MB",8,1000000,3475,3475,0,0.000,188.913,2344,74190028
"benchmark-example:english-extra-8-cpu","bd/english.100MB",8,1000000,3475,3475,0,0.000,188.913,2345,74214788
"benchmark-example:english-extra-8-cpu","bd/english.100MB",8,1000000,3475,3475,0,0.000,188.913,2346,74228740
"benchmark-example:english-extra-8-cpu","bd/english.100MB",8,1000000,3475,3475,0,0.000,188.913,2347,74232562
"benchmark-example:english-extra-8-cpu","bd/english.100MB",8,1000000,3475,3475,0,0.000,188.913,2348,74234748
"benchmark-example:english-extra-8-cpu","bd/english.100MB",8,1000000,3475,3475,0,0.000,188.913,2349,74245468
"benchmark-example:english-extra-8-cpu","bd/english.100MB",8,1000000,3475,3475,0,0.000,188.913,2350,74246089
"benchmark-example:english-extra-8-cpu","bd/english.100MB",8,1000000,3475,3475,0,0.000,188.913,2351,74246177
"benchmark-example:english-extra-8-cpu","bd/english.100MB",8,1000000,3475,3475,0,0.000,188.913,2352,74270364
"benchmark-example:english-extra-8-cpu","bd/english.100MB",8,1000000,3475,3475,0,0.000,188.913,2353,74274655
"benchmark-example:english-extra-8-cpu","bd/english.100MB",8,1000000,3475,3475,0,0.000,188.913,2354,74287338
"benchmark-example:english-extra-8-cpu","bd/english.100MB",8,1000000,3475,3475,0,0.000,188.913,2355,74293388
"benchmark-example:english-extra-8-cpu","bd/english.100MB",8,1000000,3475,3475,0,0.000,188.913,2356,74299015
"benchmark-example:english-extra-8-cpu","bd/english.100MB",8,1000000,3475,3475,0,0.000,188.913,2357,74301622
"benchmark-example:english-extra-8-cpu","bd/english.100MB",8,1000000,3475,3475,0,0.000,188.913,2358,74311456
"benchmark-example:english-extra-8-cpu","bd/english.100MB",8,1000000,3475,3475,0,0.000,188.913,2359,74329468
"benchmark-example:english-extra-8-cpu","bd/english.100MB",8,1000000,3475,3475,0,0.000,188.913,2360,74340028
"benchmark-example:english-extra-8-cpu","bd/english.100MB",8,1000000,3475,3475,0,0.000,188.913,2361,74365075
"benchmark-example:english-extra-8-cpu","bd/english.100MB",8,1000000,3475,3475,0,0.000,188.913,2362,74370493
"benchmark-example:english-extra-8-cpu","bd/english.100MB",8,1000000,3475,3475,0,0.000,188.913,2363,74373134
"benchmark-example:english-extra-8-cpu","bd/english.100MB",8,1000000,3475,3475,0,0.000,188.913,2364,74386277
"benchmark-example:english-extra-8-cpu","bd/english.100MB",8,1000000,3475,3475,0,0.000,188.913,2365,74414988
"benchmark-example:english-extra-8-cpu","bd/english.100MB",8,1000000,3475,3475,0,0.000,188.913,2366,74450645
"benchmark-example:english-extra-8-cpu","bd/english.100MB",8,1000000,3475,3475,0,0.000,188.913,2367,74455661
"benchmark-example:english-extra-8-cpu","bd/english.100MB",8,1000000,3475,3475,0,0.000,188.913,2368,74461887
"benchmark-example:english-extra-8-cpu","bd/english.100MB",8,1000000,3475,3475,0,0.000,188.913,2369,74479068
"benchmark-example:english-extra-8-cpu","bd/english.100MB",8,1000000,3475,3475,0,0.000,188.913,2370,74483939
"benchmark-example:english-extra-8-cpu","bd/english.100MB",8,1000000,3475,3475,0,0.000,188.913,2371,74494718
"benchmark-example:english-extra-8-cpu","bd/english.100MB",8,1000000,3475,3475,0,0.000,188.913,2372,74494938
"benchmark-example:english-extra-8-cpu","bd/english.100MB",8,1000000,3475,3475,0,0.000,188.913,2373,74499078
"benchmark-example:english-extra-8-cpu","bd/english.100MB",8,1000000,3475,3475,0,0.000,188.913,2374,74504341
"benchmark-example:english-extra-8-cpu","bd/english.100MB",8,1000000,3475,3475,0,0.000,188.913,2375,74513035
"benchmark-example:english-extra-8-cpu","bd/english.100MB",8,1000000,3475,3475,0,0.000,188.913,2376,74514030
"benchmark-example:english-extra-8-cpu","bd/english.100MB",8,1000000,3475,3475,0,0.000,188.913,2377,74515864
"benchmark-example:english-extra-8-cpu","bd/english.100MB",8,1000000,3475,3475,0,0.000,188.913,2378,74516859
"benchmark-example:english-extra-8-cpu","bd/english.100MB",8,1000000,3475,3475,0,0.000,188.913,2379,74517569
"benchmark-example:english-extra-8-cpu","bd/english.100MB",8,1000000,3475,3475,0,0.000,188.913,2380,74522756
"benchmark-example:english-extra-8-cpu","bd/english.100MB",8,1000000,3475,3475,0,0.000,188.913,2381,74538807
"benchmark-example:english-extra-8-cpu","bd/english.100MB",8,1000000,3475,3475,0,0.000,188.913,2382,74556852
"benchmark-example:english-extra-8-cpu","bd/english.100MB",8,1000000,3475,3475,0,0.000,188.913,2383,74573783
"benchmark-example:english-extra-8-cpu","bd/english.100MB",8,1000000,3475,3475,0,0.000,188.913,2384,74613813
"benchmark-example:english-extra-8-cpu","bd/english.100MB",8,1000000,3475,3475,0,0.000,188.913,2385,74614427
"benchmark-example:english-extra-8-cpu","bd/english.100MB",8,1000000,3475,3475,0,0.000,188.913,2386,74615394
"benchmark-example:english-extra-8-cpu","bd/english.100MB",8,1000000,3475,3475,0,0.000,188.913,2387,74624581
"benchmark-example:english-extra-8-cpu","bd/english.100MB",8,1000000,3475,3475,0,0.000,188.913,2388,74632311
"benchmark-example:english-extra-8-cpu","bd/english.100MB",8,1000000,3475,3475,0,0.000,188.913,2389,74652872
"benchmark-example:english-extra-8-cpu","bd/english.100MB",8,1000000,3475,3475,0,0.000,188.913,2390,74683914
"benchmark-example:english-extra-8-cpu","bd/english.100MB",8,1000000,3475,3475,0,0.000,188.913,2391,74684158
"benchmark-example:english-extra-8-cpu","bd/english.100MB",8,1000000,3475,3475,0,0.000,188.913,2392,74688599
"benchmark-example:english-extra-8-cpu","bd/english.100MB",8,1000000,3475,3475,0,0.000,188.913,2393,74719997
"benchmark-example:english-extra-8-cpu","bd/english.100MB",8,1000000,3475,3475,0,0.000,188.913,2394,74742075
"benchmark-example:english-extra-8-cpu","bd/english.100MB",8,1000000,3475,3475,0,0.000,188.913,2395,74742426
"benchmark-example:english-extra-8-cpu","bd/english.100MB",8,1000000,3475,3475,0,0.000,188.913,2396,74749378
"benchmark-example:english-extra-8-cpu","bd/english.100MB",8,1000000,3475,3475,0,0.000,188.913,2397,74749401
"benchmark-example:english-extra-8-cpu","bd/english.100MB",8,1000000,3475,3475,0,0.000,188.913,2398,74777688
"benchmark-example:english-extra-8-cpu","bd/english.100MB",8,1000000,3475,3475,0,0.000,188.913,2399,74780285
"benchmark-example:english-extra-8-cpu","bd/english.100MB",8,1000000,3475,3475,0,0.000,188.913,2400,74793221
"benchmark-example:english-extra-8-cpu","bd/english.100MB",8,1000000,3475,3475,0,0.000,188.913,2401,74795485
"benchmark-example:english-extra-8-cpu","bd/english.100MB",8,1000000,3475,3475,0,0.000,188.913,2402,74804876
"benchmark-example:english-extra-8-cpu","bd/english.100MB",8,1000000,3475,3475,0,0.000,188.913,2403,74892384
"benchmark-example:english-extra-8-cpu","bd/english.100MB",8,1000000,3475,3475,0,0.000,188.913,2404,75003006
"benchmark-example:english-extra-8-cpu","bd/english.100MB",8,1000000,3475,3475,0,0.000,188.913,2405,75041584
"benchmark-example:english-extra-8-cpu","bd/english.100MB",8,1000000,3475,3475,0,0.000,188.913,2406,75055906
"benchmark-example:english-extra-8-cpu","bd/english.100MB",8,1000000,3475,3475,0,0.000,188.913,2407,75091755
"benchmark-example:english-extra-8-cpu","bd/english.100MB",8,1000000,3475,3475,0,0.000,188.913,2408,75092265
"benchmark-example:english-extra-8-cpu","bd/english.100MB",8,1000000,3475,3475,0,0.000,188.913,2409,75123720
"benchmark-example:english-extra-8-cpu","bd/english.100MB",8,1000000,3475,3475,0,0.000,188.913,2410,75217251
"benchmark-example:english-extra-8-cpu","bd/english.100MB",8,1000000,3475,3475,0,0.000,188.913,2411,75247812
"benchmark-example:english-extra-8-cpu","bd/english.100MB",8,1000000,3475,3475,0,0.000,188.913,2412,75264441
"benchmark-example:english-extra-8-cpu","bd/english.100MB",8,1000000,3475,3475,0,0.000,188.913,2413,75279072
"benchmark-example:english-extra-8-cpu","bd/english.100MB",8,1000000,3475,3475,0,0.000,188.913,2414,75301153
"benchmark-example:english-extra-8-cpu","bd/english.100MB",8,1000000,3475,3475,0,0.000,188.913,2415,75318313
"benchmark-example:english-extra-8-cpu","bd/english.100MB",8,1000000,3475,3475,0,0.000,188.913,2416,75318574
"benchmark-example:english-extra-8-cpu","bd/english.100MB",8,1000000,3475,3475,0,0.000,188.913,2417,75413167
"benchmark-example:english-extra-8-cpu","bd/english.100MB",8,1000000,3475,3475,0,0.000,188.913,2418,75426727
"benchmark-example:english-extra-8-cpu","bd/english.100MB",8,1000000,3475,3475,0,0.000,188.913,2419,75463778
"benchmark-example:english-extra-8-cpu","bd/english.100MB",8,1000000,3475,3475,0,0.000,188.913,2420,75605303
"benchmark-example:english-extra-8-cpu","bd/english.100MB",8,1000000,3475,3475,0,0.000,188.913,2421,75605581
"benchmark-example:english-extra-8-cpu","bd/english.100MB",8,1000000,3475,3475,0,0.000,188.913,2422,75771986
"benchmark-example:english-extra-8-cpu","bd/english.100MB",8,1000000,3475,3475,0,0.000,188.913,2423,75857394
"benchmark-example:english-extra-8-cpu","bd/english.100MB",8,1000000,3475,3475,0,0.000,188.913,2424,76004849
"benchmark-example:english-extra-8-cpu","bd/english.100MB",8,1000000,3475,3475,0,0.000,188.913,2425,76011654
"benchmark-example:english-extra-8-cpu","bd/english.100MB",8,1000000,3475,3475,0,0.000,188.913,2426,76078670
"benchmark-example:english-extra-8-cpu","bd/english.100MB",8,1000000,3475,3475,0,0.000,188.913,2427,76260614
"benchmark-example:english-extra-8-cpu","bd/english.100MB",8,1000000,3475,3475,0,0.000,188.913,2428,76537387
"benchmark-example:english-extra-8-cpu","bd/english.100MB",8,1000000,3475,3475,0,0.000,188.913,2429,76551107
"benchmark-example:english-extra-8-cpu","bd/english.100MB",8,1000000,3475,3475,0,0.000,188.913,2430,76615501
"benchmark-example:english-extra-8-cpu","bd/english.100MB",8,1000000,3475,3475,0,0.000,188.913,2431,76658352
"benchmark-example:english-extra-8-cpu","bd/english.100MB",8,1000000,3475,3475,0,0.000,188.913,2432,76925068
"benchmark-example:english-extra-8-cpu","bd/english.100MB",8,1000000,3475,3475,0,0.000,188.913,2433,77042997
"benchmark-example:english-extra-8-cpu","bd/english.100MB",8,1000000,3475,3475,0,0.000,188.913,2434,77043021
"benchmark-example:english-extra-8-cpu","bd/english.100MB",8,1000000,3475,3475,0,0.000,188.913,2435,77275239
"benchmark-example:english-extra-8-cpu","bd/english.100MB",8,1000000,3475,3475,0,0.000,188.913,2436,78029117
"benchmark-example:english-extra-8-cpu","bd/english.100MB",8,1000000,3475,3475,0,0.000,188.913,2437,78049338
"benchmark-example:english-extra-8-cpu","bd/english.100MB",8,1000000,3475,3475,0,0.000,188.913,2438,78049692
"benchmark-example:english-extra-8-cpu","bd/english.100MB",8,1000000,3475,3475,0,0.000,188.913,2439,78084234
"benchmark-example:english-extra-8-cpu","bd/english.100MB",8,1000000,3475,3475,0,0.000,188.913,2440,78084708
"benchmark-example:english-extra-8-cpu","bd/english.100MB",8,1000000,3475,3475,0,0.000,188.913,2441,78094926
"benchmark-example:english-extra-8-cpu","bd/english.100MB",8,1000000,3475,3475,0,0.000,188.913,2442,78115232
"benchmark-example:english-extra-8-cpu","bd/english.100MB",8,1000000,3475,3475,0,0.000,188.913,2443,78116680
"benchmark-example:english-extra-8-cpu","bd/english.100MB",8,1000000,3475,3475,0,0.000,188.913,2444,78116736
"benchmark-example:english-extra-8-cpu","bd/english.100MB",8,1000000,3475,3475,0,0.000,188.913,2445,78131098
"benchmark-example:english-extra-8-cpu","bd/english.100MB",8,1000000,3475,3475,0,0.000,188.913,2446,78139638
"benchmark-example:english-extra-8-cpu","bd/english.100MB",8,1000000,3475,3475,0,0.000,188.913,2447,78139694
"benchmark-example:english-extra-8-cpu","bd/english.100MB",8,1000000,3475,3475,0,0.000,188.913,2448,78146460
"benchmark-example:english-extra-8-cpu","bd/english.100MB",8,1000000,3475,3475,0,0.000,188.913,2449,78146645
"benchmark-example:english-extra-8-cpu","bd/english.100MB",8,1000000,3475,3475,0,0.000,188.913,2450,78157295
"benchmark-example:english-extra-8-cpu","bd/english.100MB",8,1000000,3475,3475,0,0.000,188.913,2451,78166174
"benchmark-example:english-extra-8-cpu","bd/english.100MB",8,1000000,3475,3475,0,0.000,188.913,2452,78176521
"benchmark-example:english-extra-8-cpu","bd/english.100MB",8,1000000,3475,3475,0,0.000,188.913,2453,78191549
"benchmark-example:english-extra-8-cpu","bd/english.100MB",8,1000000,3475,3475,0,0.000,188.913,2454,78194672
"benchmark-example:english-extra-8-cpu","bd/english.100MB",8,1000000,3475,3475,0,0.000,188.913,2455,78202396
"benchmark-example:english-extra-8-cpu","bd/english.100MB",8,1000000,3475,3475,0,0.000,188.913,2456,78213510
"benchmark-example:english-extra-8-cpu","bd/english.100MB",8,1000000,3475,3475,0,0.000,188.913,2457,78238308
"benchmark-example:english-extra-8-cpu","bd/english.100MB",8,1000000,3475,3475,0,0.000,188.913,2458,78248116
"benchmark-example:english-extra-8-cpu","bd/english.100MB",8,1000000,3475,3475,0,0.000,188.913,2459,78251059
"benchmark-example:english-extra-8-cpu","bd/english.100MB",8,1000000,3475,3475,0,0.000,188.913,2460,78260254
"benchmark-example:english-extra-8-cpu","bd/english.100MB",8,1000000,3475,3475,0,0.000,188.913,2461,78264104
"benchmark-example:english-extra-8-cpu","bd/english.100MB",8,1000000,3475,3475,0,0.000,188.913,2462,78268800
"benchmark-example:english-extra-8-cpu","bd/english.100MB",8,1000000,3475,3475,0,0.000,188.913,2463,78268893
"benchmark-example:english-extra-8-cpu","bd/english.100MB",8,1000000,3475,3475,0,0.000,188.913,2464,78269131
"benchmark-example:english-extra-8-cpu","bd/english.100MB",8,1000000,3475,3475,0,0.000,188.913,2465,78343578
"benchmark-example:english-extra-8-cpu","bd/english.100MB",8,1000000,3475,3475,0,0.000,188.913,2466,78368933
"benchmark-example:english-extra-8-cpu","bd/english.100MB",8,1000000,3475,3475,0,0.000,188.913,2467,78375587
"benchmark-example:english-extra-8-cpu","bd/english.100MB",8,1000000,3475,3475,0,0.000,188.913,2468,78375705
"benchmark-example:english-extra-8-cpu","bd/english.100MB",8,1000000,3475,3475,0,0.000,188.913,2469,78394320
"benchmark-example:english-extra-8-cpu","bd/english.100MB",8,1000000,3475,3475,0,0.000,188.913,2470,78394837
"benchmark-example:english-extra-8-cpu","bd/english.100MB",8,1000000,3475,3475,0,0.000,188.913,2471,78395575
"benchmark-example:english-extra-8-cpu","bd/english.100MB",8,1000000,3475,3475,0,0.000,188.913,2472,78456393
"benchmark-example:english-extra-8-cpu","bd/english.100MB",8,1000000,3475,3475,0,0.000,188.913,2473,78461864
"benchmark-example:english-extra-8-cpu","bd/english.100MB",8,1000000,3475,3475,0,0.000,188.913,2474,78463753
"benchmark-example:english-extra-8-cpu","bd/english.100MB",8,1000000,3475,3475,0,0.000,188.913,2475,78480338
"benchmark-example:english-extra-8-cpu","bd/english.100MB",8,1000000,3475,3475,0,0.000,188.913,2476,78578419
"benchmark-example:english-extra-8-cpu","bd/english.100MB",8,1000000,3475,3475,0,0.000,188.913,2477,78606907
"benchmark-example:english-extra-8-cpu","bd/english.100MB",8,1000000,3475,3475,0,0.000,188.913,2478,78607379
"benchmark-example:english-extra-8-cpu","bd/english.100MB",8,1000000,3475,3475,0,0.000,188.913,2479,78616476
"benchmark-example:english-extra-8-cpu","bd/english.100MB",8,1000000,3475,3475,0,0.000,188.913,2480,78618704
"benchmark-example:english-extra-8-cpu","bd/english.100MB",8,1000000,3475,3475,0,0.000,188.913,2481,78649809
"benchmark-example:english-extra-8-cpu","bd/english.100MB",8,1000000,3475,3475,0,0.000,188.913,2482,78673838
"benchmark-example:english-extra-8-cpu","bd/english.100MB",8,1000000,3475,3475,0,0.000,188.913,2483,78704860
"benchmark-example:english-extra-8-cpu","bd/english.100MB",8,1000000,3475,3475,0,0.000,188.913,2484,78711180
"benchmark-example:english-extra-8-cpu","bd/english.100MB",8,1000000,3475,3475,0,0.000,188.913,2485,78728872
"benchmark-example:english-extra-8-cpu","bd/english.100MB",8,1000000,3475,3475,0,0.000,188.913,2486,78730824
"benchmark-example:english-extra-8-cpu","bd/english.100MB",8,1000000,3475,3475,0,0.000,188.913,2487,78731291
"benchmark-example:english-extra-8-cpu","bd/english.100MB",8,1000000,3475,3475,0,0.000,188.913,2488,78745939
"benchmark-example:english-extra-8-cpu","bd/english.100MB",8,1000000,3475,3475,0,0.000,188.913,2489,78750991
"benchmark-example:english-extra-8-cpu","bd/english.100MB",8,1000000,3475,3475,0,0.000,188.913,2490,78810044
"benchmark-example:english-extra-8-cpu","bd/english.100MB",8,1000000,3475,3475,0,0.000,188.913,2491,78813649
"benchmark-example:english-extra-8-cpu","bd/english.100MB",8,1000000,3475,3475,0,0.000,188.913,2492,78835849
"benchmark-example:english-extra-8-cpu","bd/english.100MB",8,1000000,3475,3475,0,0.000,188.913,2493,78892631
"benchmark-example:english-extra-8-cpu","bd/english.100MB",8,1000000,3475,3475,0,0.000,188.913,2494,78892706
"benchmark-example:english-extra-8-cpu","bd/english.100MB",8,1000000,3475,3475,0,0.000,188.913,2495,78894002
"benchmark-example:english-extra-8-cpu","bd/english.100MB",8,1000000,3475,3475,0,0.000,188.913,2496,78898268
"benchmark-example:english-extra-8-cpu","bd/english.100MB",8,1000000,3475,3475,0,0.000,188.913,2497,78911224
"benchmark-example:english-extra-8-cpu","bd/english.100MB",8,1000000,3475,3475,0,0.000,188.913,2498,78940504
"benchmark-example:english-extra-8-cpu","bd/english.100MB",8,1000000,3475,3475,0,0.000,188.913,2499,78954205
"benchmark-example:english-extra-8-cpu","bd/english.100MB",8,1000000,3475,3475,0,0.000,188.913,2500,78954263
"benchmark-example:english-extra-8-cpu","bd/english.100MB",8,1000000,3475,3475,0,0.000,188.913,2501,78978798
"benchmark-example:english-extra-8-cpu","bd/english.100MB",8,1000000,3475,3475,0,0.000,188.913,2502,78995069
"benchmark-example:english-extra-8-cpu","bd/english.100MB",8,1000000,3475,3475,0,0.000,188.913,2503,79004357
"benchmark-example:english-extra-8-cpu","bd/english.100MB",8,1000000,3475,3475,0,0.000,188.913,2504,79012856
"benchmark-example:english-extra-8-cpu","bd/english.100MB",8,1000000,3475,3475,0,0.000,188.913,2505,79021897
"benchmark-example:english-extra-8-cpu","bd/english.100MB",8,1000000,3475,3475,0,0.000,188.913,2506,79025635
"benchmark-example:english-extra-8-cpu","bd/english.100MB",8,1000000,3475,3475,0,0.000,188.913,2507,79037938
"benchmark-example:english-extra-8-cpu","bd/english.100MB",8,1000000,3475,3475,0,0.000,188.913,2508,79037966
"benchmark-example:english-extra-8-cpu","bd/english.100MB",8,1000000,3475,3475,0,0.000,188.913,2509,79070914
"benchmark-example:english-extra-8-cpu","bd/english.100MB",8,1000000,3475,3475,0,0.000,188.913,2510,79072001
"benchmark-example:english-extra-8-cpu","bd/english.100MB",8,1000000,3475,3475,0,0.000,188.913,2511,79072068
"benchmark-example:english-extra-8-cpu","bd/english.100MB",8,1000000,3475,3475,0,0.000,188.913,2512,79075654
"benchmark-example:english-extra-8-cpu","bd/english.100MB",8,1000000,3475,3475,0,0.000,188.913,2513,79075701
"benchmark-example:english-extra-8-cpu","bd/english.100MB",8,1000000,3475,3475,0,0.000,188.913,2514,79075755
"benchmark-example:english-extra-8-cpu","bd/english.100MB",8,1000000,3475,3475,0,0.000,188.913,2515,79076277
"benchmark-example:english-extra-8-cpu","bd/english.100MB",8,1000000,3475,3475,0,0.000,188.913,2516,79172156
"benchmark-example:english-extra-8-cpu","bd/english.100MB",8,1000000,3475,3475,0,0.000,188.913,2517,79238705
"benchmark-example:english-extra-8-cpu","bd/english.100MB",8,1000000,3475,3475,0,0.000,188.913,2518,79305484
"benchmark-example:english-extra-8-cpu","bd/english.100MB",8,1000000,3475,3475,0,0.000,188.913,2519,79381460
"benchmark-example:english-extra-8-cpu","bd/english.100MB",8,1000000,3475,3475,0,0.000,188.913,2520,79522052
"benchmark-example:english-extra-8-cpu","bd/english.100MB",8,1000000,3475,3475,0,0.000,188.913,2521,79582762
"benchmark-example:english-extra-8-cpu","bd/english.100MB",8,1000000,3475,3475,0,0.000,188.913,2522,79714005
"benchmark-example:english-extra-8-cpu","bd/english.100MB",8,1000000,3475,3475,0,0.000,188.913,2523,79780487
"benchmark-example:english-extra-8-cpu","bd/english.100MB",8,1000000,3475,3475,0,0.000,188.913,2524,79847232
"benchmark-example:english-extra-8-cpu","bd/english.100MB",8,1000000,3475,3475,0,0.000,188.913,2525,79923244
"benchmark-example:english-extra-8-cpu","bd/english.100MB",8,1000000,3475,3475,0,0.000,188.913,2526,80063905
"benchmark-example:english-extra-8-cpu","bd/english.100MB",8,1000000,3475,3475,0,0.000,188.913,2527,80124563
"benchmark-example:english-extra-8-cpu","bd/english.100MB",8,1000000,3475,3475,0,0.000,188.913,2528,80255962
"benchmark-example:english-extra-8-cpu","bd/english.100MB",8,1000000,3475,3475,0,0.000,188.913,2529,80322663
"benchmark-example:english-extra-8-cpu","bd/english.100MB",8,1000000,3475,3475,0,0.000,188.913,2530,80389426
"benchmark-example:english-extra-8-cpu","bd/english.100MB",8,1000000,3475,3475,0,0.000,188.913,2531,80465478
"benchmark-example:english-extra-8-cpu","bd/english.100MB",8,1000000,3475,3475,0,0.000,188.913,2532,80606132
"benchmark-example:english-extra-8-cpu","bd/english.100MB",8,1000000,3475,3475,0,0.000,188.913,2533,80666891
"benchmark-example:english-extra-8-cpu","bd/english.100MB",8,1000000,3475,3475,0,0.000,188.913,2534,80733911
"benchmark-example:english-extra-8-cpu","bd/english.100MB",8,1000000,3475,3475,0,0.000,188.913,2535,80753453
"benchmark-example:english-extra-8-cpu","bd/english.100MB",8,1000000,3475,3475,0,0.000,188.913,2536,80755958
"benchmark-example:english-extra-8-cpu","bd/english.100MB",8,1000000,3475,3475,0,0.000,188.913,2537,80839196
"benchmark-example:english-extra-8-cpu","bd/english.100MB",8,1000000,3475,3475,0,0.000,188.913,2538,80839978
"benchmark-example:english-extra-8-cpu","bd/english.100MB",8,1000000,3475,3475,0,0.000,188.913,2539,80857281
"benchmark-example:english-extra-8-cpu","bd/english.100MB",8,1000000,3475,3475,0,0.000,188.913,2540,80948505
"benchmark-example:english-extra-8-cpu","bd/english.100MB",8,1000000,3475,3475,0,0.000,188.913,2541,80962109
"benchmark-example:english-extra-8-cpu","bd/english.100MB",8,1000000,3475,3475,0,0.000,188.913,2542,80962183
"benchmark-example:english-extra-8-cpu","bd/english.100MB",8,1000000,3475,3475,0,0.000,188.913,2543,80962257
"benchmark-example:english-extra-8-cpu","bd/english.100MB",8,1000000,3475,3475,0,0.000,188.913,2544,80968253
"benchmark-example:english-extra-8-cpu","bd/english.100MB",8,1000000,3475,3475,0,0.000,188.913,2545,81042867
"benchmark-example:english-extra-8-cpu","bd/english.100MB",8,1000000,3475,3475,0,0.000,188.913,2546,81043616
"benchmark-example:english-extra-8-cpu","bd/english.100MB",8,1000000,3475,3475,0,0.000,188.913,2547,81052358
"benchmark-example:english-extra-8-cpu","bd/english.100MB",8,1000000,3475,3475,0,0.000,188.913,2548,81054475
"benchmark-example:english-extra-8-cpu","bd/english.100MB",8,1000000,3475,3475,0,0.000,188.913,2549,81106452
"benchmark-example:english-extra-8-cpu","bd/english.100MB",8,1000000,3475,3475,0,0.000,188.913,2550,81138011
"benchmark-example:english-extra-8-cpu","bd/english.100MB",8,1000000,3475,3475,0,0.000,188.913,2551,81139142
"benchmark-example:english-extra-8-cpu","bd/english.100MB",8,1000000,3475,3475,0,0.000,188.913,2552,81165670
"benchmark-example:english-extra-8-cpu","bd/english.100MB",8,1000000,3475,3475,0,0.000,188.913,2553,81165716
"benchmark-example:english-extra-8-cpu","bd/english.100MB",8,1000000,3475,3475,0,0.000,188.913,2554,81185879
"benchmark-example:english-extra-8-cpu","bd/english.100MB",8,1000000,3475,3475,0,0.000,188.913,2555,81194828
"benchmark-example:english-extra-8-cpu","bd/english.100MB",8,1000000,3475,3475,0,0.000,188.913,2556,81198790
"benchmark-example:english-extra-8-cpu","bd/english.100MB",8,1000000,3475,3475,0,0.000,188.913,2557,81277726
"benchmark-example:english-extra-8-cpu","bd/english.100MB",8,1000000,3475,3475,0,0.000,188.913,2558,81300526
"benchmark-example:english-extra-8-cpu","bd/english.100MB",8,1000000,3475,3475,0,0.000,188.913,2559,81310025
"benchmark-example:english-extra-8-cpu","bd/english.100MB",8,1000000,3475,3475,0,0.000,188.913,2560,81329635
"benchmark-example:english-extra-8-cpu","bd/english.100MB",8,1000000,3475,3475,0,0.000,188.913,2561,81332243
"benchmark-example:english-extra-8-cpu","bd/english.100MB",8,1000000,3475,3475,0,0.000,188.913,2562,81342672
"benchmark-example:english-extra-8-cpu","bd/english.100MB",8,1000000,3475,3475,0,0.000,188.913,2563,81360966
"benchmark-example:english-extra-8-cpu","bd/english.100MB",8,1000000,3475,3475,0,0.000,188.913,2564,81367968
"benchmark-example:english-extra-8-cpu","bd/english.100MB",8,1000000,3475,3475,0,0.000,188.913,2565,81369687
"benchmark-example:english-extra-8-cpu","bd/english.100MB",8,1000000,3475,3475,0,0.000,188.913,2566,81372749
"benchmark-example:english-extra-8-cpu","bd/english.100MB",8,1000000,3475,3475,0,0.000,188.913,2567,81379901
"benchmark-example:english-extra-8-cpu","bd/english.100MB",8,1000000,3475,3475,0,0.000,188.913,2568,81396047
"benchmark-example:english-extra-8-cpu","bd/english.100MB",8,1000000,3475,3475,0,0.000,188.913,2569,81451966
"benchmark-example:english-extra-8-cpu","bd/english.100MB",8,1000000,3475,3475,0,0.000,188.913,2570,81454608
"benchmark-example:english-extra-8-cpu","bd/english.100MB",8,1000000,3475,3475,0,0.000,188.913,2571,81467646
"benchmark-example:english-extra-8-cpu","bd/english.100MB",8,1000000,3475,3475,0,0.000,188.913,2572,81526596
"benchmark-example:english-extra-8-cpu","bd/english.100MB",8,1000000,3475,3475,0,0.000,188.913,2573,81553468
"benchmark-example:english-extra-8-cpu","bd/english.100MB",8,1000000,3475,3475,0,0.000,188.913,2574,81571262
"benchmark-example:english-extra-8-cpu","bd/english.100MB",8,1000000,3475,3475,0,0.000,188.913,2575,81574141
"benchmark-example:english-extra-8-cpu","bd/english.100MB",8,1000000,3475,3475,0,0.000,188.913,2576,81608576
"benchmark-example:english-extra-8-cpu","bd/english.100MB",8,1000000,3475,3475,0,0.000,188.913,2577,81618115
"benchmark-example:english-extra-8-cpu","bd/english.100MB",8,1000000,3475,3475,0,0.000,188.913,2578,81628520
"benchmark-example:english-extra-8-cpu","bd/english.100MB",8,1000000,3475,3475,0,0.000,188.913,2579,81720502
"benchmark-example:english-extra-8-cpu","bd/english.100MB",8,1000000,3475,3475,0,0.000,188.913,2580,81723788
"benchmark-example:english-extra-8-cpu","bd/english.100MB",8,1000000,3475,3475,0,0.000,188.913,2581,81733442
"benchmark-example:english-extra-8-cpu","bd/english.100MB",8,1000000,3475,3475,0,0.000,188.913,2582,81733483
"benchmark-example:english-extra-8-cpu","bd/english.100MB",8,1000000,3475,3475,0,0.000,188.913,2583,81756220
"benchmark-example:english-extra-8-cpu","bd/english.100MB",8,1000000,3475,3475,0,0.000,188.913,2584,81760026
"benchmark-example:english-extra-8-cpu","bd/english.100MB",8,1000000,3475,3475,0,0.000,188.913,2585,81771489
"benchmark-example:english-extra-8-cpu","bd/english.100MB",8,1000000,3475,3475,0,0.000,188.913,2586,81781707
"benchmark-example:english-extra-8-cpu","bd/english.100MB",8,1000000,3475,3475,0,0.000,188.913,2587,81783094
"benchmark-example:english-extra-8-cpu","bd/english.100MB",8,1000000,3475,3475,0,0.000,188.913,2588,81814585
"benchmark-example:english-extra-8-cpu","bd/english.100MB",8,1000000,3475,3475,0,0.000,188.913,2589,81862405
"benchmark-example:english-extra-8-cpu","bd/english.100MB",8,1000000,3475,3475,0,0.000,188.913,2590,81906355
"benchmark-example:english-extra-8-cpu","bd/english.100MB",8,1000000,3475,3475,0,0.000,188.913,2591,81950429
"benchmark-example:english-extra-8-cpu","bd/english.100MB",8,1000000,3475,3475,0,0.000,188.913,2592,81969744
"benchmark-example:english-extra-8-cpu","bd/english.100MB",8,1000000,3475,3475,0,0.000,188.913,2593,81976033
"benchmark-example:english-extra-8-cpu","bd/english.100MB",8,1000000,3475,3475,0,0.000,188.913,2594,81976256
"benchmark-example:english-extra-8-cpu","bd/english.100MB",8,1000000,3475,3475,0,0.000,188.913,2595,81978212
"benchmark-example:english-extra-8-cpu","bd/english.100MB",8,1000000,3475,3475,0,0.000,188.913,2596,82029300
"benchmark-example:english-extra-8-cpu","bd/english.100MB",8,1000000,3475,3475,0,0.000,188.913,2597,82031574
"benchmark-example:english-extra-8-cpu","bd/english.100MB",8,1000000,3475,3475,0,0.000,188.913,2598,82206412
"benchmark-example:english-extra-8-cpu","bd/english.100MB",8,1000000,3475,3475,0,0.000,188.913,2599,82218698
"benchmark-example:english-extra-8-cpu","bd/english.100MB",8,1000000,3475,3475,0,0.000,188.913,2600,82256937
"benchmark-example:english-extra-8-cpu","bd/english.100MB",8,1000000,3475,3475,0,0.000,188.913,2601,82328145
"benchmark-example:english-extra-8-cpu","bd/english.100MB",8,1000000,3475,3475,0,0.000,188.913,2602,82595479
"benchmark-example:english-extra-8-cpu","bd/english.100MB",8,1000000,3475,3475,0,0.000,188.913,2603,82612065
"benchmark-example:english-extra-8-cpu","bd/english.100MB",8,1000000,3475,3475,0,0.000,188.913,2604,82620374
"benchmark-example:english-extra-8-cpu","bd/english.100MB",8,1000000,3475,3475,0,0.000,188.913,2605,82670798
"benchmark-example:english-extra-8-cpu","bd/english.100MB",8,1000000,3475,3475,0,0.000,188.913,2606,82673735
"benchmark-example:english-extra-8-cpu","bd/english.100MB",8,1000000,3475,3475,0,0.000,188.913,2607,82712173
"benchmark-example:english-extra-8-cpu","bd/english.100MB",8,1000000,3475,3475,0,0.000,188.913,2608,82733299
"benchmark-example:english-extra-8-cpu","bd/english.100MB",8,1000000,3475,3475,0,0.000,188.913,2609,82736256
"benchmark-example:english-extra-8-cpu","bd/english.100MB",8,1000000,3475,3475,0,0.000,188.913,2610,82814163
"benchmark-example:english-extra-8-cpu","bd/english.100MB",8,1000000,3475,3475,0,0.000,188.913,2611,82841002
"benchmark-example:english-extra-8-cpu","bd/english.100MB",8,1000000,3475,3475,0,0.000,188.913,2612,82889389
"benchmark-example:english-extra-8-cpu","bd/english.100MB",8,1000000,3475,3475,0,0.000,188.913,2613,82890990
"benchmark-example:english-extra-8-cpu","bd/english.100MB",8,1000000,3475,3475,0,0.000,188.913,2614,82956855
"benchmark-example:english-extra-8-cpu","bd/english.100MB",8,1000000,3475,3475,0,0.000,188.913,2615,83007375
"benchmark-example:english-extra-8-cpu","bd/english.100MB",8,1000000,3475,3475,0,0.000,188.913,2616,83077783
"benchmark-example:english-extra-8-cpu","bd/english.100MB",8,1000000,3475,3475,0,0.000,188.913,2617,83094569
"benchmark-example:english-extra-8-cpu","bd/english.100MB",8,1000000,3475,3475,0,0.000,188.913,2618,83118741
"benchmark-example:english-extra-8-cpu","bd/english.100MB",8,1000000,3475,3475,0,0.000,188.913,2619,83201439
"benchmark-example:english-extra-8-cpu","bd/english.100MB",8,1000000,3475,3475,0,0.000,188.913,2620,83245667
"benchmark-example:english-extra-8-cpu","bd/english.100MB",8,1000000,3475,3475,0,0.000,188.913,2621,83264972
"benchmark-example:english-extra-8-cpu","bd/english.100MB",8,1000000,3475,3475,0,0.000,188.913,2622,83314283
"benchmark-example:english-extra-8-cpu","bd/english.100MB",8,1000000,3475,3475,0,0.000,188.913,2623,83316407
"benchmark-example:english-extra-8-cpu","bd/english.100MB",8,1000000,3475,3475,0,0.000,188.913,2624,83319118
"benchmark-example:english-extra-8-cpu","bd/english.100MB",8,1000000,3475,3475,0,0.000,188.913,2625,83410421
"benchmark-example:english-extra-8-cpu","bd/english.100MB",8,1000000,3475,3475,0,0.000,188.913,2626,83414119
"benchmark-example:english-extra-8-cpu","bd/english.100MB",8,1000000,3475,3475,0,0.000,188.913,2627,83449735
"benchmark-example:english-extra-8-cpu","bd/english.100MB",8,1000000,3475,3475,0,0.000,188.913,2628,83489641
"benchmark-example:english-extra-8-cpu","bd/english.100MB",8,1000000,3475,3475,0,0.000,188.913,2629,83562239
"benchmark-example:english-extra-8-cpu","bd/english.100MB",8,1000000,3475,3475,0,0.000,188.913,2630,83580484
"benchmark-example:english-extra-8-cpu","bd/english.100MB",8,1000000,3475,3475,0,0.000,188.913,2631,83599819
"benchmark-example:english-extra-8-cpu","bd/english.100MB",8,1000000,3475,3475,0,0.000,188.913,2632,83691835
"benchmark-example:english-extra-8-cpu","bd/english.100MB",8,1000000,3475,3475,0,0.000,188.913,2633,83705640
"benchmark-example:english-extra-8-cpu","bd/english.100MB",8,1000000,3475,3475,0,0.000,188.913,2634,83809419
"benchmark-example:english-extra-8-cpu","bd/english.100MB",8,1000000,3475,3475,0,0.000,188.913,2635,83854258
"benchmark-example:english-extra-8-cpu","bd/english.100MB",8,1000000,3475,3475,0,0.000,188.913,2636,83925314
"benchmark-example:english-extra-8-cpu","bd/english.100MB",8,1000000,3475,3475,0,0.000,188.913,2637,84194130
"benchmark-example:english-extra-8-cpu","bd/english.100MB",8,1000000,3475,3475,0,0.000,188.913,2638,84277737
"benchmark-example:english-extra-8-cpu","bd/english.100MB",8,1000000,3475,3475,0,0.000,188.913,2639,84362803
"benchmark-example:english-extra-8-cpu","bd/english.100MB",8,1000000,3475,3475,0,0.000,188.913,2640,84490402
"benchmark-example:english-extra-8-cpu","bd/english.100MB",8,1000000,3475,3475,0,0.000,188.913,2641,84494422
"benchmark-example:english-extra-8-cpu","bd/english.100MB",8,1000000,3475,3475,0,0.000,188.913,2642,84504190
"benchmark-example:english-extra-8-cpu","bd/english.100MB",8,1000000,3475,3475,0,0.000,188.913,2643,84534541
"benchmark-example:english-extra-8-cpu","bd/english.100MB",8,1000000,3475,3475,0,0.000,188.913,2644,84542646
"benchmark-example:english-extra-8-cpu","bd/english.100MB",8,1000000,3475,3475,0,0.000,188.913,2645,84558532
"benchmark-example:english-extra-8-cpu","bd/english.100MB",8,1000000,3475,3475,0,0.000,188.913,2646,84559012
"benchmark-example:english-extra-8-cpu","bd/english.100MB",8,1000000,3475,3475,0,0.000,188.913,2647,84559433
"benchmark-example:english-extra-8-cpu","bd/english.100MB",8,1000000,3475,3475,0,0.000,188.913,2648,84581569
"benchmark-example:english-extra-8-cpu","bd/english.100MB",8,1000000,3475,3475,0,0.000,188.913,2649,84587525
"benchmark-example:english-extra-8-cpu","bd/english.100MB",8,1000000,3475,3475,0,0.000,188.913,2650,84587749
"benchmark-example:english-extra-8-cpu","bd/english.100MB",8,1000000,3475,3475,0,0.000,188.913,2651,84599817
"benchmark-example:english-extra-8-cpu","bd/english.100MB",8,1000000,3475,3475,0,0.000,188.913,2652,84608591
"benchmark-example:english-extra-8-cpu","bd/english.100MB",8,1000000,3475,3475,0,0.000,188.913,2653,84611851
"benchmark-example:english-extra-8-cpu","bd/english.100MB",8,1000000,3475,3475,0,0.000,188.913,2654,84633407
"benchmark-example:english-extra-8-cpu","bd/english.100MB",8,1000000,3475,3475,0,0.000,188.913,2655,84635818
"benchmark-example:english-extra-8-cpu","bd/english.100MB",8,1000000,3475,3475,0,0.000,188.913,2656,84639825
"benchmark-example:english-extra-8-cpu","bd/english.100MB",8,1000000,3475,3475,0,0.000,188.913,2657,84666279
"benchmark-example:english-extra-8-cpu","bd/english.100MB",8,1000000,3475,3475,0,0.000,188.913,2658,84666636
"benchmark-example:english-extra-8-cpu","bd/english.100MB",8,1000000,3475,3475,0,0.000,188.913,2659,84667271
"benchmark-example:english-extra-8-cpu","bd/english.100MB",8,1000000,3475,3475,0,0.000,188.913,2660,84680732
"benchmark-example:english-extra-8-cpu","bd/english.100MB",8,1000000,3475,3475,0,0.000,188.913,2661,84680770
"benchmark-example:english-extra-8-cpu","bd/english.100MB",8,1000000,3475,3475,0,0.000,188.913,2662,84681103
"benchmark-example:english-extra-8-cpu","bd/english.100MB",8,1000000,3475,3475,0,0.000,188.913,2663,84684015
"benchmark-example:english-extra-8-cpu","bd/english.100MB",8,1000000,3475,3475,0,0.000,188.913,2664,84685830
"benchmark-example:english-extra-8-cpu","bd/english.100MB",8,1000000,3475,3475,0,0.000,188.913,2665,84721525
"benchmark-example:english-extra-8-cpu","bd/english.100MB",8,1000000,3475,3475,0,0.000,188.913,2666,84731277
"benchmark-example:english-extra-8-cpu","bd/english.100MB",8,1000000,3475,3475,0,0.000,188.913,2667,84732736
"benchmark-example:english-extra-8-cpu","bd/english.100MB",8,1000000,3475,3475,0,0.000,188.913,2668,84743068
"benchmark-example:english-extra-8-cpu","bd/english.100MB",8,1000000,3475,3475,0,0.000,188.913,2669,84752272
"benchmark-example:english-extra-8-cpu","bd/english.100MB",8,1000000,3475,3475,0,0.000,188.913,2670,84777320
"benchmark-example:english-extra-8-cpu","bd/english.100MB",8,1000000,3475,3475,0,0.000,188.913,2671,84791901
"benchmark-example:english-extra-8-cpu","bd/english.100MB",8,1000000,3475,3475,0,0.000,188.913,2672,84794816
"benchmark-example:english-extra-8-cpu","bd/english.100MB",8,1000000,3475,3475,0,0.000,188.913,2673,84811414
"benchmark-example:english-extra-8-cpu","bd/english.100MB",8,1000000,3475,3475,0,0.000,188.913,2674,84868647
"benchmark-example:english-extra-8-cpu","bd/english.100MB",8,1000000,3475,3475,0,0.000,188.913,2675,84895063
"benchmark-example:english-extra-8-cpu","bd/english.100MB",8,1000000,3475,3475,0,0.000,188.913,2676,84940235
"benchmark-example:english-extra-8-cpu","bd/english.100MB",8,1000000,3475,3475,0,0.000,188.913,2677,84950352
"benchmark-example:english-extra-8-cpu","bd/english.100MB",8,1000000,3475,3475,0,0.000,188.913,2678,84958882
"benchmark-example:english-extra-8-cpu","bd/english.100MB",8,1000000,3475,3475,0,0.000,188.913,2679,84958960
"benchmark-example:english-extra-8-cpu","bd/english.100MB",8,1000000,3475,3475,0,0.000,188.913,2680,84978422
"benchmark-example:english-extra-8-cpu","bd/english.100MB",8,1000000,3475,3475,0,0.000,188.913,2681,84992962
"benchmark-example:english-extra-8-cpu","bd/english.100MB",8,1000000,3475,3475,0,0.000,188.913,2682,84993693
"benchmark-example:english-extra-8-cpu","bd/english.100MB",8,1000000,3475,3475,0,0.000,188.913,2683,85010371
"benchmark-example:english-extra-8-cpu","bd/english.100MB",8,1000000,3475,3475,0,0.000,188.913,2684,85016784
"benchmark-example:english-extra-8-cpu","bd/english.100MB",8,1000000,3475,3475,0,0.000,188.913,2685,85025743
"benchmark-example:english-extra-8-cpu","bd/english.100MB",8,1000000,3475,3475,0,0.000,188.913,2686,85027734
"benchmark-example:english-extra-8-cpu","bd/english.100MB",8,1000000,3475,3475,0,0.000,188.913,2687,85029456
"benchmark-example:english-extra-8-cpu","bd/english.100MB",8,1000000,3475,3475,0,0.000,188.913,2688,85036961
"benchmark-example:english-extra-8-cpu","bd/english.100MB",8,1000000,3475,3475,0,0.000,188.913,2689,85037974
"benchmark-example:english-extra-8-cpu","bd/english.100MB",8,1000000,3475,3475,0,0.000,188.913,2690,85058567
"benchmark-example:english-extra-8-cpu","bd/english.100MB",8,1000000,3475,3475,0,0.000,188.913,2691,85059104
"benchmark-example:english-extra-8-cpu","bd/english.100MB",8,1000000,3475,3475,0,0.000,188.913,2692,85071576
"benchmark-example:english-extra-8-cpu","bd/english.100MB",8,1000000,3475,3475,0,0.000,188.913,2693,85073492
"benchmark-example:english-extra-8-cpu","bd/english.100MB",8,1000000,3475,3475,0,0.000,188.913,2694,85085062
"benchmark-example:english-extra-8-cpu","bd/english.100MB",8,1000000,3475,3475,0,0.000,188.913,2695,85090793
"benchmark-example:english-extra-8-cpu","bd/english.100MB",8,1000000,3475,3475,0,0.000,188.913,2696,85096202
"benchmark-example:english-extra-8-cpu","bd/english.100MB",8,1000000,3475,3475,0,0.000,188.913,2697,85102494
"benchmark-example:english-extra-8-cpu","bd/english.100MB",8,1000000,3475,3475,0,0.000,188.913,2698,85103659
"benchmark-example:english-extra-8-cpu","bd/english.100MB",8,1000000,3475,3475,0,0.000,188.913,2699,85105580
"benchmark-example:english-extra-8-cpu","bd/english.100MB",8,1000000,3475,3475,0,0.000,188.913,2700,85112078
"benchmark-example:english-extra-8-cpu","bd/english.100MB",8,1000000,3475,3475,0,0.000,188.913,2701,85123317
"benchmark-example:english-extra-8-cpu","bd/english.100MB",8,1000000,3475,3475,0,0.000,188.913,2702,85126612
"benchmark-example:english-extra-8-cpu","bd/english.100MB",8,1000000,3475,3475,0,0.000,188.913,2703,85145926
"benchmark-example:english-extra-8-cpu","bd/english.100MB",8,1000000,3475,3475,0,0.000,188.913,2704,85148089
"benchmark-example:english-extra-8-cpu","bd/english.100MB",8,1000000,3475,3475,0,0.000,188.913,2705,85161217
"benchmark-example:english-extra-8-cpu","bd/english.100MB",8,1000000,3475,3475,0,0.000,188.913,2706,85171618
"benchmark-example:english-extra-8-cpu","bd/english.100MB",8,1000000,3475,3475,0,0.000,188.913,2707,85225827
"benchmark-example:english-extra-8-cpu","bd/english.100MB",8,1000000,3475,3475,0,0.000,188.913,2708,85287210
"benchmark-example:english-extra-8-cpu","bd/english.100MB",8,1000000,3475,3475,0,0.000,188.913,2709,85305729
"benchmark-example:english-extra-8-cpu","bd/english.100MB",8,1000000,3475,3475,0,0.000,188.913,2710,85306305
"benchmark-example:english-extra-8-cpu","bd/english.100MB",8,1000000,3475,3475,0,0.000,188.913,2711,85322275
"benchmark-example:english-extra-8-cpu","bd/english.100MB",8,1000000,3475,3475,0,0.000,188.913,2712,85347550
"benchmark-example:english-extra-8-cpu","bd/english.100MB",8,1000000,3475,3475,0,0.000,188.913,2713,85352571
"benchmark-example:english-extra-8-cpu","bd/english.100MB",8,1000000,3475,3475,0,0.000,188.913,2714,85355172
"benchmark-example:english-extra-8-cpu","bd/english.100MB",8,1000000,3475,3475,0,0.000,188.913,2715,85383663
"benchmark-example:english-extra-8-cpu","bd/english.100MB",8,1000000,3475,3475,0,0.000,188.913,2716,85391123
"benchmark-example:english-extra-8-cpu","bd/english.100MB",8,1000000,3475,3475,0,0.000,188.913,2717,85392359
"benchmark-example:english-extra-8-cpu","bd/english.100MB",8,1000000,3475,3475,0,0.000,188.913,2718,85421524
"benchmark-example:english-extra-8-cpu","bd/english.100MB",8,1000000,3475,3475,0,0.000,188.913,2719,85422925
"benchmark-example:english-extra-8-cpu","bd/english.100MB",8,1000000,3475,3475,0,0.000,188.913,2720,85441686
"benchmark-example:english-extra-8-cpu","bd/english.100MB",8,1000000,3475,3475,0,0.000,188.913,2721,85466866
"benchmark-example:english-extra-8-cpu","bd/english.100MB",8,1000000,3475,3475,0,0.000,188.913,2722,85562276
"benchmark-example:english-extra-8-cpu","bd/english.100MB",8,1000000,3475,3475,0,0.000,188.913,2723,85563729
"benchmark-example:english-extra-8-cpu","bd/english.100MB",8,1000000,3475,3475,0,0.000,188.913,2724,85564284
"benchmark-example:english-extra-8-cpu","bd/english.100MB",8,1000000,3475,3475,0,0.000,188.913,2725,85617920
"benchmark-example:english-extra-8-cpu","bd/english.100MB",8,1000000,3475,3475,0,0.000,188.913,2726,85710954
"benchmark-example:english-extra-8-cpu","bd/english.100MB",8,1000000,3475,3475,0,0.000,188.913,2727,85817703
"benchmark-example:english-extra-8-cpu","bd/english.100MB",8,1000000,3475,3475,0,0.000,188.913,2728,85838568
"benchmark-example:english-extra-8-cpu","bd/english.100MB",8,1000000,3475,3475,0,0.000,188.913,2729,85883271
"benchmark-example:english-extra-8-cpu","bd/english.100MB",8,1000000,3475,3475,0,0.000,188.913,2730,85901588
"benchmark-example:english-extra-8-cpu","bd/english.100MB",8,1000000,3475,3475,0,0.000,188.913,2731,85950744
"benchmark-example:english-extra-8-cpu","bd/english.100MB",8,1000000,3475,3475,0,0.000,188.913,2732,85969384
"benchmark-example:english-extra-8-cpu","bd/english.100MB",8,1000000,3475,3475,0,0.000,188.913,2733,85972472
"benchmark-example:english-extra-8-cpu","bd/english.100MB",8,1000000,3475,3475,0,0.000,188.913,2734,86265496
"benchmark-example:english-extra-8-cpu","bd/english.100MB",8,1000000,3475,3475,0,0.000,188.913,2735,86271405
"benchmark-example:english-extra-8-cpu","bd/english.100MB",8,1000000,3475,3475,0,0.000,188.913,2736,86288227
"benchmark-example:english-extra-8-cpu","bd/english.100MB",8,1000000,3475,3475,0,0.000,188.913,2737,86319110
"benchmark-example:english-extra-8-cpu","bd/english.100MB",8,1000000,3475,3475,0,0.000,188.913,2738,86326293
"benchmark-example:english-extra-8-cpu","bd/english.100MB",8,1000000,3475,3475,0,0.000,188.913,2739,86380548
"benchmark-example:english-extra-8-cpu","bd/english.100MB",8,1000000,3475,3475,0,0.000,188.913,2740,86423775
"benchmark-example:english-extra-8-cpu","bd/english.100MB",8,1000000,3475,3475,0,0.000,188.913,2741,86469191
"benchmark-example:english-extra-8-cpu","bd/english.100MB",8,1000000,3475,3475,0,0.000,188.913,2742,86516515
"benchmark-example:english-extra-8-cpu","bd/english.100MB",8,1000000,3475,3475,0,0.000,188.913,2743,86518137
"benchmark-example:english-extra-8-cpu","bd/english.100MB",8,1000000,3475,3475,0,0.000,188.913,2744,86550408
"benchmark-example:english-extra-8-cpu","bd/english.100MB",8,1000000,3475,3475,0,0.000,188.913,2745,86556548
"benchmark-example:english-extra-8-cpu","bd/english.100MB",8,1000000,3475,3475,0,0.000,188.913,2746,86560553
"benchmark-example:english-extra-8-cpu","bd/english.100MB",8,1000000,3475,3475,0,0.000,188.913,2747,86563858
"benchmark-example:english-extra-8-cpu","bd/english.100MB",8,1000000,3475,3475,0,0.000,188.913,2748,86611396
"benchmark-example:english-extra-8-cpu","bd/english.100MB",8,1000000,3475,3475,0,0.000,188.913,2749,86619221
"benchmark-example:english-extra-8-cpu","bd/english.100MB",8,1000000,3475,3475,0,0.000,188.913,2750,86621214
"benchmark-example:english-extra-8-cpu","bd/english.100MB",8,1000000,3475,3475,0,0.000,188.913,2751,86628485
"benchmark-example:english-extra-8-cpu","bd/english.100MB",8,1000000,3475,3475,0,0.000,188.913,2752,86630139
"benchmark-example:english-extra-8-cpu","bd/english.100MB",8,1000000,3475,3475,0,0.000,188.913,2753,86638828
"benchmark-example:english-extra-8-cpu","bd/english.100MB",8,1000000,3475,3475,0,0.000,188.913,2754,86668514
"benchmark-example:english-extra-8-cpu","bd/english.100MB",8,1000000,3475,3475,0,0.000,188.913,2755,86733083
"benchmark-example:english-extra-8-cpu","bd/english.100MB",8,1000000,3475,3475,0,0.000,188.913,2756,86734862
"benchmark-example:english-extra-8-cpu","bd/english.100MB",8,1000000,3475,3475,0,0.000,188.913,2757,86736667
"benchmark-example:english-extra-8-cpu","bd/english.100MB",8,1000000,3475,3475,0,0.000,188.913,2758,86767244
"benchmark-example:english-extra-8-cpu","bd/english.100MB",8,1000000,3475,3475,0,0.000,188.913,2759,86793337
"benchmark-example:english-extra-8-cpu","bd/english.100MB",8,1000000,3475,3475,0,0.000,188.913,2760,86882016
"benchmark-example:english-extra-8-cpu","bd/english.100MB",8,1000000,3475,3475,0,0.000,188.913,2761,86898118
"benchmark-example:english-extra-8-cpu","bd/english.100MB",8,1000000,3475,3475,0,0.000,188.913,2762,86906525
"benchmark-example:english-extra-8-cpu","bd/english.100MB",8,1000000,3475,3475,0,0.000,188.913,2763,86919643
"benchmark-example:english-extra-8-cpu","bd/english.100MB",8,1000000,3475,3475,0,0.000,188.913,2764,86935286
"benchmark-example:english-extra-8-cpu","bd/english.100MB",8,1000000,3475,3475,0,0.000,188.913,2765,87047294
"benchmark-example:english-extra-8-cpu","bd/english.100MB",8,1000000,3475,3475,0,0.000,188.913,2766,87212793
"benchmark-example:english-extra-8-cpu","bd/english.100MB",8,1000000,3475,3475,0,0.000,188.913,2767,87215584
"benchmark-example:english-extra-8-cpu","bd/english.100MB",8,1000000,3475,3475,0,0.000,188.913,2768,87279491
"benchmark-example:english-extra-8-cpu","bd/english.100MB",8,1000000,3475,3475,0,0.000,188.913,2769,87310862
"benchmark-example:english-extra-8-cpu","bd/english.100MB",8,1000000,3475,3475,0,0.000,188.913,2770,87353013
"benchmark-example:english-extra-8-cpu","bd/english.100MB",8,1000000,3475,3475,0,0.000,188.913,2771,87381615
"benchmark-example:english-extra-8-cpu","bd/english.100MB",8,1000000,3475,3475,0,0.000,188.913,2772,87382104
"benchmark-example:english-extra-8-cpu","bd/english.100MB",8,1000000,3475,3475,0,0.000,188.913,2773,87383273
"benchmark-example:english-extra-8-cpu","bd/english.100MB",8,1000000,3475,3475,0,0.000,188.913,2774,87470862
"benchmark-example:english-extra-8-cpu","bd/english.100MB",8,1000000,3475,3475,0,0.000,188.913,2775,87510642
"benchmark-example:english-extra-8-cpu","bd/english.100MB",8,1000000,3475,3475,0,0.000,188.913,2776,87558849
"benchmark-example:english-extra-8-cpu","bd/english.100MB",8,1000000,3475,3475,0,0.000,188.913,2777,87560661
"benchmark-example:english-extra-8-cpu","bd/english.100MB",8,1000000,3475,3475,0,0.000,188.913,2778,87581819
"benchmark-example:english-extra-8-cpu","bd/english.100MB",8,1000000,3475,3475,0,0.000,188.913,2779,87604302
"benchmark-example:english-extra-8-cpu","bd/english.100MB",8,1000000,3475,3475,0,0.000,188.913,2780,87704473
"benchmark-example:english-extra-8-cpu","bd/english.100MB",8,1000000,3475,3475,0,0.000,188.913,2781,87708590
"benchmark-example:english-extra-8-cpu","bd/english.100MB",8,1000000,3475,3475,0,0.000,188.913,2782,87710453
"benchmark-example:english-extra-8-cpu","bd/english.100MB",8,1000000,3475,3475,0,0.000,188.913,2783,87721567
"benchmark-example:english-extra-8-cpu","bd/english.100MB",8,1000000,3475,3475,0,0.000,188.913,2784,87738419
"benchmark-example:english-extra-8-cpu","bd/english.100MB",8,1000000,3475,3475,0,0.000,188.913,2785,87769068
"benchmark-example:english-extra-8-cpu","bd/english.100MB",8,1000000,3475,3475,0,0.000,188.913,2786,87808311
"benchmark-example:english-extra-8-cpu","bd/english.100MB",8,1000000,3475,3475,0,0.000,188.913,2787,87808681
"benchmark-example:english-extra-8-cpu","bd/english.100MB",8,1000000,3475,3475,0,0.000,188.913,2788,87851541
"benchmark-example:english-extra-8-cpu","bd/english.100MB",8,1000000,3475,3475,0,0.000,188.913,2789,88050603
"benchmark-example:english-extra-8-cpu","bd/english.100MB",8,1000000,3475,3475,0,0.000,188.913,2790,88055947
"benchmark-example:english-extra-8-cpu","bd/english.100MB",8,1000000,3475,3475,0,0.000,188.913,2791,88112777
"benchmark-example:english-extra-8-cpu","bd/english.100MB",8,1000000,3475,3475,0,0.000,188.913,2792,88147131
"benchmark-example:english-extra-8-cpu","bd/english.100MB",8,1000000,3475,3475,0,0.000,188.913,2793,88173973
"benchmark-example:english-extra-8-cpu","bd/english.100MB",8,1000000,3475,3475,0,0.000,188.913,2794,88230244
"benchmark-example:english-extra-8-cpu","bd/english.100MB",8,1000000,3475,3475,0,0.000,188.913,2795,88242316
"benchmark-example:english-extra-8-cpu","bd/english.100MB",8,1000000,3475,3475,0,0.000,188.913,2796,88242458
"benchmark-example:english-extra-8-cpu","bd/english.100MB",8,1000000,3475,3475,0,0.000,188.913,2797,88248844
"benchmark-example:english-extra-8-cpu","bd/english.100MB",8,1000000,3475,3475,0,0.000,188.913,2798,88302948
"benchmark-example:english-extra-8-cpu","bd/english.100MB",8,1000000,3475,3475,0,0.000,188.913,2799,88357046
"benchmark-example:english-extra-8-cpu","bd/english.100MB",8,1000000,3475,3475,0,0.000,188.913,2800,88431914
"benchmark-example:english-extra-8-cpu","bd/english.100MB",8,1000000,3475,3475,0,0.000,188.913,2801,88463084
"benchmark-example:english-extra-8-cpu","bd/english.100MB",8,1000000,3475,3475,0,0.000,188.913,2802,88523701
"benchmark-example:english-extra-8-cpu","bd/english.100MB",8,1000000,3475,3475,0,0.000,188.913,2803,88524673
"benchmark-example:english-extra-8-cpu","bd/english.100MB",8,1000000,3475,3475,0,0.000,188.913,2804,88538319
"benchmark-example:english-extra-8-cpu","bd/english.100MB",8,1000000,3475,3475,0,0.000,188.913,2805,88588174
"benchmark-example:english-extra-8-cpu","bd/english.100MB",8,1000000,3475,3475,0,0.000,188.913,2806,88645121
"benchmark-example:english-extra-8-cpu","bd/english.100MB",8,1000000,3475,3475,0,0.000,188.913,2807,88648071
"benchmark-example:english-extra-8-cpu","bd/english.100MB",8,1000000,3475,3475,0,0.000,188.913,2808,88653982
"benchmark-example:english-extra-8-cpu","bd/english.100MB",8,1000000,3475,3475,0,0.000,188.913,2809,88665024
"benchmark-example:english-extra-8-cpu","bd/english.100MB",8,1000000,3475,3475,0,0.000,188.913,2810,88689422
"benchmark-example:english-extra-8-cpu","bd/english.100MB",8,1000000,3475,3475,0,0.000,188.913,2811,88703676
"benchmark-example:english-extra-8-cpu","bd/english.100MB",8,1000000,3475,3475,0,0.000,188.913,2812,88769186
"benchmark-example:english-extra-8-cpu","bd/english.100MB",8,1000000,3475,3475,0,0.000,188.913,2813,88777828
"benchmark-example:english-extra-8-cpu","bd/english.100MB",8,1000000,3475,3475,0,0.000,188.913,2814,88790187
"benchmark-example:english-extra-8-cpu","bd/english.100MB",8,1000000,3475,3475,0,0.000,188.913,2815,88790554
"benchmark-example:english-extra-8-cpu","bd/english.100MB",8,1000000,3475,3475,0,0.000,188.913,2816,88793463
"benchmark-example:english-extra-8-cpu","bd/english.100MB",8,1000000,3475,3475,0,0.000,188.913,2817,88872815
"benchmark-example:english-extra-8-cpu","bd/english.100MB",8,1000000,3475,3475,0,0.000,188.913,2818,88894807
"benchmark-example:english-extra-8-cpu","bd/english.100MB",8,1000000,3475,3475,0,0.000,188.913,2819,88920149
"benchmark-example:english-extra-8-cpu","bd/english.100MB",8,1000000,3475,3475,0,0.000,188.913,2820,88920254
"benchmark-example:english-extra-8-cpu","bd/english.100MB",8,1000000,3475,3475,0,0.000,188.913,2821,88933022
"benchmark-example:english-extra-8-cpu","bd/english.100MB",8,1000000,3475,3475,0,0.000,188.913,2822,88958979
"benchmark-example:english-extra-8-cpu","bd/english.100MB",8,1000000,3475,3475,0,0.000,188.913,2823,88979441
"benchmark-example:english-extra-8-cpu","bd/english.100MB",8,1000000,3475,3475,0,0.000,188.913,2824,89022960
"benchmark-example:english-extra-8-cpu","bd/english.100MB",8,1000000,3475,3475,0,0.000,188.913,2825,89029117
"benchmark-example:english-extra-8-cpu","bd/english.100MB",8,1000000,3475,3475,0,0.000,188.913,2826,89029673
"benchmark-example:english-extra-8-cpu","bd/english.100MB",8,1000000,3475,3475,0,0.000,188.913,2827,89032985
"benchmark-example:english-extra-8-cpu","bd/english.100MB",8,1000000,3475,3475,0,0.000,188.913,2828,89063883
"benchmark-example:english-extra-8-cpu","bd/english.100MB",8,1000000,3475,3475,0,0.000,188.913,2829,89067938
"benchmark-example:english-extra-8-cpu","bd/english.100MB",8,1000000,3475,3475,0,0.000,188.913,2830,89071177
"benchmark-example:english-extra-8-cpu","bd/english.100MB",8,1000000,3475,3475,0,0.000,188.913,2831,89073655
"benchmark-example:english-extra-8-cpu","bd/english.100MB",8,1000000,3475,3475,0,0.000,188.913,2832,89098801
"benchmark-example:english-extra-8-cpu","bd/english.100MB",8,1000000,3475,3475,0,0.000,188.913,2833,89107817
"benchmark-example:english-extra-8-cpu","bd/english.100MB",8,1000000,3475,3475,0,0.000,188.913,2834,89211527
"benchmark-example:english-extra-8-cpu","bd/english.100MB",8,1000000,3475,3475,0,0.000,188.913,2835,89242960
"benchmark-example:english-extra-8-cpu","bd/english.100MB",8,1000000,3475,3475,0,0.000,188.913,2836,89249774
"benchmark-example:english-extra-8-cpu","bd/english.100MB",8,1000000,3475,3475,0,0.000,188.913,2837,89280965
"benchmark-example:english-extra-8-cpu","bd/english.100MB",8,1000000,3475,3475,0,0.000,188.913,2838,89310861
"benchmark-example:english-extra-8-cpu","bd/english.100MB",8,1000000,3475,3475,0,0.000,188.913,2839,89394501
"benchmark-example:english-extra-8-cpu","bd/english.100MB",8,1000000,3475,3475,0,0.000,188.913,2840,89412478
"benchmark-example:english-extra-8-cpu","bd/english.100MB",8,1000000,3475,3475,0,0.000,188.913,2841,89839819
"benchmark-example:english-extra-8-cpu","bd/english.100MB",8,1000000,3475,3475,0,0.000,188.913,2842,89876852
"benchmark-example:english-extra-8-cpu","bd/english.100MB",8,1000000,3475,3475,0,0.000,188.913,2843,89892151
"benchmark-example:english-extra-8-cpu","bd/english.100MB",8,1000000,3475,3475,0,0.000,188.913,2844,89893368
"benchmark-example:english-extra-8-cpu","bd/english.100MB",8,1000000,3475,3475,0,0.000,188.913,2845,89903097
"benchmark-example:english-extra-8-cpu","bd/english.100MB",8,1000000,3475,3475,0,0.000,188.913,2846,89903153
"benchmark-example:english-extra-8-cpu","bd/english.100MB",8,1000000,3475,3475,0,0.000,188.913,2847,89903217
"benchmark-example:english-extra-8-cpu","bd/english.100MB",8,1000000,3475,3475,0,0.000,188.913,2848,89979802
"benchmark-example:english-extra-8-cpu","bd/english.100MB",8,1000000,3475,3475,0,0.000,188.913,2849,90016849
"benchmark-example:english-extra-8-cpu","bd/english.100MB",8,1000000,3475,3475,0,0.000,188.913,2850,90032148
"benchmark-example:english-extra-8-cpu","bd/english.100MB",8,1000000,3475,3475,0,0.000,188.913,2851,90033365
"benchmark-example:english-extra-8-cpu","bd/english.100MB",8,1000000,3475,3475,0,0.000,188.913,2852,90042817
"benchmark-example:english-extra-8-cpu","bd/english.100MB",8,1000000,3475,3475,0,0.000,188.913,2853,90042873
"benchmark-example:english-extra-8-cpu","bd/english.100MB",8,1000000,3475,3475,0,0.000,188.913,2854,90042937
"benchmark-example:english-extra-8-cpu","bd/english.100MB",8,1000000,3475,3475,0,0.000,188.913,2855,90111911
"benchmark-example:english-extra-8-cpu","bd/english.100MB",8,1000000,3475,3475,0,0.000,188.913,2856,90168598
"benchmark-example:english-extra-8-cpu","bd/english.100MB",8,1000000,3475,3475,0,0.000,188.913,2857,90279285
"benchmark-example:english-extra-8-cpu","bd/english.100MB",8,1000000,3475,3475,0,0.000,188.913,2858,90379841
"benchmark-example:english-extra-8-cpu","bd/english.100MB",8,1000000,3475,3475,0,0.000,188.913,2859,90421244
"benchmark-example:english-extra-8-cpu","bd/english.100MB",8,1000000,3475,3475,0,0.000,188.913,2860,90467613
"benchmark-example:english-extra-8-cpu","bd/english.100MB",8,1000000,3475,3475,0,0.000,188.913,2861,90498216
"benchmark-example:english-extra-8-cpu","bd/english.100MB",8,1000000,3475,3475,0,0.000,188.913,2862,90516374
"benchmark-example:english-extra-8-cpu","bd/english.100MB",8,1000000,3475,3475,0,0.000,188.913,2863,90532235
"benchmark-example:english-extra-8-cpu","bd/english.100MB",8,1000000,3475,3475,0,0.000,188.913,2864,90677712
"benchmark-example:english-extra-8-cpu","bd/english.100MB",8,1000000,3475,3475,0,0.000,188.913,2865,90752311
"benchmark-example:english-extra-8-cpu","bd/english.100MB",8,1000000,3475,3475,0,0.000,188.913,2866,90868329
"benchmark-example:english-extra-8-cpu","bd/english.100MB",8,1000000,3475,3475,0,0.000,188.913,2867,90877269
"benchmark-example:english-extra-8-cpu","bd/english.100MB",8,1000000,3475,3475,0,0.000,188.913,2868,90888919
"benchmark-example:english-extra-8-cpu","bd/english.100MB",8,1000000,3475,3475,0,0.000,188.913,2869,90889636
"benchmark-example:english-extra-8-cpu","bd/english.100MB",8,1000000,3475,3475,0,0.000,188.913,2870,91004754
"benchmark-example:english-extra-8-cpu","bd/english.100MB",8,1000000,3475,3475,0,0.000,188.913,2871,91040593
"benchmark-example:english-extra-8-cpu","bd/english.100MB",8,1000000,3475,3475,0,0.000,188.913,2872,91042717
"benchmark-example:english-extra-8-cpu","bd/english.100MB",8,1000000,3475,3475,0,0.000,188.913,2873,91062667
"benchmark-example:english-extra-8-cpu","bd/english.100MB",8,1000000,3475,3475,0,0.000,188.913,2874,91079494
"benchmark-example:english-extra-8-cpu","bd/english.100MB",8,1000000,3475,3475,0,0.000,188.913,2875,91082975
"benchmark-example:english-extra-8-cpu","bd/english.100MB",8,1000000,3475,3475,0,0.000,188.913,2876,91120640
"benchmark-example:english-extra-8-cpu","bd/english.100MB",8,1000000,3475,3475,0,0.000,188.913,2877,91121105
"benchmark-example:english-extra-8-cpu","bd/english.100MB",8,1000000,3475,3475,0,0.000,188.913,2878,91178235
"benchmark-example:english-extra-8-cpu","bd/english.100MB",8,1000000,3475,3475,0,0.000,188.913,2879,91227874
"benchmark-example:english-extra-8-cpu","bd/english.100MB",8,1000000,3475,3475,0,0.000,188.913,2880,91232009
"benchmark-example:english-extra-8-cpu","bd/english.100MB",8,1000000,3475,3475,0,0.000,188.913,2881,91243917
"benchmark-example:english-extra-8-cpu","bd/english.100MB",8,1000000,3475,3475,0,0.000,188.913,2882,91245170
"benchmark-example:english-extra-8-cpu","bd/english.100MB",8,1000000,3475,3475,0,0.000,188.913,2883,91258970
"benchmark-example:english-extra-8-cpu","bd/english.100MB",8,1000000,3475,3475,0,0.000,188.913,2884,91279073
"benchmark-example:english-extra-8-cpu","bd/english.100MB",8,1000000,3475,3475,0,0.000,188.913,2885,91290020
"benchmark-example:english-extra-8-cpu","bd/english.100MB",8,1000000,3475,3475,0,0.000,188.913,2886,91292434
"benchmark-example:english-extra-8-cpu","bd/english.100MB",8,1000000,3475,3475,0,0.000,188.913,2887,91360315
"benchmark-example:english-extra-8-cpu","bd/english.100MB",8,1000000,3475,3475,0,0.000,188.913,2888,91361900
"benchmark-example:english-extra-8-cpu","bd/english.100MB",8,1000000,3475,3475,0,0.000,188.913,2889,91362393
"benchmark-example:english-extra-8-cpu","bd/english.100MB",8,1000000,3475,3475,0,0.000,188.913,2890,91363789
"benchmark-example:english-extra-8-cpu","bd/english.100MB",8,1000000,3475,3475,0,0.000,188.913,2891,91364285
"benchmark-example:english-extra-8-cpu","bd/english.100MB",8,1000000,3475,3475,0,0.000,188.913,2892,91367939
"benchmark-example:english-extra-8-cpu","bd/english.100MB",8,1000000,3475,3475,0,0.000,188.913,2893,91369576
"benchmark-example:english-extra-8-cpu","bd/english.100MB",8,1000000,3475,3475,0,0.000,188.913,2894,91405040
"benchmark-example:english-extra-8-cpu","bd/english.100MB",8,1000000,3475,3475,0,0.000,188.913,2895,91446757
"benchmark-example:english-extra-8-cpu","bd/english.100MB",8,1000000,3475,3475,0,0.000,188.913,2896,91446890
"benchmark-example:english-extra-8-cpu","bd/english.100MB",8,1000000,3475,3475,0,0.000,188.913,2897,91463694
"benchmark-example:english-extra-8-cpu","bd/english.100MB",8,1000000,3475,3475,0,0.000,188.913,2898,91487137
"benchmark-example:english-extra-8-cpu","bd/english.100MB",8,1000000,3475,3475,0,0.000,188.913,2899,91487477
"benchmark-example:english-extra-8-cpu","bd/english.100MB",8,1000000,3475,3475,0,0.000,188.913,2900,91496724
"benchmark-example:english-extra-8-cpu","bd/english.100MB",8,1000000,3475,3475,0,0.000,188.913,2901,91496982
"benchmark-example:english-extra-8-cpu","bd/english.100MB",8,1000000,3475,3475,0,0.000,188.913,2902,91499852
"benchmark-example:english-extra-8-cpu","bd/english.100MB",8,1000000,3475,3475,0,0.000,188.913,2903,91504349
"benchmark-example:english-extra-8-cpu","bd/english.100MB",8,1000000,3475,3475,0,0.000,188.913,2904,91559456
"benchmark-example:english-extra-8-cpu","bd/english.100MB",8,1000000,3475,3475,0,0.000,188.913,2905,91580673
"benchmark-example:english-extra-8-cpu","bd/english.100MB",8,1000000,3475,3475,0,0.000,188.913,2906,91580762
"benchmark-example:english-extra-8-cpu","bd/english.100MB",8,1000000,3475,3475,0,0.000,188.913,2907,91583060
"benchmark-example:english-extra-8-cpu","bd/english.100MB",8,1000000,3475,3475,0,0.000,188.913,2908,91583079
"benchmark-example:english-extra-8-cpu","bd/english.100MB",8,1000000,3475,3475,0,0.000,188.913,2909,91593278
"benchmark-example:english-extra-8-cpu","bd/english.100MB",8,1000000,3475,3475,0,0.000,188.913,2910,91594948
"benchmark-example:english-extra-8-cpu","bd/english.100MB",8,1000000,3475,3475,0,0.000,188.913,2911,91603705
"benchmark-example:english-extra-8-cpu","bd/english.100MB",8,1000000,3475,3475,0,0.000,188.913,2912,91611224
"benchmark-example:english-extra-8-cpu","bd/english.100MB",8,1000000,3475,3475,0,0.000,188.913,2913,91620277
"benchmark-example:english-extra-8-cpu","bd/english.100MB",8,1000000,3475,3475,0,0.000,188.913,2914,91622515
"benchmark-example:english-extra-8-cpu","bd/english.100MB",8,1000000,3475,3475,0,0.000,188.913,2915,91624981
"benchmark-example:english-extra-8-cpu","bd/english.100MB",8,1000000,3475,3475,0,0.000,188.913,2916,91627410
"benchmark-example:english-extra-8-cpu","bd/english.100MB",8,1000000,3475,3475,0,0.000,188.913,2917,91638952
"benchmark-example:english-extra-8-cpu","bd/english.100MB",8,1000000,3475,3475,0,0.000,188.913,2918,91641849
"benchmark-example:english-extra-8-cpu","bd/english.100MB",8,1000000,3475,3475,0,0.000,188.913,2919,91651413
"benchmark-example:english-extra-8-cpu","bd/english.100MB",8,1000000,3475,3475,0,0.000,188.913,2920,91669181
"benchmark-example:english-extra-8-cpu","bd/english.100MB",8,1000000,3475,3475,0,0.000,188.913,2921,91696588
"benchmark-example:english-extra-8-cpu","bd/english.100MB",8,1000000,3475,3475,0,0.000,188.913,2922,91712741
"benchmark-example:english-extra-8-cpu","bd/english.100MB",8,1000000,3475,3475,0,0.000,188.913,2923,91720103
"benchmark-example:english-extra-8-cpu","bd/english.100MB",8,1000000,3475,3475,0,0.000,188.913,2924,91722659
"benchmark-example:english-extra-8-cpu","bd/english.100MB",8,1000000,3475,3475,0,0.000,188.913,2925,91722834
"benchmark-example:english-extra-8-cpu","bd/english.100MB",8,1000000,3475,3475,0,0.000,188.913,2926,91724084
"benchmark-example:english-extra-8-cpu","bd/english.100MB",8,1000000,3475,3475,0,0.000,188.913,2927,91724497
"benchmark-example:english-extra-8-cpu","bd/english.100MB",8,1000000,3475,3475,0,0.000,188.913,2928,91725788
"benchmark-example:english-extra-8-cpu","bd/english.100MB",8,1000000,3475,3475,0,0.000,188.913,2929,91741370
"benchmark-example:english-extra-8-cpu","bd/english.100MB",8,1000000,3475,3475,0,0.000,188.913,2930,91753670
"benchmark-example:english-extra-8-cpu","bd/english.100MB",8,1000000,3475,3475,0,0.000,188.913,2931,91766097
"benchmark-example:english-extra-8-cpu","bd/english.100MB",8,1000000,3475,3475,0,0.000,188.913,2932,91771324
"benchmark-example:english-extra-8-cpu","bd/english.100MB",8,1000000,3475,3475,0,0.000,188.913,2933,91828549
"benchmark-example:english-extra-8-cpu","bd/english.100MB",8,1000000,3475,3475,0,0.000,188.913,2934,91829237
"benchmark-example:english-extra-8-cpu","bd/english.100MB",8,1000000,3475,3475,0,0.000,188.913,2935,91829791
"benchmark-example:english-extra-8-cpu","bd/english.100MB",8,1000000,3475,3475,0,0.000,188.913,2936,91842393
"benchmark-example:english-extra-8-cpu","bd/english.100MB",8,1000000,3475,3475,0,0.000,188.913,2937,91846207
"benchmark-example:english-extra-8-cpu","bd/english.100MB",8,1000000,3475,3475,0,0.000,188.913,2938,91846346
"benchmark-example:english-extra-8-cpu","bd/english.100MB",8,1000000,3475,3475,0,0.000,188.913,2939,91866340
"benchmark-example:english-extra-8-cpu","bd/english.100MB",8,1000000,3475,3475,0,0.000,188.913,2940,91874656
"benchmark-example:english-extra-8-cpu","bd/english.100MB",8,1000000,3475,3475,0,0.000,188.913,2941,91878956
"benchmark-example:english-extra-8-cpu","bd/english.100MB",8,1000000,3475,3475,0,0.000,188.913,2942,91894644
"benchmark-example:english-extra-8-cpu","bd/english.100MB",8,1000000,3475,3475,0,0.000,188.913,2943,91898050
"benchmark-example:english-extra-8-cpu","bd/english.100MB",8,1000000,3475,3475,0,0.000,188.913,2944,91900977
"benchmark-example:english-extra-8-cpu","bd/english.100MB",8,1000000,3475,3475,0,0.000,188.913,2945,91911097
"benchmark-example:english-extra-8-cpu","bd/english.100MB",8,1000000,3475,3475,0,0.000,188.913,2946,91911803
"benchmark-example:english-extra-8-cpu","bd/english.100MB",8,1000000,3475,3475,0,0.000,188.913,2947,91915005
"benchmark-example:english-extra-8-cpu","bd/english.100MB",8,1000000,3475,3475,0,0.000,188.913,2948,91955707
"benchmark-example:english-extra-8-cpu","bd/english.100MB",8,1000000,3475,3475,0,0.000,188.913,2949,91978030
"benchmark-example:english-extra-8-cpu","bd/english.100MB",8,1000000,3475,3475,0,0.000,188.913,2950,92027589
"benchmark-example:english-extra-8-cpu","bd/english.100MB",8,1000000,3475,3475,0,0.000,188.913,2951,92072430
"benchmark-example:english-extra-8-cpu","bd/english.100MB",8,1000000,3475,3475,0,0.000,188.913,2952,92172783
"benchmark-example:english-extra-8-cpu","bd/english.100MB",8,1000000,3475,3475,0,0.000,188.913,2953,92211859
"benchmark-example:english-extra-8-cpu","bd/english.100MB",8,1000000,3475,3475,0,0.000,188.913,2954,92260953
"benchmark-example:english-extra-8-cpu","bd/english.100MB",8,1000000,3475,3475,0,0.000,188.913,2955,92267532
"benchmark-example:english-extra-8-cpu","bd/english.100MB",8,1000000,3475,3475,0,0.000,188.913,2956,92267611
"benchmark-example:english-extra-8-cpu","bd/english.100MB",8,1000000,3475,3475,0,0.000,188.913,2957,92299351
"benchmark-example:english-extra-8-cpu","bd/english.100MB",8,1000000,3475,3475,0,0.000,188.913,2958,92307278
"benchmark-example:english-extra-8-cpu","bd/english.100MB",8,1000000,3475,3475,0,0.000,188.913,2959,92345946
"benchmark-example:english-extra-8-cpu","bd/english.100MB",8,1000000,3475,3475,0,0.000,188.913,2960,92382100
"benchmark-example:english-extra-8-cpu","bd/english.100MB",8,1000000,3475,3475,0,0.000,188.913,2961,92387112
"benchmark-example:english-extra-8-cpu","bd/english.100MB",8,1000000,3475,3475,0,0.000,188.913,2962,92396325
"benchmark-example:english-extra-8-cpu","bd/english.100MB",8,1000000,3475,3475,0,0.000,188.913,2963,92397765
"benchmark-example:english-extra-8-cpu","bd/english.100MB",8,1000000,3475,3475,0,0.000,188.913,2964,92463293
"benchmark-example:english-extra-8-cpu","bd/english.100MB",8,1000000,3475,3475,0,0.000,188.913,2965,92485716
"benchmark-example:english-extra-8-cpu","bd/english.100MB",8,1000000,3475,3475,0,0.000,188.913,2966,92494841
"benchmark-example:english-extra-8-cpu","bd/english.100MB",8,1000000,3475,3475,0,0.000,188.913,2967,92513752
"benchmark-example:english-extra-8-cpu","bd/english.100MB",8,1000000,3475,3475,0,0.000,188.913,2968,92549665
"benchmark-example:english-extra-8-cpu","bd/english.100MB",8,1000000,3475,3475,0,0.000,188.913,2969,92574508
"benchmark-example:english-extra-8-cpu","bd/english.100MB",8,1000000,3475,3475,0,0.000,188.913,2970,92576547
"benchmark-example:english-extra-8-cpu","bd/english.100MB",8,1000000,3475,3475,0,0.000,188.913,2971,92646934
"benchmark-example:english-extra-8-cpu","bd/english.100MB",8,1000000,3475,3475,0,0.000,188.913,2972,92673567
"benchmark-example:english-extra-8-cpu","bd/english.100MB",8,1000000,3475,3475,0,0.000,188.913,2973,92680939
"benchmark-example:english-extra-8-cpu","bd/english.100MB",8,1000000,3475,3475,0,0.000,188.913,2974,92681229
"benchmark-example:english-extra-8-cpu","bd/english.100MB",8,1000000,3475,3475,0,0.000,188.913,2975,92740196
"benchmark-example:english-extra-8-cpu","bd/english.100MB",8,1000000,3475,3475,0,0.000,188.913,2976,92751010
"benchmark-example:english-extra-8-cpu","bd/english.100MB",8,1000000,3475,3475,0,0.000,188.913,2977,92764821
"benchmark-example:english-extra-8-cpu","bd/english.100MB",8,1000000,3475,3475,0,0.000,188.913,2978,92766865
"benchmark-example:english-extra-8-cpu","bd/english.100MB",8,1000000,3475,3475,0,0.000,188.913,2979,92767134
"benchmark-example:english-extra-8-cpu","bd/english.100MB",8,1000000,3475,3475,0,0.000,188.913,2980,92769695
"benchmark-example:english-extra-8-cpu","bd/english.100MB",8,1000000,3475,3475,0,0.000,188.913,2981,92770448
"benchmark-example:english-extra-8-cpu","bd/english.100MB",8,1000000,3475,3475,0,0.000,188.913,2982,92770633
"benchmark-example:english-extra-8-cpu","bd/english.100MB",8,1000000,3475,3475,0,0.000,188.913,2983,92771135
"benchmark-example:english-extra-8-cpu","bd/english.100MB",8,1000000,3475,3475,0,0.000,188.913,2984,92773035
"benchmark-example:english-extra-8-cpu","bd/english.100MB",8,1000000,3475,3475,0,0.000,188.913,2985,92773543
"benchmark-example:english-extra-8-cpu","bd/english.100MB",8,1000000,3475,3475,0,0.000,188.913,2986,92782843
"benchmark-example:english-extra-8-cpu","bd/english.100MB",8,1000000,3475,3475,0,0.000,188.913,2987,92784619
"benchmark-example:english-extra-8-cpu","bd/english.100MB",8,1000000,3475,3475,0,0.000,188.913,2988,92786817
"benchmark-example:english-extra-8-cpu","bd/english.100MB",8,1000000,3475,3475,0,0.000,188.913,2989,92830940
"benchmark-example:english-extra-8-cpu","bd/english.100MB",8,1000000,3475,3475,0,0.000,188.913,2990,92846004
"benchmark-example:english-extra-8-cpu","bd/english.100MB",8,1000000,3475,3475,0,0.000,188.913,2991,92852853
"benchmark-example:english-extra-8-cpu","bd/english.100MB",8,1000000,3475,3475,0,0.000,188.913,2992,92854232
"benchmark-example:english-extra-8-cpu","bd/english.100MB",8,1000000,3475,3475,0,0.000,188.913,2993,92858729
"benchmark-example:english-extra-8-cpu","bd/english.100MB",8,1000000,3475,3475,0,0.000,188.913,2994,92859032
"benchmark-example:english-extra-8-cpu","bd/english.100MB",8,1000000,3475,3475,0,0.000,188.913,2995,92865702
"benchmark-example:english-extra-8-cpu","bd/english.100MB",8,1000000,3475,3475,0,0.000,188.913,2996,92870465
"benchmark-example:english-extra-8-cpu","bd/english.100MB",8,1000000,3475,3475,0,0.000,188.913,2997,92909841
"benchmark-example:english-extra-8-cpu","bd/english.100MB",8,1000000,3475,3475,0,0.000,188.913,2998,92909883
"benchmark-example:english-extra-8-cpu","bd/english.100MB",8,1000000,3475,3475,0,0.000,188.913,2999,92939841
"benchmark-example:english-extra-8-cpu","bd/english.100MB",8,1000000,3475,3475,0,0.000,188.913,3000,92959105
"benchmark-example:english-extra-8-cpu","bd/english.100MB",8,1000000,3475,3475,0,0.000,188.913,3001,92963322
"benchmark-example:english-extra-8-cpu","bd/english.100MB",8,1000000,3475,3475,0,0.000,188.913,3002,92963879
"benchmark-example:english-extra-8-cpu","bd/english.100MB",8,1000000,3475,3475,0,0.000,188.913,3003,92972289
"benchmark-example:english-extra-8-cpu","bd/english.100MB",8,1000000,3475,3475,0,0.000,188.913,3004,92986925
"benchmark-example:english-extra-8-cpu","bd/english.100MB",8,1000000,3475,3475,0,0.000,188.913,3005,93018158
"benchmark-example:english-extra-8-cpu","bd/english.100MB",8,1000000,3475,3475,0,0.000,188.913,3006,93046650
"benchmark-example:english-extra-8-cpu","bd/english.100MB",8,1000000,3475,3475,0,0.000,188.913,3007,93053373
"benchmark-example:english-extra-8-cpu","bd/english.100MB",8,1000000,3475,3475,0,0.000,188.913,3008,93070542
"benchmark-example:english-extra-8-cpu","bd/english.100MB",8,1000000,3475,3475,0,0.000,188.913,3009,93082415
"benchmark-example:english-extra-8-cpu","bd/english.100MB",8,1000000,3475,3475,0,0.000,188.913,3010,93083106
"benchmark-example:english-extra-8-cpu","bd/english.100MB",8,1000000,3475,3475,0,0.000,188.913,3011,93085554
"benchmark-example:english-extra-8-cpu","bd/english.100MB",8,1000000,3475,3475,0,0.000,188.913,3012,93086421
"benchmark-example:english-extra-8-cpu","bd/english.100MB",8,1000000,3475,3475,0,0.000,188.913,3013,93086877
"benchmark-example:english-extra-8-cpu","bd/english.100MB",8,1000000,3475,3475,0,0.000,188.913,3014,93122033
"benchmark-example:english-extra-8-cpu","bd/english.100MB",8,1000000,3475,3475,0,0.000,188.913,3015,93130663
"benchmark-example:english-extra-8-cpu","bd/english.100MB",8,1000000,3475,3475,0,0.000,188.913,3016,93167562
"benchmark-example:english-extra-8-cpu","bd/english.100MB",8,1000000,3475,3475,0,0.000,188.913,3017,93173190
"benchmark-example:english-extra-8-cpu","bd/english.100MB",8,1000000,3475,3475,0,0.000,188.913,3018,93176236
"benchmark-example:english-extra-8-cpu","bd/english.100MB",8,1000000,3475,3475,0,0.000,188.913,3019,93196496
"benchmark-example:english-extra-8-cpu","bd/english.100MB",8,1000000,3475,3475,0,0.000,188.913,3020,93199395
"benchmark-example:english-extra-8-cpu","bd/english.100MB",8,1000000,3475,3475,0,0.000,188.913,3021,93208786
"benchmark-example:english-extra-8-cpu","bd/english.100MB",8,1000000,3475,3475,0,0.000,188.913,3022,93208850
"benchmark-example:english-extra-8-cpu","bd/english.100MB",8,1000000,3475,3475,0,0.000,188.913,3023,93300214
"benchmark-example:english-extra-8-cpu","bd/english.100MB",8,1000000,3475,3475,0,0.000,188.913,3024,93303950
"benchmark-example:english-extra-8-cpu","bd/english.100MB",8,1000000,3475,3475,0,0.000,188.913,3025,93323768
"benchmark-example:english-extra-8-cpu","bd/english.100MB",8,1000000,3475,3475,0,0.000,188.913,3026,93336840
"benchmark-example:english-extra-8-cpu","bd/english.100MB",8,1000000,3475,3475,0,0.000,188.913,3027,93337338
"benchmark-example:english-extra-8-cpu","bd/english.100MB",8,1000000,3475,3475,0,0.000,188.913,3028,93358282
"benchmark-example:english-extra-8-cpu","bd/english.100MB",8,1000000,3475,3475,0,0.000,188.913,3029,93374850
"benchmark-example:english-extra-8-cpu","bd/english.100MB",8,1000000,3475,3475,0,0.000,188.913,3030,93398938
"benchmark-example:english-extra-8-cpu","bd/english.100MB",8,1000000,3475,3475,0,0.000,188.913,3031,93407026
"benchmark-example:english-extra-8-cpu","bd/english.100MB",8,1000000,3475,3475,0,0.000,188.913,3032,93575519
"benchmark-example:english-extra-8-cpu","bd/english.100MB",8,1000000,3475,3475,0,0.000,188.913,3033,93610517
"benchmark-example:english-extra-8-cpu","bd/english.100MB",8,1000000,3475,3475,0,0.000,188.913,3034,93670645
"benchmark-example:english-extra-8-cpu","bd/english.100MB",8,1000000,3475,3475,0,0.000,188.913,3035,93709870
"benchmark-example:english-extra-8-cpu","bd/english.100MB",8,1000000,3475,3475,0,0.000,188.913,3036,93729793
"benchmark-example:english-extra-8-cpu","bd/english.100MB",8,1000000,3475,3475,0,0.000,188.913,3037,93737167
"benchmark-example:english-extra-8-cpu","bd/english.100MB",8,1000000,3475,3475,0,0.000,188.913,3038,93762737
"benchmark-example:english-extra-8-cpu","bd/english.100MB",8,1000000,3475,3475,0,0.000,188.913,3039,93804920
"benchmark-example:english-extra-8-cpu","bd/english.100MB",8,1000000,3475,3475,0,0.000,188.913,3040,93823677
"benchmark-example:english-extra-8-cpu","bd/english.100MB",8,1000000,3475,3475,0,0.000,188.913,3041,93826059
"benchmark-example:english-extra-8-cpu","bd/english.100MB",8,1000000,3475,3475,0,0.000,188.913,3042,93829113
"benchmark-example:english-extra-8-cpu","bd/english.100MB",8,1000000,3475,3475,0,0.000,188.913,3043,93833632
"benchmark-example:english-extra-8-cpu","bd/english.100MB",8,1000000,3475,3475,0,0.000,188.913,3044,93839588
"benchmark-example:english-extra-8-cpu","bd/english.100MB",8,1000000,3475,3475,0,0.000,188.913,3045,93847393
"benchmark-example:english-extra-8-cpu","bd/english.100MB",8,1000000,3475,3475,0,0.000,188.913,3046,93864681
"benchmark-example:english-extra-8-cpu","bd/english.100MB",8,1000000,3475,3475,0,0.000,188.913,3047,93902715
"benchmark-example:english-extra-8-cpu","bd/english.100MB",8,1000000,3475,3475,0,0.000,188.913,3048,93947061
"benchmark-example:english-extra-8-cpu","bd/english.100MB",8,1000000,3475,3475,0,0.000,188.913,3049,93951023
"benchmark-example:english-extra-8-cpu","bd/english.100MB",8,1000000,3475,3475,0,0.000,188.913,3050,94036469
"benchmark-example:english-extra-8-cpu","bd/english.100MB",8,1000000,3475,3475,0,0.000,188.913,3051,94076688
"benchmark-example:english-extra-8-cpu","bd/english.100MB",8,1000000,3475,3475,0,0.000,188.913,3052,94076731
"benchmark-example:english-extra-8-cpu","bd/english.100MB",8,1000000,3475,3475,0,0.000,188.913,3053,94154305
"benchmark-example:english-extra-8-cpu","bd/english.100MB",8,1000000,3475,3475,0,0.000,188.913,3054,94156214
"benchmark-example:english-extra-8-cpu","bd/english.100MB",8,1000000,3475,3475,0,0.000,188.913,3055,94190405
"benchmark-example:english-extra-8-cpu","bd/english.100MB",8,1000000,3475,3475,0,0.000,188.913,3056,94214259
"benchmark-example:english-extra-8-cpu","bd/english.100MB",8,1000000,3475,3475,0,0.000,188.913,3057,94239920
"benchmark-example:english-extra-8-cpu","bd/english.100MB",8,1000000,3475,3475,0,0.000,188.913,3058,94258515
"benchmark-example:english-extra-8-cpu","bd/english.100MB",8,1000000,3475,3475,0,0.000,188.913,3059,94323673
"benchmark-example:english-extra-8-cpu","bd/english.100MB",8,1000000,3475,3475,0,0.000,188.913,3060,94361790
"benchmark-example:english-extra-8-cpu","bd/english.100MB",8,1000000,3475,3475,0,0.000,188.913,3061,94429879
"benchmark-example:english-extra-8-cpu","bd/english.100MB",8,1000000,3475,3475,0,0.000,188.913,3062,94430904
"benchmark-example:english-extra-8-cpu","bd/english.100MB",8,1000000,3475,3475,0,0.000,188.913,3063,94677720
"benchmark-example:english-extra-8-cpu","bd/english.100MB",8,1000000,3475,3475,0,0.000,188.913,3064,94677801
"benchmark-example:english-extra-8-cpu","bd/english.100MB",8,1000000,3475,3475,0,0.000,188.913,3065,94705051
"benchmark-example:english-extra-8-cpu","bd/english.100MB",8,1000000,3475,3475,0,0.000,188.913,3066,94791368
"benchmark-example:english-extra-8-cpu","bd/english.100MB",8,1000000,3475,3475,0,0.000,188.913,3067,94835957
"benchmark-example:english-extra-8-cpu","bd/english.100MB",8,1000000,3475,3475,0,0.000,188.913,3068,94986059
"benchmark-example:english-extra-8-cpu","bd/english.100MB",8,1000000,3475,3475,0,0.000,188.913,3069,95261061
"benchmark-example:english-extra-8-cpu","bd/english.100MB",8,1000000,3475,3475,0,0.000,188.913,3070,95338643
"benchmark-example:english-extra-8-cpu","bd/english.100MB",8,1000000,3475,3475,0,0.000,188.913,3071,95360621
"benchmark-example:english-extra-8-cpu","bd/english.100MB",8,1000000,3475,3475,0,0.000,188.913,3072,95561663
"benchmark-example:english-extra-8-cpu","bd/english.100MB",8,1000000,3475,3475,0,0.000,188.913,3073,95562496
"benchmark-example:english-extra-8-cpu","bd/english.100MB",8,1000000,3475,3475,0,0.000,188.913,3074,95632618
"benchmark-example:english-extra-8-cpu","bd/english.100MB",8,1000000,3475,3475,0,0.000,188.913,3075,95646057
"benchmark-example:english-extra-8-cpu","bd/english.100MB",8,1000000,3475,3475,0,0.000,188.913,3076,95684332
"benchmark-example:english-extra-8-cpu","bd/english.100MB",8,1000000,3475,3475,0,0.000,188.913,3077,95759418
"benchmark-example:english-extra-8-cpu","bd/english.100MB",8,1000000,3475,3475,0,0.000,188.913,3078,95785133
"benchmark-example:english-extra-8-cpu","bd/english.100MB",8,1000000,3475,3475,0,0.000,188.913,3079,95859078
"benchmark-example:english-extra-8-cpu","bd/english.100MB",8,1000000,3475,3475,0,0.000,188.913,3080,95917260
"benchmark-example:english-extra-8-cpu","bd/english.100MB",8,1000000,3475,3475,0,0.000,188.913,3081,95935667
"benchmark-example:english-extra-8-cpu","bd/english.100MB",8,1000000,3475,3475,0,0.000,188.913,3082,95937491
"benchmark-example:english-extra-8-cpu","bd/english.100MB",8,1000000,3475,3475,0,0.000,188.913,3083,95952313
"benchmark-example:english-extra-8-cpu","bd/english.100MB",8,1000000,3475,3475,0,0.000,188.913,3084,95953828
"benchmark-example:english-extra-8-cpu","bd/english.100MB",8,1000000,3475,3475,0,0.000,188.913,3085,95957193
"benchmark-example:english-extra-8-cpu","bd/english.100MB",8,1000000,3475,3475,0,0.000,188.913,3086,96069990
"benchmark-example:english-extra-8-cpu","bd/english.100MB",8,1000000,3475,3475,0,0.000,188.913,3087,96130155
"benchmark-example:english-extra-8-cpu","bd/english.100MB",8,1000000,3475,3475,0,0.000,188.913,3088,96131841
"benchmark-example:english-extra-8-cpu","bd/english.100MB",8,1000000,3475,3475,0,0.000,188.913,3089,96141766
"benchmark-example:english-extra-8-cpu","bd/english.100MB",8,1000000,3475,3475,0,0.000,188.913,3090,96219516
"benchmark-example:english-extra-8-cpu","bd/english.100MB",8,1000000,3475,3475,0,0.000,188.913,3091,96229776
"benchmark-example:english-extra-8-cpu","bd/english.100MB",8,1000000,3475,3475,0,0.000,188.913,3092,96233802
"benchmark-example:english-extra-8-cpu","bd/english.100MB",8,1000000,3475,3475,0,0.000,188.913,3093,96259396
"benchmark-example:english-extra-8-cpu","bd/english.100MB",8,1000000,3475,3475,0,0.000,188.913,3094,96261866
"benchmark-example:english-extra-8-cpu","bd/english.100MB",8,1000000,3475,3475,0,0.000,188.913,3095,96262040
"benchmark-example:english-extra-8-cpu","bd/english.100MB",8,1000000,3475,3475,0,0.000,188.913,3096,96262606
"benchmark-example:english-extra-8-cpu","bd/english.100MB",8,1000000,3475,3475,0,0.000,188.913,3097,96269003
"benchmark-example:english-extra-8-cpu","bd/english.100MB",8,1000000,3475,3475,0,0.000,188.913,3098,96269364
"benchmark-example:english-extra-8-cpu","bd/english.100MB",8,1000000,3475,3475,0,0.000,188.913,3099,96312267
"benchmark-example:english-extra-8-cpu","bd/english.100MB",8,1000000,3475,3475,0,0.000,188.913,3100,96420519
"benchmark-example:english-extra-8-cpu","bd/english.100MB",8,1000000,3475,3475,0,0.000,188.913,3101,96446823
"benchmark-example:english-extra-8-cpu","bd/english.100MB",8,1000000,3475,3475,0,0.000,188.913,3102,96464814
"benchmark-example:english-extra-8-cpu","bd/english.100MB",8,1000000,3475,3475,0,0.000,188.913,3103,96477986
"benchmark-example:english-extra-8-cpu","bd/english.100MB",8,1000000,3475,3475,0,0.000,188.913,3104,96536504
"benchmark-example:english-extra-8-cpu","bd/english.100MB",8,1000000,3475,3475,0,0.000,188.913,3105,96546865
"benchmark-example:english-extra-8-cpu","bd/english.100MB",8,1000000,3475,3475,0,0.000,188.913,3106,96590925
"benchmark-example:english-extra-8-cpu","bd/english.100MB",8,1000000,3475,3475,0,0.000,188.913,3107,96602858
"benchmark-example:english-extra-8-cpu","bd/english.100MB",8,1000000,3475,3475,0,0.000,188.913,3108,96698067
"benchmark-example:english-extra-8-cpu","bd/english.100MB",8,1000000,3475,3475,0,0.000,188.913,3109,96795473
"benchmark-example:english-extra-8-cpu","bd/english.100MB",8,1000000,3475,3475,0,0.000,188.913,3110,96796826
"benchmark-example:english-extra-8-cpu","bd/english.100MB",8,1000000,3475,3475,0,0.000,188.913,3111,96815588
"benchmark-example:english-extra-8-cpu","bd/english.100MB",8,1000000,3475,3475,0,0.000,188.913,3112,96884797
"benchmark-example:english-extra-8-cpu","bd/english.100MB",8,1000000,3475,3475,0,0.000,188.913,3113,96886555
"benchmark-example:english-extra-8-cpu","bd/english.100MB",8,1000000,3475,3475,0,0.000,188.913,3114,96914863
"benchmark-example:english-extra-8-cpu","bd/english.100MB",8,1000000,3475,3475,0,0.000,188.913,3115,96917651
"benchmark-example:english-extra-8-cpu","bd/english.100MB",8,1000000,3475,3475,0,0.000,188.913,3116,96947346
"benchmark-example:english-extra-8-cpu","bd/english.100MB",8,1000000,3475,3475,0,0.000,188.913,3117,97009101
"benchmark-example:english-extra-8-cpu","bd/english.100MB",8,1000000,3475,3475,0,0.000,188.913,3118,97085542
"benchmark-example:english-extra-8-cpu","bd/english.100MB",8,1000000,3475,3475,0,0.000,188.913,3119,97133258
"benchmark-example:english-extra-8-cpu","bd/english.100MB",8,1000000,3475,3475,0,0.000,188.913,3120,97161129
"benchmark-example:english-extra-8-cpu","bd/english.100MB",8,1000000,3475,3475,0,0.000,188.913,3121,97222124
"benchmark-example:english-extra-8-cpu","bd/english.100MB",8,1000000,3475,3475,0,0.000,188.913,3122,97222491
"benchmark-example:english-extra-8-cpu","bd/english.100MB",8,1000000,3475,3475,0,0.000,188.913,3123,97251664
"benchmark-example:english-extra-8-cpu","bd/english.100MB",8,1000000,3475,3475,0,0.000,188.913,3124,97382076
"benchmark-example:english-extra-8-cpu","bd/english.100MB",8,1000000,3475,3475,0,0.000,188.913,3125,97442615
"benchmark-example:english-extra-8-cpu","bd/english.100MB",8,1000000,3475,3475,0,0.000,188.913,3126,97447350
"benchmark-example:english-extra-8-cpu","bd/english.100MB",8,1000000,3475,3475,0,0.000,188.913,3127,97553756
"benchmark-example:english-extra-8-cpu","bd/english.100MB",8,1000000,3475,3475,0,0.000,188.913,3128,97555137
"benchmark-example:english-extra-8-cpu","bd/english.100MB",8,1000000,3475,3475,0,0.000,188.913,3129,97719522
"benchmark-example:english-extra-8-cpu","bd/english.100MB",8,1000000,3475,3475,0,0.000,188.913,3130,97823274
"benchmark-example:english-extra-8-cpu","bd/english.100MB",8,1000000,3475,3475,0,0.000,188.913,3131,97860127
"benchmark-example:english-extra-8-cpu","bd/english.100MB",8,1000000,3475,3475,0,0.000,188.913,3132,97893669
"benchmark-example:english-extra-8-cpu","bd/english.100MB",8,1000000,3475,3475,0,0.000,188.913,3133,97932238
"benchmark-example:english-extra-8-cpu","bd/english.100MB",8,1000000,3475,3475,0,0.000,188.913,3134,98168271
"benchmark-example:english-extra-8-cpu","bd/english.100MB",8,1000000,3475,3475,0,0.000,188.913,3135,98191267
"benchmark-example:english-extra-8-cpu","bd/english.100MB",8,1000000,3475,3475,0,0.000,188.913,3136,98210709
"benchmark-example:english-extra-8-cpu","bd/english.100MB",8,1000000,3475,3475,0,0.000,188.913,3137,98220668
"benchmark-example:english-extra-8-cpu","bd/english.100MB",8,1000000,3475,3475,0,0.000,188.913,3138,98246120
"benchmark-example:english-extra-8-cpu","bd/english.100MB",8,1000000,3475,3475,0,0.000,188.913,3139,98250120
"benchmark-example:english-extra-8-cpu","bd/english.100MB",8,1000000,3475,3475,0,0.000,188.913,3140,98261756
"benchmark-example:english-extra-8-cpu","bd/english.100MB",8,1000000,3475,3475,0,0.000,188.913,3141,98286021
"benchmark-example:english-extra-8-cpu","bd/english.100MB",8,1000000,3475,3475,0,0.000,188.913,3142,98307850
"benchmark-example:english-extra-8-cpu","bd/english.100MB",8,1000000,3475,3475,0,0.000,188.913,3143,98313388
"benchmark-example:english-extra-8-cpu","bd/english.100MB",8,1000000,3475,3475,0,0.000,188.913,3144,98362927
"benchmark-example:english-extra-8-cpu","bd/english.100MB",8,1000000,3475,3475,0,0.000,188.913,3145,98381815
"benchmark-example:english-extra-8-cpu","bd/english.100MB",8,1000000,3475,3475,0,0.000,188.913,3146,98424238
"benchmark-example:english-extra-8-cpu","bd/english.100MB",8,1000000,3475,3475,0,0.000,188.913,3147,98457406
"benchmark-example:english-extra-8-cpu","bd/english.100MB",8,1000000,3475,3475,0,0.000,188.913,3148,98458775
"benchmark-example:english-extra-8-cpu","bd/english.100MB",8,1000000,3475,3475,0,0.000,188.913,3149,98462951
"benchmark-example:english-extra-8-cpu","bd/english.100MB",8,1000000,3475,3475,0,0.000,188.913,3150,98463545
"benchmark-example:english-extra-8-cpu","bd/english.100MB",8,1000000,3475,3475,0,0.000,188.913,3151,98481873
"benchmark-example:english-extra-8-cpu","bd/english.100MB",8,1000000,3475,3475,0,0.000,188.913,3152,98487411
"benchmark-example:english-extra-8-cpu","bd/english.100MB",8,1000000,3475,3475,0,0.000,188.913,3153,98536948
"benchmark-example:english-extra-8-cpu","bd/english.100MB",8,1000000,3475,3475,0,0.000,188.913,3154,98555804
"benchmark-example:english-extra-8-cpu","bd/english.100MB",8,1000000,3475,3475,0,0.000,188.913,3155,98598226
"benchmark-example:english-extra-8-cpu","bd/english.100MB",8,1000000,3475,3475,0,0.000,188.913,3156,98631392
"benchmark-example:english-extra-8-cpu","bd/english.100MB",8,1000000,3475,3475,0,0.000,188.913,3157,98632761
"benchmark-example:english-extra-8-cpu","bd/english.100MB",8,1000000,3475,3475,0,0.000,188.913,3158,98636937
"benchmark-example:english-extra-8-cpu","bd/english.100MB",8,1000000,3475,3475,0,0.000,188.913,3159,98637531
"benchmark-example:english-extra-8-cpu","bd/english.100MB",8,1000000,3475,3475,0,0.000,188.913,3160,98663315
"benchmark-example:english-extra-8-cpu","bd/english.100MB",8,1000000,3475,3475,0,0.000,188.913,3161,98675975
"benchmark-example:english-extra-8-cpu","bd/english.100MB",8,1000000,3475,3475,0,0.000,188.913,3162,98695871
"benchmark-example:english-extra-8-cpu","bd/english.100MB",8,1000000,3475,3475,0,0.000,188.913,3163,98696006
"benchmark-example:english-extra-8-cpu","bd/english.100MB",8,1000000,3475,3475,0,0.000,188.913,3164,98709247
"benchmark-example:english-extra-8-cpu","bd/english.100MB",8,1000000,3475,3475,0,0.000,188.913,3165,98735018
"benchmark-example:english-extra-8-cpu","bd/english.100MB",8,1000000,3475,3475,0,0.000,188.913,3166,98741014
"benchmark-example:english-extra-8-cpu","bd/english.100MB",8,1000000,3475,3475,0,0.000,188.913,3167,98802068
"benchmark-example:english-extra-8-cpu","bd/english.100MB",8,1000000,3475,3475,0,0.000,188.913,3168,98827473
"benchmark-example:english-extra-8-cpu","bd/english.100MB",8,1000000,3475,3475,0,0.000,188.913,3169,98831881
"benchmark-example:english-extra-8-cpu","bd/english.100MB",8,1000000,3475,3475,0,0.000,188.913,3170,98865706
"benchmark-example:english-extra-8-cpu","bd/english.100MB",8,1000000,3475,3475,0,0.000,188.913,3171,98878366
"benchmark-example:english-extra-8-cpu","bd/english.100MB",8,1000000,3475,3475,0,0.000,188.913,3172,98898262
"benchmark-example:english-extra-8-cpu","bd/english.100MB",8,1000000,3475,3475,0,0.000,188.913,3173,98898397
"benchmark-example:english-extra-8-cpu","bd/english.100MB",8,1000000,3475,3475,0,0.000,188.913,3174,98911639
"benchmark-example:english-extra-8-cpu","bd/english.100MB",8,1000000,3475,3475,0,0.000,188.913,3175,98937411
"benchmark-example:english-extra-8-cpu","bd/english.100MB",8,1000000,3475,3475,0,0.000,188.913,3176,98943407
"benchmark-example:english-extra-8-cpu","bd/english.100MB",8,1000000,3475,3475,0,0.000,188.913,3177,99004458
"benchmark-example:english-extra-8-cpu","bd/english.100MB",8,1000000,3475,3475,0,0.000,188.913,3178,99029862
"benchmark-example:english-extra-8-cpu","bd/english.100MB",8,1000000,3475,3475,0,0.000,188.913,3179,99034270
"benchmark-example:english-extra-8-cpu","bd/english.100MB",8,1000000,3475,3475,0,0.000,188.913,3180,99051703
"benchmark-example:english-extra-8-cpu","bd/english.100MB",8,1000000,3475,3475,0,0.000,188.913,3181,99070755
"benchmark-example:english-extra-8-cpu","bd/english.100MB",8,1000000,3475,3475,0,0.000,188.913,3182,99070878
"benchmark-example:english-extra-8-cpu","bd/english.100MB",8,1000000,3475,3475,0,0.000,188.913,3183,99110667
"benchmark-example:english-extra-8-cpu","bd/english.100MB",8,1000000,3475,3475,0,0.000,188.913,3184,99116576
"benchmark-example:english-extra-8-cpu","bd/english.100MB",8,1000000,3475,3475,0,0.000,188.913,3185,99131352
"benchmark-example:english-extra-8-cpu","bd/english.100MB",8,1000000,3475,3475,0,0.000,188.913,3186,99137358
"benchmark-example:english-extra-8-cpu","bd/english.100MB",8,1000000,3475,3475,0,0.000,188.913,3187,99142030
"benchmark-example:english-extra-8-cpu","bd/english.100MB",8,1000000,3475,3475,0,0.000,188.913,3188,99155715
"benchmark-example:english-extra-8-cpu","bd/english.100MB",8,1000000,3475,3475,0,0.000,188.913,3189,99159862
"benchmark-example:english-extra-8-cpu","bd/english.100MB",8,1000000,3475,3475,0,0.000,188.913,3190,99215256
"benchmark-example:english-extra-8-cpu","bd/english.100MB",8,1000000,3475,3475,0,0.000,188.913,3191,99236965
"benchmark-example:english-extra-8-cpu","bd/english.100MB",8,1000000,3475,3475,0,0.000,188.913,3192,99273709
"benchmark-example:english-extra-8-cpu","bd/english.100MB",8,1000000,3475,3475,0,0.000,188.913,3193,99281276
"benchmark-example:english-extra-8-cpu","bd/english.100MB",8,1000000,3475,3475,0,0.000,188.913,3194,99282724
"benchmark-example:english-extra-8-cpu","bd/english.100MB",8,1000000,3475,3475,0,0.000,188.913,3195,99282884
"benchmark-example:english-extra-8-cpu","bd/english.100MB",8,1000000,3475,3475,0,0.000,188.913,3196,99286671
"benchmark-example:english-extra-8-cpu","bd/english.100MB",8,1000000,3475,3475,0,0.000,188.913,3197,99287296
"benchmark-example:english-extra-8-cpu","bd/english.100MB",8,1000000,3475,3475,0,0.000,188.913,3198,99287370
"benchmark-example:english-extra-8-cpu","bd/english.100MB",8,1000000,3475,3475,0,0.000,188.913,3199,99307974
"benchmark-example:english-extra-8-cpu","bd/english.100MB",8,1000000,3475,3475,0,0.000,188.913,3200,99308318
"benchmark-example:english-extra-8-cpu","bd/english.100MB",8,1000000,3475,3475,0,0.000,188.913,3201,99315763
"benchmark-example:english-extra-8-cpu","bd/english.100MB",8,1000000,3475,3475,0,0.000,188.913,3202,99325517
"benchmark-example:english-extra-8-cpu","bd/english.100MB",8,1000000,3475,3475,0,0.000,188.913,3203,99344570
"benchmark-example:english-extra-8-cpu","bd/english.100MB",8,1000000,3475,3475,0,0.000,188.913,3204,99344693
"benchmark-example:english-extra-8-cpu","bd/english.100MB",8,1000000,3475,3475,0,0.000,188.913,3205,99384481
"benchmark-example:english-extra-8-cpu","bd/english.100MB",8,1000000,3475,3475,0,0.000,188.913,3206,99390388
"benchmark-example:english-extra-8-cpu","bd/english.100MB",8,1000000,3475,3475,0,0.000,188.913,3207,99405166
"benchmark-example:english-extra-8-cpu","bd/english.100MB",8,1000000,3475,3475,0,0.000,188.913,3208,99411172
"benchmark-example:english-extra-8-cpu","bd/english.100MB",8,1000000,3475,3475,0,0.000,188.913,3209,99415844
"benchmark-example:english-extra-8-cpu","bd/english.100MB",8,1000000,3475,3475,0,0.000,188.913,3210,99429525
"benchmark-example:english-extra-8-cpu","bd/english.100MB",8,1000000,3475,3475,0,0.000,188.913,3211,99433671
"benchmark-example:english-extra-8-cpu","bd/english.100MB",8,1000000,3475,3475,0,0.000,188.913,3212,99489072
"benchmark-example:english-extra-8-cpu","bd/english.100MB",8,1000000,3475,3475,0,0.000,188.913,3213,99510780
"benchmark-example:english-extra-8-cpu","bd/english.100MB",8,1000000,3475,3475,0,0.000,188.913,3214,99547521
"benchmark-example:english-extra-8-cpu","bd/english.100MB",8,1000000,3475,3475,0,0.000,188.913,3215,99555088
"benchmark-example:english-extra-8-cpu","bd/english.100MB",8,1000000,3475,3475,0,0.000,188.913,3216,99556536
"benchmark-example:english-extra-8-cpu","bd/english.100MB",8,1000000,3475,3475,0,0.000,188.913,3217,99556696
"benchmark-example:english-extra-8-cpu","bd/english.100MB",8,1000000,3475,3475,0,0.000,188.913,3218,99560483
"benchmark-example:english-extra-8-cpu","bd/english.100MB",8,1000000,3475,3475,0,0.000,188.913,3219,99561108
"benchmark-example:english-extra-8-cpu","bd/english.100MB",8,1000000,3475,3475,0,0.000,188.913,3220,99561182
"benchmark-example:english-extra-8-cpu","bd/english.100MB",8,1000000,3475,3475,0,0.000,188.913,3221,99581785
"benchmark-example:english-extra-8-cpu","bd/english.100MB",8,1000000,3475,3475,0,0.000,188.913,3222,99582128
"benchmark-example:english-extra-8-cpu","bd/english.100MB",8,1000000,3475,3475,0,0.000,188.913,3223,99589574
"benchmark-example:english-extra-8-cpu","bd/english.100MB",8,1000000,3475,3475,0,0.000,188.913,3224,99595143
"benchmark-example:english-extra-8-cpu","bd/english.100MB",8,1000000,3475,3475,0,0.000,188.913,3225,99599052
"benchmark-example:english-extra-8-cpu","bd/english.100MB",8,1000000,3475,3475,0,0.000,188.913,3226,99655940
"benchmark-example:english-extra-8-cpu","bd/english.100MB",8,1000000,3475,3475,0,0.000,188.913,3227,99736533
"benchmark-example:english-extra-8-cpu","bd/english.100MB",8,1000000,3475,3475,0,0.000,188.913,3228,99778327
"benchmark-example:english-extra-8-cpu","bd/english.100MB",8,1000000,3475,3475,0,0.000,188.913,3229,99791680
"benchmark-example:english-extra-8-cpu","bd/english.100MB",8,1000000,3475,3475,0,0.000,188.913,3230,99804632
"benchmark-example:english-extra-8-cpu","bd/english.100MB",8,1000000,3475,3475,0,0.000,188.913,3231,99808541
"benchmark-example:english-extra-8-cpu","bd/english.100MB",8,1000000,3475,3475,0,0.000,188.913,3232,99865428
"benchmark-example:english-extra-8-cpu","bd/english.100MB",8,1000000,3475,3475,0,0.000,188.913,3233,99946015
"benchmark-example:english-extra-8-cpu","bd/english.100MB",8,1000000,3475,3475,0,0.000,188.913,3234,99987809
"benchmark-example:english-extra-8-cpu","bd/english.100MB",8,1000000,3475,3475,0,0.000,188.913,3235,100001157
"benchmark-example:english-extra-8-cpu","bd/english.100MB",8,1000000,3475,3475,0,0.000,188.913,3236,100015970
"benchmark-example:english-extra-8-cpu","bd/english.100MB",8,1000000,3475,3475,0,0.000,188.913,3237,100097132
"benchmark-example:english-extra-8-cpu","bd/english.100MB",8,1000000,3475,3475,0,0.000,188.913,3238,100124671
"benchmark-example:english-extra-8-cpu","bd/english.100MB",8,1000000,3475,3475,0,0.000,188.913,3239,100195775
"benchmark-example:english-extra-8-cpu","bd/english.100MB",8,1000000,3475,3475,0,0.000,188.913,3240,100196075
"benchmark-example:english-extra-8-cpu","bd/english.100MB",8,1000000,3475,3475,0,0.000,188.913,3241,100205291
"benchmark-example:english-extra-8-cpu","bd/english.100MB",8,1000000,3475,3475,0,0.000,188.913,3242,100207318
"benchmark-example:english-extra-8-cpu","bd/english.100MB",8,1000000,3475,3475,0,0.000,188.913,3243,100212202
"benchmark-example:english-extra-8-cpu","bd/english.100MB",8,1000000,3475,3475,0,0.000,188.913,3244,100233133
"benchmark-example:english-extra-8-cpu","bd/english.100MB",8,1000000,3475,3475,0,0.000,188.913,3245,100244722
"benchmark-example:english-extra-8-cpu","bd/english.100MB",8,1000000,3475,3475,0,0.000,188.913,3246,100325839
"benchmark-example:english-extra-8-cpu","bd/english.100MB",8,1000000,3475,3475,0,0.000,188.913,3247,100353373
"benchmark-example:english-extra-8-cpu","bd/english.100MB",8,1000000,3475,3475,0,0.000,188.913,3248,100424483
"benchmark-example:english-extra-8-cpu","bd/english.100MB",8,1000000,3475,3475,0,0.000,188.913,3249,100424783
"benchmark-example:english-extra-8-cpu","bd/english.100MB",8,1000000,3475,3475,0,0.000,188.913,3250,100433998
"benchmark-example:english-extra-8-cpu","bd/english.100MB",8,1000000,3475,3475,0,0.000,188.913,3251,100436025
"benchmark-example:english-extra-8-cpu","bd/english.100MB",8,1000000,3475,3475,0,0.000,188.913,3252,100440909
"benchmark-example:english-extra-8-cpu","bd/english.100MB",8,1000000,3475,3475,0,0.000,188.913,3253,100461841
"benchmark-example:english-extra-8-cpu","bd/english.100MB",8,1000000,3475,3475,0,0.000,188.913,3254,100471534
"benchmark-example:english-extra-8-cpu","bd/english.100MB",8,1000000,3475,3475,0,0.000,188.913,3255,100491497
"benchmark-example:english-extra-8-cpu","bd/english.100MB",8,1000000,3475,3475,0,0.000,188.913,3256,100493182
"benchmark-example:english-extra-8-cpu","bd/english.100MB",8,1000000,3475,3475,0,0.000,188.913,3257,100522671
"benchmark-example:english-extra-8-cpu","bd/english.100MB",8,1000000,3475,3475,0,0.000,188.913,3258,100540778
"benchmark-example:english-extra-8-cpu","bd/english.100MB",8,1000000,3475,3475,0,0.000,188.913,3259,100556270
"benchmark-example:english-extra-8-cpu","bd/english.100MB",8,1000000,3475,3475,0,0.000,188.913,3260,100568965
"benchmark-example:english-extra-8-cpu","bd/english.100MB",8,1000000,3475,3475,0,0.000,188.913,3261,100591222
"benchmark-example:english-extra-8-cpu","bd/english.100MB",8,1000000,3475,3475,0,0.000,188.913,3262,100605356
"benchmark-example:english-extra-8-cpu","bd/english.100MB",8,1000000,3475,3475,0,0.000,188.913,3263,100605575
"benchmark-example:english-extra-8-cpu","bd/english.100MB",8,1000000,3475,3475,0,0.000,188.913,3264,100676665
"benchmark-example:english-extra-8-cpu","bd/english.100MB",8,1000000,3475,3475,0,0.000,188.913,3265,100696628
"benchmark-example:english-extra-8-cpu","bd/english.100MB",8,1000000,3475,3475,0,0.000,188.913,3266,100698313
"benchmark-example:english-extra-8-cpu","bd/english.100MB",8,1000000,3475,3475,0,0.000,188.913,3267,100727801
"benchmark-example:english-extra-8-cpu","bd/english.100MB",8,1000000,3475,3475,0,0.000,188.913,3268,100745907
"benchmark-example:english-extra-8-cpu","bd/english.100MB",8,1000000,3475,3475,0,0.000,188.913,3269,100761398
"benchmark-example:english-extra-8-cpu","bd/english.100MB",8,1000000,3475,3475,0,0.000,188.913,3270,100774092
"benchmark-example:english-extra-8-cpu","bd/english.100MB",8,1000000,3475,3475,0,0.000,188.913,3271,100796347
"benchmark-example:english-extra-8-cpu","bd/english.100MB",8,1000000,3475,3475,0,0.000,188.913,3272,100810479
"benchmark-example:english-extra-8-cpu","bd/english.100MB",8,1000000,3475,3475,0,0.000,188.913,3273,100810698
"benchmark-example:english-extra-8-cpu","bd/english.100MB",8,1000000,3475,3475,0,0.000,188.913,3274,100910338
"benchmark-example:english-extra-8-cpu","bd/english.100MB",8,1000000,3475,3475,0,0.000,188.913,3275,100910411
"benchmark-example:english-extra-8-cpu","bd/english.100MB",8,1000000,3475,3475,0,0.000,188.913,3276,100931590
"benchmark-example:english-extra-8-cpu","bd/english.100MB",8,1000000,3475,3475,0,0.000,188.913,3277,100936898
"benchmark-example:english-extra-8-cpu","bd/english.100MB",8,1000000,3475,3475,0,0.000,188.913,3278,100939617
"benchmark-example:english-extra-8-cpu","bd/english.100MB",8,1000000,3475,3475,0,0.000,188.913,3279,100944904
"benchmark-example:english-extra-8-cpu","bd/english.100MB",8,1000000,3475,3475,0,0.000,188.913,3280,100954762
"benchmark-example:english-extra-8-cpu","bd/english.100MB",8,1000000,3475,3475,0,0.000,188.913,3281,100986707
"benchmark-example:english-extra-8-cpu","bd/english.100MB",8,1000000,3475,3475,0,0.000,188.913,3282,100994430
"benchmark-example:english-extra-8-cpu","bd/english.100MB",8,1000000,3475,3475,0,0.000,188.913,3283,101043052
"benchmark-example:english-extra-8-cpu","bd/english.100MB",8,1000000,3475,3475,0,0.000,188.913,3284,101043873
"benchmark-example:english-extra-8-cpu","bd/english.100MB",8,1000000,3475,3475,0,0.000,188.913,3285,101046767
"benchmark-example:english-extra-8-cpu","bd/english.100MB",8,1000000,3475,3475,0,0.000,188.913,3286,101060036
"benchmark-example:english-extra-8-cpu","bd/english.100MB",8,1000000,3475,3475,0,0.000,188.913,3287,101070198
"benchmark-example:english-extra-8-cpu","bd/english.100MB",8,1000000,3475,3475,0,0.000,188.913,3288,101103068
"benchmark-example:english-extra-8-cpu","bd/english.100MB",8,1000000,3475,3475,0,0.000,188.913,3289,101103141
"benchmark-example:english-extra-8-cpu","bd/english.100MB",8,1000000,3475,3475,0,0.000,188.913,3290,101124318
"benchmark-example:english-extra-8-cpu","bd/english.100MB",8,1000000,3475,3475,0,0.000,188.913,3291,101129626
"benchmark-example:english-extra-8-cpu","bd/english.100MB",8,1000000,3475,3475,0,0.000,188.913,3292,101132345
"benchmark-example:english-extra-8-cpu","bd/english.100MB",8,1000000,3475,3475,0,0.000,188.913,3293,101137632
"benchmark-example:english-extra-8-cpu","bd/english.100MB",8,1000000,3475,3475,0,0.000,188.913,3294,101147490
"benchmark-example:english-extra-8-cpu","bd/english.100MB",8,1000000,3475,3475,0,0.000,188.913,3295,101179436
"benchmark-example:english-extra-8-cpu","bd/english.100MB",8,1000000,3475,3475,0,0.000,188.913,3296,101187159
"benchmark-example:english-extra-8-cpu","bd/english.100MB",8,1000000,3475,3475,0,0.000,188.913,3297,101235777
"benchmark-example:english-extra-8-cpu","bd/english.100MB",8,1000000,3475,3475,0,0.000,188.913,3298,101236598
"benchmark-example:english-extra-8-cpu","bd/english.100MB",8,1000000,3475,3475,0,0.000,188.913,3299,101239492
"benchmark-example:english-extra-8-cpu","bd/english.100MB",8,1000000,3475,3475,0,0.000,188.913,3300,101252759
"benchmark-example:english-extra-8-cpu","bd/english.100MB",8,1000000,3475,3475,0,0.000,188.913,3301,101262920
"benchmark-example:english-extra-8-cpu","bd/english.100MB",8,1000000,3475,3475,0,0.000,188.913,3302,101270826
"benchmark-example:english-extra-8-cpu","bd/english.100MB",8,1000000,3475,3475,0,0.000,188.913,3303,101275757
"benchmark-example:english-extra-8-cpu","bd/english.100MB",8,1000000,3475,3475,0,0.000,188.913,3304,101282705
"benchmark-example:english-extra-8-cpu","bd/english.100MB",8,1000000,3475,3475,0,0.000,188.913,3305,101285697
"benchmark-example:english-extra-8-cpu","bd/english.100MB",8,1000000,3475,3475,0,0.000,188.913,3306,101317062
"benchmark-example:english-extra-8-cpu","bd/english.100MB",8,1000000,3475,3475,0,0.000,188.913,3307,101331150
"benchmark-example:english-extra-8-cpu","bd/english.100MB",8,1000000,3475,3475,0,0.000,188.913,3308,101339899
"benchmark-example:english-extra-8-cpu","bd/english.100MB",8,1000000,3475,3475,0,0.000,188.913,3309,101344198
"benchmark-example:english-extra-8-cpu","bd/english.100MB",8,1000000,3475,3475,0,0.000,188.913,3310,101345537
"benchmark-example:english-extra-8-cpu","bd/english.100MB",8,1000000,3475,3475,0,0.000,188.913,3311,101369939
"benchmark-example:english-extra-8-cpu","bd/english.100MB",8,1000000,3475,3475,0,0.000,188.913,3312,101388351
"benchmark-example:english-extra-8-cpu","bd/english.100MB",8,1000000,3475,3475,0,0.000,188.913,3313,101404339
"benchmark-example:english-extra-8-cpu","bd/english.100MB",8,1000000,3475,3475,0,0.000,188.913,3314,101407965
"benchmark-example:english-extra-8-cpu","bd/english.100MB",8,1000000,3475,3475,0,0.000,188.913,3315,101426632
"benchmark-example:english-extra-8-cpu","bd/english.100MB",8,1000000,3475,3475,0,0.000,188.913,3316,101443641
"benchmark-example:english-extra-8-cpu","bd/english.100MB",8,1000000,3475,3475,0,0.000,188.913,3317,101448572
"benchmark-example:english-extra-8-cpu","bd/english.100MB",8,1000000,3475,3475,0,0.000,188.913,3318,101455519
"benchmark-example:english-extra-8-cpu","bd/english.100MB",8,1000000,3475,3475,0,0.000,188.913,3319,101458511
"benchmark-example:english-extra-8-cpu","bd/english.100MB",8,1000000,3475,3475,0,0.000,188.913,3320,101489877
"benchmark-example:english-extra-8-cpu","bd/english.100MB",8,1000000,3475,3475,0,0.000,188.913,3321,101503966
"benchmark-example:english-extra-8-cpu","bd/english.100MB",8,1000000,3475,3475,0,0.000,188.913,3322,101512715
"benchmark-example:english-extra-8-cpu","bd/english.100MB",8,1000000,3475,3475,0,0.000,188.913,3323,101517015
"benchmark-example:english-extra-8-cpu","bd/english.100MB",8,1000000,3475,3475,0,0.000,188.913,3324,101518354
"benchmark-example:english-extra-8-cpu","bd/english.100MB",8,1000000,3475,3475,0,0.000,188.913,3325,101542753
"benchmark-example:english-extra-8-cpu","bd/english.100MB",8,1000000,3475,3475,0,0.000,188.913,3326,101561164
"benchmark-example:english-extra-8-cpu","bd/english.100MB",8,1000000,3475,3475,0,0.000,188.913,3327,101577152
"benchmark-example:english-extra-8-cpu","bd/english.100MB",8,1000000,3475,3475,0,0.000,188.913,3328,101580777
"benchmark-example:english-extra-8-cpu","bd/english.100MB",8,1000000,3475,3475,0,0.000,188.913,3329,101599443
"benchmark-example:english-extra-8-cpu","bd/english.100MB",8,1000000,3475,3475,0,0.000,188.913,3330,101622500
"benchmark-example:english-extra-8-cpu","bd/english.100MB",8,1000000,3475,3475,0,0.000,188.913,3331,101652296
"benchmark-example:english-extra-8-cpu","bd/english.100MB",8,1000000,3475,3475,0,0.000,188.913,3332,101659789
"benchmark-example:english-extra-8-cpu","bd/english.100MB",8,1000000,3475,3475,0,0.000,188.913,3333,101662017
"benchmark-example:english-extra-8-cpu","bd/english.100MB",8,1000000,3475,3475,0,0.000,188.913,3334,101709397
"benchmark-example:english-extra-8-cpu","bd/english.100MB",8,1000000,3475,3475,0,0.000,188.913,3335,101713460
"benchmark-example:english-extra-8-cpu","bd/english.100MB",8,1000000,3475,3475,0,0.000,188.913,3336,101734359
"benchmark-example:english-extra-8-cpu","bd/english.100MB",8,1000000,3475,3475,0,0.000,188.913,3337,101763891
"benchmark-example:english-extra-8-cpu","bd/english.100MB",8,1000000,3475,3475,0,0.000,188.913,3338,101768796
"benchmark-example:english-extra-8-cpu","bd/english.100MB",8,1000000,3475,3475,0,0.000,188.913,3339,101792598
"benchmark-example:english-extra-8-cpu","bd/english.100MB",8,1000000,3475,3475,0,0.000,188.913,3340,101815862
"benchmark-example:english-extra-8-cpu","bd/english.100MB",8,1000000,3475,3475,0,0.000,188.913,3341,101845659
"benchmark-example:english-extra-8-cpu","bd/english.100MB",8,1000000,3475,3475,0,0.000,188.913,3342,101853151
"benchmark-example:english-extra-8-cpu","bd/english.100MB",8,1000000,3475,3475,0,0.000,188.913,3343,101855379
"benchmark-example:english-extra-8-cpu","bd/english.100MB",8,1000000,3475,3475,0,0.000,188.913,3344,101902758
"benchmark-example:english-extra-8-cpu","bd/english.100MB",8,1000000,3475,3475,0,0.000,188.913,3345,101906821
"benchmark-example:english-extra-8-cpu","bd/english.100MB",8,1000000,3475,3475,0,0.000,188.913,3346,101927715
"benchmark-example:english-extra-8-cpu","bd/english.100MB",8,1000000,3475,3475,0,0.000,188.913,3347,101957247
"benchmark-example:english-extra-8-cpu","bd/english.100MB",8,1000000,3475,3475,0,0.000,188.913,3348,101962152
"benchmark-example:english-extra-8-cpu","bd/english.100MB",8,1000000,3475,3475,0,0.000,188.913,3349,101985957
"benchmark-example:english-extra-8-cpu","bd/english.100MB",8,1000000,3475,3475,0,0.000,188.913,3350,101998319
"benchmark-example:english-extra-8-cpu","bd/english.100MB",8,1000000,3475,3475,0,0.000,188.913,3351,102028056
"benchmark-example:english-extra-8-cpu","bd/english.100MB",8,1000000,3475,3475,0,0.000,188.913,3352,102040186
"benchmark-example:english-extra-8-cpu","bd/english.100MB",8,1000000,3475,3475,0,0.000,188.913,3353,102069384
"benchmark-example:english-extra-8-cpu","bd/english.100MB",8,1000000,3475,3475,0,0.000,188.913,3354,102119343
"benchmark-example:english-extra-8-cpu","bd/english.100MB",8,1000000,3475,3475,0,0.000,188.913,3355,102153893
"benchmark-example:english-extra-8-cpu","bd/english.100MB",8,1000000,3475,3475,0,0.000,188.913,3356,102158091
"benchmark-example:english-extra-8-cpu","bd/english.100MB",8,1000000,3475,3475,0,0.000,188.913,3357,102168235
"benchmark-example:english-extra-8-cpu","bd/english.100MB",8,1000000,3475,3475,0,0.000,188.913,3358,102181792
"benchmark-example:english-extra-8-cpu","bd/english.100MB",8,1000000,3475,3475,0,0.000,188.913,3359,102211531
"benchmark-example:english-extra-8-cpu","bd/english.100MB",8,1000000,3475,3475,0,0.000,188.913,3360,102223661
"benchmark-example:english-extra-8-cpu","bd/english.100MB",8,1000000,3475,3475,0,0.000,188.913,3361,102252857
"benchmark-example:english-extra-8-cpu","bd/english.100MB",8,1000000,3475,3475,0,0.000,188.913,3362,102302817
"benchmark-example:english-extra-8-cpu","bd/english.100MB",8,1000000,3475,3475,0,0.000,188.913,3363,102337367
"benchmark-example:english-extra-8-cpu","bd/english.100MB",8,1000000,3475,3475,0,0.000,188.913,3364,102341566
"benchmark-example:english-extra-8-cpu","bd/english.100MB",8,1000000,3475,3475,0,0.000,188.913,3365,102351710
"benchmark-example:english-extra-8-cpu","bd/english.100MB",8,1000000,3475,3475,0,0.000,188.913,3366,102377329
"benchmark-example:english-extra-8-cpu","bd/english.100MB",8,1000000,3475,3475,0,0.000,188.913,3367,102400217
"benchmark-example:english-extra-8-cpu","bd/english.100MB",8,1000000,3475,3475,0,0.000,188.913,3368,102449826
"benchmark-example:english-extra-8-cpu","bd/english.100MB",8,1000000,3475,3475,0,0.000,188.913,3369,102450411
"benchmark-example:english-extra-8-cpu","bd/english.100MB",8,1000000,3475,3475,0,0.000,188.913,3370,102471321
"benchmark-example:english-extra-8-cpu","bd/english.100MB",8,1000000,3475,3475,0,0.000,188.913,3371,102472301
"benchmark-example:english-extra-8-cpu","bd/english.100MB",8,1000000,3475,3475,0,0.000,188.913,3372,102477586
"benchmark-example:english-extra-8-cpu","bd/english.100MB",8,1000000,3475,3475,0,0.000,188.913,3373,102485630
"benchmark-example:english-extra-8-cpu","bd/english.100MB",8,1000000,3475,3475,0,0.000,188.913,3374,102488271
"benchmark-example:english-extra-8-cpu","bd/english.100MB",8,1000000,3475,3475,0,0.000,188.913,3375,102522412
"benchmark-example:english-extra-8-cpu","bd/english.100MB",8,1000000,3475,3475,0,0.000,188.913,3376,102524380
"benchmark-example:english-extra-8-cpu","bd/english.100MB",8,1000000,3475,3475,0,0.000,188.913,3377,102542973
"benchmark-example:english-extra-8-cpu","bd/english.100MB",8,1000000,3475,3475,0,0.000,188.913,3378,102564397
"benchmark-example:english-extra-8-cpu","bd/english.100MB",8,1000000,3475,3475,0,0.000,188.913,3379,102587284
"benchmark-example:english-extra-8-cpu","bd/english.100MB",8,1000000,3475,3475,0,0.000,188.913,3380,102636888
"benchmark-example:english-extra-8-cpu","bd/english.100MB",8,1000000,3475,3475,0,0.000,188.913,3381,102637473
"benchmark-example:english-extra-8-cpu","bd/english.100MB",8,1000000,3475,3475,0,0.000,188.913,3382,102658383
"benchmark-example:english-extra-8-cpu","bd/english.100MB",8,1000000,3475,3475,0,0.000,188.913,3383,102659363
"benchmark-example:english-extra-8-cpu","bd/english.100MB",8,1000000,3475,3475,0,0.000,188.913,3384,102664648
"benchmark-example:english-extra-8-cpu","bd/english.100MB",8,1000000,3475,3475,0,0.000,188.913,3385,102672692
"benchmark-example:english-extra-8-cpu","bd/english.100MB",8,1000000,3475,3475,0,0.000,188.913,3386,102675333
"benchmark-example:english-extra-8-cpu","bd/english.100MB",8,1000000,3475,3475,0,0.000,188.913,3387,102709474
"benchmark-example:english-extra-8-cpu","bd/english.100MB",8,1000000,3475,3475,0,0.000,188.913,3388,102711442
"benchmark-example:english-extra-8-cpu","bd/english.100MB",8,1000000,3475,3475,0,0.000,188.913,3389,102730035
"benchmark-example:english-extra-8-cpu","bd/english.100MB",8,1000000,3475,3475,0,0.000,188.913,3390,102757933
"benchmark-example:english-extra-8-cpu","bd/english.100MB",8,1000000,3475,3475,0,0.000,188.913,3391,102767298
"benchmark-example:english-extra-8-cpu","bd/english.100MB",8,1000000,3475,3475,0,0.000,188.913,3392,102806204
"benchmark-example:english-extra-8-cpu","bd/english.100MB",8,1000000,3475,3475,0,0.000,188.913,3393,102828508
"benchmark-example:english-extra-8-cpu","bd/english.100MB",8,1000000,3475,3475,0,0.000,188.913,3394,102877212
"benchmark-example:english-extra-8-cpu","bd/english.100MB",8,1000000,3475,3475,0,0.000,188.913,3395,102884804
"benchmark-example:english-extra-8-cpu","bd/english.100MB",8,1000000,3475,3475,0,0.000,188.913,3396,102950646
"benchmark-example:english-extra-8-cpu","bd/english.100MB",8,1000000,3475,3475,0,0.000,188.913,3397,102973638
"benchmark-example:english-extra-8-cpu","bd/english.100MB",8,1000000,3475,3475,0,0.000,188.913,3398,102983000
"benchmark-example:english-extra-8-cpu","bd/english.100MB",8,1000000,3475,3475,0,0.000,188.913,3399,103021899
"benchmark-example:english-extra-8-cpu","bd/english.100MB",8,1000000,3475,3475,0,0.000,188.913,3400,103044205
"benchmark-example:english-extra-8-cpu","bd/english.100MB",8,1000000,3475,3475,0,0.000,188.913,3401,103092910
"benchmark-example:english-extra-8-cpu","bd/english.100MB",8,1000000,3475,3475,0,0.000,188.913,3402,103100502
"benchmark-example:english-extra-8-cpu","bd/english.100MB",8,1000000,3475,3475,0,0.000,188.913,3403,103166341
"benchmark-example:english-extra-8-cpu","bd/english.100MB",8,1000000,3475,3475,0,0.000,188.913,3404,103201472
"benchmark-example:english-extra-8-cpu","bd/english.100MB",8,1000000,3475,3475,0,0.000,188.913,3405,103215201
"benchmark-example:english-extra-8-cpu","bd/english.100MB",8,1000000,3475,3475,0,0.000,188.913,3406,103271528
"benchmark-example:english-extra-8-cpu","bd/english.100MB",8,1000000,3475,3475,0,0.000,188.913,3407,103273668
"benchmark-example:english-extra-8-cpu","bd/english.100MB",8,1000000,3475,3475,0,0.000,188.913,3408,103294440
"benchmark-example:english-extra-8-cpu","bd/english.100MB",8,1000000,3475,3475,0,0.000,188.913,3409,103304397
"benchmark-example:english-extra-8-cpu","bd/english.100MB",8,1000000,3475,3475,0,0.000,188.913,3410,103318601
"benchmark-example:english-extra-8-cpu","bd/english.100MB",8,1000000,3475,3475,0,0.000,188.913,3411,103359759
"benchmark-example:english-extra-8-cpu","bd/english.100MB",8,1000000,3475,3475,0,0.000,188.913,3412,103373488
"benchmark-example:english-extra-8-cpu","bd/english.100MB",8,1000000,3475,3475,0,0.000,188.913,3413,103429818
"benchmark-example:english-extra-8-cpu","bd/english.100MB",8,1000000,3475,3475,0,0.000,188.913,3414,103431957
"benchmark-example:english-extra-8-cpu","bd/english.100MB",8,1000000,3475,3475,0,0.000,188.913,3415,103452732
"benchmark-example:english-extra-8-cpu","bd/english.100MB",8,1000000,3475,3475,0,0.000,188.913,3416,103462688
"benchmark-example:english-extra-8-cpu","bd/english.100MB",8,1000000,3475,3475,0,0.000,188.913,3417,103476892
"benchmark-example:english-extra-8-cpu","bd/english.100MB",8,1000000,3475,3475,0,0.000,188.913,3418,103491596
"benchmark-example:english-extra-8-cpu","bd/english.100MB",8,1000000,3475,3475,0,0.000,188.913,3419,103497297
"benchmark-example:english-extra-8-cpu","bd/english.100MB",8,1000000,3475,3475,0,0.000,188.913,3420,103525598
"benchmark-example:english-extra-8-cpu","bd/english.100MB",8,1000000,3475,3475,0,0.000,188.913,3421,103532029
"benchmark-example:english-extra-8-cpu","bd/english.100MB",8,1000000,3475,3475,0,0.000,188.913,3422,103534571
"benchmark-example:english-extra-8-cpu","bd/english.100MB",8,1000000,3475,3475,0,0.000,188.913,3423,103545919
"benchmark-example:english-extra-8-cpu","bd/english.100MB",8,1000000,3475,3475,0,0.000,188.913,3424,103550335
"benchmark-example:english-extra-8-cpu","bd/english.100MB",8,1000000,3475,3475,0,0.000,188.913,3425,103577604
"benchmark-example:english-extra-8-cpu","bd/english.100MB",8,1000000,3475,3475,0,0.000,188.913,3426,103583304
"benchmark-example:english-extra-8-cpu","bd/english.100MB",8,1000000,3475,3475,0,0.000,188.913,3427,103611606
"benchmark-example:english-extra-8-cpu","bd/english.100MB",8,1000000,3475,3475,0,0.000,188.913,3428,103618037
"benchmark-example:english-extra-8-cpu","bd/english.100MB",8,1000000,3475,3475,0,0.000,188.913,3429,103620579
"benchmark-example:english-extra-8-cpu","bd/english.100MB",8,1000000,3475,3475,0,0.000,188.913,3430,103631927
"benchmark-example:english-extra-8-cpu","bd/english.100MB",8,1000000,3475,3475,0,0.000,188.913,3431,103636343
"benchmark-example:english-extra-8-cpu","bd/english.100MB",8,1000000,3475,3475,0,0.000,188.913,3432,103661954
"benchmark-example:english-extra-8-cpu","bd/english.100MB",8,1000000,3475,3475,0,0.000,188.913,3433,103690127
"benchmark-example:english-extra-8-cpu","bd/english.100MB",8,1000000,3475,3475,0,0.000,188.913,3434,103690669
"benchmark-example:english-extra-8-cpu","bd/english.100MB",8,1000000,3475,3475,0,0.000,188.913,3435,103703412
"benchmark-example:english-extra-8-cpu","bd/english.100MB",8,1000000,3475,3475,0,0.000,188.913,3436,103727907
"benchmark-example:english-extra-8-cpu","bd/english.100MB",8,1000000,3475,3475,0,0.000,188.913,3437,103731932
"benchmark-example:english-extra-8-cpu","bd/english.100MB",8,1000000,3475,3475,0,0.000,188.913,3438,103749461
"benchmark-example:english-extra-8-cpu","bd/english.100MB",8,1000000,3475,3475,0,0.000,188.913,3439,103770319
"benchmark-example:english-extra-8-cpu","bd/english.100MB",8,1000000,3475,3475,0,0.000,188.913,3440,103775507
"benchmark-example:english-extra-8-cpu","bd/english.100MB",8,1000000,3475,3475,0,0.000,188.913,3441,103803678
"benchmark-example:english-extra-8-cpu","bd/english.100MB",8,1000000,3475,3475,0,0.000,188.913,3442,103804220
"benchmark-example:english-extra-8-cpu","bd/english.100MB",8,1000000,3475,3475,0,0.000,188.913,3443,103816962
"benchmark-example:english-extra-8-cpu","bd/english.100MB",8,1000000,3475,3475,0,0.000,188.913,3444,103841457
"benchmark-example:english-extra-8-cpu","bd/english.100MB",8,1000000,3475,3475,0,0.000,188.913,3445,103845482
"benchmark-example:english-extra-8-cpu","bd/english.100MB",8,1000000,3475,3475,0,0.000,188.913,3446,103863009
"benchmark-example:english-extra-8-cpu","bd/english.100MB",8,1000000,3475,3475,0,0.000,188.913,3447,103883867
"benchmark-example:english-extra-8-cpu","bd/english.100MB",8,1000000,3475,3475,0,0.000,188.913,3448,103923258
"benchmark-example:english-extra-8-cpu","bd/english.100MB",8,1000000,3475,3475,0,0.000,188.913,3449,104038356
"benchmark-example:english-extra-8-cpu","bd/english.100MB",8,1000000,3475,3475,0,0.000,188.913,3450,104210829
"benchmark-example:english-extra-8-cpu","bd/english.100MB",8,1000000,3475,3475,0,0.000,188.913,3451,104397243
"benchmark-example:english-extra-8-cpu","bd/english.100MB",8,1000000,3475,3475,0,0.000,188.913,3452,104444515
"benchmark-example:english-extra-8-cpu","bd/english.100MB",8,1000000,3475,3475,0,0.000,188.913,3453,104445321
"benchmark-example:english-extra-8-cpu","bd/english.100MB",8,1000000,3475,3475,0,0.000,188.913,3454,104446773
"benchmark-example:english-extra-8-cpu","bd/english.100MB",8,1000000,3475,3475,0,0.000,188.913,3455,104457431
"benchmark-example:english-extra-8-cpu","bd/english.100MB",8,1000000,3475,3475,0,0.000,188.913,3456,104474265
"benchmark-example:english-extra-8-cpu","bd/english.100MB",8,1000000,3475,3475,0,0.000,188.913,3457,104572123
"benchmark-example:english-extra-8-cpu","bd/english.100MB",8,1000000,3475,3475,0,0.000,188.913,3458,104602021
"benchmark-example:english-extra-8-cpu","bd/english.100MB",8,1000000,3475,3475,0,0.000,188.913,3459,104602269
"benchmark-example:english-extra-8-cpu","bd/english.100MB",8,1000000,3475,3475,0,0.000,188.913,3460,104620205
"benchmark-example:english-extra-8-cpu","bd/english.100MB",8,1000000,3475,3475,0,0.000,188.913,3461,104629895
"benchmark-example:english-extra-8-cpu","bd/english.100MB",8,1000000,3475,3475,0,0.000,188.913,3462,104633952
"benchmark-example:english-extra-8-cpu","bd/english.100MB",8,1000000,3475,3475,0,0.000,188.913,3463,104704520
"benchmark-example:english-extra-8-cpu","bd/english.100MB",8,1000000,3475,3475,0,0.000,188.913,3464,104734410
"benchmark-example:english-extra-8-cpu","bd/english.100MB",8,1000000,3475,3475,0,0.000,188.913,3465,104734658
"benchmark-example:english-extra-8-cpu","bd/english.100MB",8,1000000,3475,3475,0,0.000,188.913,3466,104752593
"benchmark-example:english-extra-8-cpu","bd/english.100MB",8,1000000,3475,3475,0,0.000,188.913,3467,104762282
"benchmark-example:english-extra-8-cpu","bd/english.100MB",8,1000000,3475,3475,0,0.000,188.913,3468,104766338
"benchmark-example:english-extra-8-cpu","bd/english.100MB",8,1000000,3475,3475,0,0.000,188.913,3469,104787789
"benchmark-example:english-extra-8-cpu","bd/english.100MB",8,1000000,3475,3475,0,0.000,188.913,3470,104804795
"benchmark-example:english-extra-8-cpu","bd/english.100MB",8,1000000,3475,3475,0,0.000,188.913,3471,104810163
"benchmark-example:english-extra-8-cpu","bd/english.100MB",8,1000000,3475,3475,0,0.000,188.913,3472,104841452
"benchmark-example:english-extra-8-cpu","bd/english.100MB",8,1000000,3475,3475,0,0.000,188.913,3473,104850015
"benchmark-example:english-extra-8-cpu","bd/english.100MB",8,1000000,3475,3475,0,0.000,188.913,3474,104854139
