run_tag,text_file,pattern_len,chunk_size,max_results,found_total,returned_indices,overflow,h2d_ms,kernel_ms,d2h_ms,gpu_total_ms,gpu_wall_ms,index_order,index_value
"benchmark-example:english-extra-8-gpu","bd/english.100MB",8,262144,1000000,3475,3475,0,0.000,63.858,0.012,63.870,64.850,0,9318
"benchmark-example:english-extra-8-gpu","bd/english.100MB",8,262144,1000000,3475,3475,0,0.000,63.858,0.012,63.870,64.850,1,30638
"benchmark-example:english-extra-8-gpu","bd/english.100MB",8,262144,1000000,3475,3475,0,0.000,63.858,0.012,63.870,64.850,2,39228
"benchmark-example:english-extra-8-gpu","bd/english.100MB",8,262144,1000000,3475,3475,0,0.000,63.858,0.012,63.870,64.850,3,39664
"benchmark-example:english-extra-8-gpu","bd/english.100MB",8,262144,1000000,3475,3475,0,0.000,63.858,0.012,63.870,64.850,4,40686
"benchmark-example:english-extra-8-gpu","bd/english.100MB",8,262144,1000000,3475,3475,0,0.000,63.858,0.012,63.870,64.850,5,42137
"benchmark-example:english-extra-8-gpu","bd/english.100MB",8,262144,1000000,3475,3475,0,0.000,63.858,0.012,63.870,64.850,6,51404
"benchmark-example:english-extra-8-gpu","bd/english.100MB",8,262144,1000000,3475,3475,0,0.000,63.858,0.012,63.870,64.850,7,84501
"benchmark-example:english-extra-8-gpu","bd/english.100MB",8,262144,1000000,3475,3475,0,0.000,63.858,0.012,63.870,64.850,8,88769
"benchmark-example:english-extra-8-gpu","bd/english.100MB",8,262144,1000000,3475,3475,0,0.000,63.858,0.012,63.870,64.850,9,104897
"benchmark-example:english-extra-8-gpu","bd/english.100MB",8,262144,1000000,3475,3475,0,0.000,63.858,0.012,63.870,64.850,10,116118
"benchmark-example:english-extra-8-gpu","bd/english.100MB",8,262144,1000000,3475,3475,0,0.000,63.858,0.012,63.870,64.850,11,149226
"benchmark-example:english-extra-8-gpu","bd/english.100MB",8,262144,1000000,3475,3475,0,0.000,63.858,0.012,63.870,64.850,12,149596
"benchmark-example:english-extra-8-gpu","bd/english.100MB",8,262144,1000000,3475,3475,0,0.000,63.858,0.012,63.870,64.850,13,150208
"benchmark-example:english-extra-8-gpu","bd/english.100MB",8,262144,1000000,3475,3475,0,0.000,63.858,0.012,63.870,64.850,14,155159
"benchmark-example:english-extra-8-gpu","bd/english.100MB",8,262144,1000000,3475,3475,0,0.000,63.858,0.012,63.870,64.850,15,155253
"benchmark-example:english-extra-8-gpu","bd/english.100MB",8,262144,1000000,3475,3475,0,0.000,63.858,0.012,63.870,64.850,16,155358
"benchmark-example:english-extra-8-gpu","bd/english.100MB",8,262144,1000000,3475,3475,0,0.000,63.858,0.012,63.870,64.850,17,162634
"benchmark-example:english-extra-8-gpu","bd/english.100MB",8,262144,1000000,3475,3475,0,0.000,63.858,0.012,63.870,64.850,18,166418
"benchmark-example:english-extra-8-gpu","bd/english.100MB",8,262144,1000000,3475,3475,0,0.000,63.858,0.012,63.870,64.850,19,188808
"benchmark-example:english-extra-8-gpu","bd/english.100MB",8,262144,1000000,3475,3475,0,0.000,63.858,0.012,63.870,64.850,20,194666
"benchmark-example:english-extra-8-gpu","bd/english.100MB",8,262144,1000000,3475,3475,0,0.000,63.858,0.012,63.870,64.850,21,195449
"benchmark-example:english-extra-8-gpu","bd/english.100MB",8,262144,1000000,3475,3475,0,0.000,63.858,0.012,63.870,64.850,22,197917
"benchmark-example:english-extra-8-gpu","bd/english.100MB",8,262144,1000000,3475,3475,0,0.000,63.858,0.012,63.870,64.850,23,199408
"benchmark-example:english-extra-8-gpu","bd/english.100MB",8,262144,1000000,3475,3475,0,0.000,63.858,0.012,63.870,64.850,24,214557
"benchmark-example:english-extra-8-gpu","bd/english.100MB",8,262144,1000000,3475,3475,0,0.000,63.858,0.012,63.870,64.850,25,231914
"benchmark-example:english-extra-8-gpu","bd/english.100MB",8,262144,1000000,3475,3475,0,0.000,63.858,0.012,63.870,64.850,26,233507
"benchmark-example:english-extra-8-gpu","bd/english.100MB",8,262144,1000000,3475,3475,0,0.000,63.858,0.012,63.870,64.850,27,236844
"benchmark-example:english-extra-8-gpu","bd/english.100MB",8,262144,1000000,3475,3475,0,0.000,63.858,0.012,63.870,64.850,28,236964
"benchmark-example:english-extra-8-gpu","bd/english.100MB",8,262144,1000000,3475,3475,0,0.000,63.858,0.012,63.870,64.850,29,243517
"benchmark-example:english-extra-8-gpu","bd/english.100MB",8,262144,1000000,3475,3475,0,0.000,63.858,0.012,63.870,64.850,30,251105
"benchmark-example:english-extra-8-gpu","bd/english.100MB",8,262144,1000000,3475,3475,0,0.000,63.858,0.012,63.870,64.850,31,257539
"benchmark-example:english-extra-8-gpu","bd/english.100MB",8,262144,1000000,3475,3475,0,0.000,63.858,0.012,63.870,64.850,32,264409
"benchmark-example:english-extra-8-gpu","bd/english.100MB",8,262144,1000000,3475,3475,0,0.000,63.858,0.012,63.870,64.850,33,273579
"benchmark-example:english-extra-8-gpu","bd/english.100MB",8,262144,1000000,3475,3475,0,0.000,63.858,0.012,63.870,64.850,34,274010
"benchmark-example:english-extra-8-gpu","bd/english.100MB",8,262144,1000000,3475,3475,0,0.000,63.858,0.012,63.870,64.850,35,277539
"benchmark-example:english-extra-8-gpu","bd/english.100MB",8,262144,1000000,3475,3475,0,0.000,63.858,0.012,63.870,64.850,36,287116
"benchmark-example:english-extra-8-gpu","bd/english.100MB",8,262144,1000000,3475,3475,0,0.000,63.858,0.012,63.870,64.850,37,300404
"benchmark-example:english-extra-8-gpu","bd/english.100MB",8,262144,1000000,3475,3475,0,0.000,63.858,0.012,63.870,64.850,38,304438
"benchmark-example:english-extra-8-gpu","bd/english.100MB",8,262144,1000000,3475,3475,0,0.000,63.858,0.012,63.870,64.850,39,314408
"benchmark-example:english-extra-8-gpu","bd/english.100MB",8,262144,1000000,3475,3475,0,0.000,63.858,0.012,63.870,64.850,40,316429
"benchmark-example:english-extra-8-gpu","bd/english.100MB",8,262144,1000000,3475,3475,0,0.000,63.858,0.012,63.870,64.850,41,345857
"benchmark-example:english-extra-8-gpu","bd/english.100MB",8,262144,1000000,3475,3475,0,0.000,63.858,0.012,63.870,64.850,42,352387
"benchmark-example:english-extra-8-gpu","bd/english.100MB",8,262144,1000000,3475,3475,0,0.000,63.858,0.012,63.870,64.850,43,368357
"benchmark-example:english-extra-8-gpu","bd/english.100MB",8,262144,1000000,3475,3475,0,0.000,63.858,0.012,63.870,64.850,44,379015
"benchmark-example:english-extra-8-gpu","bd/english.100MB",8,262144,1000000,3475,3475,0,0.000,63.858,0.012,63.870,64.850,45,380667
"benchmark-example:english-extra-8-gpu","bd/english.100MB",8,262144,1000000,3475,3475,0,0.000,63.858,0.012,63.870,64.850,46,384301
"benchmark-example:english-extra-8-gpu","bd/english.100MB",8,262144,1000000,3475,3475,0,0.000,63.858,0.012,63.870,64.850,47,384577
"benchmark-example:english-extra-8-gpu","bd/english.100MB",8,262144,1000000,3475,3475,0,0.000,63.858,0.012,63.870,64.850,48,393091
"benchmark-example:english-extra-8-gpu","bd/english.100MB",8,262144,1000000,3475,3475,0,0.000,63.858,0.012,63.870,64.850,49,399110
"benchmark-example:english-extra-8-gpu","bd/english.100MB",8,262144,1000000,3475,3475,0,0.000,63.858,0.012,63.870,64.850,50,401868
"benchmark-example:english-extra-8-gpu","bd/english.100MB",8,262144,1000000,3475,3475,0,0.000,63.858,0.012,63.870,64.850,51,402098
"benchmark-example:english-extra-8-gpu","bd/english.100MB",8,262144,1000000,3475,3475,0,0.000,63.858,0.012,63.870,64.850,52,406136
"benchmark-example:english-extra-8-gpu","bd/english.100MB",8,262144,1000000,3475,3475,0,0.000,63.858,0.012,63.870,64.850,53,414348
"benchmark-example:english-extra-8-gpu","bd/english.100MB",8,262144,1000000,3475,3475,0,0.000,63.858,0.012,63.870,64.850,54,417770
"benchmark-example:english-extra-8-gpu","bd/english.100MB",8,262144,1000000,3475,3475,0,0.000,63.858,0.012,63.870,64.850,55,418442
"benchmark-example:english-extra-8-gpu","bd/english.100MB",8,262144,1000000,3475,3475,0,0.000,63.858,0.012,63.870,64.850,56,421092
"benchmark-example:english-extra-8-gpu","bd/english.100MB",8,262144,1000000,3475,3475,0,0.000,63.858,0.012,63.870,64.850,57,421718
"benchmark-example:english-extra-8-gpu","bd/english.100MB",8,262144,1000000,3475,3475,0,0.000,63.858,0.012,63.870,64.850,58,423225
"benchmark-example:english-extra-8-gpu","bd/english.100MB",8,262144,1000000,3475,3475,0,0.000,63.858,0.012,63.870,64.850,59,431049
"benchmark-example:english-extra-8-gpu","bd/english.100MB",8,262144,1000000,3475,3475,0,0.000,63.858,0.012,63.870,64.850,60,431411
"benchmark-example:english-extra-8-gpu","bd/english.100MB",8,262144,1000000,3475,3475,0,0.000,63.858,0.012,63.870,64.850,61,444557
"benchmark-example:english-extra-8-gpu","bd/english.100MB",8,262144,1000000,3475,3475,0,0.000,63.858,0.012,63.870,64.850,62,460338
"benchmark-example:english-extra-8-gpu","bd/english.100MB",8,262144,1000000,3475,3475,0,0.000,63.858,0.012,63.870,64.850,63,461060
"benchmark-example:english-extra-8-gpu","bd/english.100MB",8,262144,1000000,3475,3475,0,0.000,63.858,0.012,63.870,64.850,64,483306
"benchmark-example:english-extra-8-gpu","bd/english.100MB",8,262144,1000000,3475,3475,0,0.000,63.858,0.012,63.870,64.850,65,500000
"benchmark-example:english-extra-8-gpu","bd/english.100MB",8,262144,1000000,3475,3475,0,0.000,63.858,0.012,63.870,64.850,66,505621
"benchmark-example:english-extra-8-gpu","bd/english.100MB",8,262144,1000000,3475,3475,0,0.000,63.858,0.012,63.870,64.850,67,509490
"benchmark-example:english-extra-8-gpu","bd/english.100MB",8,262144,1000000,3475,3475,0,0.000,63.858,0.012,63.870,64.850,68,512876
"benchmark-example:english-extra-8-gpu","bd/english.100MB",8,262144,1000000,3475,3475,0,0.000,63.858,0.012,63.870,64.850,69,522192
"benchmark-example:english-extra-8-gpu","bd/english.100MB",8,262144,1000000,3475,3475,0,0.000,63.858,0.012,63.870,64.850,70,524899
"benchmark-example:english-extra-8-gpu","bd/english.100MB",8,262144,1000000,3475,3475,0,0.000,63.858,0.012,63.870,64.850,71,573461
"benchmark-example:english-extra-8-gpu","bd/english.100MB",8,262144,1000000,3475,3475,0,0.000,63.858,0.012,63.870,64.850,72,574253
"benchmark-example:english-extra-8-gpu","bd/english.100MB",8,262144,1000000,3475,3475,0,0.000,63.858,0.012,63.870,64.850,73,622769
"benchmark-example:english-extra-8-gpu","bd/english.100MB",8,262144,1000000,3475,3475,0,0.000,63.858,0.012,63.870,64.850,74,624848
"benchmark-example:english-extra-8-gpu","bd/english.100MB",8,262144,1000000,3475,3475,0,0.000,63.858,0.012,63.870,64.850,75,645697
"benchmark-example:english-extra-8-gpu","bd/english.100MB",8,262144,1000000,3475,3475,0,0.000,63.858,0.012,63.870,64.850,76,645946
"benchmark-example:english-extra-8-gpu","bd/english.100MB",8,262144,1000000,3475,3475,0,0.000,63.858,0.012,63.870,64.850,77,646389
"benchmark-example:english-extra-8-gpu","bd/english.100MB",8,262144,1000000,3475,3475,0,0.000,63.858,0.012,63.870,64.850,78,647598
"benchmark-example:english-extra-8-gpu","bd/english.100MB",8,262144,1000000,3475,3475,0,0.000,63.858,0.012,63.870,64.850,79,654376
"benchmark-example:english-extra-8-gpu","bd/english.100MB",8,262144,1000000,3475,3475,0,0.000,63.858,0.012,63.870,64.850,80,657488
"benchmark-example:english-extra-8-gpu","bd/english.100MB",8,262144,1000000,3475,3475,0,0.000,63.858,0.012,63.870,64.850,81,658341
"benchmark-example:english-extra-8-gpu","bd/english.100MB",8,262144,1000000,3475,3475,0,0.000,63.858,0.012,63.870,64.850,82,664012
"benchmark-example:english-extra-8-gpu","bd/english.100MB",8,262144,1000000,3475,3475,0,0.000,63.858,0.012,63.870,64.850,83,664978
"benchmark-example:english-extra-8-gpu","bd/english.100MB",8,262144,1000000,3475,3475,0,0.000,63.858,0.012,63.870,64.850,84,667140
"benchmark-example:english-extra-8-gpu","bd/english.100MB",8,262144,1000000,3475,3475,0,0.000,63.858,0.012,63.870,64.850,85,674450
"benchmark-example:english-extra-8-gpu","bd/english.100MB",8,262144,1000000,3475,3475,0,0.000,63.858,0.012,63.870,64.850,86,674800
"benchmark-example:english-extra-8-gpu","bd/english.100MB",8,262144,1000000,3475,3475,0,0.000,63.858,0.012,63.870,64.850,87,675963
"benchmark-example:english-extra-8-gpu","bd/english.100MB",8,262144,1000000,3475,3475,0,0.000,63.858,0.012,63.870,64.850,88,676174
"benchmark-example:english-extra-8-gpu","bd/english.100MB",8,262144,1000000,3475,3475,0,0.000,63.858,0.012,63.870,64.850,89,677177
"benchmark-example:english-extra-8-gpu","bd/english.100MB",8,262144,1000000,3475,3475,0,0.000,63.858,0.012,63.870,64.850,90,679557
"benchmark-example:english-extra-8-gpu","bd/english.100MB",8,262144,1000000,3475,3475,0,0.000,63.858,0.012,63.870,64.850,91,684290
"benchmark-example:english-extra-8-gpu","bd/english.100MB",8,262144,1000000,3475,3475,0,0.000,63.858,0.012,63.870,64.850,92,684597
"benchmark-example:english-extra-8-gpu","bd/english.100MB",8,262144,1000000,3475,3475,0,0.000,63.858,0.012,63.870,64.850,93,685842
"benchmark-example:english-extra-8-gpu","bd/english.100MB",8,262144,1000000,3475,3475,0,0.000,63.858,0.012,63.870,64.850,94,710714
"benchmark-example:english-extra-8-gpu","bd/english.100MB",8,262144,1000000,3475,3475,0,0.000,63.858,0.012,63.870,64.850,95,712452
"benchmark-example:english-extra-8-gpu","bd/english.100MB",8,262144,1000000,3475,3475,0,0.000,63.858,0.012,63.870,64.850,96,735408
"benchmark-example:english-extra-8-gpu","bd/english.100MB",8,262144,1000000,3475,3475,0,0.000,63.858,0.012,63.870,64.850,97,738154
"benchmark-example:english-extra-8-gpu","bd/english.100MB",8,262144,1000000,3475,3475,0,0.000,63.858,0.012,63.870,64.850,98,746479
"benchmark-example:english-extra-8-gpu","bd/english.100MB",8,262144,1000000,3475,3475,0,0.000,63.858,0.012,63.870,64.850,99,760335
"benchmark-example:english-extra-8-gpu","bd/english.100MB",8,262144,1000000,3475,3475,0,0.000,63.858,0.012,63.870,64.850,100,764138
"benchmark-example:english-extra-8-gpu","bd/english.100MB",8,262144,1000000,3475,3475,0,0.000,63.858,0.012,63.870,64.850,101,766691
"benchmark-example:english-extra-8-gpu","bd/english.100MB",8,262144,1000000,3475,3475,0,0.000,63.858,0.012,63.870,64.850,102,768442
"benchmark-example:english-extra-8-gpu","bd/english.100MB",8,262144,1000000,3475,3475,0,0.000,63.858,0.012,63.870,64.850,103,770111
"benchmark-example:english-extra-8-gpu","bd/english.100MB",8,262144,1000000,3475,3475,0,0.000,63.858,0.012,63.870,64.850,104,772233
"benchmark-example:english-extra-8-gpu","bd/english.100MB",8,262144,1000000,3475,3475,0,0.000,63.858,0.012,63.870,64.850,105,772261
"benchmark-example:english-extra-8-gpu","bd/english.100MB",8,262144,1000000,3475,3475,0,0.000,63.858,0.012,63.870,64.850,106,804019
"benchmark-example:english-extra-8-gpu","bd/english.100MB",8,262144,1000000,3475,3475,0,0.000,63.858,0.012,63.870,64.850,107,825340
"benchmark-example:english-extra-8-gpu","bd/english.100MB",8,262144,1000000,3475,3475,0,0.000,63.858,0.012,63.870,64.850,108,872099
"benchmark-example:english-extra-8-gpu","bd/english.100MB",8,262144,1000000,3475,3475,0,0.000,63.858,0.012,63.870,64.850,109,875024
"benchmark-example:english-extra-8-gpu","bd/english.100MB",8,262144,1000000,3475,3475,0,0.000,63.858,0.012,63.870,64.850,110,876669
"benchmark-example:english-extra-8-gpu","bd/english.100MB",8,262144,1000000,3475,3475,0,0.000,63.858,0.012,63.870,64.850,111,942440
"benchmark-example:english-extra-8-gpu","bd/english.100MB",8,262144,1000000,3475,3475,0,0.000,63.858,0.012,63.870,64.850,112,980625
"benchmark-example:english-extra-8-gpu","bd/english.100MB",8,262144,1000000,3475,3475,0,0.000,63.858,0.012,63.870,64.850,113,1105949
"benchmark-example:english-extra-8-gpu","bd/english.100MB",8,262144,1000000,3475,3475,0,0.000,63.858,0.012,63.870,64.850,114,1182147
"benchmark-example:english-extra-8-gpu","bd/english.100MB",8,262144,1000000,3475,3475,0,0.000,63.858,0.012,63.870,64.850,115,1204333
"benchmark-example:english-extra-8-gpu","bd/english.100MB",8,262144,1000000,3475,3475,0,0.000,63.858,0.012,63.870,64.850,116,1222736
"benchmark-example:english-extra-8-gpu","bd/english.100MB",8,262144,1000000,3475,3475,0,0.000,63.858,0.012,63.870,64.850,117,1226586
"benchmark-example:english-extra-8-gpu","bd/english.100MB",8,262144,1000000,3475,3475,0,0.000,63.858,0.012,63.870,64.850,118,1238832
"benchmark-example:english-extra-8-gpu","bd/english.100MB",8,262144,1000000,3475,3475,0,0.000,63.858,0.012,63.870,64.850,119,1330111
"benchmark-example:english-extra-8-gpu","bd/english.100MB",8,262144,1000000,3475,3475,0,0.000,63.858,0.012,63.870,64.850,120,1332143
"benchmark-example:english-extra-8-gpu","bd/english.100MB",8,262144,1000000,3475,3475,0,0.000,63.858,0.012,63.870,64.850,121,1514732
"benchmark-example:english-extra-8-gpu","bd/english.100MB",8,262144,1000000,3475,3475,0,0.000,63.858,0.012,63.870,64.850,122,1527746
"benchmark-example:english-extra-8-gpu","bd/english.100MB",8,262144,1000000,3475,3475,0,0.000,63.858,0.012,63.870,64.850,123,1605078
"benchmark-example:english-extra-8-gpu","bd/english.100MB",8,262144,1000000,3475,3475,0,0.000,63.858,0.012,63.870,64.850,124,1609097
"benchmark-example:english-extra-8-gpu","bd/english.100MB",8,262144,1000000,3475,3475,0,0.000,63.858,0.012,63.870,64.850,125,1616789
"benchmark-example:english-extra-8-gpu","bd/english.100MB",8,262144,1000000,3475,3475,0,0.000,63.858,0.012,63.870,64.850,126,1620521
"benchmark-example:english-extra-8-gpu","bd/english.100MB",8,262144,1000000,3475,3475,0,0.000,63.858,0.012,63.870,64.850,127,1622517
"benchmark-example:english-extra-8-gpu","bd/english.100MB",8,262144,1000000,3475,3475,0,0.000,63.858,0.012,63.870,64.850,128,1628662
"benchmark-example:english-extra-8-gpu","bd/english.100MB",8,262144,1000000,3475,3475,0,0.000,63.858,0.012,63.870,64.850,129,1648285
"benchmark-example:english-extra-8-gpu","bd/english.100MB",8,262144,1000000,3475,3475,0,0.000,63.858,0.012,63.870,64.850,130,1651230
"benchmark-example:english-extra-8-gpu","bd/english.100MB",8,262144,1000000,3475,3475,0,0.000,63.858,0.012,63.870,64.850,131,1660335
"benchmark-example:english-extra-8-gpu","bd/english.100MB",8,262144,1000000,3475,3475,0,0.000,63.858,0.012,63.870,64.850,132,1730372
"benchmark-example:english-extra-8-gpu","bd/english.100MB",8,262144,1000000,3475,3475,0,0.000,63.858,0.012,63.870,64.850,133,1764970
"benchmark-example:english-extra-8-gpu","bd/english.100MB",8,262144,1000000,3475,3475,0,0.000,63.858,0.012,63.870,64.850,134,1788749
"benchmark-example:english-extra-8-gpu","bd/english.100MB",8,262144,1000000,3475,3475,0,0.000,63.858,0.012,63.870,64.850,135,1794124
"benchmark-example:english-extra-8-gpu","bd/english.100MB",8,262144,1000000,3475,3475,0,0.000,63.858,0.012,63.870,64.850,136,1831125
"benchmark-example:english-extra-8-gpu","bd/english.100MB",8,262144,1000000,3475,3475,0,0.000,63.858,0.012,63.870,64.850,137,1879305
"benchmark-example:english-extra-8-gpu","bd/english.100MB",8,262144,1000000,3475,3475,0,0.000,63.858,0.012,63.870,64.850,138,1920735
"benchmark-example:english-extra-8-gpu","bd/english.100MB",8,262144,1000000,3475,3475,0,0.000,63.858,0.012,63.870,64.850,139,1983913
"benchmark-example:english-extra-8-gpu","bd/english.100MB",8,262144,1000000,3475,3475,0,0.000,63.858,0.012,63.870,64.850,140,2120797
"benchmark-example:english-extra-8-gpu","bd/english.100MB",8,262144,1000000,3475,3475,0,0.000,63.858,0.012,63.870,64.850,141,2140762
"benchmark-example:english-extra-8-gpu","bd/english.100MB",8,262144,1000000,3475,3475,0,0.000,63.858,0.012,63.870,64.850,142,2147633
"benchmark-example:english-extra-8-gpu","bd/english.100MB",8,262144,1000000,3475,3475,0,0.000,63.858,0.012,63.870,64.850,143,2250554
"benchmark-example:english-extra-8-gpu","bd/english.100MB",8,262144,1000000,3475,3475,0,0.000,63.858,0.012,63.870,64.850,144,2279134
"benchmark-example:english-extra-8-gpu","bd/english.100MB",8,262144,1000000,3475,3475,0,0.000,63.858,0.012,63.870,64.850,145,2310451
"benchmark-example:english-extra-8-gpu","bd/english.100MB",8,262144,1000000,3475,3475,0,0.000,63.858,0.012,63.870,64.850,146,2322940
"benchmark-example:english-extra-8-gpu","bd/english.100MB",8,262144,1000000,3475,3475,0,0.000,63.858,0.012,63.870,64.850,147,2336007
"benchmark-example:english-extra-8-gpu","bd/english.100MB",8,262144,1000000,3475,3475,0,0.000,63.858,0.012,63.870,64.850,148,2338799
"benchmark-example:english-extra-8-gpu","bd/english.100MB",8,262144,1000000,3475,3475,0,0.000,63.858,0.012,63.870,64.850,149,2358226
"benchmark-example:english-extra-8-gpu","bd/english.100MB",8,262144,1000000,3475,3475,0,0.000,63.858,0.012,63.870,64.850,150,2366492
"benchmark-example:english-extra-8-gpu","bd/english.100MB",8,262144,1000000,3475,3475,0,0.000,63.858,0.012,63.870,64.850,151,2393065
"benchmark-example:english-extra-8-gpu","bd/english.100MB",8,262144,1000000,3475,3475,0,0.000,63.858,0.012,63.870,64.850,152,2407633
"benchmark-example:english-extra-8-gpu","bd/english.100MB",8,262144,1000000,3475,3475,0,0.000,63.858,0.012,63.870,64.850,153,2431038
"benchmark-example:english-extra-8-gpu","bd/english.100MB",8,262144,1000000,3475,3475,0,0.000,63.858,0.012,63.870,64.850,154,2453190
"benchmark-example:english-extra-8-gpu","bd/english.100MB",8,262144,1000000,3475,3475,0,0.000,63.858,0.012,63.870,64.850,155,2502017
"benchmark-example:english-extra-8-gpu","bd/english.100MB",8,262144,1000000,3475,3475,0,0.000,63.858,0.012,63.870,64.850,156,2505110
"benchmark-example:english-extra-8-gpu","bd/english.100MB",8,262144,1000000,3475,3475,0,0.000,63.858,0.012,63.870,64.850,157,2507264
"benchmark-example:english-extra-8-gpu","bd/english.100MB",8,262144,1000000,3475,3475,0,0.000,63.858,0.012,63.870,64.850,158,2640545
"benchmark-example:english-extra-8-gpu","bd/english.100MB",8,262144,1000000,3475,3475,0,0.000,63.858,0.012,63.870,64.850,159,2651157
"benchmark-example:english-extra-8-gpu","bd/english.100MB",8,262144,1000000,3475,3475,0,0.000,63.858,0.012,63.870,64.850,160,2662587
"benchmark-example:english-extra-8-gpu","bd/english.100MB",8,262144,1000000,3475,3475,0,0.000,63.858,0.012,63.870,64.850,161,2667862
"benchmark-example:english-extra-8-gpu","bd/english.100MB",8,262144,1000000,3475,3475,0,0.000,63.858,0.012,63.870,64.850,162,2691192
"benchmark-example:english-extra-8-gpu","bd/english.100MB",8,262144,1000000,3475,3475,0,0.000,63.858,0.012,63.870,64.850,163,2698171
"benchmark-example:english-extra-8-gpu","bd/english.100MB",8,262144,1000000,3475,3475,0,0.000,63.858,0.012,63.870,64.850,164,2700309
"benchmark-example:english-extra-8-gpu","bd/english.100MB",8,262144,1000000,3475,3475,0,0.000,63.858,0.012,63.870,64.850,165,2703000
"benchmark-example:english-extra-8-gpu","bd/english.100MB",8,262144,1000000,3475,3475,0,0.000,63.858,0.012,63.870,64.850,166,2704356
"benchmark-example:english-extra-8-gpu","bd/english.100MB",8,262144,1000000,3475,3475,0,0.000,63.858,0.012,63.870,64.850,167,2724330
"benchmark-example:english-extra-8-gpu","bd/english.100MB",8,262144,1000000,3475,3475,0,0.000,63.858,0.012,63.870,64.850,168,2737416
"benchmark-example:english-extra-8-gpu","bd/english.100MB",8,262144,1000000,3475,3475,0,0.000,63.858,0.012,63.870,64.850,169,2739654
"benchmark-example:english-extra-8-gpu","bd/english.100MB",8,262144,1000000,3475,3475,0,0.000,63.858,0.012,63.870,64.850,170,2747445
"benchmark-example:english-extra-8-gpu","bd/english.100MB",8,262144,1000000,3475,3475,0,0.000,63.858,0.012,63.870,64.850,171,2754135
"benchmark-example:english-extra-8-gpu","bd/english.100MB",8,262144,1000000,3475,3475,0,0.000,63.858,0.012,63.870,64.850,172,2766118
"benchmark-example:english-extra-8-gpu","bd/english.100MB",8,262144,1000000,3475,3475,0,0.000,63.858,0.012,63.870,64.850,173,2914502
"benchmark-example:english-extra-8-gpu","bd/english.100MB",8,262144,1000000,3475,3475,0,0.000,63.858,0.012,63.870,64.850,174,2966893
"benchmark-example:english-extra-8-gpu","bd/english.100MB",8,262144,1000000,3475,3475,0,0.000,63.858,0.012,63.870,64.850,175,3095069
"benchmark-example:english-extra-8-gpu","bd/english.100MB",8,262144,1000000,3475,3475,0,0.000,63.858,0.012,63.870,64.850,176,3123649
"benchmark-example:english-extra-8-gpu","bd/english.100MB",8,262144,1000000,3475,3475,0,0.000,63.858,0.012,63.870,64.850,177,3154966
"benchmark-example:english-extra-8-gpu","bd/english.100MB",8,262144,1000000,3475,3475,0,0.000,63.858,0.012,63.870,64.850,178,3167455
"benchmark-example:english-extra-8-gpu","bd/english.100MB",8,262144,1000000,3475,3475,0,0.000,63.858,0.012,63.870,64.850,179,3180521
"benchmark-example:english-extra-8-gpu","bd/english.100MB",8,262144,1000000,3475,3475,0,0.000,63.858,0.012,63.870,64.850,180,3183313
"benchmark-example:english-extra-8-gpu","bd/english.100MB",8,262144,1000000,3475,3475,0,0.000,63.858,0.012,63.870,64.850,181,3202740
"benchmark-example:english-extra-8-gpu","bd/english.100MB",8,262144,1000000,3475,3475,0,0.000,63.858,0.012,63.870,64.850,182,3211006
"benchmark-example:english-extra-8-gpu","bd/english.100MB",8,262144,1000000,3475,3475,0,0.000,63.858,0.012,63.870,64.850,183,3237579
"benchmark-example:english-extra-8-gpu","bd/english.100MB",8,262144,1000000,3475,3475,0,0.000,63.858,0.012,63.870,64.850,184,3252147
"benchmark-example:english-extra-8-gpu","bd/english.100MB",8,262144,1000000,3475,3475,0,0.000,63.858,0.012,63.870,64.850,185,3275552
"benchmark-example:english-extra-8-gpu","bd/english.100MB",8,262144,1000000,3475,3475,0,0.000,63.858,0.012,63.870,64.850,186,3297704
"benchmark-example:english-extra-8-gpu","bd/english.100MB",8,262144,1000000,3475,3475,0,0.000,63.858,0.012,63.870,64.850,187,3346531
"benchmark-example:english-extra-8-gpu","bd/english.100MB",8,262144,1000000,3475,3475,0,0.000,63.858,0.012,63.870,64.850,188,3349624
"benchmark-example:english-extra-8-gpu","bd/english.100MB",8,262144,1000000,3475,3475,0,0.000,63.858,0.012,63.870,64.850,189,3351778
"benchmark-example:english-extra-8-gpu","bd/english.100MB",8,262144,1000000,3475,3475,0,0.000,63.858,0.012,63.870,64.850,190,3485059
"benchmark-example:english-extra-8-gpu","bd/english.100MB",8,262144,1000000,3475,3475,0,0.000,63.858,0.012,63.870,64.850,191,3495671
"benchmark-example:english-extra-8-gpu","bd/english.100MB",8,262144,1000000,3475,3475,0,0.000,63.858,0.012,63.870,64.850,192,3507100
"benchmark-example:english-extra-8-gpu","bd/english.100MB",8,262144,1000000,3475,3475,0,0.000,63.858,0.012,63.870,64.850,193,3512375
"benchmark-example:english-extra-8-gpu","bd/english.100MB",8,262144,1000000,3475,3475,0,0.000,63.858,0.012,63.870,64.850,194,3535705
"benchmark-example:english-extra-8-gpu","bd/english.100MB",8,262144,1000000,3475,3475,0,0.000,63.858,0.012,63.870,64.850,195,3542684
"benchmark-example:english-extra-8-gpu","bd/english.100MB",8,262144,1000000,3475,3475,0,0.000,63.858,0.012,63.870,64.850,196,3544822
"benchmark-example:english-extra-8-gpu","bd/english.100MB",8,262144,1000000,3475,3475,0,0.000,63.858,0.012,63.870,64.850,197,3547513
"benchmark-example:english-extra-8-gpu","bd/english.100MB",8,262144,1000000,3475,3475,0,0.000,63.858,0.012,63.870,64.850,198,3548869
"benchmark-example:english-extra-8-gpu","bd/english.100MB",8,262144,1000000,3475,3475,0,0.000,63.858,0.012,63.870,64.850,199,3568843
"benchmark-example:english-extra-8-gpu","bd/english.100MB",8,262144,1000000,3475,3475,0,0.000,63.858,0.012,63.870,64.850,200,3581929
"benchmark-example:english-extra-8-gpu","bd/english.100MB",8,262144,1000000,3475,3475,0,0.000,63.858,0.012,63.870,64.850,201,3584167
"benchmark-example:english-extra-8-gpu","bd/english.100MB",8,262144,1000000,3475,3475,0,0.000,63.858,0.012,63.870,64.850,202,3591958
"benchmark-example:english-extra-8-gpu","bd/english.100MB",8,262144,1000000,3475,3475,0,0.000,63.858,0.012,63.870,64.850,203,3598648
"benchmark-example:english-extra-8-gpu","bd/english.100MB",8,262144,1000000,3475,3475,0,0.000,63.858,0.012,63.870,64.850,204,3610630
"benchmark-example:english-extra-8-gpu","bd/english.100MB",8,262144,1000000,3475,3475,0,0.000,63.858,0.012,63.870,64.850,205,3759009
"benchmark-example:english-extra-8-gpu","bd/english.100MB",8,262144,1000000,3475,3475,0,0.000,63.858,0.012,63.870,64.850,206,3811347
"benchmark-example:english-extra-8-gpu","bd/english.100MB",8,262144,1000000,3475,3475,0,0.000,63.858,0.012,63.870,64.850,207,3878242
"benchmark-example:english-extra-8-gpu","bd/english.100MB",8,262144,1000000,3475,3475,0,0.000,63.858,0.012,63.870,64.850,208,3891255
"benchmark-example:english-extra-8-gpu","bd/english.100MB",8,262144,1000000,3475,3475,0,0.000,63.858,0.012,63.870,64.850,209,3984545
"benchmark-example:english-extra-8-gpu","bd/english.100MB",8,262144,1000000,3475,3475,0,0.000,63.858,0.012,63.870,64.850,210,4012952
"benchmark-example:english-extra-8-gpu","bd/english.100MB",8,262144,1000000,3475,3475,0,0.000,63.858,0.012,63.870,64.850,211,4043854
"benchmark-example:english-extra-8-gpu","bd/english.100MB",8,262144,1000000,3475,3475,0,0.000,63.858,0.012,63.870,64.850,212,4048521
"benchmark-example:english-extra-8-gpu","bd/english.100MB",8,262144,1000000,3475,3475,0,0.000,63.858,0.012,63.870,64.850,213,4066610
"benchmark-example:english-extra-8-gpu","bd/english.100MB",8,262144,1000000,3475,3475,0,0.000,63.858,0.012,63.870,64.850,214,4068565
"benchmark-example:english-extra-8-gpu","bd/english.100MB",8,262144,1000000,3475,3475,0,0.000,63.858,0.012,63.870,64.850,215,4098027
"benchmark-example:english-extra-8-gpu","bd/english.100MB",8,262144,1000000,3475,3475,0,0.000,63.858,0.012,63.870,64.850,216,4102893
"benchmark-example:english-extra-8-gpu","bd/english.100MB",8,262144,1000000,3475,3475,0,0.000,63.858,0.012,63.870,64.850,217,4141593
"benchmark-example:english-extra-8-gpu","bd/english.100MB",8,262144,1000000,3475,3475,0,0.000,63.858,0.012,63.870,64.850,218,4151528
"benchmark-example:english-extra-8-gpu","bd/english.100MB",8,262144,1000000,3475,3475,0,0.000,63.858,0.012,63.870,64.850,219,4384015
"benchmark-example:english-extra-8-gpu","bd/english.100MB",8,262144,1000000,3475,3475,0,0.000,63.858,0.012,63.870,64.850,220,4459050
"benchmark-example:english-extra-8-gpu","bd/english.100MB",8,262144,1000000,3475,3475,0,0.000,63.858,0.012,63.870,64.850,221,4528188
"benchmark-example:english-extra-8-gpu","bd/english.100MB",8,262144,1000000,3475,3475,0,0.000,63.858,0.012,63.870,64.850,222,4532766
"benchmark-example:english-extra-8-gpu","bd/english.100MB",8,262144,1000000,3475,3475,0,0.000,63.858,0.012,63.870,64.850,223,4556168
"benchmark-example:english-extra-8-gpu","bd/english.100MB",8,262144,1000000,3475,3475,0,0.000,63.858,0.012,63.870,64.850,224,4616192
"benchmark-example:english-extra-8-gpu","bd/english.100MB",8,262144,1000000,3475,3475,0,0.000,63.858,0.012,63.870,64.850,225,4620508
"benchmark-example:english-extra-8-gpu","bd/english.100MB",8,262144,1000000,3475,3475,0,0.000,63.858,0.012,63.870,64.850,226,4771290
"benchmark-example:english-extra-8-gpu","bd/english.100MB",8,262144,1000000,3475,3475,0,0.000,63.858,0.012,63.870,64.850,227,4791136
"benchmark-example:english-extra-8-gpu","bd/english.100MB",8,262144,1000000,3475,3475,0,0.000,63.858,0.012,63.870,64.850,228,4800170
"benchmark-example:english-extra-8-gpu","bd/english.100MB",8,262144,1000000,3475,3475,0,0.000,63.858,0.012,63.870,64.850,229,4900038
"benchmark-example:english-extra-8-gpu","bd/english.100MB",8,262144,1000000,3475,3475,0,0.000,63.858,0.012,63.870,64.850,230,4914033
"benchmark-example:english-extra-8-gpu","bd/english.100MB",8,262144,1000000,3475,3475,0,0.000,63.858,0.012,63.870,64.850,231,4936433
"benchmark-example:english-extra-8-gpu","bd/english.100MB",8,262144,1000000,3475,3475,0,0.000,63.858,0.012,63.870,64.850,232,4942113
"benchmark-example:english-extra-8-gpu","bd/english.100MB",8,262144,1000000,3475,3475,0,0.000,63.858,0.012,63.870,64.850,233,4944979
"benchmark-example:english-extra-8-gpu","bd/english.100MB",8,262144,1000000,3475,3475,0,0.000,63.858,0.012,63.870,64.850,234,4968784
"benchmark-example:english-extra-8-gpu","bd/english.100MB",8,262144,1000000,3475,3475,0,0.000,63.858,0.012,63.870,64.850,235,4998496
"benchmark-example:english-extra-8-gpu","bd/english.100MB",8,262144,1000000,3475,3475,0,0.000,63.858,0.012,63.870,64.850,236,5075043
"benchmark-example:english-extra-8-gpu","bd/english.100MB",8,262144,1000000,3475,3475,0,0.000,63.858,0.012,63.870,64.850,237,5076952
"benchmark-example:english-extra-8-gpu","bd/english.100MB",8,262144,1000000,3475,3475,0,0.000,63.858,0.012,63.870,64.850,238,5102585
"benchmark-example:english-extra-8-gpu","bd/english.100MB",8,262144,1000000,3475,3475,0,0.000,63.858,0.012,63.870,64.850,239,5242357
"benchmark-example:english-extra-8-gpu","bd/english.100MB",8,262144,1000000,3475,3475,0,0.000,63.858,0.012,63.870,64.850,240,5317392
"benchmark-example:english-extra-8-gpu","bd/english.100MB",8,262144,1000000,3475,3475,0,0.000,63.858,0.012,63.870,64.850,241,5386528
"benchmark-example:english-extra-8-gpu","bd/english.100MB",8,262144,1000000,3475,3475,0,0.000,63.858,0.012,63.870,64.850,242,5391106
"benchmark-example:english-extra-8-gpu","bd/english.100MB",8,262144,1000000,3475,3475,0,0.000,63.858,0.012,63.870,64.850,243,5414508
"benchmark-example:english-extra-8-gpu","bd/english.100MB",8,262144,1000000,3475,3475,0,0.000,63.858,0.012,63.870,64.850,244,5474532
"benchmark-example:english-extra-8-gpu","bd/english.100MB",8,262144,1000000,3475,3475,0,0.000,63.858,0.012,63.870,64.850,245,5478848
"benchmark-example:english-extra-8-gpu","bd/english.100MB",8,262144,1000000,3475,3475,0,0.000,63.858,0.012,63.870,64.850,246,5629630
"benchmark-example:english-extra-8-gpu","bd/english.100MB",8,262144,1000000,3475,3475,0,0.000,63.858,0.012,63.870,64.850,247,5649476
"benchmark-example:english-extra-8-gpu","bd/english.100MB",8,262144,1000000,3475,3475,0,0.000,63.858,0.012,63.870,64.850,248,5658510
"benchmark-example:english-extra-8-gpu","bd/english.100MB",8,262144,1000000,3475,3475,0,0.000,63.858,0.012,63.870,64.850,249,5758378
"benchmark-example:english-extra-8-gpu","bd/english.100MB",8,262144,1000000,3475,3475,0,0.000,63.858,0.012,63.870,64.850,250,5772373
"benchmark-example:english-extra-8-gpu","bd/english.100MB",8,262144,1000000,3475,3475,0,0.000,63.858,0.012,63.870,64.850,251,5794773
"benchmark-example:english-extra-8-gpu","bd/english.100MB",8,262144,1000000,3475,3475,0,0.000,63.858,0.012,63.870,64.850,252,5800453
"benchmark-example:english-extra-8-gpu","bd/english.100MB",8,262144,1000000,3475,3475,0,0.000,63.858,0.012,63.870,64.850,253,5803319
"benchmark-example:english-extra-8-gpu","bd/english.100MB",8,262144,1000000,3475,3475,0,0.000,63.858,0.012,63.870,64.850,254,5827124
"benchmark-example:english-extra-8-gpu","bd/english.100MB",8,262144,1000000,3475,3475,0,0.000,63.858,0.012,63.870,64.850,255,5856836
"benchmark-example:english-extra-8-gpu","bd/english.100MB",8,262144,1000000,3475,3475,0,0.000,63.858,0.012,63.870,64.850,256,5933376
"benchmark-example:english-extra-8-gpu","bd/english.100MB",8,262144,1000000,3475,3475,0,0.000,63.858,0.012,63.870,64.850,257,5935284
"benchmark-example:english-extra-8-gpu","bd/english.100MB",8,262144,1000000,3475,3475,0,0.000,63.858,0.012,63.870,64.850,258,5960915
"benchmark-example:english-extra-8-gpu","bd/english.100MB",8,262144,1000000,3475,3475,0,0.000,63.858,0.012,63.870,64.850,259,6029115
"benchmark-example:english-extra-8-gpu","bd/english.100MB",8,262144,1000000,3475,3475,0,0.000,63.858,0.012,63.870,64.850,260,6112804
"benchmark-example:english-extra-8-gpu","bd/english.100MB",8,262144,1000000,3475,3475,0,0.000,63.858,0.012,63.870,64.850,261,6165700
"benchmark-example:english-extra-8-gpu","bd/english.100MB",8,262144,1000000,3475,3475,0,0.000,63.858,0.012,63.870,64.850,262,6201730
"benchmark-example:english-extra-8-gpu","bd/english.100MB",8,262144,1000000,3475,3475,0,0.000,63.858,0.012,63.870,64.850,263,6222328
"benchmark-example:english-extra-8-gpu","bd/english.100MB",8,262144,1000000,3475,3475,0,0.000,63.858,0.012,63.870,64.850,264,6491040
"benchmark-example:english-extra-8-gpu","bd/english.100MB",8,262144,1000000,3475,3475,0,0.000,63.858,0.012,63.870,64.850,265,6499582
"benchmark-example:english-extra-8-gpu","bd/english.100MB",8,262144,1000000,3475,3475,0,0.000,63.858,0.012,63.870,64.850,266,6504714
"benchmark-example:english-extra-8-gpu","bd/english.100MB",8,262144,1000000,3475,3475,0,0.000,63.858,0.012,63.870,64.850,267,6599251
"benchmark-example:english-extra-8-gpu","bd/english.100MB",8,262144,1000000,3475,3475,0,0.000,63.858,0.012,63.870,64.850,268,6673916
"benchmark-example:english-extra-8-gpu","bd/english.100MB",8,262144,1000000,3475,3475,0,0.000,63.858,0.012,63.870,64.850,269,6708349
"benchmark-example:english-extra-8-gpu","bd/english.100MB",8,262144,1000000,3475,3475,0,0.000,63.858,0.012,63.870,64.850,270,6761678
"benchmark-example:english-extra-8-gpu","bd/english.100MB",8,262144,1000000,3475,3475,0,0.000,63.858,0.012,63.870,64.850,271,6840357
"benchmark-example:english-extra-8-gpu","bd/english.100MB",8,262144,1000000,3475,3475,0,0.000,63.858,0.012,63.870,64.850,272,6893253
"benchmark-example:english-extra-8-gpu","bd/english.100MB",8,262144,1000000,3475,3475,0,0.000,63.858,0.012,63.870,64.850,273,6929283
"benchmark-example:english-extra-8-gpu","bd/english.100MB",8,262144,1000000,3475,3475,0,0.000,63.858,0.012,63.870,64.850,274,6949881
"benchmark-example:english-extra-8-gpu","bd/english.100MB",8,262144,1000000,3475,3475,0,0.000,63.858,0.012,63.870,64.850,275,7218593
"benchmark-example:english-extra-8-gpu","bd/english.100MB",8,262144,1000000,3475,3475,0,0.000,63.858,0.012,63.870,64.850,276,7227135
"benchmark-example:english-extra-8-gpu","bd/english.100MB",8,262144,1000000,3475,3475,0,0.000,63.858,0.012,63.870,64.850,277,7232267
"benchmark-example:english-extra-8-gpu","bd/english.100MB",8,262144,1000000,3475,3475,0,0.000,63.858,0.012,63.870,64.850,278,7326804
"benchmark-example:english-extra-8-gpu","bd/english.100MB",8,262144,1000000,3475,3475,0,0.000,63.858,0.012,63.870,64.850,279,7401468
"benchmark-example:english-extra-8-gpu","bd/english.100MB",8,262144,1000000,3475,3475,0,0.000,63.858,0.012,63.870,64.850,280,7435895
"benchmark-example:english-extra-8-gpu","bd/english.100MB",8,262144,1000000,3475,3475,0,0.000,63.858,0.012,63.870,64.850,281,7489220
"benchmark-example:english-extra-8-gpu","bd/english.100MB",8,262144,1000000,3475,3475,0,0.000,63.858,0.012,63.870,64.850,282,7539382
"benchmark-example:english-extra-8-gpu","bd/english.100MB",8,262144,1000000,3475,3475,0,0.000,63.858,0.012,63.870,64.850,283,7574476
"benchmark-example:english-extra-8-gpu","bd/english.100MB",8,262144,1000000,3475,3475,0,0.000,63.858,0.012,63.870,64.850,284,7590350
"benchmark-example:english-extra-8-gpu","bd/english.100MB",8,262144,1000000,3475,3475,0,0.000,63.858,0.012,63.870,64.850,285,7633301
"benchmark-example:english-extra-8-gpu","bd/english.100MB",8,262144,1000000,3475,3475,0,0.000,63.858,0.012,63.870,64.850,286,7656187
"benchmark-example:english-extra-8-gpu","bd/english.100MB",8,262144,1000000,3475,3475,0,0.000,63.858,0.012,63.870,64.850,287,7663817
"benchmark-example:english-extra-8-gpu","bd/english.100MB",8,262144,1000000,3475,3475,0,0.000,63.858,0.012,63.870,64.850,288,7667025
"benchmark-example:english-extra-8-gpu","bd/english.100MB",8,262144,1000000,3475,3475,0,0.000,63.858,0.012,63.870,64.850,289,7785809
"benchmark-example:english-extra-8-gpu","bd/english.100MB",8,262144,1000000,3475,3475,0,0.000,63.858,0.012,63.870,64.850,290,7800041
"benchmark-example:english-extra-8-gpu","bd/english.100MB",8,262144,1000000,3475,3475,0,0.000,63.858,0.012,63.870,64.850,291,7802018
"benchmark-example:english-extra-8-gpu","bd/english.100MB",8,262144,1000000,3475,3475,0,0.000,63.858,0.012,63.870,64.850,292,7819319
"benchmark-example:english-extra-8-gpu","bd/english.100MB",8,262144,1000000,3475,3475,0,0.000,63.858,0.012,63.870,64.850,293,7916176
"benchmark-example:english-extra-8-gpu","bd/english.100MB",8,262144,1000000,3475,3475,0,0.000,63.858,0.012,63.870,64.850,294,7924898
"benchmark-example:english-extra-8-gpu","bd/english.100MB",8,262144,1000000,3475,3475,0,0.000,63.858,0.012,63.870,64.850,295,8003429
"benchmark-example:english-extra-8-gpu","bd/english.100MB",8,262144,1000000,3475,3475,0,0.000,63.858,0.012,63.870,64.850,296,8016183
"benchmark-example:english-extra-8-gpu","bd/english.100MB",8,262144,1000000,3475,3475,0,0.000,63.858,0.012,63.870,64.850,297,8102612
"benchmark-example:english-extra-8-gpu","bd/english.100MB",8,262144,1000000,3475,3475,0,0.000,63.858,0.012,63.870,64.850,298,8153082
"benchmark-example:english-extra-8-gpu","bd/english.100MB",8,262144,1000000,3475,3475,0,0.000,63.858,0.012,63.870,64.850,299,8153245
"benchmark-example:english-extra-8-gpu","bd/english.100MB",8,262144,1000000,3475,3475,0,0.000,63.858,0.012,63.870,64.850,300,8184950
"benchmark-example:english-extra-8-gpu","bd/english.100MB",8,262144,1000000,3475,3475,0,0.000,63.858,0.012,63.870,64.850,301,8285163
"benchmark-example:english-extra-8-gpu","bd/english.100MB",8,262144,1000000,3475,3475,0,0.000,63.858,0.012,63.870,64.850,302,8356964
"benchmark-example:english-extra-8-gpu","bd/english.100MB",8,262144,1000000,3475,3475,0,0.000,63.858,0.012,63.870,64.850,303,8368659
"benchmark-example:english-extra-8-gpu","bd/english.100MB",8,262144,1000000,3475,3475,0,0.000,63.858,0.012,63.870,64.850,304,8395158
"benchmark-example:english-extra-8-gpu","bd/english.100MB",8,262144,1000000,3475,3475,0,0.000,63.858,0.012,63.870,64.850,305,8469766
"benchmark-example:english-extra-8-gpu","bd/english.100MB",8,262144,1000000,3475,3475,0,0.000,63.858,0.012,63.870,64.850,306,8487670
"benchmark-example:english-extra-8-gpu","bd/english.100MB",8,262144,1000000,3475,3475,0,0.000,63.858,0.012,63.870,64.850,307,8491572
"benchmark-example:english-extra-8-gpu","bd/english.100MB",8,262144,1000000,3475,3475,0,0.000,63.858,0.012,63.870,64.850,308,8498084
"benchmark-example:english-extra-8-gpu","bd/english.100MB",8,262144,1000000,3475,3475,0,0.000,63.858,0.012,63.870,64.850,309,8519766
"benchmark-example:english-extra-8-gpu","bd/english.100MB",8,262144,1000000,3475,3475,0,0.000,63.858,0.012,63.870,64.850,310,8528833
"benchmark-example:english-extra-8-gpu","bd/english.100MB",8,262144,1000000,3475,3475,0,0.000,63.858,0.012,63.870,64.850,311,8529760
"benchmark-example:english-extra-8-gpu","bd/english.100MB",8,262144,1000000,3475,3475,0,0.000,63.858,0.012,63.870,64.850,312,8529888
"benchmark-example:english-extra-8-gpu","bd/english.100MB",8,262144,1000000,3475,3475,0,0.000,63.858,0.012,63.870,64.850,313,8593581
"benchmark-example:english-extra-8-gpu","bd/english.100MB",8,262144,1000000,3475,3475,0,0.000,63.858,0.012,63.870,64.850,314,8616467
"benchmark-example:english-extra-8-gpu","bd/english.100MB",8,262144,1000000,3475,3475,0,0.000,63.858,0.012,63.870,64.850,315,8624097
"benchmark-example:english-extra-8-gpu","bd/english.100MB",8,262144,1000000,3475,3475,0,0.000,63.858,0.012,63.870,64.850,316,8627305
"benchmark-example:english-extra-8-gpu","bd/english.100MB",8,262144,1000000,3475,3475,0,0.000,63.858,0.012,63.870,64.850,317,8746089
"benchmark-example:english-extra-8-gpu","bd/english.100MB",8,262144,1000000,3475,3475,0,0.000,63.858,0.012,63.870,64.850,318,8760321
"benchmark-example:english-extra-8-gpu","bd/english.100MB",8,262144,1000000,3475,3475,0,0.000,63.858,0.012,63.870,64.850,319,8762298
"benchmark-example:english-extra-8-gpu","bd/english.100MB",8,262144,1000000,3475,3475,0,0.000,63.858,0.012,63.870,64.850,320,8779599
"benchmark-example:english-extra-8-gpu","bd/english.100MB",8,262144,1000000,3475,3475,0,0.000,63.858,0.012,63.870,64.850,321,8876456
"benchmark-example:english-extra-8-gpu","bd/english.100MB",8,262144,1000000,3475,3475,0,0.000,63.858,0.012,63.870,64.850,322,8885178
"benchmark-example:english-extra-8-gpu","bd/english.100MB",8,262144,1000000,3475,3475,0,0.000,63.858,0.012,63.870,64.850,323,8963709
"benchmark-example:english-extra-8-gpu","bd/english.100MB",8,262144,1000000,3475,3475,0,0.000,63.858,0.012,63.870,64.850,324,8976463
"benchmark-example:english-extra-8-gpu","bd/english.100MB",8,262144,1000000,3475,3475,0,0.000,63.858,0.012,63.870,64.850,325,9062891
"benchmark-example:english-extra-8-gpu","bd/english.100MB",8,262144,1000000,3475,3475,0,0.000,63.858,0.012,63.870,64.850,326,9113361
"benchmark-example:english-extra-8-gpu","bd/english.100MB",8,262144,1000000,3475,3475,0,0.000,63.858,0.012,63.870,64.850,327,9113524
"benchmark-example:english-extra-8-gpu","bd/english.100MB",8,262144,1000000,3475,3475,0,0.000,63.858,0.012,63.870,64.850,328,9145229
"benchmark-example:english-extra-8-gpu","bd/english.100MB",8,262144,1000000,3475,3475,0,0.000,63.858,0.012,63.870,64.850,329,9245442
"benchmark-example:english-extra-8-gpu","bd/english.100MB",8,262144,1000000,3475,3475,0,0.000,63.858,0.012,63.870,64.850,330,9317243
"benchmark-example:english-extra-8-gpu","bd/english.100MB",8,262144,1000000,3475,3475,0,0.000,63.858,0.012,63.870,64.850,331,9328938
"benchmark-example:english-extra-8-gpu","bd/english.100MB",8,262144,1000000,3475,3475,0,0.000,63.858,0.012,63.870,64.850,332,9355437
"benchmark-example:english-extra-8-gpu","bd/english.100MB",8,262144,1000000,3475,3475,0,0.000,63.858,0.012,63.870,64.850,333,9430034
"benchmark-example:english-extra-8-gpu","bd/english.100MB",8,262144,1000000,3475,3475,0,0.000,63.858,0.012,63.870,64.850,334,9447937
"benchmark-example:english-extra-8-gpu","bd/english.100MB",8,262144,1000000,3475,3475,0,0.000,63.858,0.012,63.870,64.850,335,9451839
"benchmark-example:english-extra-8-gpu","bd/english.100MB",8,262144,1000000,3475,3475,0,0.000,63.858,0.012,63.870,64.850,336,9458351
"benchmark-example:english-extra-8-gpu","bd/english.100MB",8,262144,1000000,3475,3475,0,0.000,63.858,0.012,63.870,64.850,337,9480032
"benchmark-example:english-extra-8-gpu","bd/english.100MB",8,262144,1000000,3475,3475,0,0.000,63.858,0.012,63.870,64.850,338,9489097
"benchmark-example:english-extra-8-gpu","bd/english.100MB",8,262144,1000000,3475,3475,0,0.000,63.858,0.012,63.870,64.850,339,9490024
"benchmark-example:english-extra-8-gpu","bd/english.100MB",8,262144,1000000,3475,3475,0,0.000,63.858,0.012,63.870,64.850,340,9490152
"benchmark-example:english-extra-8-gpu","bd/english.100MB",8,262144,1000000,3475,3475,0,0.000,63.858,0.012,63.870,64.850,341,9710432
"benchmark-example:english-extra-8-gpu","bd/english.100MB",8,262144,1000000,3475,3475,0,0.000,63.858,0.012,63.870,64.850,342,9721118
"benchmark-example:english-extra-8-gpu","bd/english.100MB",8,262144,1000000,3475,3475,0,0.000,63.858,0.012,63.870,64.850,343,9790915
"benchmark-example:english-extra-8-gpu","bd/english.100MB",8,262144,1000000,3475,3475,0,0.000,63.858,0.012,63.870,64.850,344,9847391
"benchmark-example:english-extra-8-gpu","bd/english.100MB",8,262144,1000000,3475,3475,0,0.000,63.858,0.012,63.870,64.850,345,9893835
"benchmark-example:english-extra-8-gpu","bd/english.100MB",8,262144,1000000,3475,3475,0,0.000,63.858,0.012,63.870,64.850,346,9894815
"benchmark-example:english-extra-8-gpu","bd/english.100MB",8,262144,1000000,3475,3475,0,0.000,63.858,0.012,63.870,64.850,347,9895355
"benchmark-example:english-extra-8-gpu","bd/english.100MB",8,262144,1000000,3475,3475,0,0.000,63.858,0.012,63.870,64.850,348,9906595
"benchmark-example:english-extra-8-gpu","bd/english.100MB",8,262144,1000000,3475,3475,0,0.000,63.858,0.012,63.870,64.850,349,9945425
"benchmark-example:english-extra-8-gpu","bd/english.100MB",8,262144,1000000,3475,3475,0,0.000,63.858,0.012,63.870,64.850,350,9959481
"benchmark-example:english-extra-8-gpu","bd/english.100MB",8,262144,1000000,3475,3475,0,0.000,63.858,0.012,63.870,64.850,351,10009678
"benchmark-example:english-extra-8-gpu","bd/english.100MB",8,262144,1000000,3475,3475,0,0.000,63.858,0.012,63.870,64.850,352,10067444
"benchmark-example:english-extra-8-gpu","bd/english.100MB",8,262144,1000000,3475,3475,0,0.000,63.858,0.012,63.870,64.850,353,10075536
"benchmark-example:english-extra-8-gpu","bd/english.100MB",8,262144,1000000,3475,3475,0,0.000,63.858,0.012,63.870,64.850,354,10086380
"benchmark-example:english-extra-8-gpu","bd/english.100MB",8,262144,1000000,3475,3475,0,0.000,63.858,0.012,63.870,64.850,355,10086418
"benchmark-example:english-extra-8-gpu","bd/english.100MB",8,262144,1000000,3475,3475,0,0.000,63.858,0.012,63.870,64.850,356,10100505
"benchmark-example:english-extra-8-gpu","bd/english.100MB",8,262144,1000000,3475,3475,0,0.000,63.858,0.012,63.870,64.850,357,10127523
"benchmark-example:english-extra-8-gpu","bd/english.100MB",8,262144,1000000,3475,3475,0,0.000,63.858,0.012,63.870,64.850,358,10257718
"benchmark-example:english-extra-8-gpu","bd/english.100MB",8,262144,1000000,3475,3475,0,0.000,63.858,0.012,63.870,64.850,359,10303829
"benchmark-example:english-extra-8-gpu","bd/english.100MB",8,262144,1000000,3475,3475,0,0.000,63.858,0.012,63.870,64.850,360,10347626
"benchmark-example:english-extra-8-gpu","bd/english.100MB",8,262144,1000000,3475,3475,0,0.000,63.858,0.012,63.870,64.850,361,10349358
"benchmark-example:english-extra-8-gpu","bd/english.100MB",8,262144,1000000,3475,3475,0,0.000,63.858,0.012,63.870,64.850,362,10353801
"benchmark-example:english-extra-8-gpu","bd/english.100MB",8,262144,1000000,3475,3475,0,0.000,63.858,0.012,63.870,64.850,363,10371785
"benchmark-example:english-extra-8-gpu","bd/english.100MB",8,262144,1000000,3475,3475,0,0.000,63.858,0.012,63.870,64.850,364,10376257
"benchmark-example:english-extra-8-gpu","bd/english.100MB",8,262144,1000000,3475,3475,0,0.000,63.858,0.012,63.870,64.850,365,10411233
"benchmark-example:english-extra-8-gpu","bd/english.100MB",8,262144,1000000,3475,3475,0,0.000,63.858,0.012,63.870,64.850,366,10451878
"benchmark-example:english-extra-8-gpu","bd/english.100MB",8,262144,1000000,3475,3475,0,0.000,63.858,0.012,63.870,64.850,367,10482152
"benchmark-example:english-extra-8-gpu","bd/english.100MB",8,262144,1000000,3475,3475,0,0.000,63.858,0.012,63.870,64.850,368,10613730
"benchmark-example:english-extra-8-gpu","bd/english.100MB",8,262144,1000000,3475,3475,0,0.000,63.858,0.012,63.870,64.850,369,10640085
"benchmark-example:english-extra-8-gpu","bd/english.100MB",8,262144,1000000,3475,3475,0,0.000,63.858,0.012,63.870,64.850,370,10687914
"benchmark-example:english-extra-8-gpu","bd/english.100MB",8,262144,1000000,3475,3475,0,0.000,63.858,0.012,63.870,64.850,371,10699414
"benchmark-example:english-extra-8-gpu","bd/english.100MB",8,262144,1000000,3475,3475,0,0.000,63.858,0.012,63.870,64.850,372,10711231
"benchmark-example:english-extra-8-gpu","bd/english.100MB",8,262144,1000000,3475,3475,0,0.000,63.858,0.012,63.870,64.850,373,10746401
"benchmark-example:english-extra-8-gpu","bd/english.100MB",8,262144,1000000,3475,3475,0,0.000,63.858,0.012,63.870,64.850,374,10807795
"benchmark-example:english-extra-8-gpu","bd/english.100MB",8,262144,1000000,3475,3475,0,0.000,63.858,0.012,63.870,64.850,375,10821437
"benchmark-example:english-extra-8-gpu","bd/english.100MB",8,262144,1000000,3475,3475,0,0.000,63.858,0.012,63.870,64.850,376,10823077
"benchmark-example:english-extra-8-gpu","bd/english.100MB",8,262144,1000000,3475,3475,0,0.000,63.858,0.012,63.870,64.850,377,10840278
"benchmark-example:english-extra-8-gpu","bd/english.100MB",8,262144,1000000,3475,3475,0,0.000,63.858,0.012,63.870,64.850,378,10863952
"benchmark-example:english-extra-8-gpu","bd/english.100MB",8,262144,1000000,3475,3475,0,0.000,63.858,0.012,63.870,64.850,379,10994147
"benchmark-example:english-extra-8-gpu","bd/english.100MB",8,262144,1000000,3475,3475,0,0.000,63.858,0.012,63.870,64.850,380,11040258
"benchmark-example:english-extra-8-gpu","bd/english.100MB",8,262144,1000000,3475,3475,0,0.000,63.858,0.012,63.870,64.850,381,11084054
"benchmark-example:english-extra-8-gpu","bd/english.100MB",8,262144,1000000,3475,3475,0,0.000,63.858,0.012,63.870,64.850,382,11085786
"benchmark-example:english-extra-8-gpu","bd/english.100MB",8,262144,1000000,3475,3475,0,0.000,63.858,0.012,63.870,64.850,383,11090229
"benchmark-example:english-extra-8-gpu","bd/english.100MB",8,262144,1000000,3475,3475,0,0.000,63.858,0.012,63.870,64.850,384,11108213
"benchmark-example:english-extra-8-gpu","bd/english.100MB",8,262144,1000000,3475,3475,0,0.000,63.858,0.012,63.870,64.850,385,11112685
"benchmark-example:english-extra-8-gpu","bd/english.100MB",8,262144,1000000,3475,3475,0,0.000,63.858,0.012,63.870,64.850,386,11147661
"benchmark-example:english-extra-8-gpu","bd/english.100MB",8,262144,1000000,3475,3475,0,0.000,63.858,0.012,63.870,64.850,387,11188306
"benchmark-example:english-extra-8-gpu","bd/english.100MB",8,262144,1000000,3475,3475,0,0.000,63.858,0.012,63.870,64.850,388,11218580
"benchmark-example:english-extra-8-gpu","bd/english.100MB",8,262144,1000000,3475,3475,0,0.000,63.858,0.012,63.870,64.850,389,11350158
"benchmark-example:english-extra-8-gpu","bd/english.100MB",8,262144,1000000,3475,3475,0,0.000,63.858,0.012,63.870,64.850,390,11376513
"benchmark-example:english-extra-8-gpu","bd/english.100MB",8,262144,1000000,3475,3475,0,0.000,63.858,0.012,63.870,64.850,391,11424342
"benchmark-example:english-extra-8-gpu","bd/english.100MB",8,262144,1000000,3475,3475,0,0.000,63.858,0.012,63.870,64.850,392,11435842
"benchmark-example:english-extra-8-gpu","bd/english.100MB",8,262144,1000000,3475,3475,0,0.000,63.858,0.012,63.870,64.850,393,11447659
"benchmark-example:english-extra-8-gpu","bd/english.100MB",8,262144,1000000,3475,3475,0,0.000,63.858,0.012,63.870,64.850,394,11482829
"benchmark-example:english-extra-8-gpu","bd/english.100MB",8,262144,1000000,3475,3475,0,0.000,63.858,0.012,63.870,64.850,395,11544211
"benchmark-example:english-extra-8-gpu","bd/english.100MB",8,262144,1000000,3475,3475,0,0.000,63.858,0.012,63.870,64.850,396,11557852
"benchmark-example:english-extra-8-gpu","bd/english.100MB",8,262144,1000000,3475,3475,0,0.000,63.858,0.012,63.870,64.850,397,11559492
"benchmark-example:english-extra-8-gpu","bd/english.100MB",8,262144,1000000,3475,3475,0,0.000,63.858,0.012,63.870,64.850,398,11576693
"benchmark-example:english-extra-8-gpu","bd/english.100MB",8,262144,1000000,3475,3475,0,0.000,63.858,0.012,63.870,64.850,399,11610828
"benchmark-example:english-extra-8-gpu","bd/english.100MB",8,262144,1000000,3475,3475,0,0.000,63.858,0.012,63.870,64.850,400,11641631
"benchmark-example:english-extra-8-gpu","bd/english.100MB",8,262144,1000000,3475,3475,0,0.000,63.858,0.012,63.870,64.850,401,11776400
"benchmark-example:english-extra-8-gpu","bd/english.100MB",8,262144,1000000,3475,3475,0,0.000,63.858,0.012,63.870,64.850,402,11862384
"benchmark-example:english-extra-8-gpu","bd/english.100MB",8,262144,1000000,3475,3475,0,0.000,63.858,0.012,63.870,64.850,403,11945919
"benchmark-example:english-extra-8-gpu","bd/english.100MB",8,262144,1000000,3475,3475,0,0.000,63.858,0.012,63.870,64.850,404,11946304
"benchmark-example:english-extra-8-gpu","bd/english.100MB",8,262144,1000000,3475,3475,0,0.000,63.858,0.012,63.870,64.850,405,11962455
"benchmark-example:english-extra-8-gpu","bd/english.100MB",8,262144,1000000,3475,3475,0,0.000,63.858,0.012,63.870,64.850,406,12059232
"benchmark-example:english-extra-8-gpu","bd/english.100MB",8,262144,1000000,3475,3475,0,0.000,63.858,0.012,63.870,64.850,407,12059414
"benchmark-example:english-extra-8-gpu","bd/english.100MB",8,262144,1000000,3475,3475,0,0.000,63.858,0.012,63.870,64.850,408,12091391
"benchmark-example:english-extra-8-gpu","bd/english.100MB",8,262144,1000000,3475,3475,0,0.000,63.858,0.012,63.870,64.850,409,12336663
"benchmark-example:english-extra-8-gpu","bd/english.100MB",8,262144,1000000,3475,3475,0,0.000,63.858,0.012,63.870,64.850,410,12340058
"benchmark-example:english-extra-8-gpu","bd/english.100MB",8,262144,1000000,3475,3475,0,0.000,63.858,0.012,63.870,64.850,411,12367142
"benchmark-example:english-extra-8-gpu","bd/english.100MB",8,262144,1000000,3475,3475,0,0.000,63.858,0.012,63.870,64.850,412,12390532
"benchmark-example:english-extra-8-gpu","bd/english.100MB",8,262144,1000000,3475,3475,0,0.000,63.858,0.012,63.870,64.850,413,12445401
"benchmark-example:english-extra-8-gpu","bd/english.100MB",8,262144,1000000,3475,3475,0,0.000,63.858,0.012,63.870,64.850,414,12523334
"benchmark-example:english-extra-8-gpu","bd/english.100MB",8,262144,1000000,3475,3475,0,0.000,63.858,0.012,63.870,64.850,415,12523392
"benchmark-example:english-extra-8-gpu","bd/english.100MB",8,262144,1000000,3475,3475,0,0.000,63.858,0.012,63.870,64.850,416,12523548
"benchmark-example:english-extra-8-gpu","bd/english.100MB",8,262144,1000000,3475,3475,0,0.000,63.858,0.012,63.870,64.850,417,12555758
"benchmark-example:english-extra-8-gpu","bd/english.100MB",8,262144,1000000,3475,3475,0,0.000,63.858,0.012,63.870,64.850,418,12702912
"benchmark-example:english-extra-8-gpu","bd/english.100MB",8,262144,1000000,3475,3475,0,0.000,63.858,0.012,63.870,64.850,419,12788896
"benchmark-example:english-extra-8-gpu","bd/english.100MB",8,262144,1000000,3475,3475,0,0.000,63.858,0.012,63.870,64.850,420,12872431
"benchmark-example:english-extra-8-gpu","bd/english.100MB",8,262144,1000000,3475,3475,0,0.000,63.858,0.012,63.870,64.850,421,12872816
"benchmark-example:english-extra-8-gpu","bd/english.100MB",8,262144,1000000,3475,3475,0,0.000,63.858,0.012,63.870,64.850,422,12888967
"benchmark-example:english-extra-8-gpu","bd/english.100MB",8,262144,1000000,3475,3475,0,0.000,63.858,0.012,63.870,64.850,423,12985744
"benchmark-example:english-extra-8-gpu","bd/english.100MB",8,262144,1000000,3475,3475,0,0.000,63.858,0.012,63.870,64.850,424,12985926
"benchmark-example:english-extra-8-gpu","bd/english.100MB",8,262144,1000000,3475,3475,0,0.000,63.858,0.012,63.870,64.850,425,13017903
"benchmark-example:english-extra-8-gpu","bd/english.100MB",8,262144,1000000,3475,3475,0,0.000,63.858,0.012,63.870,64.850,426,13263175
"benchmark-example:english-extra-8-gpu","bd/english.100MB",8,262144,1000000,3475,3475,0,0.000,63.858,0.012,63.870,64.850,427,13266570
"benchmark-example:english-extra-8-gpu","bd/english.100MB",8,262144,1000000,3475,3475,0,0.000,63.858,0.012,63.870,64.850,428,13293654
"benchmark-example:english-extra-8-gpu","bd/english.100MB",8,262144,1000000,3475,3475,0,0.000,63.858,0.012,63.870,64.850,429,13317044
"benchmark-example:english-extra-8-gpu","bd/english.100MB",8,262144,1000000,3475,3475,0,0.000,63.858,0.012,63.870,64.850,430,13371913
"benchmark-example:english-extra-8-gpu","bd/english.100MB",8,262144,1000000,3475,3475,0,0.000,63.858,0.012,63.870,64.850,431,13449845
"benchmark-example:english-extra-8-gpu","bd/english.100MB",8,262144,1000000,3475,3475,0,0.000,63.858,0.012,63.870,64.850,432,13449903
"benchmark-example:english-extra-8-gpu","bd/english.100MB",8,262144,1000000,3475,3475,0,0.000,63.858,0.012,63.870,64.850,433,13450059
"benchmark-example:english-extra-8-gpu","bd/english.100MB",8,262144,1000000,3475,3475,0,0.000,63.858,0.012,63.870,64.850,434,13482265
"benchmark-example:english-extra-8-gpu","bd/english.100MB",8,262144,1000000,3475,3475,0,0.000,63.858,0.012,63.870,64.850,435,13527046
"benchmark-example:english-extra-8-gpu","bd/english.100MB",8,262144,1000000,3475,3475,0,0.000,63.858,0.012,63.870,64.850,436,13529110
"benchmark-example:english-extra-8-gpu","bd/english.100MB",8,262144,1000000,3475,3475,0,0.000,63.858,0.012,63.870,64.850,437,13568887
"benchmark-example:english-extra-8-gpu","bd/english.100MB",8,262144,1000000,3475,3475,0,0.000,63.858,0.012,63.870,64.850,438,13586851
"benchmark-example:english-extra-8-gpu","bd/english.100MB",8,262144,1000000,3475,3475,0,0.000,63.858,0.012,63.870,64.850,439,13617714
"benchmark-example:english-extra-8-gpu","bd/english.100MB",8,262144,1000000,3475,3475,0,0.000,63.858,0.012,63.870,64.850,440,13689811
"benchmark-example:english-extra-8-gpu","bd/english.100MB",8,262144,1000000,3475,3475,0,0.000,63.858,0.012,63.870,64.850,441,13702125
"benchmark-example:english-extra-8-gpu","bd/english.100MB",8,262144,1000000,3475,3475,0,0.000,63.858,0.012,63.870,64.850,442,13788554
"benchmark-example:english-extra-8-gpu","bd/english.100MB",8,262144,1000000,3475,3475,0,0.000,63.858,0.012,63.870,64.850,443,13797920
"benchmark-example:english-extra-8-gpu","bd/english.100MB",8,262144,1000000,3475,3475,0,0.000,63.858,0.012,63.870,64.850,444,13871058
"benchmark-example:english-extra-8-gpu","bd/english.100MB",8,262144,1000000,3475,3475,0,0.000,63.858,0.012,63.870,64.850,445,13878266
"benchmark-example:english-extra-8-gpu","bd/english.100MB",8,262144,1000000,3475,3475,0,0.000,63.858,0.012,63.870,64.850,446,13887650
"benchmark-example:english-extra-8-gpu","bd/english.100MB",8,262144,1000000,3475,3475,0,0.000,63.858,0.012,63.870,64.850,447,13942294
"benchmark-example:english-extra-8-gpu","bd/english.100MB",8,262144,1000000,3475,3475,0,0.000,63.858,0.012,63.870,64.850,448,13964432
"benchmark-example:english-extra-8-gpu","bd/english.100MB",8,262144,1000000,3475,3475,0,0.000,63.858,0.012,63.870,64.850,449,13964791
"benchmark-example:english-extra-8-gpu","bd/english.100MB",8,262144,1000000,3475,3475,0,0.000,63.858,0.012,63.870,64.850,450,14001137
"benchmark-example:english-extra-8-gpu","bd/english.100MB",8,262144,1000000,3475,3475,0,0.000,63.858,0.012,63.870,64.850,451,14028069
"benchmark-example:english-extra-8-gpu","bd/english.100MB",8,262144,1000000,3475,3475,0,0.000,63.858,0.012,63.870,64.850,452,14029921
"benchmark-example:english-extra-8-gpu","bd/english.100MB",8,262144,1000000,3475,3475,0,0.000,63.858,0.012,63.870,64.850,453,14033674
"benchmark-example:english-extra-8-gpu","bd/english.100MB",8,262144,1000000,3475,3475,0,0.000,63.858,0.012,63.870,64.850,454,14062044
"benchmark-example:english-extra-8-gpu","bd/english.100MB",8,262144,1000000,3475,3475,0,0.000,63.858,0.012,63.870,64.850,455,14101974
"benchmark-example:english-extra-8-gpu","bd/english.100MB",8,262144,1000000,3475,3475,0,0.000,63.858,0.012,63.870,64.850,456,14151915
"benchmark-example:english-extra-8-gpu","bd/english.100MB",8,262144,1000000,3475,3475,0,0.000,63.858,0.012,63.870,64.850,457,14202662
"benchmark-example:english-extra-8-gpu","bd/english.100MB",8,262144,1000000,3475,3475,0,0.000,63.858,0.012,63.870,64.850,458,14306281
"benchmark-example:english-extra-8-gpu","bd/english.100MB",8,262144,1000000,3475,3475,0,0.000,63.858,0.012,63.870,64.850,459,14337215
"benchmark-example:english-extra-8-gpu","bd/english.100MB",8,262144,1000000,3475,3475,0,0.000,63.858,0.012,63.870,64.850,460,14341810
"benchmark-example:english-extra-8-gpu","bd/english.100MB",8,262144,1000000,3475,3475,0,0.000,63.858,0.012,63.870,64.850,461,14365290
"benchmark-example:english-extra-8-gpu","bd/english.100MB",8,262144,1000000,3475,3475,0,0.000,63.858,0.012,63.870,64.850,462,14390846
"benchmark-example:english-extra-8-gpu","bd/english.100MB",8,262144,1000000,3475,3475,0,0.000,63.858,0.012,63.870,64.850,463,14391678
"benchmark-example:english-extra-8-gpu","bd/english.100MB",8,262144,1000000,3475,3475,0,0.000,63.858,0.012,63.870,64.850,464,14416336
"benchmark-example:english-extra-8-gpu","bd/english.100MB",8,262144,1000000,3475,3475,0,0.000,63.858,0.012,63.870,64.850,465,14430138
"benchmark-example:english-extra-8-gpu","bd/english.100MB",8,262144,1000000,3475,3475,0,0.000,63.858,0.012,63.870,64.850,466,14443403
"benchmark-example:english-extra-8-gpu","bd/english.100MB",8,262144,1000000,3475,3475,0,0.000,63.858,0.012,63.870,64.850,467,14498856
"benchmark-example:english-extra-8-gpu","bd/english.100MB",8,262144,1000000,3475,3475,0,0.000,63.858,0.012,63.870,64.850,468,14516424
"benchmark-example:english-extra-8-gpu","bd/english.100MB",8,262144,1000000,3475,3475,0,0.000,63.858,0.012,63.870,64.850,469,14519992
"benchmark-example:english-extra-8-gpu","bd/english.100MB",8,262144,1000000,3475,3475,0,0.000,63.858,0.012,63.870,64.850,470,14563261
"benchmark-example:english-extra-8-gpu","bd/english.100MB",8,262144,1000000,3475,3475,0,0.000,63.858,0.012,63.870,64.850,471,14584871
"benchmark-example:english-extra-8-gpu","bd/english.100MB",8,262144,1000000,3475,3475,0,0.000,63.858,0.012,63.870,64.850,472,14641863
"benchmark-example:english-extra-8-gpu","bd/english.100MB",8,262144,1000000,3475,3475,0,0.000,63.858,0.012,63.870,64.850,473,14734310
"benchmark-example:english-extra-8-gpu","bd/english.100MB",8,262144,1000000,3475,3475,0,0.000,63.858,0.012,63.870,64.850,474,14779819
"benchmark-example:english-extra-8-gpu","bd/english.100MB",8,262144,1000000,3475,3475,0,0.000,63.858,0.012,63.870,64.850,475,14780531
"benchmark-example:english-extra-8-gpu","bd/english.100MB",8,262144,1000000,3475,3475,0,0.000,63.858,0.012,63.870,64.850,476,14824661
"benchmark-example:english-extra-8-gpu","bd/english.100MB",8,262144,1000000,3475,3475,0,0.000,63.858,0.012,63.870,64.850,477,14827814
"benchmark-example:english-extra-8-gpu","bd/english.100MB",8,262144,1000000,3475,3475,0,0.000,63.858,0.012,63.870,64.850,478,14879342
"benchmark-example:english-extra-8-gpu","bd/english.100MB",8,262144,1000000,3475,3475,0,0.000,63.858,0.012,63.870,64.850,479,14899732
"benchmark-example:english-extra-8-gpu","bd/english.100MB",8,262144,1000000,3475,3475,0,0.000,63.858,0.012,63.870,64.850,480,14912891
"benchmark-example:english-extra-8-gpu","bd/english.100MB",8,262144,1000000,3475,3475,0,0.000,63.858,0.012,63.870,64.850,481,14949807
"benchmark-example:english-extra-8-gpu","bd/english.100MB",8,262144,1000000,3475,3475,0,0.000,63.858,0.012,63.870,64.850,482,14953093
"benchmark-example:english-extra-8-gpu","bd/english.100MB",8,262144,1000000,3475,3475,0,0.000,63.858,0.012,63.870,64.850,483,14963464
"benchmark-example:english-extra-8-gpu","bd/english.100MB",8,262144,1000000,3475,3475,0,0.000,63.858,0.012,63.870,64.850,484,14979262
"benchmark-example:english-extra-8-gpu","bd/english.100MB",8,262144,1000000,3475,3475,0,0.000,63.858,0.012,63.870,64.850,485,14996265
"benchmark-example:english-extra-8-gpu","bd/english.100MB",8,262144,1000000,3475,3475,0,0.000,63.858,0.012,63.870,64.850,486,14999485
"benchmark-example:english-extra-8-gpu","bd/english.100MB",8,262144,1000000,3475,3475,0,0.000,63.858,0.012,63.870,64.850,487,15052034
"benchmark-example:english-extra-8-gpu","bd/english.100MB",8,262144,1000000,3475,3475,0,0.000,63.858,0.012,63.870,64.850,488,15062382
"benchmark-example:english-extra-8-gpu","bd/english.100MB",8,262144,1000000,3475,3475,0,0.000,63.858,0.012,63.870,64.850,489,15090256
"benchmark-example:english-extra-8-gpu","bd/english.100MB",8,262144,1000000,3475,3475,0,0.000,63.858,0.012,63.870,64.850,490,15144925
"benchmark-example:english-extra-8-gpu","bd/english.100MB",8,262144,1000000,3475,3475,0,0.000,63.858,0.012,63.870,64.850,491,15166322
"benchmark-example:english-extra-8-gpu","bd/english.100MB",8,262144,1000000,3475,3475,0,0.000,63.858,0.012,63.870,64.850,492,15186264
"benchmark-example:english-extra-8-gpu","bd/english.100MB",8,262144,1000000,3475,3475,0,0.000,63.858,0.012,63.870,64.850,493,15285298
"benchmark-example:english-extra-8-gpu","bd/english.100MB",8,262144,1000000,3475,3475,0,0.000,63.858,0.012,63.870,64.850,494,15382838
"benchmark-example:english-extra-8-gpu","bd/english.100MB",8,262144,1000000,3475,3475,0,0.000,63.858,0.012,63.870,64.850,495,15435687
"benchmark-example:english-extra-8-gpu","bd/english.100MB",8,262144,1000000,3475,3475,0,0.000,63.858,0.012,63.870,64.850,496,15443949
"benchmark-example:english-extra-8-gpu","bd/english.100MB",8,262144,1000000,3475,3475,0,0.000,63.858,0.012,63.870,64.850,497,15460829
"benchmark-example:english-extra-8-gpu","bd/english.100MB",8,262144,1000000,3475,3475,0,0.000,63.858,0.012,63.870,64.850,498,15498976
"benchmark-example:english-extra-8-gpu","bd/english.100MB",8,262144,1000000,3475,3475,0,0.000,63.858,0.012,63.870,64.850,499,15500313
"benchmark-example:english-extra-8-gpu","bd/english.100MB",8,262144,1000000,3475,3475,0,0.000,63.858,0.012,63.870,64.850,500,15633612
"benchmark-example:english-extra-8-gpu","bd/english.100MB",8,262144,1000000,3475,3475,0,0.000,63.858,0.012,63.870,64.850,501,15667832
"benchmark-example:english-extra-8-gpu","bd/english.100MB",8,262144,1000000,3475,3475,0,0.000,63.858,0.012,63.870,64.850,502,15677051
"benchmark-example:english-extra-8-gpu","bd/english.100MB",8,262144,1000000,3475,3475,0,0.000,63.858,0.012,63.870,64.850,503,15677244
"benchmark-example:english-extra-8-gpu","bd/english.100MB",8,262144,1000000,3475,3475,0,0.000,63.858,0.012,63.870,64.850,504,15733096
"benchmark-example:english-extra-8-gpu","bd/english.100MB",8,262144,1000000,3475,3475,0,0.000,63.858,0.012,63.870,64.850,505,15740662
"benchmark-example:english-extra-8-gpu","bd/english.100MB",8,262144,1000000,3475,3475,0,0.000,63.858,0.012,63.870,64.850,506,15805790
"benchmark-example:english-extra-8-gpu","bd/english.100MB",8,262144,1000000,3475,3475,0,0.000,63.858,0.012,63.870,64.850,507,15843698
"benchmark-example:english-extra-8-gpu","bd/english.100MB",8,262144,1000000,3475,3475,0,0.000,63.858,0.012,63.870,64.850,508,15856178
"benchmark-example:english-extra-8-gpu","bd/english.100MB",8,262144,1000000,3475,3475,0,0.000,63.858,0.012,63.870,64.850,509,15905938
"benchmark-example:english-extra-8-gpu","bd/english.100MB",8,262144,1000000,3475,3475,0,0.000,63.858,0.012,63.870,64.850,510,15936168
"benchmark-example:english-extra-8-gpu","bd/english.100MB",8,262144,1000000,3475,3475,0,0.000,63.858,0.012,63.870,64.850,511,15936441
"benchmark-example:english-extra-8-gpu","bd/english.100MB",8,262144,1000000,3475,3475,0,0.000,63.858,0.012,63.870,64.850,512,16029768
"benchmark-example:english-extra-8-gpu","bd/english.100MB",8,262144,1000000,3475,3475,0,0.000,63.858,0.012,63.870,64.850,513,16064527
"benchmark-example:english-extra-8-gpu","bd/english.100MB",8,262144,1000000,3475,3475,0,0.000,63.858,0.012,63.870,64.850,514,16071074
"benchmark-example:english-extra-8-gpu","bd/english.100MB",8,262144,1000000,3475,3475,0,0.000,63.858,0.012,63.870,64.850,515,16145334
"benchmark-example:english-extra-8-gpu","bd/english.100MB",8,262144,1000000,3475,3475,0,0.000,63.858,0.012,63.870,64.850,516,16174565
"benchmark-example:english-extra-8-gpu","bd/english.100MB",8,262144,1000000,3475,3475,0,0.000,63.858,0.012,63.870,64.850,517,16186298
"benchmark-example:english-extra-8-gpu","bd/english.100MB",8,262144,1000000,3475,3475,0,0.000,63.858,0.012,63.870,64.850,518,16191165
"benchmark-example:english-extra-8-gpu","bd/english.100MB",8,262144,1000000,3475,3475,0,0.000,63.858,0.012,63.870,64.850,519,16203594
"benchmark-example:english-extra-8-gpu","bd/english.100MB",8,262144,1000000,3475,3475,0,0.000,63.858,0.012,63.870,64.850,520,16340028
"benchmark-example:english-extra-8-gpu","bd/english.100MB",8,262144,1000000,3475,3475,0,0.000,63.858,0.012,63.870,64.850,521,16376680
"benchmark-example:english-extra-8-gpu","bd/english.100MB",8,262144,1000000,3475,3475,0,0.000,63.858,0.012,63.870,64.850,522,16440121
"benchmark-example:english-extra-8-gpu","bd/english.100MB",8,262144,1000000,3475,3475,0,0.000,63.858,0.012,63.870,64.850,523,16542902
"benchmark-example:english-extra-8-gpu","bd/english.100MB",8,262144,1000000,3475,3475,0,0.000,63.858,0.012,63.870,64.850,524,16559004
"benchmark-example:english-extra-8-gpu","bd/english.100MB",8,262144,1000000,3475,3475,0,0.000,63.858,0.012,63.870,64.850,525,16565720
"benchmark-example:english-extra-8-gpu","bd/english.100MB",8,262144,1000000,3475,3475,0,0.000,63.858,0.012,63.870,64.850,526,16607683
"benchmark-example:english-extra-8-gpu","bd/english.100MB",8,262144,1000000,3475,3475,0,0.000,63.858,0.012,63.870,64.850,527,16642367
"benchmark-example:english-extra-8-gpu","bd/english.100MB",8,262144,1000000,3475,3475,0,0.000,63.858,0.012,63.870,64.850,528,16656982
"benchmark-example:english-extra-8-gpu","bd/english.100MB",8,262144,1000000,3475,3475,0,0.000,63.858,0.012,63.870,64.850,529,16730701
"benchmark-example:english-extra-8-gpu","bd/english.100MB",8,262144,1000000,3475,3475,0,0.000,63.858,0.012,63.870,64.850,530,16754409
"benchmark-example:english-extra-8-gpu","bd/english.100MB",8,262144,1000000,3475,3475,0,0.000,63.858,0.012,63.870,64.850,531,16784639
"benchmark-example:english-extra-8-gpu","bd/english.100MB",8,262144,1000000,3475,3475,0,0.000,63.858,0.012,63.870,64.850,532,16784912
"benchmark-example:english-extra-8-gpu","bd/english.100MB",8,262144,1000000,3475,3475,0,0.000,63.858,0.012,63.870,64.850,533,16878239
"benchmark-example:english-extra-8-gpu","bd/english.100MB",8,262144,1000000,3475,3475,0,0.000,63.858,0.012,63.870,64.850,534,16912998
"benchmark-example:english-extra-8-gpu","bd/english.100MB",8,262144,1000000,3475,3475,0,0.000,63.858,0.012,63.870,64.850,535,16919545
"benchmark-example:english-extra-8-gpu","bd/english.100MB",8,262144,1000000,3475,3475,0,0.000,63.858,0.012,63.870,64.850,536,16993805
"benchmark-example:english-extra-8-gpu","bd/english.100MB",8,262144,1000000,3475,3475,0,0.000,63.858,0.012,63.870,64.850,537,17023036
"benchmark-example:english-extra-8-gpu","bd/english.100MB",8,262144,1000000,3475,3475,0,0.000,63.858,0.012,63.870,64.850,538,17034769
"benchmark-example:english-extra-8-gpu","bd/english.100MB",8,262144,1000000,3475,3475,0,0.000,63.858,0.012,63.870,64.850,539,17039636
"benchmark-example:english-extra-8-gpu","bd/english.100MB",8,262144,1000000,3475,3475,0,0.000,63.858,0.012,63.870,64.850,540,17052065
"benchmark-example:english-extra-8-gpu","bd/english.100MB",8,262144,1000000,3475,3475,0,0.000,63.858,0.012,63.870,64.850,541,17188499
"benchmark-example:english-extra-8-gpu","bd/english.100MB",8,262144,1000000,3475,3475,0,0.000,63.858,0.012,63.870,64.850,542,17225151
"benchmark-example:english-extra-8-gpu","bd/english.100MB",8,262144,1000000,3475,3475,0,0.000,63.858,0.012,63.870,64.850,543,17288592
"benchmark-example:english-extra-8-gpu","bd/english.100MB",8,262144,1000000,3475,3475,0,0.000,63.858,0.012,63.870,64.850,544,17391373
"benchmark-example:english-extra-8-gpu","bd/english.100MB",8,262144,1000000,3475,3475,0,0.000,63.858,0.012,63.870,64.850,545,17407475
"benchmark-example:english-extra-8-gpu","bd/english.100MB",8,262144,1000000,3475,3475,0,0.000,63.858,0.012,63.870,64.850,546,17414191
"benchmark-example:english-extra-8-gpu","bd/english.100MB",8,262144,1000000,3475,3475,0,0.000,63.858,0.012,63.870,64.850,547,17456154
"benchmark-example:english-extra-8-gpu","bd/english.100MB",8,262144,1000000,3475,3475,0,0.000,63.858,0.012,63.870,64.850,548,17490832
"benchmark-example:english-extra-8-gpu","bd/english.100MB",8,262144,1000000,3475,3475,0,0.000,63.858,0.012,63.870,64.850,549,17505447
"benchmark-example:english-extra-8-gpu","bd/english.100MB",8,262144,1000000,3475,3475,0,0.000,63.858,0.012,63.870,64.850,550,17579099
"benchmark-example:english-extra-8-gpu","bd/english.100MB",8,262144,1000000,3475,3475,0,0.000,63.858,0.012,63.870,64.850,551,17601199
"benchmark-example:english-extra-8-gpu","bd/english.100MB",8,262144,1000000,3475,3475,0,0.000,63.858,0.012,63.870,64.850,552,17603263
"benchmark-example:english-extra-8-gpu","bd/english.100MB",8,262144,1000000,3475,3475,0,0.000,63.858,0.012,63.870,64.850,553,17643040
"benchmark-example:english-extra-8-gpu","bd/english.100MB",8,262144,1000000,3475,3475,0,0.000,63.858,0.012,63.870,64.850,554,17661004
"benchmark-example:english-extra-8-gpu","bd/english.100MB",8,262144,1000000,3475,3475,0,0.000,63.858,0.012,63.870,64.850,555,17691867
"benchmark-example:english-extra-8-gpu","bd/english.100MB",8,262144,1000000,3475,3475,0,0.000,63.858,0.012,63.870,64.850,556,17763964
"benchmark-example:english-extra-8-gpu","bd/english.100MB",8,262144,1000000,3475,3475,0,0.000,63.858,0.012,63.870,64.850,557,17776278
"benchmark-example:english-extra-8-gpu","bd/english.100MB",8,262144,1000000,3475,3475,0,0.000,63.858,0.012,63.870,64.850,558,17862707
"benchmark-example:english-extra-8-gpu","bd/english.100MB",8,262144,1000000,3475,3475,0,0.000,63.858,0.012,63.870,64.850,559,17872073
"benchmark-example:english-extra-8-gpu","bd/english.100MB",8,262144,1000000,3475,3475,0,0.000,63.858,0.012,63.870,64.850,560,17945211
"benchmark-example:english-extra-8-gpu","bd/english.100MB",8,262144,1000000,3475,3475,0,0.000,63.858,0.012,63.870,64.850,561,17952419
"benchmark-example:english-extra-8-gpu","bd/english.100MB",8,262144,1000000,3475,3475,0,0.000,63.858,0.012,63.870,64.850,562,17961803
"benchmark-example:english-extra-8-gpu","bd/english.100MB",8,262144,1000000,3475,3475,0,0.000,63.858,0.012,63.870,64.850,563,18016447
"benchmark-example:english-extra-8-gpu","bd/english.100MB",8,262144,1000000,3475,3475,0,0.000,63.858,0.012,63.870,64.850,564,18038585
"benchmark-example:english-extra-8-gpu","bd/english.100MB",8,262144,1000000,3475,3475,0,0.000,63.858,0.012,63.870,64.850,565,18038944
"benchmark-example:english-extra-8-gpu","bd/english.100MB",8,262144,1000000,3475,3475,0,0.000,63.858,0.012,63.870,64.850,566,18075290
"benchmark-example:english-extra-8-gpu","bd/english.100MB",8,262144,1000000,3475,3475,0,0.000,63.858,0.012,63.870,64.850,567,18102222
"benchmark-example:english-extra-8-gpu","bd/english.100MB",8,262144,1000000,3475,3475,0,0.000,63.858,0.012,63.870,64.850,568,18104074
"benchmark-example:english-extra-8-gpu","bd/english.100MB",8,262144,1000000,3475,3475,0,0.000,63.858,0.012,63.870,64.850,569,18107827
"benchmark-example:english-extra-8-gpu","bd/english.100MB",8,262144,1000000,3475,3475,0,0.000,63.858,0.012,63.870,64.850,570,18136069
"benchmark-example:english-extra-8-gpu","bd/english.100MB",8,262144,1000000,3475,3475,0,0.000,63.858,0.012,63.870,64.850,571,18175928
"benchmark-example:english-extra-8-gpu","bd/english.100MB",8,262144,1000000,3475,3475,0,0.000,63.858,0.012,63.870,64.850,572,18225808
"benchmark-example:english-extra-8-gpu","bd/english.100MB",8,262144,1000000,3475,3475,0,0.000,63.858,0.012,63.870,64.850,573,18276550
"benchmark-example:english-extra-8-gpu","bd/english.100MB",8,262144,1000000,3475,3475,0,0.000,63.858,0.012,63.870,64.850,574,18380126
"benchmark-example:english-extra-8-gpu","bd/english.100MB",8,262144,1000000,3475,3475,0,0.000,63.858,0.012,63.870,64.850,575,18411057
"benchmark-example:english-extra-8-gpu","bd/english.100MB",8,262144,1000000,3475,3475,0,0.000,63.858,0.012,63.870,64.850,576,18415652
"benchmark-example:english-extra-8-gpu","bd/english.100MB",8,262144,1000000,3475,3475,0,0.000,63.858,0.012,63.870,64.850,577,18439120
"benchmark-example:english-extra-8-gpu","bd/english.100MB",8,262144,1000000,3475,3475,0,0.000,63.858,0.012,63.870,64.850,578,18464658
"benchmark-example:english-extra-8-gpu","bd/english.100MB",8,262144,1000000,3475,3475,0,0.000,63.858,0.012,63.870,64.850,579,18465487
"benchmark-example:english-extra-8-gpu","bd/english.100MB",8,262144,1000000,3475,3475,0,0.000,63.858,0.012,63.870,64.850,580,18490037
"benchmark-example:english-extra-8-gpu","bd/english.100MB",8,262144,1000000,3475,3475,0,0.000,63.858,0.012,63.870,64.850,581,18503806
"benchmark-example:english-extra-8-gpu","bd/english.100MB",8,262144,1000000,3475,3475,0,0.000,63.858,0.012,63.870,64.850,582,18517047
"benchmark-example:english-extra-8-gpu","bd/english.100MB",8,262144,1000000,3475,3475,0,0.000,63.858,0.012,63.870,64.850,583,18572482
"benchmark-example:english-extra-8-gpu","bd/english.100MB",8,262144,1000000,3475,3475,0,0.000,63.858,0.012,63.870,64.850,584,18590046
"benchmark-example:english-extra-8-gpu","bd/english.100MB",8,262144,1000000,3475,3475,0,0.000,63.858,0.012,63.870,64.850,585,18593614
"benchmark-example:english-extra-8-gpu","bd/english.100MB",8,262144,1000000,3475,3475,0,0.000,63.858,0.012,63.870,64.850,586,18636852
"benchmark-example:english-extra-8-gpu","bd/english.100MB",8,262144,1000000,3475,3475,0,0.000,63.858,0.012,63.870,64.850,587,18658453
"benchmark-example:english-extra-8-gpu","bd/english.100MB",8,262144,1000000,3475,3475,0,0.000,63.858,0.012,63.870,64.850,588,18715368
"benchmark-example:english-extra-8-gpu","bd/english.100MB",8,262144,1000000,3475,3475,0,0.000,63.858,0.012,63.870,64.850,589,18807713
"benchmark-example:english-extra-8-gpu","bd/english.100MB",8,262144,1000000,3475,3475,0,0.000,63.858,0.012,63.870,64.850,590,18853207
"benchmark-example:english-extra-8-gpu","bd/english.100MB",8,262144,1000000,3475,3475,0,0.000,63.858,0.012,63.870,64.850,591,18853916
"benchmark-example:english-extra-8-gpu","bd/english.100MB",8,262144,1000000,3475,3475,0,0.000,63.858,0.012,63.870,64.850,592,18897971
"benchmark-example:english-extra-8-gpu","bd/english.100MB",8,262144,1000000,3475,3475,0,0.000,63.858,0.012,63.870,64.850,593,18901118
"benchmark-example:english-extra-8-gpu","bd/english.100MB",8,262144,1000000,3475,3475,0,0.000,63.858,0.012,63.870,64.850,594,18952544
"benchmark-example:english-extra-8-gpu","bd/english.100MB",8,262144,1000000,3475,3475,0,0.000,63.858,0.012,63.870,64.850,595,18972898
"benchmark-example:english-extra-8-gpu","bd/english.100MB",8,262144,1000000,3475,3475,0,0.000,63.858,0.012,63.870,64.850,596,18986057
"benchmark-example:english-extra-8-gpu","bd/english.100MB",8,262144,1000000,3475,3475,0,0.000,63.858,0.012,63.870,64.850,597,19022961
"benchmark-example:english-extra-8-gpu","bd/english.100MB",8,262144,1000000,3475,3475,0,0.000,63.858,0.012,63.870,64.850,598,19026247
"benchmark-example:english-extra-8-gpu","bd/english.100MB",8,262144,1000000,3475,3475,0,0.000,63.858,0.012,63.870,64.850,599,19036609
"benchmark-example:english-extra-8-gpu","bd/english.100MB",8,262144,1000000,3475,3475,0,0.000,63.858,0.012,63.870,64.850,600,19052404
"benchmark-example:english-extra-8-gpu","bd/english.100MB",8,262144,1000000,3475,3475,0,0.000,63.858,0.012,63.870,64.850,601,19069404
"benchmark-example:english-extra-8-gpu","bd/english.100MB",8,262144,1000000,3475,3475,0,0.000,63.858,0.012,63.870,64.850,602,19072621
"benchmark-example:english-extra-8-gpu","bd/english.100MB",8,262144,1000000,3475,3475,0,0.000,63.858,0.012,63.870,64.850,603,19125152
"benchmark-example:english-extra-8-gpu","bd/english.100MB",8,262144,1000000,3475,3475,0,0.000,63.858,0.012,63.870,64.850,604,19135488
"benchmark-example:english-extra-8-gpu","bd/english.100MB",8,262144,1000000,3475,3475,0,0.000,63.858,0.012,63.870,64.850,605,19163286
"benchmark-example:english-extra-8-gpu","bd/english.100MB",8,262144,1000000,3475,3475,0,0.000,63.858,0.012,63.870,64.850,606,19217857
"benchmark-example:english-extra-8-gpu","bd/english.100MB",8,262144,1000000,3475,3475,0,0.000,63.858,0.012,63.870,64.850,607,19239254
"benchmark-example:english-extra-8-gpu","bd/english.100MB",8,262144,1000000,3475,3475,0,0.000,63.858,0.012,63.870,64.850,608,19259142
"benchmark-example:english-extra-8-gpu","bd/english.100MB",8,262144,1000000,3475,3475,0,0.000,63.858,0.012,63.870,64.850,609,19367137
"benchmark-example:english-extra-8-gpu","bd/english.100MB",8,262144,1000000,3475,3475,0,0.000,63.858,0.012,63.870,64.850,610,19379144
"benchmark-example:english-extra-8-gpu","bd/english.100MB",8,262144,1000000,3475,3475,0,0.000,63.858,0.012,63.870,64.850,611,19409078
"benchmark-example:english-extra-8-gpu","bd/english.100MB",8,262144,1000000,3475,3475,0,0.000,63.858,0.012,63.870,64.850,612,19444660
"benchmark-example:english-extra-8-gpu","bd/english.100MB",8,262144,1000000,3475,3475,0,0.000,63.858,0.012,63.870,64.850,613,19480901
"benchmark-example:english-extra-8-gpu","bd/english.100MB",8,262144,1000000,3475,3475,0,0.000,63.858,0.012,63.870,64.850,614,19483988
"benchmark-example:english-extra-8-gpu","bd/english.100MB",8,262144,1000000,3475,3475,0,0.000,63.858,0.012,63.870,64.850,615,19551151
"benchmark-example:english-extra-8-gpu","bd/english.100MB",8,262144,1000000,3475,3475,0,0.000,63.858,0.012,63.870,64.850,616,19554410
"benchmark-example:english-extra-8-gpu","bd/english.100MB",8,262144,1000000,3475,3475,0,0.000,63.858,0.012,63.870,64.850,617,19561206
"benchmark-example:english-extra-8-gpu","bd/english.100MB",8,262144,1000000,3475,3475,0,0.000,63.858,0.012,63.870,64.850,618,19562959
"benchmark-example:english-extra-8-gpu","bd/english.100MB",8,262144,1000000,3475,3475,0,0.000,63.858,0.012,63.870,64.850,619,19581337
"benchmark-example:english-extra-8-gpu","bd/english.100MB",8,262144,1000000,3475,3475,0,0.000,63.858,0.012,63.870,64.850,620,19598170
"benchmark-example:english-extra-8-gpu","bd/english.100MB",8,262144,1000000,3475,3475,0,0.000,63.858,0.012,63.870,64.850,621,19598330
"benchmark-example:english-extra-8-gpu","bd/english.100MB",8,262144,1000000,3475,3475,0,0.000,63.858,0.012,63.870,64.850,622,19603059
"benchmark-example:english-extra-8-gpu","bd/english.100MB",8,262144,1000000,3475,3475,0,0.000,63.858,0.012,63.870,64.850,623,19621175
"benchmark-example:english-extra-8-gpu","bd/english.100MB",8,262144,1000000,3475,3475,0,0.000,63.858,0.012,63.870,64.850,624,19644288
"benchmark-example:english-extra-8-gpu","bd/english.100MB",8,262144,1000000,3475,3475,0,0.000,63.858,0.012,63.870,64.850,625,19666969
"benchmark-example:english-extra-8-gpu","bd/english.100MB",8,262144,1000000,3475,3475,0,0.000,63.858,0.012,63.870,64.850,626,19676313
"benchmark-example:english-extra-8-gpu","bd/english.100MB",8,262144,1000000,3475,3475,0,0.000,63.858,0.012,63.870,64.850,627,19682647
"benchmark-example:english-extra-8-gpu","bd/english.100MB",8,262144,1000000,3475,3475,0,0.000,63.858,0.012,63.870,64.850,628,19714177
"benchmark-example:english-extra-8-gpu","bd/english.100MB",8,262144,1000000,3475,3475,0,0.000,63.858,0.012,63.870,64.850,629,19953463
"benchmark-example:english-extra-8-gpu","bd/english.100MB",8,262144,1000000,3475,3475,0,0.000,63.858,0.012,63.870,64.850,630,19998351
"benchmark-example:english-extra-8-gpu","bd/english.100MB",8,262144,1000000,3475,3475,0,0.000,63.858,0.012,63.870,64.850,631,20022587
"benchmark-example:english-extra-8-gpu","bd/english.100MB",8,262144,1000000,3475,3475,0,0.000,63.858,0.012,63.870,64.850,632,20030850
"benchmark-example:english-extra-8-gpu","bd/english.100MB",8,262144,1000000,3475,3475,0,0.000,63.858,0.012,63.870,64.850,633,20056666
"benchmark-example:english-extra-8-gpu","bd/english.100MB",8,262144,1000000,3475,3475,0,0.000,63.858,0.012,63.870,64.850,634,20062105
"benchmark-example:english-extra-8-gpu","bd/english.100MB",8,262144,1000000,3475,3475,0,0.000,63.858,0.012,63.870,64.850,635,20083283
"benchmark-example:english-extra-8-gpu","bd/english.100MB",8,262144,1000000,3475,3475,0,0.000,63.858,0.012,63.870,64.850,636,20168701
"benchmark-example:english-extra-8-gpu","bd/english.100MB",8,262144,1000000,3475,3475,0,0.000,63.858,0.012,63.870,64.850,637,20173363
"benchmark-example:english-extra-8-gpu","bd/english.100MB",8,262144,1000000,3475,3475,0,0.000,63.858,0.012,63.870,64.850,638,20174127
"benchmark-example:english-extra-8-gpu","bd/english.100MB",8,262144,1000000,3475,3475,0,0.000,63.858,0.012,63.870,64.850,639,20247995
"benchmark-example:english-extra-8-gpu","bd/english.100MB",8,262144,1000000,3475,3475,0,0.000,63.858,0.012,63.870,64.850,640,20260002
"benchmark-example:english-extra-8-gpu","bd/english.100MB",8,262144,1000000,3475,3475,0,0.000,63.858,0.012,63.870,64.850,641,20289936
"benchmark-example:english-extra-8-gpu","bd/english.100MB",8,262144,1000000,3475,3475,0,0.000,63.858,0.012,63.870,64.850,642,20325518
"benchmark-example:english-extra-8-gpu","bd/english.100MB",8,262144,1000000,3475,3475,0,0.000,63.858,0.012,63.870,64.850,643,20361759
"benchmark-example:english-extra-8-gpu","bd/english.100MB",8,262144,1000000,3475,3475,0,0.000,63.858,0.012,63.870,64.850,644,20364846
"benchmark-example:english-extra-8-gpu","bd/english.100MB",8,262144,1000000,3475,3475,0,0.000,63.858,0.012,63.870,64.850,645,20432009
"benchmark-example:english-extra-8-gpu","bd/english.100MB",8,262144,1000000,3475,3475,0,0.000,63.858,0.012,63.870,64.850,646,20435268
"benchmark-example:english-extra-8-gpu","bd/english.100MB",8,262144,1000000,3475,3475,0,0.000,63.858,0.012,63.870,64.850,647,20442064
"benchmark-example:english-extra-8-gpu","bd/english.100MB",8,262144,1000000,3475,3475,0,0.000,63.858,0.012,63.870,64.850,648,20443817
"benchmark-example:english-extra-8-gpu","bd/english.100MB",8,262144,1000000,3475,3475,0,0.000,63.858,0.012,63.870,64.850,649,20462195
"benchmark-example:english-extra-8-gpu","bd/english.100MB",8,262144,1000000,3475,3475,0,0.000,63.858,0.012,63.870,64.850,650,20479028
"benchmark-example:english-extra-8-gpu","bd/english.100MB",8,262144,1000000,3475,3475,0,0.000,63.858,0.012,63.870,64.850,651,20479188
"benchmark-example:english-extra-8-gpu","bd/english.100MB",8,262144,1000000,3475,3475,0,0.000,63.858,0.012,63.870,64.850,652,20483917
"benchmark-example:english-extra-8-gpu","bd/english.100MB",8,262144,1000000,3475,3475,0,0.000,63.858,0.012,63.870,64.850,653,20502033
"benchmark-example:english-extra-8-gpu","bd/english.100MB",8,262144,1000000,3475,3475,0,0.000,63.858,0.012,63.870,64.850,654,20525146
"benchmark-example:english-extra-8-gpu","bd/english.100MB",8,262144,1000000,3475,3475,0,0.000,63.858,0.012,63.870,64.850,655,20547827
"benchmark-example:english-extra-8-gpu","bd/english.100MB",8,262144,1000000,3475,3475,0,0.000,63.858,0.012,63.870,64.850,656,20557171
"benchmark-example:english-extra-8-gpu","bd/english.100MB",8,262144,1000000,3475,3475,0,0.000,63.858,0.012,63.870,64.850,657,20563505
"benchmark-example:english-extra-8-gpu","bd/english.100MB",8,262144,1000000,3475,3475,0,0.000,63.858,0.012,63.870,64.850,658,20595035
"benchmark-example:english-extra-8-gpu","bd/english.100MB",8,262144,1000000,3475,3475,0,0.000,63.858,0.012,63.870,64.850,659,20834321
"benchmark-example:english-extra-8-gpu","bd/english.100MB",8,262144,1000000,3475,3475,0,0.000,63.858,0.012,63.870,64.850,660,20879209
"benchmark-example:english-extra-8-gpu","bd/english.100MB",8,262144,1000000,3475,3475,0,0.000,63.858,0.012,63.870,64.850,661,20903445
"benchmark-example:english-extra-8-gpu","bd/english.100MB",8,262144,1000000,3475,3475,0,0.000,63.858,0.012,63.870,64.850,662,20911708
"benchmark-example:english-extra-8-gpu","bd/english.100MB",8,262144,1000000,3475,3475,0,0.000,63.858,0.012,63.870,64.850,663,20937524
"benchmark-example:english-extra-8-gpu","bd/english.100MB",8,262144,1000000,3475,3475,0,0.000,63.858,0.012,63.870,64.850,664,20942963
"benchmark-example:english-extra-8-gpu","bd/english.100MB",8,262144,1000000,3475,3475,0,0.000,63.858,0.012,63.870,64.850,665,20964141
"benchmark-example:english-extra-8-gpu","bd/english.100MB",8,262144,1000000,3475,3475,0,0.000,63.858,0.012,63.870,64.850,666,21049543
"benchmark-example:english-extra-8-gpu","bd/english.100MB",8,262144,1000000,3475,3475,0,0.000,63.858,0.012,63.870,64.850,667,21054205
"benchmark-example:english-extra-8-gpu","bd/english.100MB",8,262144,1000000,3475,3475,0,0.000,63.858,0.012,63.870,64.850,668,21054969
"benchmark-example:english-extra-8-gpu","bd/english.100MB",8,262144,1000000,3475,3475,0,0.000,63.858,0.012,63.870,64.850,669,21140472
"benchmark-example:english-extra-8-gpu","bd/english.100MB",8,262144,1000000,3475,3475,0,0.000,63.858,0.012,63.870,64.850,670,21141531
"benchmark-example:english-extra-8-gpu","bd/english.100MB",8,262144,1000000,3475,3475,0,0.000,63.858,0.012,63.870,64.850,671,21143608
"benchmark-example:english-extra-8-gpu","bd/english.100MB",8,262144,1000000,3475,3475,0,0.000,63.858,0.012,63.870,64.850,672,21144093
"benchmark-example:english-extra-8-gpu","bd/english.100MB",8,262144,1000000,3475,3475,0,0.000,63.858,0.012,63.870,64.850,673,21231496
"benchmark-example:english-extra-8-gpu","bd/english.100MB",8,262144,1000000,3475,3475,0,0.000,63.858,0.012,63.870,64.850,674,21333822
"benchmark-example:english-extra-8-gpu","bd/english.100MB",8,262144,1000000,3475,3475,0,0.000,63.858,0.012,63.870,64.850,675,21337291
"benchmark-example:english-extra-8-gpu","bd/english.100MB",8,262144,1000000,3475,3475,0,0.000,63.858,0.012,63.870,64.850,676,21374744
"benchmark-example:english-extra-8-gpu","bd/english.100MB",8,262144,1000000,3475,3475,0,0.000,63.858,0.012,63.870,64.850,677,21626895
"benchmark-example:english-extra-8-gpu","bd/english.100MB",8,262144,1000000,3475,3475,0,0.000,63.858,0.012,63.870,64.850,678,21634659
"benchmark-example:english-extra-8-gpu","bd/english.100MB",8,262144,1000000,3475,3475,0,0.000,63.858,0.012,63.870,64.850,679,21639060
"benchmark-example:english-extra-8-gpu","bd/english.100MB",8,262144,1000000,3475,3475,0,0.000,63.858,0.012,63.870,64.850,680,21642374
"benchmark-example:english-extra-8-gpu","bd/english.100MB",8,262144,1000000,3475,3475,0,0.000,63.858,0.012,63.870,64.850,681,21749464
"benchmark-example:english-extra-8-gpu","bd/english.100MB",8,262144,1000000,3475,3475,0,0.000,63.858,0.012,63.870,64.850,682,21768824
"benchmark-example:english-extra-8-gpu","bd/english.100MB",8,262144,1000000,3475,3475,0,0.000,63.858,0.012,63.870,64.850,683,21812736
"benchmark-example:english-extra-8-gpu","bd/english.100MB",8,262144,1000000,3475,3475,0,0.000,63.858,0.012,63.870,64.850,684,21964033
"benchmark-example:english-extra-8-gpu","bd/english.100MB",8,262144,1000000,3475,3475,0,0.000,63.858,0.012,63.870,64.850,685,22191377
"benchmark-example:english-extra-8-gpu","bd/english.100MB",8,262144,1000000,3475,3475,0,0.000,63.858,0.012,63.870,64.850,686,22192436
"benchmark-example:english-extra-8-gpu","bd/english.100MB",8,262144,1000000,3475,3475,0,0.000,63.858,0.012,63.870,64.850,687,22194513
"benchmark-example:english-extra-8-gpu","bd/english.100MB",8,262144,1000000,3475,3475,0,0.000,63.858,0.012,63.870,64.850,688,22194998
"benchmark-example:english-extra-8-gpu","bd/english.100MB",8,262144,1000000,3475,3475,0,0.000,63.858,0.012,63.870,64.850,689,22282401
"benchmark-example:english-extra-8-gpu","bd/english.100MB",8,262144,1000000,3475,3475,0,0.000,63.858,0.012,63.870,64.850,690,22384643
"benchmark-example:english-extra-8-gpu","bd/english.100MB",8,262144,1000000,3475,3475,0,0.000,63.858,0.012,63.870,64.850,691,22388112
"benchmark-example:english-extra-8-gpu","bd/english.100MB",8,262144,1000000,3475,3475,0,0.000,63.858,0.012,63.870,64.850,692,22425560
"benchmark-example:english-extra-8-gpu","bd/english.100MB",8,262144,1000000,3475,3475,0,0.000,63.858,0.012,63.870,64.850,693,22677577
"benchmark-example:english-extra-8-gpu","bd/english.100MB",8,262144,1000000,3475,3475,0,0.000,63.858,0.012,63.870,64.850,694,22685341
"benchmark-example:english-extra-8-gpu","bd/english.100MB",8,262144,1000000,3475,3475,0,0.000,63.858,0.012,63.870,64.850,695,22689742
"benchmark-example:english-extra-8-gpu","bd/english.100MB",8,262144,1000000,3475,3475,0,0.000,63.858,0.012,63.870,64.850,696,22693056
"benchmark-example:english-extra-8-gpu","bd/english.100MB",8,262144,1000000,3475,3475,0,0.000,63.858,0.012,63.870,64.850,697,22800145
"benchmark-example:english-extra-8-gpu","bd/english.100MB",8,262144,1000000,3475,3475,0,0.000,63.858,0.012,63.870,64.850,698,22819505
"benchmark-example:english-extra-8-gpu","bd/english.100MB",8,262144,1000000,3475,3475,0,0.000,63.858,0.012,63.870,64.850,699,22863407
"benchmark-example:english-extra-8-gpu","bd/english.100MB",8,262144,1000000,3475,3475,0,0.000,63.858,0.012,63.870,64.850,700,23014679
"benchmark-example:english-extra-8-gpu","bd/english.100MB",8,262144,1000000,3475,3475,0,0.000,63.858,0.012,63.870,64.850,701,23207408
"benchmark-example:english-extra-8-gpu","bd/english.100MB",8,262144,1000000,3475,3475,0,0.000,63.858,0.012,63.870,64.850,702,23235126
"benchmark-example:english-extra-8-gpu","bd/english.100MB",8,262144,1000000,3475,3475,0,0.000,63.858,0.012,63.870,64.850,703,23318207
"benchmark-example:english-extra-8-gpu","bd/english.100MB",8,262144,1000000,3475,3475,0,0.000,63.858,0.012,63.870,64.850,704,23423308
"benchmark-example:english-extra-8-gpu","bd/english.100MB",8,262144,1000000,3475,3475,0,0.000,63.858,0.012,63.870,64.850,705,23426709
"benchmark-example:english-extra-8-gpu","bd/english.100MB",8,262144,1000000,3475,3475,0,0.000,63.858,0.012,63.870,64.850,706,23503280
"benchmark-example:english-extra-8-gpu","bd/english.100MB",8,262144,1000000,3475,3475,0,0.000,63.858,0.012,63.870,64.850,707,23574380
"benchmark-example:english-extra-8-gpu","bd/english.100MB",8,262144,1000000,3475,3475,0,0.000,63.858,0.012,63.870,64.850,708,23576937
"benchmark-example:english-extra-8-gpu","bd/english.100MB",8,262144,1000000,3475,3475,0,0.000,63.858,0.012,63.870,64.850,709,23585560
"benchmark-example:english-extra-8-gpu","bd/english.100MB",8,262144,1000000,3475,3475,0,0.000,63.858,0.012,63.870,64.850,710,23615752
"benchmark-example:english-extra-8-gpu","bd/english.100MB",8,262144,1000000,3475,3475,0,0.000,63.858,0.012,63.870,64.850,711,23659365
"benchmark-example:english-extra-8-gpu","bd/english.100MB",8,262144,1000000,3475,3475,0,0.000,63.858,0.012,63.870,64.850,712,23744955
"benchmark-example:english-extra-8-gpu","bd/english.100MB",8,262144,1000000,3475,3475,0,0.000,63.858,0.012,63.870,64.850,713,23745087
"benchmark-example:english-extra-8-gpu","bd/english.100MB",8,262144,1000000,3475,3475,0,0.000,63.858,0.012,63.870,64.850,714,23748045
"benchmark-example:english-extra-8-gpu","bd/english.100MB",8,262144,1000000,3475,3475,0,0.000,63.858,0.012,63.870,64.850,715,23780680
"benchmark-example:english-extra-8-gpu","bd/english.100MB",8,262144,1000000,3475,3475,0,0.000,63.858,0.012,63.870,64.850,716,23800276
"benchmark-example:english-extra-8-gpu","bd/english.100MB",8,262144,1000000,3475,3475,0,0.000,63.858,0.012,63.870,64.850,717,23803457
"benchmark-example:english-extra-8-gpu","bd/english.100MB",8,262144,1000000,3475,3475,0,0.000,63.858,0.012,63.870,64.850,718,23804587
"benchmark-example:english-extra-8-gpu","bd/english.100MB",8,262144,1000000,3475,3475,0,0.000,63.858,0.012,63.870,64.850,719,23816393
"benchmark-example:english-extra-8-gpu","bd/english.100MB",8,262144,1000000,3475,3475,0,0.000,63.858,0.012,63.870,64.850,720,23820719
"benchmark-example:english-extra-8-gpu","bd/english.100MB",8,262144,1000000,3475,3475,0,0.000,63.858,0.012,63.870,64.850,721,23821001
"benchmark-example:english-extra-8-gpu","bd/english.100MB",8,262144,1000000,3475,3475,0,0.000,63.858,0.012,63.870,64.850,722,23822428
"benchmark-example:english-extra-8-gpu","bd/english.100MB",8,262144,1000000,3475,3475,0,0.000,63.858,0.012,63.870,64.850,723,23823352
"benchmark-example:english-extra-8-gpu","bd/english.100MB",8,262144,1000000,3475,3475,0,0.000,63.858,0.012,63.870,64.850,724,23824524
"benchmark-example:english-extra-8-gpu","bd/english.100MB",8,262144,1000000,3475,3475,0,0.000,63.858,0.012,63.870,64.850,725,23825752
"benchmark-example:english-extra-8-gpu","bd/english.100MB",8,262144,1000000,3475,3475,0,0.000,63.858,0.012,63.870,64.850,726,23830814
"benchmark-example:english-extra-8-gpu","bd/english.100MB",8,262144,1000000,3475,3475,0,0.000,63.858,0.012,63.870,64.850,727,23833599
"benchmark-example:english-extra-8-gpu","bd/english.100MB",8,262144,1000000,3475,3475,0,0.000,63.858,0.012,63.870,64.850,728,23837593
"benchmark-example:english-extra-8-gpu","bd/english.100MB",8,262144,1000000,3475,3475,0,0.000,63.858,0.012,63.870,64.850,729,23837914
"benchmark-example:english-extra-8-gpu","bd/english.100MB",8,262144,1000000,3475,3475,0,0.000,63.858,0.012,63.870,64.850,730,23852281
"benchmark-example:english-extra-8-gpu","bd/english.100MB",8,262144,1000000,3475,3475,0,0.000,63.858,0.012,63.870,64.850,731,23871904
"benchmark-example:english-extra-8-gpu","bd/english.100MB",8,262144,1000000,3475,3475,0,0.000,63.858,0.012,63.870,64.850,732,23878910
"benchmark-example:english-extra-8-gpu","bd/english.100MB",8,262144,1000000,3475,3475,0,0.000,63.858,0.012,63.870,64.850,733,23896417
"benchmark-example:english-extra-8-gpu","bd/english.100MB",8,262144,1000000,3475,3475,0,0.000,63.858,0.012,63.870,64.850,734,23904496
"benchmark-example:english-extra-8-gpu","bd/english.100MB",8,262144,1000000,3475,3475,0,0.000,63.858,0.012,63.870,64.850,735,23924756
"benchmark-example:english-extra-8-gpu","bd/english.100MB",8,262144,1000000,3475,3475,0,0.000,63.858,0.012,63.870,64.850,736,23929445
"benchmark-example:english-extra-8-gpu","bd/english.100MB",8,262144,1000000,3475,3475,0,0.000,63.858,0.012,63.870,64.850,737,23933045
"benchmark-example:english-extra-8-gpu","bd/english.100MB",8,262144,1000000,3475,3475,0,0.000,63.858,0.012,63.870,64.850,738,23939003
"benchmark-example:english-extra-8-gpu","bd/english.100MB",8,262144,1000000,3475,3475,0,0.000,63.858,0.012,63.870,64.850,739,23956895
"benchmark-example:english-extra-8-gpu","bd/english.100MB",8,262144,1000000,3475,3475,0,0.000,63.858,0.012,63.870,64.850,740,23957645
"benchmark-example:english-extra-8-gpu","bd/english.100MB",8,262144,1000000,3475,3475,0,0.000,63.858,0.012,63.870,64.850,741,23970726
"benchmark-example:english-extra-8-gpu","bd/english.100MB",8,262144,1000000,3475,3475,0,0.000,63.858,0.012,63.870,64.850,742,24056691
"benchmark-example:english-extra-8-gpu","bd/english.100MB",8,262144,1000000,3475,3475,0,0.000,63.858,0.012,63.870,64.850,743,24064254
"benchmark-example:english-extra-8-gpu","bd/english.100MB",8,262144,1000000,3475,3475,0,0.000,63.858,0.012,63.870,64.850,744,24101824
"benchmark-example:english-extra-8-gpu","bd/english.100MB",8,262144,1000000,3475,3475,0,0.000,63.858,0.012,63.870,64.850,745,24112501
"benchmark-example:english-extra-8-gpu","bd/english.100MB",8,262144,1000000,3475,3475,0,0.000,63.858,0.012,63.870,64.850,746,24113754
"benchmark-example:english-extra-8-gpu","bd/english.100MB",8,262144,1000000,3475,3475,0,0.000,63.858,0.012,63.870,64.850,747,24118792
"benchmark-example:english-extra-8-gpu","bd/english.100MB",8,262144,1000000,3475,3475,0,0.000,63.858,0.012,63.870,64.850,748,24150489
"benchmark-example:english-extra-8-gpu","bd/english.100MB",8,262144,1000000,3475,3475,0,0.000,63.858,0.012,63.870,64.850,749,24155649
"benchmark-example:english-extra-8-gpu","bd/english.100MB",8,262144,1000000,3475,3475,0,0.000,63.858,0.012,63.870,64.850,750,24207620
"benchmark-example:english-extra-8-gpu","bd/english.100MB",8,262144,1000000,3475,3475,0,0.000,63.858,0.012,63.870,64.850,751,24306667
"benchmark-example:english-extra-8-gpu","bd/english.100MB",8,262144,1000000,3475,3475,0,0.000,63.858,0.012,63.870,64.850,752,24413868
"benchmark-example:english-extra-8-gpu","bd/english.100MB",8,262144,1000000,3475,3475,0,0.000,63.858,0.012,63.870,64.850,753,24421434
"benchmark-example:english-extra-8-gpu","bd/english.100MB",8,262144,1000000,3475,3475,0,0.000,63.858,0.012,63.870,64.850,754,24507010
"benchmark-example:english-extra-8-gpu","bd/english.100MB",8,262144,1000000,3475,3475,0,0.000,63.858,0.012,63.870,64.850,755,24552456
"benchmark-example:english-extra-8-gpu","bd/english.100MB",8,262144,1000000,3475,3475,0,0.000,63.858,0.012,63.870,64.850,756,24556579
"benchmark-example:english-extra-8-gpu","bd/english.100MB",8,262144,1000000,3475,3475,0,0.000,63.858,0.012,63.870,64.850,757,24623112
"benchmark-example:english-extra-8-gpu","bd/english.100MB",8,262144,1000000,3475,3475,0,0.000,63.858,0.012,63.870,64.850,758,24631830
"benchmark-example:english-extra-8-gpu","bd/english.100MB",8,262144,1000000,3475,3475,0,0.000,63.858,0.012,63.870,64.850,759,24652607
"benchmark-example:english-extra-8-gpu","bd/english.100MB",8,262144,1000000,3475,3475,0,0.000,63.858,0.012,63.870,64.850,760,24667559
"benchmark-example:english-extra-8-gpu","bd/english.100MB",8,262144,1000000,3475,3475,0,0.000,63.858,0.012,63.870,64.850,761,24771357
"benchmark-example:english-extra-8-gpu","bd/english.100MB",8,262144,1000000,3475,3475,0,0.000,63.858,0.012,63.870,64.850,762,24813594
"benchmark-example:english-extra-8-gpu","bd/english.100MB",8,262144,1000000,3475,3475,0,0.000,63.858,0.012,63.870,64.850,763,24844129
"benchmark-example:english-extra-8-gpu","bd/english.100MB",8,262144,1000000,3475,3475,0,0.000,63.858,0.012,63.870,64.850,764,24852049
"benchmark-example:english-extra-8-gpu","bd/english.100MB",8,262144,1000000,3475,3475,0,0.000,63.858,0.012,63.870,64.850,765,24887037
"benchmark-example:english-extra-8-gpu","bd/english.100MB",8,262144,1000000,3475,3475,0,0.000,63.858,0.012,63.870,64.850,766,24919618
"benchmark-example:english-extra-8-gpu","bd/english.100MB",8,262144,1000000,3475,3475,0,0.000,63.858,0.012,63.870,64.850,767,24921069
"benchmark-example:english-extra-8-gpu","bd/english.100MB",8,262144,1000000,3475,3475,0,0.000,63.858,0.012,63.870,64.850,768,24922062
"benchmark-example:english-extra-8-gpu","bd/english.100MB",8,262144,1000000,3475,3475,0,0.000,63.858,0.012,63.870,64.850,769,24979290
"benchmark-example:english-extra-8-gpu","bd/english.100MB",8,262144,1000000,3475,3475,0,0.000,63.858,0.012,63.870,64.850,770,24979361
"benchmark-example:english-extra-8-gpu","bd/english.100MB",8,262144,1000000,3475,3475,0,0.000,63.858,0.012,63.870,64.850,771,25002377
"benchmark-example:english-extra-8-gpu","bd/english.100MB",8,262144,1000000,3475,3475,0,0.000,63.858,0.012,63.870,64.850,772,25047578
"benchmark-example:english-extra-8-gpu","bd/english.100MB",8,262144,1000000,3475,3475,0,0.000,63.858,0.012,63.870,64.850,773,25050485
"benchmark-example:english-extra-8-gpu","bd/english.100MB",8,262144,1000000,3475,3475,0,0.000,63.858,0.012,63.870,64.850,774,25157464
"benchmark-example:english-extra-8-gpu","bd/english.100MB",8,262144,1000000,3475,3475,0,0.000,63.858,0.012,63.870,64.850,775,25202910
"benchmark-example:english-extra-8-gpu","bd/english.100MB",8,262144,1000000,3475,3475,0,0.000,63.858,0.012,63.870,64.850,776,25207033
"benchmark-example:english-extra-8-gpu","bd/english.100MB",8,262144,1000000,3475,3475,0,0.000,63.858,0.012,63.870,64.850,777,25273566
"benchmark-example:english-extra-8-gpu","bd/english.100MB",8,262144,1000000,3475,3475,0,0.000,63.858,0.012,63.870,64.850,778,25282284
"benchmark-example:english-extra-8-gpu","bd/english.100MB",8,262144,1000000,3475,3475,0,0.000,63.858,0.012,63.870,64.850,779,25303061
"benchmark-example:english-extra-8-gpu","bd/english.100MB",8,262144,1000000,3475,3475,0,0.000,63.858,0.012,63.870,64.850,780,25318013
"benchmark-example:english-extra-8-gpu","bd/english.100MB",8,262144,1000000,3475,3475,0,0.000,63.858,0.012,63.870,64.850,781,25421811
"benchmark-example:english-extra-8-gpu","bd/english.100MB",8,262144,1000000,3475,3475,0,0.000,63.858,0.012,63.870,64.850,782,25464048
"benchmark-example:english-extra-8-gpu","bd/english.100MB",8,262144,1000000,3475,3475,0,0.000,63.858,0.012,63.870,64.850,783,25494583
"benchmark-example:english-extra-8-gpu","bd/english.100MB",8,262144,1000000,3475,3475,0,0.000,63.858,0.012,63.870,64.850,784,25502503
"benchmark-example:english-extra-8-gpu","bd/english.100MB",8,262144,1000000,3475,3475,0,0.000,63.858,0.012,63.870,64.850,785,25537491
"benchmark-example:english-extra-8-gpu","bd/english.100MB",8,262144,1000000,3475,3475,0,0.000,63.858,0.012,63.870,64.850,786,25570072
"benchmark-example:english-extra-8-gpu","bd/english.100MB",8,262144,1000000,3475,3475,0,0.000,63.858,0.012,63.870,64.850,787,25571523
"benchmark-example:english-extra-8-gpu","bd/english.100MB",8,262144,1000000,3475,3475,0,0.000,63.858,0.012,63.870,64.850,788,25572516
"benchmark-example:english-extra-8-gpu","bd/english.100MB",8,262144,1000000,3475,3475,0,0.000,63.858,0.012,63.870,64.850,789,25629744
"benchmark-example:english-extra-8-gpu","bd/english.100MB",8,262144,1000000,3475,3475,0,0.000,63.858,0.012,63.870,64.850,790,25629815
"benchmark-example:english-extra-8-gpu","bd/english.100MB",8,262144,1000000,3475,3475,0,0.000,63.858,0.012,63.870,64.850,791,25652830
"benchmark-example:english-extra-8-gpu","bd/english.100MB",8,262144,1000000,3475,3475,0,0.000,63.858,0.012,63.870,64.850,792,25698030
"benchmark-example:english-extra-8-gpu","bd/english.100MB",8,262144,1000000,3475,3475,0,0.000,63.858,0.012,63.870,64.850,793,25700937
"benchmark-example:english-extra-8-gpu","bd/english.100MB",8,262144,1000000,3475,3475,0,0.000,63.858,0.012,63.870,64.850,794,25796598
"benchmark-example:english-extra-8-gpu","bd/english.100MB",8,262144,1000000,3475,3475,0,0.000,63.858,0.012,63.870,64.850,795,25837954
"benchmark-example:english-extra-8-gpu","bd/english.100MB",8,262144,1000000,3475,3475,0,0.000,63.858,0.012,63.870,64.850,796,25838804
"benchmark-example:english-extra-8-gpu","bd/english.100MB",8,262144,1000000,3475,3475,0,0.000,63.858,0.012,63.870,64.850,797,25851513
"benchmark-example:english-extra-8-gpu","bd/english.100MB",8,262144,1000000,3475,3475,0,0.000,63.858,0.012,63.870,64.850,798,25876519
"benchmark-example:english-extra-8-gpu","bd/english.100MB",8,262144,1000000,3475,3475,0,0.000,63.858,0.012,63.870,64.850,799,25902491
"benchmark-example:english-extra-8-gpu","bd/english.100MB",8,262144,1000000,3475,3475,0,0.000,63.858,0.012,63.870,64.850,800,25918428
"benchmark-example:english-extra-8-gpu","bd/english.100MB",8,262144,1000000,3475,3475,0,0.000,63.858,0.012,63.870,64.850,801,25926264
"benchmark-example:english-extra-8-gpu","bd/english.100MB",8,262144,1000000,3475,3475,0,0.000,63.858,0.012,63.870,64.850,802,25944809
"benchmark-example:english-extra-8-gpu","bd/english.100MB",8,262144,1000000,3475,3475,0,0.000,63.858,0.012,63.870,64.850,803,25967413
"benchmark-example:english-extra-8-gpu","bd/english.100MB",8,262144,1000000,3475,3475,0,0.000,63.858,0.012,63.870,64.850,804,26041575
"benchmark-example:english-extra-8-gpu","bd/english.100MB",8,262144,1000000,3475,3475,0,0.000,63.858,0.012,63.870,64.850,805,26103961
"benchmark-example:english-extra-8-gpu","bd/english.100MB",8,262144,1000000,3475,3475,0,0.000,63.858,0.012,63.870,64.850,806,26106024
"benchmark-example:english-extra-8-gpu","bd/english.100MB",8,262144,1000000,3475,3475,0,0.000,63.858,0.012,63.870,64.850,807,26106922
"benchmark-example:english-extra-8-gpu","bd/english.100MB",8,262144,1000000,3475,3475,0,0.000,63.858,0.012,63.870,64.850,808,26126413
"benchmark-example:english-extra-8-gpu","bd/english.100MB",8,262144,1000000,3475,3475,0,0.000,63.858,0.012,63.870,64.850,809,26127218
"benchmark-example:english-extra-8-gpu","bd/english.100MB",8,262144,1000000,3475,3475,0,0.000,63.858,0.012,63.870,64.850,810,26166216
"benchmark-example:english-extra-8-gpu","bd/english.100MB",8,262144,1000000,3475,3475,0,0.000,63.858,0.012,63.870,64.850,811,26181655
"benchmark-example:english-extra-8-gpu","bd/english.100MB",8,262144,1000000,3475,3475,0,0.000,63.858,0.012,63.870,64.850,812,26192666
"benchmark-example:english-extra-8-gpu","bd/english.100MB",8,262144,1000000,3475,3475,0,0.000,63.858,0.012,63.870,64.850,813,26254301
"benchmark-example:english-extra-8-gpu","bd/english.100MB",8,262144,1000000,3475,3475,0,0.000,63.858,0.012,63.870,64.850,814,26276966
"benchmark-example:english-extra-8-gpu","bd/english.100MB",8,262144,1000000,3475,3475,0,0.000,63.858,0.012,63.870,64.850,815,26278009
"benchmark-example:english-extra-8-gpu","bd/english.100MB",8,262144,1000000,3475,3475,0,0.000,63.858,0.012,63.870,64.850,816,26280889
"benchmark-example:english-extra-8-gpu","bd/english.100MB",8,262144,1000000,3475,3475,0,0.000,63.858,0.012,63.870,64.850,817,26280939
"benchmark-example:english-extra-8-gpu","bd/english.100MB",8,262144,1000000,3475,3475,0,0.000,63.858,0.012,63.870,64.850,818,26377144
"benchmark-example:english-extra-8-gpu","bd/english.100MB",8,262144,1000000,3475,3475,0,0.000,63.858,0.012,63.870,64.850,819,26395858
"benchmark-example:english-extra-8-gpu","bd/english.100MB",8,262144,1000000,3475,3475,0,0.000,63.858,0.012,63.870,64.850,820,26510266
"benchmark-example:english-extra-8-gpu","bd/english.100MB",8,262144,1000000,3475,3475,0,0.000,63.858,0.012,63.870,64.850,821,26518819
"benchmark-example:english-extra-8-gpu","bd/english.100MB",8,262144,1000000,3475,3475,0,0.000,63.858,0.012,63.870,64.850,822,26538988
"benchmark-example:english-extra-8-gpu","bd/english.100MB",8,262144,1000000,3475,3475,0,0.000,63.858,0.012,63.870,64.850,823,26564238
"benchmark-example:english-extra-8-gpu","bd/english.100MB",8,262144,1000000,3475,3475,0,0.000,63.858,0.012,63.870,64.850,824,26596752
"benchmark-example:english-extra-8-gpu","bd/english.100MB",8,262144,1000000,3475,3475,0,0.000,63.858,0.012,63.870,64.850,825,26608196
"benchmark-example:english-extra-8-gpu","bd/english.100MB",8,262144,1000000,3475,3475,0,0.000,63.858,0.012,63.870,64.850,826,26610468
"benchmark-example:english-extra-8-gpu","bd/english.100MB",8,262144,1000000,3475,3475,0,0.000,63.858,0.012,63.870,64.850,827,26674753
"benchmark-example:english-extra-8-gpu","bd/english.100MB",8,262144,1000000,3475,3475,0,0.000,63.858,0.012,63.870,64.850,828,26848279
"benchmark-example:english-extra-8-gpu","bd/english.100MB",8,262144,1000000,3475,3475,0,0.000,63.858,0.012,63.870,64.850,829,26891891
"benchmark-example:english-extra-8-gpu","bd/english.100MB",8,262144,1000000,3475,3475,0,0.000,63.858,0.012,63.870,64.850,830,26894218
"benchmark-example:english-extra-8-gpu","bd/english.100MB",8,262144,1000000,3475,3475,0,0.000,63.858,0.012,63.870,64.850,831,26909991
"benchmark-example:english-extra-8-gpu","bd/english.100MB",8,262144,1000000,3475,3475,0,0.000,63.858,0.012,63.870,64.850,832,26910296
"benchmark-example:english-extra-8-gpu","bd/english.100MB",8,262144,1000000,3475,3475,0,0.000,63.858,0.012,63.870,64.850,833,26959716
"benchmark-example:english-extra-8-gpu","bd/english.100MB",8,262144,1000000,3475,3475,0,0.000,63.858,0.012,63.870,64.850,834,26962343
"benchmark-example:english-extra-8-gpu","bd/english.100MB",8,262144,1000000,3475,3475,0,0.000,63.858,0.012,63.870,64.850,835,26979111
"benchmark-example:english-extra-8-gpu","bd/english.100MB",8,262144,1000000,3475,3475,0,0.000,63.858,0.012,63.870,64.850,836,27043850
"benchmark-example:english-extra-8-gpu","bd/english.100MB",8,262144,1000000,3475,3475,0,0.000,63.858,0.012,63.870,64.850,837,27049335
"benchmark-example:english-extra-8-gpu","bd/english.100MB",8,262144,1000000,3475,3475,0,0.000,63.858,0.012,63.870,64.850,838,27063404
"benchmark-example:english-extra-8-gpu","bd/english.100MB",8,262144,1000000,3475,3475,0,0.000,63.858,0.012,63.870,64.850,839,27091771
"benchmark-example:english-extra-8-gpu","bd/english.100MB",8,262144,1000000,3475,3475,0,0.000,63.858,0.012,63.870,64.850,840,27096513
"benchmark-example:english-extra-8-gpu","bd/english.100MB",8,262144,1000000,3475,3475,0,0.000,63.858,0.012,63.870,64.850,841,27181224
"benchmark-example:english-extra-8-gpu","bd/english.100MB",8,262144,1000000,3475,3475,0,0.000,63.858,0.012,63.870,64.850,842,27189281
"benchmark-example:english-extra-8-gpu","bd/english.100MB",8,262144,1000000,3475,3475,0,0.000,63.858,0.012,63.870,64.850,843,27214203
"benchmark-example:english-extra-8-gpu","bd/english.100MB",8,262144,1000000,3475,3475,0,0.000,63.858,0.012,63.870,64.850,844,27214587
"benchmark-example:english-extra-8-gpu","bd/english.100MB",8,262144,1000000,3475,3475,0,0.000,63.858,0.012,63.870,64.850,845,27225861
"benchmark-example:english-extra-8-gpu","bd/english.100MB",8,262144,1000000,3475,3475,0,0.000,63.858,0.012,63.870,64.850,846,27256852
"benchmark-example:english-extra-8-gpu","bd/english.100MB",8,262144,1000000,3475,3475,0,0.000,63.858,0.012,63.870,64.850,847,27312469
"benchmark-example:english-extra-8-gpu","bd/english.100MB",8,262144,1000000,3475,3475,0,0.000,63.858,0.012,63.870,64.850,848,27314835
"benchmark-example:english-extra-8-gpu","bd/english.100MB",8,262144,1000000,3475,3475,0,0.000,63.858,0.012,63.870,64.850,849,27326076
"benchmark-example:english-extra-8-gpu","bd/english.100MB",8,262144,1000000,3475,3475,0,0.000,63.858,0.012,63.870,64.850,850,27326402
"benchmark-example:english-extra-8-gpu","bd/english.100MB",8,262144,1000000,3475,3475,0,0.000,63.858,0.012,63.870,64.850,851,27357030
"benchmark-example:english-extra-8-gpu","bd/english.100MB",8,262144,1000000,3475,3475,0,0.000,63.858,0.012,63.870,64.850,852,27411102
"benchmark-example:english-extra-8-gpu","bd/english.100MB",8,262144,1000000,3475,3475,0,0.000,63.858,0.012,63.870,64.850,853,27427935
"benchmark-example:english-extra-8-gpu","bd/english.100MB",8,262144,1000000,3475,3475,0,0.000,63.858,0.012,63.870,64.850,854,27437082
"benchmark-example:english-extra-8-gpu","bd/english.100MB",8,262144,1000000,3475,3475,0,0.000,63.858,0.012,63.870,64.850,855,27437953
"benchmark-example:english-extra-8-gpu","bd/english.100MB",8,262144,1000000,3475,3475,0,0.000,63.858,0.012,63.870,64.850,856,27446776
"benchmark-example:english-extra-8-gpu","bd/english.100MB",8,262144,1000000,3475,3475,0,0.000,63.858,0.012,63.870,64.850,857,27449521
"benchmark-example:english-extra-8-gpu","bd/english.100MB",8,262144,1000000,3475,3475,0,0.000,63.858,0.012,63.870,64.850,858,27453526
"benchmark-example:english-extra-8-gpu","bd/english.100MB",8,262144,1000000,3475,3475,0,0.000,63.858,0.012,63.870,64.850,859,27455817
"benchmark-example:english-extra-8-gpu","bd/english.100MB",8,262144,1000000,3475,3475,0,0.000,63.858,0.012,63.870,64.850,860,27601716
"benchmark-example:english-extra-8-gpu","bd/english.100MB",8,262144,1000000,3475,3475,0,0.000,63.858,0.012,63.870,64.850,861,27639583
"benchmark-example:english-extra-8-gpu","bd/english.100MB",8,262144,1000000,3475,3475,0,0.000,63.858,0.012,63.870,64.850,862,27640952
"benchmark-example:english-extra-8-gpu","bd/english.100MB",8,262144,1000000,3475,3475,0,0.000,63.858,0.012,63.870,64.850,863,27798304
"benchmark-example:english-extra-8-gpu","bd/english.100MB",8,262144,1000000,3475,3475,0,0.000,63.858,0.012,63.870,64.850,864,27829634
"benchmark-example:english-extra-8-gpu","bd/english.100MB",8,262144,1000000,3475,3475,0,0.000,63.858,0.012,63.870,64.850,865,27865614
"benchmark-example:english-extra-8-gpu","bd/english.100MB",8,262144,1000000,3475,3475,0,0.000,63.858,0.012,63.870,64.850,866,27931700
"benchmark-example:english-extra-8-gpu","bd/english.100MB",8,262144,1000000,3475,3475,0,0.000,63.858,0.012,63.870,64.850,867,27970617
"benchmark-example:english-extra-8-gpu","bd/english.100MB",8,262144,1000000,3475,3475,0,0.000,63.858,0.012,63.870,64.850,868,28034531
"benchmark-example:english-extra-8-gpu","bd/english.100MB",8,262144,1000000,3475,3475,0,0.000,63.858,0.012,63.870,64.850,869,28095463
"benchmark-example:english-extra-8-gpu","bd/english.100MB",8,262144,1000000,3475,3475,0,0.000,63.858,0.012,63.870,64.850,870,28130291
"benchmark-example:english-extra-8-gpu","bd/english.100MB",8,262144,1000000,3475,3475,0,0.000,63.858,0.012,63.870,64.850,871,28147289
"benchmark-example:english-extra-8-gpu","bd/english.100MB",8,262144,1000000,3475,3475,0,0.000,63.858,0.012,63.870,64.850,872,28280840
"benchmark-example:english-extra-8-gpu","bd/english.100MB",8,262144,1000000,3475,3475,0,0.000,63.858,0.012,63.870,64.850,873,28294335
"benchmark-example:english-extra-8-gpu","bd/english.100MB",8,262144,1000000,3475,3475,0,0.000,63.858,0.012,63.870,64.850,874,28339071
"benchmark-example:english-extra-8-gpu","bd/english.100MB",8,262144,1000000,3475,3475,0,0.000,63.858,0.012,63.870,64.850,875,28343414
"benchmark-example:english-extra-8-gpu","bd/english.100MB",8,262144,1000000,3475,3475,0,0.000,63.858,0.012,63.870,64.850,876,28389847
"benchmark-example:english-extra-8-gpu","bd/english.100MB",8,262144,1000000,3475,3475,0,0.000,63.858,0.012,63.870,64.850,877,28395229
"benchmark-example:english-extra-8-gpu","bd/english.100MB",8,262144,1000000,3475,3475,0,0.000,63.858,0.012,63.870,64.850,878,28439789
"benchmark-example:english-extra-8-gpu","bd/english.100MB",8,262144,1000000,3475,3475,0,0.000,63.858,0.012,63.870,64.850,879,28441593
"benchmark-example:english-extra-8-gpu","bd/english.100MB",8,262144,1000000,3475,3475,0,0.000,63.858,0.012,63.870,64.850,880,28469776
"benchmark-example:english-extra-8-gpu","bd/english.100MB",8,262144,1000000,3475,3475,0,0.000,63.858,0.012,63.870,64.850,881,28511930
"benchmark-example:english-extra-8-gpu","bd/english.100MB",8,262144,1000000,3475,3475,0,0.000,63.858,0.012,63.870,64.850,882,28525426
"benchmark-example:english-extra-8-gpu","bd/english.100MB",8,262144,1000000,3475,3475,0,0.000,63.858,0.012,63.870,64.850,883,28540273
"benchmark-example:english-extra-8-gpu","bd/english.100MB",8,262144,1000000,3475,3475,0,0.000,63.858,0.012,63.870,64.850,884,28617363
"benchmark-example:english-extra-8-gpu","bd/english.100MB",8,262144,1000000,3475,3475,0,0.000,63.858,0.012,63.870,64.850,885,28633229
"benchmark-example:english-extra-8-gpu","bd/english.100MB",8,262144,1000000,3475,3475,0,0.000,63.858,0.012,63.870,64.850,886,28678747
"benchmark-example:english-extra-8-gpu","bd/english.100MB",8,262144,1000000,3475,3475,0,0.000,63.858,0.012,63.870,64.850,887,28790408
"benchmark-example:english-extra-8-gpu","bd/english.100MB",8,262144,1000000,3475,3475,0,0.000,63.858,0.012,63.870,64.850,888,28799380
"benchmark-example:english-extra-8-gpu","bd/english.100MB",8,262144,1000000,3475,3475,0,0.000,63.858,0.012,63.870,64.850,889,28800055
"benchmark-example:english-extra-8-gpu","bd/english.100MB",8,262144,1000000,3475,3475,0,0.000,63.858,0.012,63.870,64.850,890,28830947
"benchmark-example:english-extra-8-gpu","bd/english.100MB",8,262144,1000000,3475,3475,0,0.000,63.858,0.012,63.870,64.850,891,28936384
"benchmark-example:english-extra-8-gpu","bd/english.100MB",8,262144,1000000,3475,3475,0,0.000,63.858,0.012,63.870,64.850,892,29026544
"benchmark-example:english-extra-8-gpu","bd/english.100MB",8,262144,1000000,3475,3475,0,0.000,63.858,0.012,63.870,64.850,893,29028915
"benchmark-example:english-extra-8-gpu","bd/english.100MB",8,262144,1000000,3475,3475,0,0.000,63.858,0.012,63.870,64.850,894,29118489
"benchmark-example:english-extra-8-gpu","bd/english.100MB",8,262144,1000000,3475,3475,0,0.000,63.858,0.012,63.870,64.850,895,29144861
"benchmark-example:english-extra-8-gpu","bd/english.100MB",8,262144,1000000,3475,3475,0,0.000,63.858,0.012,63.870,64.850,896,29164269
"benchmark-example:english-extra-8-gpu","bd/english.100MB",8,262144,1000000,3475,3475,0,0.000,63.858,0.012,63.870,64.850,897,29198599
"benchmark-example:english-extra-8-gpu","bd/english.100MB",8,262144,1000000,3475,3475,0,0.000,63.858,0.012,63.870,64.850,898,29216354
"benchmark-example:english-extra-8-gpu","bd/english.100MB",8,262144,1000000,3475,3475,0,0.000,63.858,0.012,63.870,64.850,899,29216649
"benchmark-example:english-extra-8-gpu","bd/english.100MB",8,262144,1000000,3475,3475,0,0.000,63.858,0.012,63.870,64.850,900,29321003
"benchmark-example:english-extra-8-gpu","bd/english.100MB",8,262144,1000000,3475,3475,0,0.000,63.858,0.012,63.870,64.850,901,29324856
"benchmark-example:english-extra-8-gpu","bd/english.100MB",8,262144,1000000,3475,3475,0,0.000,63.858,0.012,63.870,64.850,902,29358653
"benchmark-example:english-extra-8-gpu","bd/english.100MB",8,262144,1000000,3475,3475,0,0.000,63.858,0.012,63.870,64.850,903,29378779
"benchmark-example:english-extra-8-gpu","bd/english.100MB",8,262144,1000000,3475,3475,0,0.000,63.858,0.012,63.870,64.850,904,29387099
"benchmark-example:english-extra-8-gpu","bd/english.100MB",8,262144,1000000,3475,3475,0,0.000,63.858,0.012,63.870,64.850,905,29459879
"benchmark-example:english-extra-8-gpu","bd/english.100MB",8,262144,1000000,3475,3475,0,0.000,63.858,0.012,63.870,64.850,906,29470586
"benchmark-example:english-extra-8-gpu","bd/english.100MB",8,262144,1000000,3475,3475,0,0.000,63.858,0.012,63.870,64.850,907,29500605
"benchmark-example:english-extra-8-gpu","bd/english.100MB",8,262144,1000000,3475,3475,0,0.000,63.858,0.012,63.870,64.850,908,29505365
"benchmark-example:english-extra-8-gpu","bd/english.100MB",8,262144,1000000,3475,3475,0,0.000,63.858,0.012,63.870,64.850,909,29506223
"benchmark-example:english-extra-8-gpu","bd/english.100MB",8,262144,1000000,3475,3475,0,0.000,63.858,0.012,63.870,64.850,910,29506974
"benchmark-example:english-extra-8-gpu","bd/english.100MB",8,262144,1000000,3475,3475,0,0.000,63.858,0.012,63.870,64.850,911,29511658
"benchmark-example:english-extra-8-gpu","bd/english.100MB",8,262144,1000000,3475,3475,0,0.000,63.858,0.012,63.870,64.850,912,29514757
"benchmark-example:english-extra-8-gpu","bd/english.100MB",8,262144,1000000,3475,3475,0,0.000,63.858,0.012,63.870,64.850,913,29524979
"benchmark-example:english-extra-8-gpu","bd/english.100MB",8,262144,1000000,3475,3475,0,0.000,63.858,0.012,63.870,64.850,914,29536443
"benchmark-example:english-extra-8-gpu","bd/english.100MB",8,262144,1000000,3475,3475,0,0.000,63.858,0.012,63.870,64.850,915,29543325
"benchmark-example:english-extra-8-gpu","bd/english.100MB",8,262144,1000000,3475,3475,0,0.000,63.858,0.012,63.870,64.850,916,29551131
"benchmark-example:english-extra-8-gpu","bd/english.100MB",8,262144,1000000,3475,3475,0,0.000,63.858,0.012,63.870,64.850,917,29554761
"benchmark-example:english-extra-8-gpu","bd/english.100MB",8,262144,1000000,3475,3475,0,0.000,63.858,0.012,63.870,64.850,918,29577813
"benchmark-example:english-extra-8-gpu","bd/english.100MB",8,262144,1000000,3475,3475,0,0.000,63.858,0.012,63.870,64.850,919,29579813
"benchmark-example:english-extra-8-gpu","bd/english.100MB",8,262144,1000000,3475,3475,0,0.000,63.858,0.012,63.870,64.850,920,29580084
"benchmark-example:english-extra-8-gpu","bd/english.100MB",8,262144,1000000,3475,3475,0,0.000,63.858,0.012,63.870,64.850,921,29580824
"benchmark-example:english-extra-8-gpu","bd/english.100MB",8,262144,1000000,3475,3475,0,0.000,63.858,0.012,63.870,64.850,922,29585560
"benchmark-example:english-extra-8-gpu","bd/english.100MB",8,262144,1000000,3475,3475,0,0.000,63.858,0.012,63.870,64.850,923,29600405
"benchmark-example:english-extra-8-gpu","bd/english.100MB",8,262144,1000000,3475,3475,0,0.000,63.858,0.012,63.870,64.850,924,29603777
"benchmark-example:english-extra-8-gpu","bd/english.100MB",8,262144,1000000,3475,3475,0,0.000,63.858,0.012,63.870,64.850,925,29651965
"benchmark-example:english-extra-8-gpu","bd/english.100MB",8,262144,1000000,3475,3475,0,0.000,63.858,0.012,63.870,64.850,926,29660828
"benchmark-example:english-extra-8-gpu","bd/english.100MB",8,262144,1000000,3475,3475,0,0.000,63.858,0.012,63.870,64.850,927,29746351
"benchmark-example:english-extra-8-gpu","bd/english.100MB",8,262144,1000000,3475,3475,0,0.000,63.858,0.012,63.870,64.850,928,29760416
"benchmark-example:english-extra-8-gpu","bd/english.100MB",8,262144,1000000,3475,3475,0,0.000,63.858,0.012,63.870,64.850,929,29788857
"benchmark-example:english-extra-8-gpu","bd/english.100MB",8,262144,1000000,3475,3475,0,0.000,63.858,0.012,63.870,64.850,930,29791259
"benchmark-example:english-extra-8-gpu","bd/english.100MB",8,262144,1000000,3475,3475,0,0.000,63.858,0.012,63.870,64.850,931,29814717
"benchmark-example:english-extra-8-gpu","bd/english.100MB",8,262144,1000000,3475,3475,0,0.000,63.858,0.012,63.870,64.850,932,29844741
"benchmark-example:english-extra-8-gpu","bd/english.100MB",8,262144,1000000,3475,3475,0,0.000,63.858,0.012,63.870,64.850,933,29894133
"benchmark-example:english-extra-8-gpu","bd/english.100MB",8,262144,1000000,3475,3475,0,0.000,63.858,0.012,63.870,64.850,934,29921263
"benchmark-example:english-extra-8-gpu","bd/english.100MB",8,262144,1000000,3475,3475,0,0.000,63.858,0.012,63.870,64.850,935,29927194
"benchmark-example:english-extra-8-gpu","bd/english.100MB",8,262144,1000000,3475,3475,0,0.000,63.858,0.012,63.870,64.850,936,29943662
"benchmark-example:english-extra-8-gpu","bd/english.100MB",8,262144,1000000,3475,3475,0,0.000,63.858,0.012,63.870,64.850,937,29973032
"benchmark-example:english-extra-8-gpu","bd/english.100MB",8,262144,1000000,3475,3475,0,0.000,63.858,0.012,63.870,64.850,938,30031796
"benchmark-example:english-extra-8-gpu","bd/english.100MB",8,262144,1000000,3475,3475,0,0.000,63.858,0.012,63.870,64.850,939,30037943
"benchmark-example:english-extra-8-gpu","bd/english.100MB",8,262144,1000000,3475,3475,0,0.000,63.858,0.012,63.870,64.850,940,30109609
"benchmark-example:english-extra-8-gpu","bd/english.100MB",8,262144,1000000,3475,3475,0,0.000,63.858,0.012,63.870,64.850,941,30130323
"benchmark-example:english-extra-8-gpu","bd/english.100MB",8,262144,1000000,3475,3475,0,0.000,63.858,0.012,63.870,64.850,942,30145572
"benchmark-example:english-extra-8-gpu","bd/english.100MB",8,262144,1000000,3475,3475,0,0.000,63.858,0.012,63.870,64.850,943,30193564
"benchmark-example:english-extra-8-gpu","bd/english.100MB",8,262144,1000000,3475,3475,0,0.000,63.858,0.012,63.870,64.850,944,30210338
"benchmark-example:english-extra-8-gpu","bd/english.100MB",8,262144,1000000,3475,3475,0,0.000,63.858,0.012,63.870,64.850,945,30329586
"benchmark-example:english-extra-8-gpu","bd/english.100MB",8,262144,1000000,3475,3475,0,0.000,63.858,0.012,63.870,64.850,946,30358338
"benchmark-example:english-extra-8-gpu","bd/english.100MB",8,262144,1000000,3475,3475,0,0.000,63.858,0.012,63.870,64.850,947,30364310
"benchmark-example:english-extra-8-gpu","bd/english.100MB",8,262144,1000000,3475,3475,0,0.000,63.858,0.012,63.870,64.850,948,30376021
"benchmark-example:english-extra-8-gpu","bd/english.100MB",8,262144,1000000,3475,3475,0,0.000,63.858,0.012,63.870,64.850,949,30409360
"benchmark-example:english-extra-8-gpu","bd/english.100MB",8,262144,1000000,3475,3475,0,0.000,63.858,0.012,63.870,64.850,950,30423883
"benchmark-example:english-extra-8-gpu","bd/english.100MB",8,262144,1000000,3475,3475,0,0.000,63.858,0.012,63.870,64.850,951,30474828
"benchmark-example:english-extra-8-gpu","bd/english.100MB",8,262144,1000000,3475,3475,0,0.000,63.858,0.012,63.870,64.850,952,30634739
"benchmark-example:english-extra-8-gpu","bd/english.100MB",8,262144,1000000,3475,3475,0,0.000,63.858,0.012,63.870,64.850,953,30656955
"benchmark-example:english-extra-8-gpu","bd/english.100MB",8,262144,1000000,3475,3475,0,0.000,63.858,0.012,63.870,64.850,954,30721570
"benchmark-example:english-extra-8-gpu","bd/english.100MB",8,262144,1000000,3475,3475,0,0.000,63.858,0.012,63.870,64.850,955,30758912
"benchmark-example:english-extra-8-gpu","bd/english.100MB",8,262144,1000000,3475,3475,0,0.000,63.858,0.012,63.870,64.850,956,30760770
"benchmark-example:english-extra-8-gpu","bd/english.100MB",8,262144,1000000,3475,3475,0,0.000,63.858,0.012,63.870,64.850,957,30769779
"benchmark-example:english-extra-8-gpu","bd/english.100MB",8,262144,1000000,3475,3475,0,0.000,63.858,0.012,63.870,64.850,958,30817381
"benchmark-example:english-extra-8-gpu","bd/english.100MB",8,262144,1000000,3475,3475,0,0.000,63.858,0.012,63.870,64.850,959,30836000
"benchmark-example:english-extra-8-gpu","bd/english.100MB",8,262144,1000000,3475,3475,0,0.000,63.858,0.012,63.870,64.850,960,30847642
"benchmark-example:english-extra-8-gpu","bd/english.100MB",8,262144,1000000,3475,3475,0,0.000,63.858,0.012,63.870,64.850,961,30848234
"benchmark-example:english-extra-8-gpu","bd/english.100MB",8,262144,1000000,3475,3475,0,0.000,63.858,0.012,63.870,64.850,962,30854608
"benchmark-example:english-extra-8-gpu","bd/english.100MB",8,262144,1000000,3475,3475,0,0.000,63.858,0.012,63.870,64.850,963,30892250
"benchmark-example:english-extra-8-gpu","bd/english.100MB",8,262144,1000000,3475,3475,0,0.000,63.858,0.012,63.870,64.850,964,30899931
"benchmark-example:english-extra-8-gpu","bd/english.100MB",8,262144,1000000,3475,3475,0,0.000,63.858,0.012,63.870,64.850,965,30948884
"benchmark-example:english-extra-8-gpu","bd/english.100MB",8,262144,1000000,3475,3475,0,0.000,63.858,0.012,63.870,64.850,966,30986226
"benchmark-example:english-extra-8-gpu","bd/english.100MB",8,262144,1000000,3475,3475,0,0.000,63.858,0.012,63.870,64.850,967,30988084
"benchmark-example:english-extra-8-gpu","bd/english.100MB",8,262144,1000000,3475,3475,0,0.000,63.858,0.012,63.870,64.850,968,30997093
"benchmark-example:english-extra-8-gpu","bd/english.100MB",8,262144,1000000,3475,3475,0,0.000,63.858,0.012,63.870,64.850,969,31044695
"benchmark-example:english-extra-8-gpu","bd/english.100MB",8,262144,1000000,3475,3475,0,0.000,63.858,0.012,63.870,64.850,970,31063313
"benchmark-example:english-extra-8-gpu","bd/english.100MB",8,262144,1000000,3475,3475,0,0.000,63.858,0.012,63.870,64.850,971,31074956
"benchmark-example:english-extra-8-gpu","bd/english.100MB",8,262144,1000000,3475,3475,0,0.000,63.858,0.012,63.870,64.850,972,31075548
"benchmark-example:english-extra-8-gpu","bd/english.100MB",8,262144,1000000,3475,3475,0,0.000,63.858,0.012,63.870,64.850,973,31081922
"benchmark-example:english-extra-8-gpu","bd/english.100MB",8,262144,1000000,3475,3475,0,0.000,63.858,0.012,63.870,64.850,974,31119564
"benchmark-example:english-extra-8-gpu","bd/english.100MB",8,262144,1000000,3475,3475,0,0.000,63.858,0.012,63.870,64.850,975,31127244
"benchmark-example:english-extra-8-gpu","bd/english.100MB",8,262144,1000000,3475,3475,0,0.000,63.858,0.012,63.870,64.850,976,31160621
"benchmark-example:english-extra-8-gpu","bd/english.100MB",8,262144,1000000,3475,3475,0,0.000,63.858,0.012,63.870,64.850,977,31162276
"benchmark-example:english-extra-8-gpu","bd/english.100MB",8,262144,1000000,3475,3475,0,0.000,63.858,0.012,63.870,64.850,978,31239746
"benchmark-example:english-extra-8-gpu","bd/english.100MB",8,262144,1000000,3475,3475,0,0.000,63.858,0.012,63.870,64.850,979,31314476
"benchmark-example:english-extra-8-gpu","bd/english.100MB",8,262144,1000000,3475,3475,0,0.000,63.858,0.012,63.870,64.850,980,31339915
"benchmark-example:english-extra-8-gpu","bd/english.100MB",8,262144,1000000,3475,3475,0,0.000,63.858,0.012,63.870,64.850,981,31448813
"benchmark-example:english-extra-8-gpu","bd/english.100MB",8,262144,1000000,3475,3475,0,0.000,63.858,0.012,63.870,64.850,982,31519782
"benchmark-example:english-extra-8-gpu","bd/english.100MB",8,262144,1000000,3475,3475,0,0.000,63.858,0.012,63.870,64.850,983,31632403
"benchmark-example:english-extra-8-gpu","bd/english.100MB",8,262144,1000000,3475,3475,0,0.000,63.858,0.012,63.870,64.850,984,31676703
"benchmark-example:english-extra-8-gpu","bd/english.100MB",8,262144,1000000,3475,3475,0,0.000,63.858,0.012,63.870,64.850,985,31686714
"benchmark-example:english-extra-8-gpu","bd/english.100MB",8,262144,1000000,3475,3475,0,0.000,63.858,0.012,63.870,64.850,986,31687614
"benchmark-example:english-extra-8-gpu","bd/english.100MB",8,262144,1000000,3475,3475,0,0.000,63.858,0.012,63.870,64.850,987,31777245
"benchmark-example:english-extra-8-gpu","bd/english.100MB",8,262144,1000000,3475,3475,0,0.000,63.858,0.012,63.870,64.850,988,31793680
"benchmark-example:english-extra-8-gpu","bd/english.100MB",8,262144,1000000,3475,3475,0,0.000,63.858,0.012,63.870,64.850,989,31798030
"benchmark-example:english-extra-8-gpu","bd/english.100MB",8,262144,1000000,3475,3475,0,0.000,63.858,0.012,63.870,64.850,990,31832287
"benchmark-example:english-extra-8-gpu","bd/english.100MB",8,262144,1000000,3475,3475,0,0.000,63.858,0.012,63.870,64.850,991,31843996
"benchmark-example:english-extra-8-gpu","bd/english.100MB",8,262144,1000000,3475,3475,0,0.000,63.858,0.012,63.870,64.850,992,31880160
"benchmark-example:english-extra-8-gpu","bd/english.100MB",8,262144,1000000,3475,3475,0,0.000,63.858,0.012,63.870,64.850,993,31902609
"benchmark-example:english-extra-8-gpu","bd/english.100MB",8,262144,1000000,3475,3475,0,0.000,63.858,0.012,63.870,64.850,994,31935687
"benchmark-example:english-extra-8-gpu","bd/english.100MB",8,262144,1000000,3475,3475,0,0.000,63.858,0.012,63.870,64.850,995,31945423
"benchmark-example:english-extra-8-gpu","bd/english.100MB",8,262144,1000000,3475,3475,0,0.000,63.858,0.012,63.870,64.850,996,31956444
"benchmark-example:english-extra-8-gpu","bd/english.100MB",8,262144,1000000,3475,3475,0,0.000,63.858,0.012,63.870,64.850,997,31958042
"benchmark-example:english-extra-8-gpu","bd/english.100MB",8,262144,1000000,3475,3475,0,0.000,63.858,0.012,63.870,64.850,998,31958674
"benchmark-example:english-extra-8-gpu","bd/english.100MB",8,262144,1000000,3475,3475,0,0.000,63.858,0.012,63.870,64.850,999,32004298
"benchmark-example:english-extra-8-gpu","bd/english.100MB",8,262144,1000000,3475,3475,0,0.000,63.858,0.012,63.870,64.850,1000,32035182
"benchmark-example:english-extra-8-gpu","bd/english.100MB",8,262144,1000000,3475,3475,0,0.000,63.858,0.012,63.870,64.850,1001,32048586
"benchmark-example:english-extra-8-gpu","bd/english.100MB",8,262144,1000000,3475,3475,0,0.000,63.858,0.012,63.870,64.850,1002,32111171
"benchmark-example:english-extra-8-gpu","bd/english.100MB",8,262144,1000000,3475,3475,0,0.000,63.858,0.012,63.870,64.850,1003,32113609
"benchmark-example:english-extra-8-gpu","bd/english.100MB",8,262144,1000000,3475,3475,0,0.000,63.858,0.012,63.870,64.850,1004,32130974
"benchmark-example:english-extra-8-gpu","bd/english.100MB",8,262144,1000000,3475,3475,0,0.000,63.858,0.012,63.870,64.850,1005,32160892
"benchmark-example:english-extra-8-gpu","bd/english.100MB",8,262144,1000000,3475,3475,0,0.000,63.858,0.012,63.870,64.850,1006,32188075
"benchmark-example:english-extra-8-gpu","bd/english.100MB",8,262144,1000000,3475,3475,0,0.000,63.858,0.012,63.870,64.850,1007,32255182
"benchmark-example:english-extra-8-gpu","bd/english.100MB",8,262144,1000000,3475,3475,0,0.000,63.858,0.012,63.870,64.850,1008,32275309
"benchmark-example:english-extra-8-gpu","bd/english.100MB",8,262144,1000000,3475,3475,0,0.000,63.858,0.012,63.870,64.850,1009,32278454
"benchmark-example:english-extra-8-gpu","bd/english.100MB",8,262144,1000000,3475,3475,0,0.000,63.858,0.012,63.870,64.850,1010,32347347
"benchmark-example:english-extra-8-gpu","bd/english.100MB",8,262144,1000000,3475,3475,0,0.000,63.858,0.012,63.870,64.850,1011,32451225
"benchmark-example:english-extra-8-gpu","bd/english.100MB",8,262144,1000000,3475,3475,0,0.000,63.858,0.012,63.870,64.850,1012,32451247
"benchmark-example:english-extra-8-gpu","bd/english.100MB",8,262144,1000000,3475,3475,0,0.000,63.858,0.012,63.870,64.850,1013,32452018
"benchmark-example:english-extra-8-gpu","bd/english.100MB",8,262144,1000000,3475,3475,0,0.000,63.858,0.012,63.870,64.850,1014,32476629
"benchmark-example:english-extra-8-gpu","bd/english.100MB",8,262144,1000000,3475,3475,0,0.000,63.858,0.012,63.870,64.850,1015,32579316
"benchmark-example:english-extra-8-gpu","bd/english.100MB",8,262144,1000000,3475,3475,0,0.000,63.858,0.012,63.870,64.850,1016,32605440
"benchmark-example:english-extra-8-gpu","bd/english.100MB",8,262144,1000000,3475,3475,0,0.000,63.858,0.012,63.870,64.850,1017,32660860
"benchmark-example:english-extra-8-gpu","bd/english.100MB",8,262144,1000000,3475,3475,0,0.000,63.858,0.012,63.870,64.850,1018,32853002
"benchmark-example:english-extra-8-gpu","bd/english.100MB",8,262144,1000000,3475,3475,0,0.000,63.858,0.012,63.870,64.850,1019,33003570
"benchmark-example:english-extra-8-gpu","bd/english.100MB",8,262144,1000000,3475,3475,0,0.000,63.858,0.012,63.870,64.850,1020,33008285
"benchmark-example:english-extra-8-gpu","bd/english.100MB",8,262144,1000000,3475,3475,0,0.000,63.858,0.012,63.870,64.850,1021,33018332
"benchmark-example:english-extra-8-gpu","bd/english.100MB",8,262144,1000000,3475,3475,0,0.000,63.858,0.012,63.870,64.850,1022,33054318
"benchmark-example:english-extra-8-gpu","bd/english.100MB",8,262144,1000000,3475,3475,0,0.000,63.858,0.012,63.870,64.850,1023,33075495
"benchmark-example:english-extra-8-gpu","bd/english.100MB",8,262144,1000000,3475,3475,0,0.000,63.858,0.012,63.870,64.850,1024,33129989
"benchmark-example:english-extra-8-gpu","bd/english.100MB",8,262144,1000000,3475,3475,0,0.000,63.858,0.012,63.870,64.850,1025,33172373
"benchmark-example:english-extra-8-gpu","bd/english.100MB",8,262144,1000000,3475,3475,0,0.000,63.858,0.012,63.870,64.850,1026,33261272
"benchmark-example:english-extra-8-gpu","bd/english.100MB",8,262144,1000000,3475,3475,0,0.000,63.858,0.012,63.870,64.850,1027,33261294
"benchmark-example:english-extra-8-gpu","bd/english.100MB",8,262144,1000000,3475,3475,0,0.000,63.858,0.012,63.870,64.850,1028,33262065
"benchmark-example:english-extra-8-gpu","bd/english.100MB",8,262144,1000000,3475,3475,0,0.000,63.858,0.012,63.870,64.850,1029,33286676
"benchmark-example:english-extra-8-gpu","bd/english.100MB",8,262144,1000000,3475,3475,0,0.000,63.858,0.012,63.870,64.850,1030,33389363
"benchmark-example:english-extra-8-gpu","bd/english.100MB",8,262144,1000000,3475,3475,0,0.000,63.858,0.012,63.870,64.850,1031,33415486
"benchmark-example:english-extra-8-gpu","bd/english.100MB",8,262144,1000000,3475,3475,0,0.000,63.858,0.012,63.870,64.850,1032,33470906
"benchmark-example:english-extra-8-gpu","bd/english.100MB",8,262144,1000000,3475,3475,0,0.000,63.858,0.012,63.870,64.850,1033,33663047
"benchmark-example:english-extra-8-gpu","bd/english.100MB",8,262144,1000000,3475,3475,0,0.000,63.858,0.012,63.870,64.850,1034,33813612
"benchmark-example:english-extra-8-gpu","bd/english.100MB",8,262144,1000000,3475,3475,0,0.000,63.858,0.012,63.870,64.850,1035,33818327
"benchmark-example:english-extra-8-gpu","bd/english.100MB",8,262144,1000000,3475,3475,0,0.000,63.858,0.012,63.870,64.850,1036,33828373
"benchmark-example:english-extra-8-gpu","bd/english.100MB",8,262144,1000000,3475,3475,0,0.000,63.858,0.012,63.870,64.850,1037,33864359
"benchmark-example:english-extra-8-gpu","bd/english.100MB",8,262144,1000000,3475,3475,0,0.000,63.858,0.012,63.870,64.850,1038,33885536
"benchmark-example:english-extra-8-gpu","bd/english.100MB",8,262144,1000000,3475,3475,0,0.000,63.858,0.012,63.870,64.850,1039,33940025
"benchmark-example:english-extra-8-gpu","bd/english.100MB",8,262144,1000000,3475,3475,0,0.000,63.858,0.012,63.870,64.850,1040,33982394
"benchmark-example:english-extra-8-gpu","bd/english.100MB",8,262144,1000000,3475,3475,0,0.000,63.858,0.012,63.870,64.850,1041,34077062
"benchmark-example:english-extra-8-gpu","bd/english.100MB",8,262144,1000000,3475,3475,0,0.000,63.858,0.012,63.870,64.850,1042,34112689
"benchmark-example:english-extra-8-gpu","bd/english.100MB",8,262144,1000000,3475,3475,0,0.000,63.858,0.012,63.870,64.850,1043,34112991
"benchmark-example:english-extra-8-gpu","bd/english.100MB",8,262144,1000000,3475,3475,0,0.000,63.858,0.012,63.870,64.850,1044,34117079
"benchmark-example:english-extra-8-gpu","bd/english.100MB",8,262144,1000000,3475,3475,0,0.000,63.858,0.012,63.870,64.850,1045,34138550
"benchmark-example:english-extra-8-gpu","bd/english.100MB",8,262144,1000000,3475,3475,0,0.000,63.858,0.012,63.870,64.850,1046,34142875
"benchmark-example:english-extra-8-gpu","bd/english.100MB",8,262144,1000000,3475,3475,0,0.000,63.858,0.012,63.870,64.850,1047,34215284
"benchmark-example:english-extra-8-gpu","bd/english.100MB",8,262144,1000000,3475,3475,0,0.000,63.858,0.012,63.870,64.850,1048,34263861
"benchmark-example:english-extra-8-gpu","bd/english.100MB",8,262144,1000000,3475,3475,0,0.000,63.858,0.012,63.870,64.850,1049,34334881
"benchmark-example:english-extra-8-gpu","bd/english.100MB",8,262144,1000000,3475,3475,0,0.000,63.858,0.012,63.870,64.850,1050,34354342
"benchmark-example:english-extra-8-gpu","bd/english.100MB",8,262144,1000000,3475,3475,0,0.000,63.858,0.012,63.870,64.850,1051,34375052
"benchmark-example:english-extra-8-gpu","bd/english.100MB",8,262144,1000000,3475,3475,0,0.000,63.858,0.012,63.870,64.850,1052,34401263
"benchmark-example:english-extra-8-gpu","bd/english.100MB",8,262144,1000000,3475,3475,0,0.000,63.858,0.012,63.870,64.850,1053,34403260
"benchmark-example:english-extra-8-gpu","bd/english.100MB",8,262144,1000000,3475,3475,0,0.000,63.858,0.012,63.870,64.850,1054,34403622
"benchmark-example:english-extra-8-gpu","bd/english.100MB",8,262144,1000000,3475,3475,0,0.000,63.858,0.012,63.870,64.850,1055,34407042
"benchmark-example:english-extra-8-gpu","bd/english.100MB",8,262144,1000000,3475,3475,0,0.000,63.858,0.012,63.870,64.850,1056,34408218
"benchmark-example:english-extra-8-gpu","bd/english.100MB",8,262144,1000000,3475,3475,0,0.000,63.858,0.012,63.870,64.850,1057,34433260
"benchmark-example:english-extra-8-gpu","bd/english.100MB",8,262144,1000000,3475,3475,0,0.000,63.858,0.012,63.870,64.850,1058,34455031
"benchmark-example:english-extra-8-gpu","bd/english.100MB",8,262144,1000000,3475,3475,0,0.000,63.858,0.012,63.870,64.850,1059,34524804
"benchmark-example:english-extra-8-gpu","bd/english.100MB",8,262144,1000000,3475,3475,0,0.000,63.858,0.012,63.870,64.850,1060,34551839
"benchmark-example:english-extra-8-gpu","bd/english.100MB",8,262144,1000000,3475,3475,0,0.000,63.858,0.012,63.870,64.850,1061,34553584
"benchmark-example:english-extra-8-gpu","bd/english.100MB",8,262144,1000000,3475,3475,0,0.000,63.858,0.012,63.870,64.850,1062,34558103
"benchmark-example:english-extra-8-gpu","bd/english.100MB",8,262144,1000000,3475,3475,0,0.000,63.858,0.012,63.870,64.850,1063,34568265
"benchmark-example:english-extra-8-gpu","bd/english.100MB",8,262144,1000000,3475,3475,0,0.000,63.858,0.012,63.870,64.850,1064,34568508
"benchmark-example:english-extra-8-gpu","bd/english.100MB",8,262144,1000000,3475,3475,0,0.000,63.858,0.012,63.870,64.850,1065,34569734
"benchmark-example:english-extra-8-gpu","bd/english.100MB",8,262144,1000000,3475,3475,0,0.000,63.858,0.012,63.870,64.850,1066,34571804
"benchmark-example:english-extra-8-gpu","bd/english.100MB",8,262144,1000000,3475,3475,0,0.000,63.858,0.012,63.870,64.850,1067,34576498
"benchmark-example:english-extra-8-gpu","bd/english.100MB",8,262144,1000000,3475,3475,0,0.000,63.858,0.012,63.870,64.850,1068,34587331
"benchmark-example:english-extra-8-gpu","bd/english.100MB",8,262144,1000000,3475,3475,0,0.000,63.858,0.012,63.870,64.850,1069,34609460
"benchmark-example:english-extra-8-gpu","bd/english.100MB",8,262144,1000000,3475,3475,0,0.000,63.858,0.012,63.870,64.850,1070,34627948
"benchmark-example:english-extra-8-gpu","bd/english.100MB",8,262144,1000000,3475,3475,0,0.000,63.858,0.012,63.870,64.850,1071,34632692
"benchmark-example:english-extra-8-gpu","bd/english.100MB",8,262144,1000000,3475,3475,0,0.000,63.858,0.012,63.870,64.850,1072,34638055
"benchmark-example:english-extra-8-gpu","bd/english.100MB",8,262144,1000000,3475,3475,0,0.000,63.858,0.012,63.870,64.850,1073,34688865
"benchmark-example:english-extra-8-gpu","bd/english.100MB",8,262144,1000000,3475,3475,0,0.000,63.858,0.012,63.870,64.850,1074,34708320
"benchmark-example:english-extra-8-gpu","bd/english.100MB",8,262144,1000000,3475,3475,0,0.000,63.858,0.012,63.870,64.850,1075,34712333
"benchmark-example:english-extra-8-gpu","bd/english.100MB",8,262144,1000000,3475,3475,0,0.000,63.858,0.012,63.870,64.850,1076,34717990
"benchmark-example:english-extra-8-gpu","bd/english.100MB",8,262144,1000000,3475,3475,0,0.000,63.858,0.012,63.870,64.850,1077,34720432
"benchmark-example:english-extra-8-gpu","bd/english.100MB",8,262144,1000000,3475,3475,0,0.000,63.858,0.012,63.870,64.850,1078,34728774
"benchmark-example:english-extra-8-gpu","bd/english.100MB",8,262144,1000000,3475,3475,0,0.000,63.858,0.012,63.870,64.850,1079,34743790
"benchmark-example:english-extra-8-gpu","bd/english.100MB",8,262144,1000000,3475,3475,0,0.000,63.858,0.012,63.870,64.850,1080,34747669
"benchmark-example:english-extra-8-gpu","bd/english.100MB",8,262144,1000000,3475,3475,0,0.000,63.858,0.012,63.870,64.850,1081,34750646
"benchmark-example:english-extra-8-gpu","bd/english.100MB",8,262144,1000000,3475,3475,0,0.000,63.858,0.012,63.870,64.850,1082,34771825
"benchmark-example:english-extra-8-gpu","bd/english.100MB",8,262144,1000000,3475,3475,0,0.000,63.858,0.012,63.870,64.850,1083,34783748
"benchmark-example:english-extra-8-gpu","bd/english.100MB",8,262144,1000000,3475,3475,0,0.000,63.858,0.012,63.870,64.850,1084,34806277
"benchmark-example:english-extra-8-gpu","bd/english.100MB",8,262144,1000000,3475,3475,0,0.000,63.858,0.012,63.870,64.850,1085,34819360
"benchmark-example:english-extra-8-gpu","bd/english.100MB",8,262144,1000000,3475,3475,0,0.000,63.858,0.012,63.870,64.850,1086,34821902
"benchmark-example:english-extra-8-gpu","bd/english.100MB",8,262144,1000000,3475,3475,0,0.000,63.858,0.012,63.870,64.850,1087,34830625
"benchmark-example:english-extra-8-gpu","bd/english.100MB",8,262144,1000000,3475,3475,0,0.000,63.858,0.012,63.870,64.850,1088,34855174
"benchmark-example:english-extra-8-gpu","bd/english.100MB",8,262144,1000000,3475,3475,0,0.000,63.858,0.012,63.870,64.850,1089,34863630
"benchmark-example:english-extra-8-gpu","bd/english.100MB",8,262144,1000000,3475,3475,0,0.000,63.858,0.012,63.870,64.850,1090,34869205
"benchmark-example:english-extra-8-gpu","bd/english.100MB",8,262144,1000000,3475,3475,0,0.000,63.858,0.012,63.870,64.850,1091,34875532
"benchmark-example:english-extra-8-gpu","bd/english.100MB",8,262144,1000000,3475,3475,0,0.000,63.858,0.012,63.870,64.850,1092,34896413
"benchmark-example:english-extra-8-gpu","bd/english.100MB",8,262144,1000000,3475,3475,0,0.000,63.858,0.012,63.870,64.850,1093,34903379
"benchmark-example:english-extra-8-gpu","bd/english.100MB",8,262144,1000000,3475,3475,0,0.000,63.858,0.012,63.870,64.850,1094,34933553
"benchmark-example:english-extra-8-gpu","bd/english.100MB",8,262144,1000000,3475,3475,0,0.000,63.858,0.012,63.870,64.850,1095,34941440
"benchmark-example:english-extra-8-gpu","bd/english.100MB",8,262144,1000000,3475,3475,0,0.000,63.858,0.012,63.870,64.850,1096,35010535
"benchmark-example:english-extra-8-gpu","bd/english.100MB",8,262144,1000000,3475,3475,0,0.000,63.858,0.012,63.870,64.850,1097,35058547
"benchmark-example:english-extra-8-gpu","bd/english.100MB",8,262144,1000000,3475,3475,0,0.000,63.858,0.012,63.870,64.850,1098,35059429
"benchmark-example:english-extra-8-gpu","bd/english.100MB",8,262144,1000000,3475,3475,0,0.000,63.858,0.012,63.870,64.850,1099,35060932
"benchmark-example:english-extra-8-gpu","bd/english.100MB",8,262144,1000000,3475,3475,0,0.000,63.858,0.012,63.870,64.850,1100,35061786
"benchmark-example:english-extra-8-gpu","bd/english.100MB",8,262144,1000000,3475,3475,0,0.000,63.858,0.012,63.870,64.850,1101,35065222
"benchmark-example:english-extra-8-gpu","bd/english.100MB",8,262144,1000000,3475,3475,0,0.000,63.858,0.012,63.870,64.850,1102,35069864
"benchmark-example:english-extra-8-gpu","bd/english.100MB",8,262144,1000000,3475,3475,0,0.000,63.858,0.012,63.870,64.850,1103,35072868
"benchmark-example:english-extra-8-gpu","bd/english.100MB",8,262144,1000000,3475,3475,0,0.000,63.858,0.012,63.870,64.850,1104,35085878
"benchmark-example:english-extra-8-gpu","bd/english.100MB",8,262144,1000000,3475,3475,0,0.000,63.858,0.012,63.870,64.850,1105,35087166
"benchmark-example:english-extra-8-gpu","bd/english.100MB",8,262144,1000000,3475,3475,0,0.000,63.858,0.012,63.870,64.850,1106,35128707
"benchmark-example:english-extra-8-gpu","bd/english.100MB",8,262144,1000000,3475,3475,0,0.000,63.858,0.012,63.870,64.850,1107,35178805
"benchmark-example:english-extra-8-gpu","bd/english.100MB",8,262144,1000000,3475,3475,0,0.000,63.858,0.012,63.870,64.850,1108,35189294
"benchmark-example:english-extra-8-gpu","bd/english.100MB",8,262144,1000000,3475,3475,0,0.000,63.858,0.012,63.870,64.850,1109,35211040
"benchmark-example:english-extra-8-gpu","bd/english.100MB",8,262144,1000000,3475,3475,0,0.000,63.858,0.012,63.870,64.850,1110,35242590
"benchmark-example:english-extra-8-gpu","bd/english.100MB",8,262144,1000000,3475,3475,0,0.000,63.858,0.012,63.870,64.850,1111,35246546
"benchmark-example:english-extra-8-gpu","bd/english.100MB",8,262144,1000000,3475,3475,0,0.000,63.858,0.012,63.870,64.850,1112,35246669
"benchmark-example:english-extra-8-gpu","bd/english.100MB",8,262144,1000000,3475,3475,0,0.000,63.858,0.012,63.870,64.850,1113,35294645
"benchmark-example:english-extra-8-gpu","bd/english.100MB",8,262144,1000000,3475,3475,0,0.000,63.858,0.012,63.870,64.850,1114,35317290
"benchmark-example:english-extra-8-gpu","bd/english.100MB",8,262144,1000000,3475,3475,0,0.000,63.858,0.012,63.870,64.850,1115,35317343
"benchmark-example:english-extra-8-gpu","bd/english.100MB",8,262144,1000000,3475,3475,0,0.000,63.858,0.012,63.870,64.850,1116,35366195
"benchmark-example:english-extra-8-gpu","bd/english.100MB",8,262144,1000000,3475,3475,0,0.000,63.858,0.012,63.870,64.850,1117,35374051
"benchmark-example:english-extra-8-gpu","bd/english.100MB",8,262144,1000000,3475,3475,0,0.000,63.858,0.012,63.870,64.850,1118,35390402
"benchmark-example:english-extra-8-gpu","bd/english.100MB",8,262144,1000000,3475,3475,0,0.000,63.858,0.012,63.870,64.850,1119,35394853
"benchmark-example:english-extra-8-gpu","bd/english.100MB",8,262144,1000000,3475,3475,0,0.000,63.858,0.012,63.870,64.850,1120,35436032
"benchmark-example:english-extra-8-gpu","bd/english.100MB",8,262144,1000000,3475,3475,0,0.000,63.858,0.012,63.870,64.850,1121,35457954
"benchmark-example:english-extra-8-gpu","bd/english.100MB",8,262144,1000000,3475,3475,0,0.000,63.858,0.012,63.870,64.850,1122,35462437
"benchmark-example:english-extra-8-gpu","bd/english.100MB",8,262144,1000000,3475,3475,0,0.000,63.858,0.012,63.870,64.850,1123,35466570
"benchmark-example:english-extra-8-gpu","bd/english.100MB",8,262144,1000000,3475,3475,0,0.000,63.858,0.012,63.870,64.850,1124,35486087
"benchmark-example:english-extra-8-gpu","bd/english.100MB",8,262144,1000000,3475,3475,0,0.000,63.858,0.012,63.870,64.850,1125,35490859
"benchmark-example:english-extra-8-gpu","bd/english.100MB",8,262144,1000000,3475,3475,0,0.000,63.858,0.012,63.870,64.850,1126,35498350
"benchmark-example:english-extra-8-gpu","bd/english.100MB",8,262144,1000000,3475,3475,0,0.000,63.858,0.012,63.870,64.850,1127,35502205
"benchmark-example:english-extra-8-gpu","bd/english.100MB",8,262144,1000000,3475,3475,0,0.000,63.858,0.012,63.870,64.850,1128,35525160
"benchmark-example:english-extra-8-gpu","bd/english.100MB",8,262144,1000000,3475,3475,0,0.000,63.858,0.012,63.870,64.850,1129,35527159
"benchmark-example:english-extra-8-gpu","bd/english.100MB",8,262144,1000000,3475,3475,0,0.000,63.858,0.012,63.870,64.850,1130,35527231
"benchmark-example:english-extra-8-gpu","bd/english.100MB",8,262144,1000000,3475,3475,0,0.000,63.858,0.012,63.870,64.850,1131,35529875
"benchmark-example:english-extra-8-gpu","bd/english.100MB",8,262144,1000000,3475,3475,0,0.000,63.858,0.012,63.870,64.850,1132,35544163
"benchmark-example:english-extra-8-gpu","bd/english.100MB",8,262144,1000000,3475,3475,0,0.000,63.858,0.012,63.870,64.850,1133,35551284
"benchmark-example:english-extra-8-gpu","bd/english.100MB",8,262144,1000000,3475,3475,0,0.000,63.858,0.012,63.870,64.850,1134,35569320
"benchmark-example:english-extra-8-gpu","bd/english.100MB",8,262144,1000000,3475,3475,0,0.000,63.858,0.012,63.870,64.850,1135,35576985
"benchmark-example:english-extra-8-gpu","bd/english.100MB",8,262144,1000000,3475,3475,0,0.000,63.858,0.012,63.870,64.850,1136,35588577
"benchmark-example:english-extra-8-gpu","bd/english.100MB",8,262144,1000000,3475,3475,0,0.000,63.858,0.012,63.870,64.850,1137,35593771
"benchmark-example:english-extra-8-gpu","bd/english.100MB",8,262144,1000000,3475,3475,0,0.000,63.858,0.012,63.870,64.850,1138,35594737
"benchmark-example:english-extra-8-gpu","bd/english.100MB",8,262144,1000000,3475,3475,0,0.000,63.858,0.012,63.870,64.850,1139,35655041
"benchmark-example:english-extra-8-gpu","bd/english.100MB",8,262144,1000000,3475,3475,0,0.000,63.858,0.012,63.870,64.850,1140,35669061
"benchmark-example:english-extra-8-gpu","bd/english.100MB",8,262144,1000000,3475,3475,0,0.000,63.858,0.012,63.870,64.850,1141,35689781
"benchmark-example:english-extra-8-gpu","bd/english.100MB",8,262144,1000000,3475,3475,0,0.000,63.858,0.012,63.870,64.850,1142,35691004
"benchmark-example:english-extra-8-gpu","bd/english.100MB",8,262144,1000000,3475,3475,0,0.000,63.858,0.012,63.870,64.850,1143,35691078
"benchmark-example:english-extra-8-gpu","bd/english.100MB",8,262144,1000000,3475,3475,0,0.000,63.858,0.012,63.870,64.850,1144,35903218
"benchmark-example:english-extra-8-gpu","bd/english.100MB",8,262144,1000000,3475,3475,0,0.000,63.858,0.012,63.870,64.850,1145,35973585
"benchmark-example:english-extra-8-gpu","bd/english.100MB",8,262144,1000000,3475,3475,0,0.000,63.858,0.012,63.870,64.850,1146,36156471
"benchmark-example:english-extra-8-gpu","bd/english.100MB",8,262144,1000000,3475,3475,0,0.000,63.858,0.012,63.870,64.850,1147,36200252
"benchmark-example:english-extra-8-gpu","bd/english.100MB",8,262144,1000000,3475,3475,0,0.000,63.858,0.012,63.870,64.850,1148,36215760
"benchmark-example:english-extra-8-gpu","bd/english.100MB",8,262144,1000000,3475,3475,0,0.000,63.858,0.012,63.870,64.850,1149,36234570
"benchmark-example:english-extra-8-gpu","bd/english.100MB",8,262144,1000000,3475,3475,0,0.000,63.858,0.012,63.870,64.850,1150,36241604
"benchmark-example:english-extra-8-gpu","bd/english.100MB",8,262144,1000000,3475,3475,0,0.000,63.858,0.012,63.870,64.850,1151,36241904
"benchmark-example:english-extra-8-gpu","bd/english.100MB",8,262144,1000000,3475,3475,0,0.000,63.858,0.012,63.870,64.850,1152,36260570
"benchmark-example:english-extra-8-gpu","bd/english.100MB",8,262144,1000000,3475,3475,0,0.000,63.858,0.012,63.870,64.850,1153,36261824
"benchmark-example:english-extra-8-gpu","bd/english.100MB",8,262144,1000000,3475,3475,0,0.000,63.858,0.012,63.870,64.850,1154,36285259
"benchmark-example:english-extra-8-gpu","bd/english.100MB",8,262144,1000000,3475,3475,0,0.000,63.858,0.012,63.870,64.850,1155,36292236
"benchmark-example:english-extra-8-gpu","bd/english.100MB",8,262144,1000000,3475,3475,0,0.000,63.858,0.012,63.870,64.850,1156,36297741
"benchmark-example:english-extra-8-gpu","bd/english.100MB",8,262144,1000000,3475,3475,0,0.000,63.858,0.012,63.870,64.850,1157,36297783
"benchmark-example:english-extra-8-gpu","bd/english.100MB",8,262144,1000000,3475,3475,0,0.000,63.858,0.012,63.870,64.850,1158,36298372
"benchmark-example:english-extra-8-gpu","bd/english.100MB",8,262144,1000000,3475,3475,0,0.000,63.858,0.012,63.870,64.850,1159,36298437
"benchmark-example:english-extra-8-gpu","bd/english.100MB",8,262144,1000000,3475,3475,0,0.000,63.858,0.012,63.870,64.850,1160,36299133
"benchmark-example:english-extra-8-gpu","bd/english.100MB",8,262144,1000000,3475,3475,0,0.000,63.858,0.012,63.870,64.850,1161,36325420
"benchmark-example:english-extra-8-gpu","bd/english.100MB",8,262144,1000000,3475,3475,0,0.000,63.858,0.012,63.870,64.850,1162,36328753
"benchmark-example:english-extra-8-gpu","bd/english.100MB",8,262144,1000000,3475,3475,0,0.000,63.858,0.012,63.870,64.850,1163,36328794
"benchmark-example:english-extra-8-gpu","bd/english.100MB",8,262144,1000000,3475,3475,0,0.000,63.858,0.012,63.870,64.850,1164,36336680
"benchmark-example:english-extra-8-gpu","bd/english.100MB",8,262144,1000000,3475,3475,0,0.000,63.858,0.012,63.870,64.850,1165,36346687
"benchmark-example:english-extra-8-gpu","bd/english.100MB",8,262144,1000000,3475,3475,0,0.000,63.858,0.012,63.870,64.850,1166,36349020
"benchmark-example:english-extra-8-gpu","bd/english.100MB",8,262144,1000000,3475,3475,0,0.000,63.858,0.012,63.870,64.850,1167,36421837
"benchmark-example:english-extra-8-gpu","bd/english.100MB",8,262144,1000000,3475,3475,0,0.000,63.858,0.012,63.870,64.850,1168,36425508
"benchmark-example:english-extra-8-gpu","bd/english.100MB",8,262144,1000000,3475,3475,0,0.000,63.858,0.012,63.870,64.850,1169,36425767
"benchmark-example:english-extra-8-gpu","bd/english.100MB",8,262144,1000000,3475,3475,0,0.000,63.858,0.012,63.870,64.850,1170,36433592
"benchmark-example:english-extra-8-gpu","bd/english.100MB",8,262144,1000000,3475,3475,0,0.000,63.858,0.012,63.870,64.850,1171,36438228
"benchmark-example:english-extra-8-gpu","bd/english.100MB",8,262144,1000000,3475,3475,0,0.000,63.858,0.012,63.870,64.850,1172,36472768
"benchmark-example:english-extra-8-gpu","bd/english.100MB",8,262144,1000000,3475,3475,0,0.000,63.858,0.012,63.870,64.850,1173,36504012
"benchmark-example:english-extra-8-gpu","bd/english.100MB",8,262144,1000000,3475,3475,0,0.000,63.858,0.012,63.870,64.850,1174,36568008
"benchmark-example:english-extra-8-gpu","bd/english.100MB",8,262144,1000000,3475,3475,0,0.000,63.858,0.012,63.870,64.850,1175,36596316
"benchmark-example:english-extra-8-gpu","bd/english.100MB",8,262144,1000000,3475,3475,0,0.000,63.858,0.012,63.870,64.850,1176,36647486
"benchmark-example:english-extra-8-gpu","bd/english.100MB",8,262144,1000000,3475,3475,0,0.000,63.858,0.012,63.870,64.850,1177,36705403
"benchmark-example:english-extra-8-gpu","bd/english.100MB",8,262144,1000000,3475,3475,0,0.000,63.858,0.012,63.870,64.850,1178,36719338
"benchmark-example:english-extra-8-gpu","bd/english.100MB",8,262144,1000000,3475,3475,0,0.000,63.858,0.012,63.870,64.850,1179,36737502
"benchmark-example:english-extra-8-gpu","bd/english.100MB",8,262144,1000000,3475,3475,0,0.000,63.858,0.012,63.870,64.850,1180,36738976
"benchmark-example:english-extra-8-gpu","bd/english.100MB",8,262144,1000000,3475,3475,0,0.000,63.858,0.012,63.870,64.850,1181,36742438
"benchmark-example:english-extra-8-gpu","bd/english.100MB",8,262144,1000000,3475,3475,0,0.000,63.858,0.012,63.870,64.850,1182,36754703
"benchmark-example:english-extra-8-gpu","bd/english.100MB",8,262144,1000000,3475,3475,0,0.000,63.858,0.012,63.870,64.850,1183,36787384
"benchmark-example:english-extra-8-gpu","bd/english.100MB",8,262144,1000000,3475,3475,0,0.000,63.858,0.012,63.870,64.850,1184,36792822
"benchmark-example:english-extra-8-gpu","bd/english.100MB",8,262144,1000000,3475,3475,0,0.000,63.858,0.012,63.870,64.850,1185,36809368
"benchmark-example:english-extra-8-gpu","bd/english.100MB",8,262144,1000000,3475,3475,0,0.000,63.858,0.012,63.870,64.850,1186,36917794
"benchmark-example:english-extra-8-gpu","bd/english.100MB",8,262144,1000000,3475,3475,0,0.000,63.858,0.012,63.870,64.850,1187,37027354
"benchmark-example:english-extra-8-gpu","bd/english.100MB",8,262144,1000000,3475,3475,0,0.000,63.858,0.012,63.870,64.850,1188,37121141
"benchmark-example:english-extra-8-gpu","bd/english.100MB",8,262144,1000000,3475,3475,0,0.000,63.858,0.012,63.870,64.850,1189,37134198
"benchmark-example:english-extra-8-gpu","bd/english.100MB",8,262144,1000000,3475,3475,0,0.000,63.858,0.012,63.870,64.850,1190,37186786
"benchmark-example:english-extra-8-gpu","bd/english.100MB",8,262144,1000000,3475,3475,0,0.000,63.858,0.012,63.870,64.850,1191,37211893
"benchmark-example:english-extra-8-gpu","bd/english.100MB",8,262144,1000000,3475,3475,0,0.000,63.858,0.012,63.870,64.850,1192,37245296
"benchmark-example:english-extra-8-gpu","bd/english.100MB",8,262144,1000000,3475,3475,0,0.000,63.858,0.012,63.870,64.850,1193,37245540
"benchmark-example:english-extra-8-gpu","bd/english.100MB",8,262144,1000000,3475,3475,0,0.000,63.858,0.012,63.870,64.850,1194,37286124
"benchmark-example:english-extra-8-gpu","bd/english.100MB",8,262144,1000000,3475,3475,0,0.000,63.858,0.012,63.870,64.850,1195,37316724
"benchmark-example:english-extra-8-gpu","bd/english.100MB",8,262144,1000000,3475,3475,0,0.000,63.858,0.012,63.870,64.850,1196,37424049
"benchmark-example:english-extra-8-gpu","bd/english.100MB",8,262144,1000000,3475,3475,0,0.000,63.858,0.012,63.870,64.850,1197,37492133
"benchmark-example:english-extra-8-gpu","bd/english.100MB",8,262144,1000000,3475,3475,0,0.000,63.858,0.012,63.870,64.850,1198,37502211
"benchmark-example:english-extra-8-gpu","bd/english.100MB",8,262144,1000000,3475,3475,0,0.000,63.858,0.012,63.870,64.850,1199,37510498
"benchmark-example:english-extra-8-gpu","bd/english.100MB",8,262144,1000000,3475,3475,0,0.000,63.858,0.012,63.870,64.850,1200,37542456
"benchmark-example:english-extra-8-gpu","bd/english.100MB",8,262144,1000000,3475,3475,0,0.000,63.858,0.012,63.870,64.850,1201,37591328
"benchmark-example:english-extra-8-gpu","bd/english.100MB",8,262144,1000000,3475,3475,0,0.000,63.858,0.012,63.870,64.850,1202,37614837
"benchmark-example:english-extra-8-gpu","bd/english.100MB",8,262144,1000000,3475,3475,0,0.000,63.858,0.012,63.870,64.850,1203,37634990
"benchmark-example:english-extra-8-gpu","bd/english.100MB",8,262144,1000000,3475,3475,0,0.000,63.858,0.012,63.870,64.850,1204,37669133
"benchmark-example:english-extra-8-gpu","bd/english.100MB",8,262144,1000000,3475,3475,0,0.000,63.858,0.012,63.870,64.850,1205,37671783
"benchmark-example:english-extra-8-gpu","bd/english.100MB",8,262144,1000000,3475,3475,0,0.000,63.858,0.012,63.870,64.850,1206,37694897
"benchmark-example:english-extra-8-gpu","bd/english.100MB",8,262144,1000000,3475,3475,0,0.000,63.858,0.012,63.870,64.850,1207,37782018
"benchmark-example:english-extra-8-gpu","bd/english.100MB",8,262144,1000000,3475,3475,0,0.000,63.858,0.012,63.870,64.850,1208,37837935
"benchmark-example:english-extra-8-gpu","bd/english.100MB",8,262144,1000000,3475,3475,0,0.000,63.858,0.012,63.870,64.850,1209,37838244
"benchmark-example:english-extra-8-gpu","bd/english.100MB",8,262144,1000000,3475,3475,0,0.000,63.858,0.012,63.870,64.850,1210,37839451
"benchmark-example:english-extra-8-gpu","bd/english.100MB",8,262144,1000000,3475,3475,0,0.000,63.858,0.012,63.870,64.850,1211,37881547
"benchmark-example:english-extra-8-gpu","bd/english.100MB",8,262144,1000000,3475,3475,0,0.000,63.858,0.012,63.870,64.850,1212,37911839
"benchmark-example:english-extra-8-gpu","bd/english.100MB",8,262144,1000000,3475,3475,0,0.000,63.858,0.012,63.870,64.850,1213,37912056
"benchmark-example:english-extra-8-gpu","bd/english.100MB",8,262144,1000000,3475,3475,0,0.000,63.858,0.012,63.870,64.850,1214,37913044
"benchmark-example:english-extra-8-gpu","bd/english.100MB",8,262144,1000000,3475,3475,0,0.000,63.858,0.012,63.870,64.850,1215,37925953
"benchmark-example:english-extra-8-gpu","bd/english.100MB",8,262144,1000000,3475,3475,0,0.000,63.858,0.012,63.870,64.850,1216,37958074
"benchmark-example:english-extra-8-gpu","bd/english.100MB",8,262144,1000000,3475,3475,0,0.000,63.858,0.012,63.870,64.850,1217,37965464
"benchmark-example:english-extra-8-gpu","bd/english.100MB",8,262144,1000000,3475,3475,0,0.000,63.858,0.012,63.870,64.850,1218,37984231
"benchmark-example:english-extra-8-gpu","bd/english.100MB",8,262144,1000000,3475,3475,0,0.000,63.858,0.012,63.870,64.850,1219,37985630
"benchmark-example:english-extra-8-gpu","bd/english.100MB",8,262144,1000000,3475,3475,0,0.000,63.858,0.012,63.870,64.850,1220,37991246
"benchmark-example:english-extra-8-gpu","bd/english.100MB",8,262144,1000000,3475,3475,0,0.000,63.858,0.012,63.870,64.850,1221,37991287
"benchmark-example:english-extra-8-gpu","bd/english.100MB",8,262144,1000000,3475,3475,0,0.000,63.858,0.012,63.870,64.850,1222,38185645
"benchmark-example:english-extra-8-gpu","bd/english.100MB",8,262144,1000000,3475,3475,0,0.000,63.858,0.012,63.870,64.850,1223,38195955
"benchmark-example:english-extra-8-gpu","bd/english.100MB",8,262144,1000000,3475,3475,0,0.000,63.858,0.012,63.870,64.850,1224,38245890
"benchmark-example:english-extra-8-gpu","bd/english.100MB",8,262144,1000000,3475,3475,0,0.000,63.858,0.012,63.870,64.850,1225,38431902
"benchmark-example:english-extra-8-gpu","bd/english.100MB",8,262144,1000000,3475,3475,0,0.000,63.858,0.012,63.870,64.850,1226,38455045
"benchmark-example:english-extra-8-gpu","bd/english.100MB",8,262144,1000000,3475,3475,0,0.000,63.858,0.012,63.870,64.850,1227,38631557
"benchmark-example:english-extra-8-gpu","bd/english.100MB",8,262144,1000000,3475,3475,0,0.000,63.858,0.012,63.870,64.850,1228,38670704
"benchmark-example:english-extra-8-gpu","bd/english.100MB",8,262144,1000000,3475,3475,0,0.000,63.858,0.012,63.870,64.850,1229,38751529
"benchmark-example:english-extra-8-gpu","bd/english.100MB",8,262144,1000000,3475,3475,0,0.000,63.858,0.012,63.870,64.850,1230,38768853
"benchmark-example:english-extra-8-gpu","bd/english.100MB",8,262144,1000000,3475,3475,0,0.000,63.858,0.012,63.870,64.850,1231,38798729
"benchmark-example:english-extra-8-gpu","bd/english.100MB",8,262144,1000000,3475,3475,0,0.000,63.858,0.012,63.870,64.850,1232,39002712
"benchmark-example:english-extra-8-gpu","bd/english.100MB",8,262144,1000000,3475,3475,0,0.000,63.858,0.012,63.870,64.850,1233,39087295
"benchmark-example:english-extra-8-gpu","bd/english.100MB",8,262144,1000000,3475,3475,0,0.000,63.858,0.012,63.870,64.850,1234,39088383
"benchmark-example:english-extra-8-gpu","bd/english.100MB",8,262144,1000000,3475,3475,0,0.000,63.858,0.012,63.870,64.850,1235,39100507
"benchmark-example:english-extra-8-gpu","bd/english.100MB",8,262144,1000000,3475,3475,0,0.000,63.858,0.012,63.870,64.850,1236,39116879
"benchmark-example:english-extra-8-gpu","bd/english.100MB",8,262144,1000000,3475,3475,0,0.000,63.858,0.012,63.870,64.850,1237,39132098
"benchmark-example:english-extra-8-gpu","bd/english.100MB",8,262144,1000000,3475,3475,0,0.000,63.858,0.012,63.870,64.850,1238,39135914
"benchmark-example:english-extra-8-gpu","bd/english.100MB",8,262144,1000000,3475,3475,0,0.000,63.858,0.012,63.870,64.850,1239,39157807
"benchmark-example:english-extra-8-gpu","bd/english.100MB",8,262144,1000000,3475,3475,0,0.000,63.858,0.012,63.870,64.850,1240,39248909
"benchmark-example:english-extra-8-gpu","bd/english.100MB",8,262144,1000000,3475,3475,0,0.000,63.858,0.012,63.870,64.850,1241,39398580
"benchmark-example:english-extra-8-gpu","bd/english.100MB",8,262144,1000000,3475,3475,0,0.000,63.858,0.012,63.870,64.850,1242,39410804
"benchmark-example:english-extra-8-gpu","bd/english.100MB",8,262144,1000000,3475,3475,0,0.000,63.858,0.012,63.870,64.850,1243,39466184
"benchmark-example:english-extra-8-gpu","bd/english.100MB",8,262144,1000000,3475,3475,0,0.000,63.858,0.012,63.870,64.850,1244,39489195
"benchmark-example:english-extra-8-gpu","bd/english.100MB",8,262144,1000000,3475,3475,0,0.000,63.858,0.012,63.870,64.850,1245,39580201
"benchmark-example:english-extra-8-gpu","bd/english.100MB",8,262144,1000000,3475,3475,0,0.000,63.858,0.012,63.870,64.850,1246,39866202
"benchmark-example:english-extra-8-gpu","bd/english.100MB",8,262144,1000000,3475,3475,0,0.000,63.858,0.012,63.870,64.850,1247,39948761
"benchmark-example:english-extra-8-gpu","bd/english.100MB",8,262144,1000000,3475,3475,0,0.000,63.858,0.012,63.870,64.850,1248,40015218
"benchmark-example:english-extra-8-gpu","bd/english.100MB",8,262144,1000000,3475,3475,0,0.000,63.858,0.012,63.870,64.850,1249,40021724
"benchmark-example:english-extra-8-gpu","bd/english.100MB",8,262144,1000000,3475,3475,0,0.000,63.858,0.012,63.870,64.850,1250,40046844
"benchmark-example:english-extra-8-gpu","bd/english.100MB",8,262144,1000000,3475,3475,0,0.000,63.858,0.012,63.870,64.850,1251,40085425
"benchmark-example:english-extra-8-gpu","bd/english.100MB",8,262144,1000000,3475,3475,0,0.000,63.858,0.012,63.870,64.850,1252,40176516
"benchmark-example:english-extra-8-gpu","bd/english.100MB",8,262144,1000000,3475,3475,0,0.000,63.858,0.012,63.870,64.850,1253,40179851
"benchmark-example:english-extra-8-gpu","bd/english.100MB",8,262144,1000000,3475,3475,0,0.000,63.858,0.012,63.870,64.850,1254,40199377
"benchmark-example:english-extra-8-gpu","bd/english.100MB",8,262144,1000000,3475,3475,0,0.000,63.858,0.012,63.870,64.850,1255,40247001
"benchmark-example:english-extra-8-gpu","bd/english.100MB",8,262144,1000000,3475,3475,0,0.000,63.858,0.012,63.870,64.850,1256,40258677
"benchmark-example:english-extra-8-gpu","bd/english.100MB",8,262144,1000000,3475,3475,0,0.000,63.858,0.012,63.870,64.850,1257,40332336
"benchmark-example:english-extra-8-gpu","bd/english.100MB",8,262144,1000000,3475,3475,0,0.000,63.858,0.012,63.870,64.850,1258,40353858
"benchmark-example:english-extra-8-gpu","bd/english.100MB",8,262144,1000000,3475,3475,0,0.000,63.858,0.012,63.870,64.850,1259,40393405
"benchmark-example:english-extra-8-gpu","bd/english.100MB",8,262144,1000000,3475,3475,0,0.000,63.858,0.012,63.870,64.850,1260,40419109
"benchmark-example:english-extra-8-gpu","bd/english.100MB",8,262144,1000000,3475,3475,0,0.000,63.858,0.012,63.870,64.850,1261,40444902
"benchmark-example:english-extra-8-gpu","bd/english.100MB",8,262144,1000000,3475,3475,0,0.000,63.858,0.012,63.870,64.850,1262,40619821
"benchmark-example:english-extra-8-gpu","bd/english.100MB",8,262144,1000000,3475,3475,0,0.000,63.858,0.012,63.870,64.850,1263,40683651
"benchmark-example:english-extra-8-gpu","bd/english.100MB",8,262144,1000000,3475,3475,0,0.000,63.858,0.012,63.870,64.850,1264,40766955
"benchmark-example:english-extra-8-gpu","bd/english.100MB",8,262144,1000000,3475,3475,0,0.000,63.858,0.012,63.870,64.850,1265,40786334
"benchmark-example:english-extra-8-gpu","bd/english.100MB",8,262144,1000000,3475,3475,0,0.000,63.858,0.012,63.870,64.850,1266,40829472
"benchmark-example:english-extra-8-gpu","bd/english.100MB",8,262144,1000000,3475,3475,0,0.000,63.858,0.012,63.870,64.850,1267,40835079
"benchmark-example:english-extra-8-gpu","bd/english.100MB",8,262144,1000000,3475,3475,0,0.000,63.858,0.012,63.870,64.850,1268,40927553
"benchmark-example:english-extra-8-gpu","bd/english.100MB",8,262144,1000000,3475,3475,0,0.000,63.858,0.012,63.870,64.850,1269,41112585
"benchmark-example:english-extra-8-gpu","bd/english.100MB",8,262144,1000000,3475,3475,0,0.000,63.858,0.012,63.870,64.850,1270,41112686
"benchmark-example:english-extra-8-gpu","bd/english.100MB",8,262144,1000000,3475,3475,0,0.000,63.858,0.012,63.870,64.850,1271,41115130
"benchmark-example:english-extra-8-gpu","bd/english.100MB",8,262144,1000000,3475,3475,0,0.000,63.858,0.012,63.870,64.850,1272,41280942
"benchmark-example:english-extra-8-gpu","bd/english.100MB",8,262144,1000000,3475,3475,0,0.000,63.858,0.012,63.870,64.850,1273,41308272
"benchmark-example:english-extra-8-gpu","bd/english.100MB",8,262144,1000000,3475,3475,0,0.000,63.858,0.012,63.870,64.850,1274,41417492
"benchmark-example:english-extra-8-gpu","bd/english.100MB",8,262144,1000000,3475,3475,0,0.000,63.858,0.012,63.870,64.850,1275,41420827
"benchmark-example:english-extra-8-gpu","bd/english.100MB",8,262144,1000000,3475,3475,0,0.000,63.858,0.012,63.870,64.850,1276,41440353
"benchmark-example:english-extra-8-gpu","bd/english.100MB",8,262144,1000000,3475,3475,0,0.000,63.858,0.012,63.870,64.850,1277,41487977
"benchmark-example:english-extra-8-gpu","bd/english.100MB",8,262144,1000000,3475,3475,0,0.000,63.858,0.012,63.870,64.850,1278,41499653
"benchmark-example:english-extra-8-gpu","bd/english.100MB",8,262144,1000000,3475,3475,0,0.000,63.858,0.012,63.870,64.850,1279,41573312
"benchmark-example:english-extra-8-gpu","bd/english.100MB",8,262144,1000000,3475,3475,0,0.000,63.858,0.012,63.870,64.850,1280,41594834
"benchmark-example:english-extra-8-gpu","bd/english.100MB",8,262144,1000000,3475,3475,0,0.000,63.858,0.012,63.870,64.850,1281,41634381
"benchmark-example:english-extra-8-gpu","bd/english.100MB",8,262144,1000000,3475,3475,0,0.000,63.858,0.012,63.870,64.850,1282,41660085
"benchmark-example:english-extra-8-gpu","bd/english.100MB",8,262144,1000000,3475,3475,0,0.000,63.858,0.012,63.870,64.850,1283,41685878
"benchmark-example:english-extra-8-gpu","bd/english.100MB",8,262144,1000000,3475,3475,0,0.000,63.858,0.012,63.870,64.850,1284,41860797
"benchmark-example:english-extra-8-gpu","bd/english.100MB",8,262144,1000000,3475,3475,0,0.000,63.858,0.012,63.870,64.850,1285,41924627
"benchmark-example:english-extra-8-gpu","bd/english.100MB",8,262144,1000000,3475,3475,0,0.000,63.858,0.012,63.870,64.850,1286,42007930
"benchmark-example:english-extra-8-gpu","bd/english.100MB",8,262144,1000000,3475,3475,0,0.000,63.858,0.012,63.870,64.850,1287,42027309
"benchmark-example:english-extra-8-gpu","bd/english.100MB",8,262144,1000000,3475,3475,0,0.000,63.858,0.012,63.870,64.850,1288,42070447
"benchmark-example:english-extra-8-gpu","bd/english.100MB",8,262144,1000000,3475,3475,0,0.000,63.858,0.012,63.870,64.850,1289,42076054
"benchmark-example:english-extra-8-gpu","bd/english.100MB",8,262144,1000000,3475,3475,0,0.000,63.858,0.012,63.870,64.850,1290,42168528
"benchmark-example:english-extra-8-gpu","bd/english.100MB",8,262144,1000000,3475,3475,0,0.000,63.858,0.012,63.870,64.850,1291,42353558
"benchmark-example:english-extra-8-gpu","bd/english.100MB",8,262144,1000000,3475,3475,0,0.000,63.858,0.012,63.870,64.850,1292,42353659
"benchmark-example:english-extra-8-gpu","bd/english.100MB",8,262144,1000000,3475,3475,0,0.000,63.858,0.012,63.870,64.850,1293,42356102
"benchmark-example:english-extra-8-gpu","bd/english.100MB",8,262144,1000000,3475,3475,0,0.000,63.858,0.012,63.870,64.850,1294,42521903
"benchmark-example:english-extra-8-gpu","bd/english.100MB",8,262144,1000000,3475,3475,0,0.000,63.858,0.012,63.870,64.850,1295,42549228
"benchmark-example:english-extra-8-gpu","bd/english.100MB",8,262144,1000000,3475,3475,0,0.000,63.858,0.012,63.870,64.850,1296,42608733
"benchmark-example:english-extra-8-gpu","bd/english.100MB",8,262144,1000000,3475,3475,0,0.000,63.858,0.012,63.870,64.850,1297,42609006
"benchmark-example:english-extra-8-gpu","bd/english.100MB",8,262144,1000000,3475,3475,0,0.000,63.858,0.012,63.870,64.850,1298,42610591
"benchmark-example:english-extra-8-gpu","bd/english.100MB",8,262144,1000000,3475,3475,0,0.000,63.858,0.012,63.870,64.850,1299,42653323
"benchmark-example:english-extra-8-gpu","bd/english.100MB",8,262144,1000000,3475,3475,0,0.000,63.858,0.012,63.870,64.850,1300,42676512
"benchmark-example:english-extra-8-gpu","bd/english.100MB",8,262144,1000000,3475,3475,0,0.000,63.858,0.012,63.870,64.850,1301,42686900
"benchmark-example:english-extra-8-gpu","bd/english.100MB",8,262144,1000000,3475,3475,0,0.000,63.858,0.012,63.870,64.850,1302,42693992
"benchmark-example:english-extra-8-gpu","bd/english.100MB",8,262144,1000000,3475,3475,0,0.000,63.858,0.012,63.870,64.850,1303,42704389
"benchmark-example:english-extra-8-gpu","bd/english.100MB",8,262144,1000000,3475,3475,0,0.000,63.858,0.012,63.870,64.850,1304,42723009
"benchmark-example:english-extra-8-gpu","bd/english.100MB",8,262144,1000000,3475,3475,0,0.000,63.858,0.012,63.870,64.850,1305,42727375
"benchmark-example:english-extra-8-gpu","bd/english.100MB",8,262144,1000000,3475,3475,0,0.000,63.858,0.012,63.870,64.850,1306,42735020
"benchmark-example:english-extra-8-gpu","bd/english.100MB",8,262144,1000000,3475,3475,0,0.000,63.858,0.012,63.870,64.850,1307,42736945
"benchmark-example:english-extra-8-gpu","bd/english.100MB",8,262144,1000000,3475,3475,0,0.000,63.858,0.012,63.870,64.850,1308,42749422
"benchmark-example:english-extra-8-gpu","bd/english.100MB",8,262144,1000000,3475,3475,0,0.000,63.858,0.012,63.870,64.850,1309,42751572
"benchmark-example:english-extra-8-gpu","bd/english.100MB",8,262144,1000000,3475,3475,0,0.000,63.858,0.012,63.870,64.850,1310,42765101
"benchmark-example:english-extra-8-gpu","bd/english.100MB",8,262144,1000000,3475,3475,0,0.000,63.858,0.012,63.870,64.850,1311,42796446
"benchmark-example:english-extra-8-gpu","bd/english.100MB",8,262144,1000000,3475,3475,0,0.000,63.858,0.012,63.870,64.850,1312,42797839
"benchmark-example:english-extra-8-gpu","bd/english.100MB",8,262144,1000000,3475,3475,0,0.000,63.858,0.012,63.870,64.850,1313,42798396
"benchmark-example:english-extra-8-gpu","bd/english.100MB",8,262144,1000000,3475,3475,0,0.000,63.858,0.012,63.870,64.850,1314,42828615
"benchmark-example:english-extra-8-gpu","bd/english.100MB",8,262144,1000000,3475,3475,0,0.000,63.858,0.012,63.870,64.850,1315,42885887
"benchmark-example:english-extra-8-gpu","bd/english.100MB",8,262144,1000000,3475,3475,0,0.000,63.858,0.012,63.870,64.850,1316,42919435
"benchmark-example:english-extra-8-gpu","bd/english.100MB",8,262144,1000000,3475,3475,0,0.000,63.858,0.012,63.870,64.850,1317,42946675
"benchmark-example:english-extra-8-gpu","bd/english.100MB",8,262144,1000000,3475,3475,0,0.000,63.858,0.012,63.870,64.850,1318,42998288
"benchmark-example:english-extra-8-gpu","bd/english.100MB",8,262144,1000000,3475,3475,0,0.000,63.858,0.012,63.870,64.850,1319,43029254
"benchmark-example:english-extra-8-gpu","bd/english.100MB",8,262144,1000000,3475,3475,0,0.000,63.858,0.012,63.870,64.850,1320,43057684
"benchmark-example:english-extra-8-gpu","bd/english.100MB",8,262144,1000000,3475,3475,0,0.000,63.858,0.012,63.870,64.850,1321,43142667
"benchmark-example:english-extra-8-gpu","bd/english.100MB",8,262144,1000000,3475,3475,0,0.000,63.858,0.012,63.870,64.850,1322,43192558
"benchmark-example:english-extra-8-gpu","bd/english.100MB",8,262144,1000000,3475,3475,0,0.000,63.858,0.012,63.870,64.850,1323,43230127
"benchmark-example:english-extra-8-gpu","bd/english.100MB",8,262144,1000000,3475,3475,0,0.000,63.858,0.012,63.870,64.850,1324,43312338
"benchmark-example:english-extra-8-gpu","bd/english.100MB",8,262144,1000000,3475,3475,0,0.000,63.858,0.012,63.870,64.850,1325,43360806
"benchmark-example:english-extra-8-gpu","bd/english.100MB",8,262144,1000000,3475,3475,0,0.000,63.858,0.012,63.870,64.850,1326,43405854
"benchmark-example:english-extra-8-gpu","bd/english.100MB",8,262144,1000000,3475,3475,0,0.000,63.858,0.012,63.870,64.850,1327,43447639
"benchmark-example:english-extra-8-gpu","bd/english.100MB",8,262144,1000000,3475,3475,0,0.000,63.858,0.012,63.870,64.850,1328,43655145
"benchmark-example:english-extra-8-gpu","bd/english.100MB",8,262144,1000000,3475,3475,0,0.000,63.858,0.012,63.870,64.850,1329,43684769
"benchmark-example:english-extra-8-gpu","bd/english.100MB",8,262144,1000000,3475,3475,0,0.000,63.858,0.012,63.870,64.850,1330,43704260
"benchmark-example:english-extra-8-gpu","bd/english.100MB",8,262144,1000000,3475,3475,0,0.000,63.858,0.012,63.870,64.850,1331,43731784
"benchmark-example:english-extra-8-gpu","bd/english.100MB",8,262144,1000000,3475,3475,0,0.000,63.858,0.012,63.870,64.850,1332,43741325
"benchmark-example:english-extra-8-gpu","bd/english.100MB",8,262144,1000000,3475,3475,0,0.000,63.858,0.012,63.870,64.850,1333,43794713
"benchmark-example:english-extra-8-gpu","bd/english.100MB",8,262144,1000000,3475,3475,0,0.000,63.858,0.012,63.870,64.850,1334,43944558
"benchmark-example:english-extra-8-gpu","bd/english.100MB",8,262144,1000000,3475,3475,0,0.000,63.858,0.012,63.870,64.850,1335,43956007
"benchmark-example:english-extra-8-gpu","bd/english.100MB",8,262144,1000000,3475,3475,0,0.000,63.858,0.012,63.870,64.850,1336,43964757
"benchmark-example:english-extra-8-gpu","bd/english.100MB",8,262144,1000000,3475,3475,0,0.000,63.858,0.012,63.870,64.850,1337,44035356
"benchmark-example:english-extra-8-gpu","bd/english.100MB",8,262144,1000000,3475,3475,0,0.000,63.858,0.012,63.870,64.850,1338,44064010
"benchmark-example:english-extra-8-gpu","bd/english.100MB",8,262144,1000000,3475,3475,0,0.000,63.858,0.012,63.870,64.850,1339,44081453
"benchmark-example:english-extra-8-gpu","bd/english.100MB",8,262144,1000000,3475,3475,0,0.000,63.858,0.012,63.870,64.850,1340,44163238
"benchmark-example:english-extra-8-gpu","bd/english.100MB",8,262144,1000000,3475,3475,0,0.000,63.858,0.012,63.870,64.850,1341,44174228
"benchmark-example:english-extra-8-gpu","bd/english.100MB",8,262144,1000000,3475,3475,0,0.000,63.858,0.012,63.870,64.850,1342,44174579
"benchmark-example:english-extra-8-gpu","bd/english.100MB",8,262144,1000000,3475,3475,0,0.000,63.858,0.012,63.870,64.850,1343,44190192
"benchmark-example:english-extra-8-gpu","bd/english.100MB",8,262144,1000000,3475,3475,0,0.000,63.858,0.012,63.870,64.850,1344,44190653
"benchmark-example:english-extra-8-gpu","bd/english.100MB",8,262144,1000000,3475,3475,0,0.000,63.858,0.012,63.870,64.850,1345,44222241
"benchmark-example:english-extra-8-gpu","bd/english.100MB",8,262144,1000000,3475,3475,0,0.000,63.858,0.012,63.870,64.850,1346,44302046
"benchmark-example:english-extra-8-gpu","bd/english.100MB",8,262144,1000000,3475,3475,0,0.000,63.858,0.012,63.870,64.850,1347,44334395
"benchmark-example:english-extra-8-gpu","bd/english.100MB",8,262144,1000000,3475,3475,0,0.000,63.858,0.012,63.870,64.850,1348,44363253
"benchmark-example:english-extra-8-gpu","bd/english.100MB",8,262144,1000000,3475,3475,0,0.000,63.858,0.012,63.870,64.850,1349,44382049
"benchmark-example:english-extra-8-gpu","bd/english.100MB",8,262144,1000000,3475,3475,0,0.000,63.858,0.012,63.870,64.850,1350,44426378
"benchmark-example:english-extra-8-gpu","bd/english.100MB",8,262144,1000000,3475,3475,0,0.000,63.858,0.012,63.870,64.850,1351,44430819
"benchmark-example:english-extra-8-gpu","bd/english.100MB",8,262144,1000000,3475,3475,0,0.000,63.858,0.012,63.870,64.850,1352,44431753
"benchmark-example:english-extra-8-gpu","bd/english.100MB",8,262144,1000000,3475,3475,0,0.000,63.858,0.012,63.870,64.850,1353,44446594
"benchmark-example:english-extra-8-gpu","bd/english.100MB",8,262144,1000000,3475,3475,0,0.000,63.858,0.012,63.870,64.850,1354,44450059
"benchmark-example:english-extra-8-gpu","bd/english.100MB",8,262144,1000000,3475,3475,0,0.000,63.858,0.012,63.870,64.850,1355,44535214
"benchmark-example:english-extra-8-gpu","bd/english.100MB",8,262144,1000000,3475,3475,0,0.000,63.858,0.012,63.870,64.850,1356,44588008
"benchmark-example:english-extra-8-gpu","bd/english.100MB",8,262144,1000000,3475,3475,0,0.000,63.858,0.012,63.870,64.850,1357,44604956
"benchmark-example:english-extra-8-gpu","bd/english.100MB",8,262144,1000000,3475,3475,0,0.000,63.858,0.012,63.870,64.850,1358,44621096
"benchmark-example:english-extra-8-gpu","bd/english.100MB",8,262144,1000000,3475,3475,0,0.000,63.858,0.012,63.870,64.850,1359,44633538
"benchmark-example:english-extra-8-gpu","bd/english.100MB",8,262144,1000000,3475,3475,0,0.000,63.858,0.012,63.870,64.850,1360,44693752
"benchmark-example:english-extra-8-gpu","bd/english.100MB",8,262144,1000000,3475,3475,0,0.000,63.858,0.012,63.870,64.850,1361,44724666
"benchmark-example:english-extra-8-gpu","bd/english.100MB",8,262144,1000000,3475,3475,0,0.000,63.858,0.012,63.870,64.850,1362,44758119
"benchmark-example:english-extra-8-gpu","bd/english.100MB",8,262144,1000000,3475,3475,0,0.000,63.858,0.012,63.870,64.850,1363,44789504
"benchmark-example:english-extra-8-gpu","bd/english.100MB",8,262144,1000000,3475,3475,0,0.000,63.858,0.012,63.870,64.850,1364,44824997
"benchmark-example:english-extra-8-gpu","bd/english.100MB",8,262144,1000000,3475,3475,0,0.000,63.858,0.012,63.870,64.850,1365,44825351
"benchmark-example:english-extra-8-gpu","bd/english.100MB",8,262144,1000000,3475,3475,0,0.000,63.858,0.012,63.870,64.850,1366,44847639
"benchmark-example:english-extra-8-gpu","bd/english.100MB",8,262144,1000000,3475,3475,0,0.000,63.858,0.012,63.870,64.850,1367,44905312
"benchmark-example:english-extra-8-gpu","bd/english.100MB",8,262144,1000000,3475,3475,0,0.000,63.858,0.012,63.870,64.850,1368,44939390
"benchmark-example:english-extra-8-gpu","bd/english.100MB",8,262144,1000000,3475,3475,0,0.000,63.858,0.012,63.870,64.850,1369,44951678
"benchmark-example:english-extra-8-gpu","bd/english.100MB",8,262144,1000000,3475,3475,0,0.000,63.858,0.012,63.870,64.850,1370,45075571
"benchmark-example:english-extra-8-gpu","bd/english.100MB",8,262144,1000000,3475,3475,0,0.000,63.858,0.012,63.870,64.850,1371,45087170
"benchmark-example:english-extra-8-gpu","bd/english.100MB",8,262144,1000000,3475,3475,0,0.000,63.858,0.012,63.870,64.850,1372,45092288
"benchmark-example:english-extra-8-gpu","bd/english.100MB",8,262144,1000000,3475,3475,0,0.000,63.858,0.012,63.870,64.850,1373,45137258
"benchmark-example:english-extra-8-gpu","bd/english.100MB",8,262144,1000000,3475,3475,0,0.000,63.858,0.012,63.870,64.850,1374,45151801
"benchmark-example:english-extra-8-gpu","bd/english.100MB",8,262144,1000000,3475,3475,0,0.000,63.858,0.012,63.870,64.850,1375,45160594
"benchmark-example:english-extra-8-gpu","bd/english.100MB",8,262144,1000000,3475,3475,0,0.000,63.858,0.012,63.870,64.850,1376,45165254
"benchmark-example:english-extra-8-gpu","bd/english.100MB",8,262144,1000000,3475,3475,0,0.000,63.858,0.012,63.870,64.850,1377,45226639
"benchmark-example:english-extra-8-gpu","bd/english.100MB",8,262144,1000000,3475,3475,0,0.000,63.858,0.012,63.870,64.850,1378,45229871
"benchmark-example:english-extra-8-gpu","bd/english.100MB",8,262144,1000000,3475,3475,0,0.000,63.858,0.012,63.870,64.850,1379,45251394
"benchmark-example:english-extra-8-gpu","bd/english.100MB",8,262144,1000000,3475,3475,0,0.000,63.858,0.012,63.870,64.850,1380,45321657
"benchmark-example:english-extra-8-gpu","bd/english.100MB",8,262144,1000000,3475,3475,0,0.000,63.858,0.012,63.870,64.850,1381,45329089
"benchmark-example:english-extra-8-gpu","bd/english.100MB",8,262144,1000000,3475,3475,0,0.000,63.858,0.012,63.870,64.850,1382,45336263
"benchmark-example:english-extra-8-gpu","bd/english.100MB",8,262144,1000000,3475,3475,0,0.000,63.858,0.012,63.870,64.850,1383,45461226
"benchmark-example:english-extra-8-gpu","bd/english.100MB",8,262144,1000000,3475,3475,0,0.000,63.858,0.012,63.870,64.850,1384,45471574
"benchmark-example:english-extra-8-gpu","bd/english.100MB",8,262144,1000000,3475,3475,0,0.000,63.858,0.012,63.870,64.850,1385,45496027
"benchmark-example:english-extra-8-gpu","bd/english.100MB",8,262144,1000000,3475,3475,0,0.000,63.858,0.012,63.870,64.850,1386,45542715
"benchmark-example:english-extra-8-gpu","bd/english.100MB",8,262144,1000000,3475,3475,0,0.000,63.858,0.012,63.870,64.850,1387,45566868
"benchmark-example:english-extra-8-gpu","bd/english.100MB",8,262144,1000000,3475,3475,0,0.000,63.858,0.012,63.870,64.850,1388,45658623
"benchmark-example:english-extra-8-gpu","bd/english.100MB",8,262144,1000000,3475,3475,0,0.000,63.858,0.012,63.870,64.850,1389,45679751
"benchmark-example:english-extra-8-gpu","bd/english.100MB",8,262144,1000000,3475,3475,0,0.000,63.858,0.012,63.870,64.850,1390,45687949
"benchmark-example:english-extra-8-gpu","bd/english.100MB",8,262144,1000000,3475,3475,0,0.000,63.858,0.012,63.870,64.850,1391,45788995
"benchmark-example:english-extra-8-gpu","bd/english.100MB",8,262144,1000000,3475,3475,0,0.000,63.858,0.012,63.870,64.850,1392,45839636
"benchmark-example:english-extra-8-gpu","bd/english.100MB",8,262144,1000000,3475,3475,0,0.000,63.858,0.012,63.870,64.850,1393,45894668
"benchmark-example:english-extra-8-gpu","bd/english.100MB",8,262144,1000000,3475,3475,0,0.000,63.858,0.012,63.870,64.850,1394,45956638
"benchmark-example:english-extra-8-gpu","bd/english.100MB",8,262144,1000000,3475,3475,0,0.000,63.858,0.012,63.870,64.850,1395,46010584
"benchmark-example:english-extra-8-gpu","bd/english.100MB",8,262144,1000000,3475,3475,0,0.000,63.858,0.012,63.870,64.850,1396,46053855
"benchmark-example:english-extra-8-gpu","bd/english.100MB",8,262144,1000000,3475,3475,0,0.000,63.858,0.012,63.870,64.850,1397,46092667
"benchmark-example:english-extra-8-gpu","bd/english.100MB",8,262144,1000000,3475,3475,0,0.000,63.858,0.012,63.870,64.850,1398,46248218
"benchmark-example:english-extra-8-gpu","bd/english.100MB",8,262144,1000000,3475,3475,0,0.000,63.858,0.012,63.870,64.850,1399,46294955
"benchmark-example:english-extra-8-gpu","bd/english.100MB",8,262144,1000000,3475,3475,0,0.000,63.858,0.012,63.870,64.850,1400,46350667
"benchmark-example:english-extra-8-gpu","bd/english.100MB",8,262144,1000000,3475,3475,0,0.000,63.858,0.012,63.870,64.850,1401,46386981
"benchmark-example:english-extra-8-gpu","bd/english.100MB",8,262144,1000000,3475,3475,0,0.000,63.858,0.012,63.870,64.850,1402,46390104
"benchmark-example:english-extra-8-gpu","bd/english.100MB",8,262144,1000000,3475,3475,0,0.000,63.858,0.012,63.870,64.850,1403,46423767
"benchmark-example:english-extra-8-gpu","bd/english.100MB",8,262144,1000000,3475,3475,0,0.000,63.858,0.012,63.870,64.850,1404,46432194
"benchmark-example:english-extra-8-gpu","bd/english.100MB",8,262144,1000000,3475,3475,0,0.000,63.858,0.012,63.870,64.850,1405,46518136
"benchmark-example:english-extra-8-gpu","bd/english.100MB",8,262144,1000000,3475,3475,0,0.000,63.858,0.012,63.870,64.850,1406,46530647
"benchmark-example:english-extra-8-gpu","bd/english.100MB",8,262144,1000000,3475,3475,0,0.000,63.858,0.012,63.870,64.850,1407,46564023
"benchmark-example:english-extra-8-gpu","bd/english.100MB",8,262144,1000000,3475,3475,0,0.000,63.858,0.012,63.870,64.850,1408,46658113
"benchmark-example:english-extra-8-gpu","bd/english.100MB",8,262144,1000000,3475,3475,0,0.000,63.858,0.012,63.870,64.850,1409,46658934
"benchmark-example:english-extra-8-gpu","bd/english.100MB",8,262144,1000000,3475,3475,0,0.000,63.858,0.012,63.870,64.850,1410,46716542
"benchmark-example:english-extra-8-gpu","bd/english.100MB",8,262144,1000000,3475,3475,0,0.000,63.858,0.012,63.870,64.850,1411,46719728
"benchmark-example:english-extra-8-gpu","bd/english.100MB",8,262144,1000000,3475,3475,0,0.000,63.858,0.012,63.870,64.850,1412,46810539
"benchmark-example:english-extra-8-gpu","bd/english.100MB",8,262144,1000000,3475,3475,0,0.000,63.858,0.012,63.870,64.850,1413,46851374
"benchmark-example:english-extra-8-gpu","bd/english.100MB",8,262144,1000000,3475,3475,0,0.000,63.858,0.012,63.870,64.850,1414,46860489
"benchmark-example:english-extra-8-gpu","bd/english.100MB",8,262144,1000000,3475,3475,0,0.000,63.858,0.012,63.870,64.850,1415,46871155
"benchmark-example:english-extra-8-gpu","bd/english.100MB",8,262144,1000000,3475,3475,0,0.000,63.858,0.012,63.870,64.850,1416,46873619
"benchmark-example:english-extra-8-gpu","bd/english.100MB",8,262144,1000000,3475,3475,0,0.000,63.858,0.012,63.870,64.850,1417,46889939
"benchmark-example:english-extra-8-gpu","bd/english.100MB",8,262144,1000000,3475,3475,0,0.000,63.858,0.012,63.870,64.850,1418,46953760
"benchmark-example:english-extra-8-gpu","bd/english.100MB",8,262144,1000000,3475,3475,0,0.000,63.858,0.012,63.870,64.850,1419,46971092
"benchmark-example:english-extra-8-gpu","bd/english.100MB",8,262144,1000000,3475,3475,0,0.000,63.858,0.012,63.870,64.850,1420,46972566
"benchmark-example:english-extra-8-gpu","bd/english.100MB",8,262144,1000000,3475,3475,0,0.000,63.858,0.012,63.870,64.850,1421,46973146
"benchmark-example:english-extra-8-gpu","bd/english.100MB",8,262144,1000000,3475,3475,0,0.000,63.858,0.012,63.870,64.850,1422,46987896
"benchmark-example:english-extra-8-gpu","bd/english.100MB",8,262144,1000000,3475,3475,0,0.000,63.858,0.012,63.870,64.850,1423,46993006
"benchmark-example:english-extra-8-gpu","bd/english.100MB",8,262144,1000000,3475,3475,0,0.000,63.858,0.012,63.870,64.850,1424,46996839
"benchmark-example:english-extra-8-gpu","bd/english.100MB",8,262144,1000000,3475,3475,0,0.000,63.858,0.012,63.870,64.850,1425,46998929
"benchmark-example:english-extra-8-gpu","bd/english.100MB",8,262144,1000000,3475,3475,0,0.000,63.858,0.012,63.870,64.850,1426,47001420
"benchmark-example:english-extra-8-gpu","bd/english.100MB",8,262144,1000000,3475,3475,0,0.000,63.858,0.012,63.870,64.850,1427,47031138
"benchmark-example:english-extra-8-gpu","bd/english.100MB",8,262144,1000000,3475,3475,0,0.000,63.858,0.012,63.870,64.850,1428,47090176
"benchmark-example:english-extra-8-gpu","bd/english.100MB",8,262144,1000000,3475,3475,0,0.000,63.858,0.012,63.870,64.850,1429,47156902
"benchmark-example:english-extra-8-gpu","bd/english.100MB",8,262144,1000000,3475,3475,0,0.000,63.858,0.012,63.870,64.850,1430,47202455
"benchmark-example:english-extra-8-gpu","bd/english.100MB",8,262144,1000000,3475,3475,0,0.000,63.858,0.012,63.870,64.850,1431,47248004
"benchmark-example:english-extra-8-gpu","bd/english.100MB",8,262144,1000000,3475,3475,0,0.000,63.858,0.012,63.870,64.850,1432,47359091
"benchmark-example:english-extra-8-gpu","bd/english.100MB",8,262144,1000000,3475,3475,0,0.000,63.858,0.012,63.870,64.850,1433,47397787
"benchmark-example:english-extra-8-gpu","bd/english.100MB",8,262144,1000000,3475,3475,0,0.000,63.858,0.012,63.870,64.850,1434,47418913
"benchmark-example:english-extra-8-gpu","bd/english.100MB",8,262144,1000000,3475,3475,0,0.000,63.858,0.012,63.870,64.850,1435,47482393
"benchmark-example:english-extra-8-gpu","bd/english.100MB",8,262144,1000000,3475,3475,0,0.000,63.858,0.012,63.870,64.850,1436,47501068
"benchmark-example:english-extra-8-gpu","bd/english.100MB",8,262144,1000000,3475,3475,0,0.000,63.858,0.012,63.870,64.850,1437,47530364
"benchmark-example:english-extra-8-gpu","bd/english.100MB",8,262144,1000000,3475,3475,0,0.000,63.858,0.012,63.870,64.850,1438,47545221
"benchmark-example:english-extra-8-gpu","bd/english.100MB",8,262144,1000000,3475,3475,0,0.000,63.858,0.012,63.870,64.850,1439,47600864
"benchmark-example:english-extra-8-gpu","bd/english.100MB",8,262144,1000000,3475,3475,0,0.000,63.858,0.012,63.870,64.850,1440,47633792
"benchmark-example:english-extra-8-gpu","bd/english.100MB",8,262144,1000000,3475,3475,0,0.000,63.858,0.012,63.870,64.850,1441,47636929
"benchmark-example:english-extra-8-gpu","bd/english.100MB",8,262144,1000000,3475,3475,0,0.000,63.858,0.012,63.870,64.850,1442,47672609
"benchmark-example:english-extra-8-gpu","bd/english.100MB",8,262144,1000000,3475,3475,0,0.000,63.858,0.012,63.870,64.850,1443,47681045
"benchmark-example:english-extra-8-gpu","bd/english.100MB",8,262144,1000000,3475,3475,0,0.000,63.858,0.012,63.870,64.850,1444,47714711
"benchmark-example:english-extra-8-gpu","bd/english.100MB",8,262144,1000000,3475,3475,0,0.000,63.858,0.012,63.870,64.850,1445,47768914
"benchmark-example:english-extra-8-gpu","bd/english.100MB",8,262144,1000000,3475,3475,0,0.000,63.858,0.012,63.870,64.850,1446,47781500
"benchmark-example:english-extra-8-gpu","bd/english.100MB",8,262144,1000000,3475,3475,0,0.000,63.858,0.012,63.870,64.850,1447,47814979
"benchmark-example:english-extra-8-gpu","bd/english.100MB",8,262144,1000000,3475,3475,0,0.000,63.858,0.012,63.870,64.850,1448,47913751
"benchmark-example:english-extra-8-gpu","bd/english.100MB",8,262144,1000000,3475,3475,0,0.000,63.858,0.012,63.870,64.850,1449,47914573
"benchmark-example:english-extra-8-gpu","bd/english.100MB",8,262144,1000000,3475,3475,0,0.000,63.858,0.012,63.870,64.850,1450,47972202
"benchmark-example:english-extra-8-gpu","bd/english.100MB",8,262144,1000000,3475,3475,0,0.000,63.858,0.012,63.870,64.850,1451,47975387
"benchmark-example:english-extra-8-gpu","bd/english.100MB",8,262144,1000000,3475,3475,0,0.000,63.858,0.012,63.870,64.850,1452,48088817
"benchmark-example:english-extra-8-gpu","bd/english.100MB",8,262144,1000000,3475,3475,0,0.000,63.858,0.012,63.870,64.850,1453,48127851
"benchmark-example:english-extra-8-gpu","bd/english.100MB",8,262144,1000000,3475,3475,0,0.000,63.858,0.012,63.870,64.850,1454,48137005
"benchmark-example:english-extra-8-gpu","bd/english.100MB",8,262144,1000000,3475,3475,0,0.000,63.858,0.012,63.870,64.850,1455,48147712
"benchmark-example:english-extra-8-gpu","bd/english.100MB",8,262144,1000000,3475,3475,0,0.000,63.858,0.012,63.870,64.850,1456,48166564
"benchmark-example:english-extra-8-gpu","bd/english.100MB",8,262144,1000000,3475,3475,0,0.000,63.858,0.012,63.870,64.850,1457,48228962
"benchmark-example:english-extra-8-gpu","bd/english.100MB",8,262144,1000000,3475,3475,0,0.000,63.858,0.012,63.870,64.850,1458,48246361
"benchmark-example:english-extra-8-gpu","bd/english.100MB",8,262144,1000000,3475,3475,0,0.000,63.858,0.012,63.870,64.850,1459,48247832
"benchmark-example:english-extra-8-gpu","bd/english.100MB",8,262144,1000000,3475,3475,0,0.000,63.858,0.012,63.870,64.850,1460,48248411
"benchmark-example:english-extra-8-gpu","bd/english.100MB",8,262144,1000000,3475,3475,0,0.000,63.858,0.012,63.870,64.850,1461,48263332
"benchmark-example:english-extra-8-gpu","bd/english.100MB",8,262144,1000000,3475,3475,0,0.000,63.858,0.012,63.870,64.850,1462,48268459
"benchmark-example:english-extra-8-gpu","bd/english.100MB",8,262144,1000000,3475,3475,0,0.000,63.858,0.012,63.870,64.850,1463,48272315
"benchmark-example:english-extra-8-gpu","bd/english.100MB",8,262144,1000000,3475,3475,0,0.000,63.858,0.012,63.870,64.850,1464,48274426
"benchmark-example:english-extra-8-gpu","bd/english.100MB",8,262144,1000000,3475,3475,0,0.000,63.858,0.012,63.870,64.850,1465,48276930
"benchmark-example:english-extra-8-gpu","bd/english.100MB",8,262144,1000000,3475,3475,0,0.000,63.858,0.012,63.870,64.850,1466,48306871
"benchmark-example:english-extra-8-gpu","bd/english.100MB",8,262144,1000000,3475,3475,0,0.000,63.858,0.012,63.870,64.850,1467,48368784
"benchmark-example:english-extra-8-gpu","bd/english.100MB",8,262144,1000000,3475,3475,0,0.000,63.858,0.012,63.870,64.850,1468,48435555
"benchmark-example:english-extra-8-gpu","bd/english.100MB",8,262144,1000000,3475,3475,0,0.000,63.858,0.012,63.870,64.850,1469,48458609
"benchmark-example:english-extra-8-gpu","bd/english.100MB",8,262144,1000000,3475,3475,0,0.000,63.858,0.012,63.870,64.850,1470,48544680
"benchmark-example:english-extra-8-gpu","bd/english.100MB",8,262144,1000000,3475,3475,0,0.000,63.858,0.012,63.870,64.850,1471,48583464
"benchmark-example:english-extra-8-gpu","bd/english.100MB",8,262144,1000000,3475,3475,0,0.000,63.858,0.012,63.870,64.850,1472,48604690
"benchmark-example:english-extra-8-gpu","bd/english.100MB",8,262144,1000000,3475,3475,0,0.000,63.858,0.012,63.870,64.850,1473,48668345
"benchmark-example:english-extra-8-gpu","bd/english.100MB",8,262144,1000000,3475,3475,0,0.000,63.858,0.012,63.870,64.850,1474,48687083
"benchmark-example:english-extra-8-gpu","bd/english.100MB",8,262144,1000000,3475,3475,0,0.000,63.858,0.012,63.870,64.850,1475,48716525
"benchmark-example:english-extra-8-gpu","bd/english.100MB",8,262144,1000000,3475,3475,0,0.000,63.858,0.012,63.870,64.850,1476,48731465
"benchmark-example:english-extra-8-gpu","bd/english.100MB",8,262144,1000000,3475,3475,0,0.000,63.858,0.012,63.870,64.850,1477,48787025
"benchmark-example:english-extra-8-gpu","bd/english.100MB",8,262144,1000000,3475,3475,0,0.000,63.858,0.012,63.870,64.850,1478,48819925
"benchmark-example:english-extra-8-gpu","bd/english.100MB",8,262144,1000000,3475,3475,0,0.000,63.858,0.012,63.870,64.850,1479,48823057
"benchmark-example:english-extra-8-gpu","bd/english.100MB",8,262144,1000000,3475,3475,0,0.000,63.858,0.012,63.870,64.850,1480,48858720
"benchmark-example:english-extra-8-gpu","bd/english.100MB",8,262144,1000000,3475,3475,0,0.000,63.858,0.012,63.870,64.850,1481,48867154
"benchmark-example:english-extra-8-gpu","bd/english.100MB",8,262144,1000000,3475,3475,0,0.000,63.858,0.012,63.870,64.850,1482,48900829
"benchmark-example:english-extra-8-gpu","bd/english.100MB",8,262144,1000000,3475,3475,0,0.000,63.858,0.012,63.870,64.850,1483,48955078
"benchmark-example:english-extra-8-gpu","bd/english.100MB",8,262144,1000000,3475,3475,0,0.000,63.858,0.012,63.870,64.850,1484,48967663
"benchmark-example:english-extra-8-gpu","bd/english.100MB",8,262144,1000000,3475,3475,0,0.000,63.858,0.012,63.870,64.850,1485,49001156
"benchmark-example:english-extra-8-gpu","bd/english.100MB",8,262144,1000000,3475,3475,0,0.000,63.858,0.012,63.870,64.850,1486,49100006
"benchmark-example:english-extra-8-gpu","bd/english.100MB",8,262144,1000000,3475,3475,0,0.000,63.858,0.012,63.870,64.850,1487,49100828
"benchmark-example:english-extra-8-gpu","bd/english.100MB",8,262144,1000000,3475,3475,0,0.000,63.858,0.012,63.870,64.850,1488,49158483
"benchmark-example:english-extra-8-gpu","bd/english.100MB",8,262144,1000000,3475,3475,0,0.000,63.858,0.012,63.870,64.850,1489,49161668
"benchmark-example:english-extra-8-gpu","bd/english.100MB",8,262144,1000000,3475,3475,0,0.000,63.858,0.012,63.870,64.850,1490,49275200
"benchmark-example:english-extra-8-gpu","bd/english.100MB",8,262144,1000000,3475,3475,0,0.000,63.858,0.012,63.870,64.850,1491,49314253
"benchmark-example:english-extra-8-gpu","bd/english.100MB",8,262144,1000000,3475,3475,0,0.000,63.858,0.012,63.870,64.850,1492,49323407
"benchmark-example:english-extra-8-gpu","bd/english.100MB",8,262144,1000000,3475,3475,0,0.000,63.858,0.012,63.870,64.850,1493,49334114
"benchmark-example:english-extra-8-gpu","bd/english.100MB",8,262144,1000000,3475,3475,0,0.000,63.858,0.012,63.870,64.850,1494,49352986
"benchmark-example:english-extra-8-gpu","bd/english.100MB",8,262144,1000000,3475,3475,0,0.000,63.858,0.012,63.870,64.850,1495,49415447
"benchmark-example:english-extra-8-gpu","bd/english.100MB",8,262144,1000000,3475,3475,0,0.000,63.858,0.012,63.870,64.850,1496,49432839
"benchmark-example:english-extra-8-gpu","bd/english.100MB",8,262144,1000000,3475,3475,0,0.000,63.858,0.012,63.870,64.850,1497,49434310
"benchmark-example:english-extra-8-gpu","bd/english.100MB",8,262144,1000000,3475,3475,0,0.000,63.858,0.012,63.870,64.850,1498,49434889
"benchmark-example:english-extra-8-gpu","bd/english.100MB",8,262144,1000000,3475,3475,0,0.000,63.858,0.012,63.870,64.850,1499,49449836
"benchmark-example:english-extra-8-gpu","bd/english.100MB",8,262144,1000000,3475,3475,0,0.000,63.858,0.012,63.870,64.850,1500,49454963
"benchmark-example:english-extra-8-gpu","bd/english.100MB",8,262144,1000000,3475,3475,0,0.000,63.858,0.012,63.870,64.850,1501,49458819
"benchmark-example:english-extra-8-gpu","bd/english.100MB",8,262144,1000000,3475,3475,0,0.000,63.858,0.012,63.870,64.850,1502,49460930
"benchmark-example:english-extra-8-gpu","bd/english.100MB",8,262144,1000000,3475,3475,0,0.000,63.858,0.012,63.870,64.850,1503,49463434
"benchmark-example:english-extra-8-gpu","bd/english.100MB",8,262144,1000000,3475,3475,0,0.000,63.858,0.012,63.870,64.850,1504,49493394
"benchmark-example:english-extra-8-gpu","bd/english.100MB",8,262144,1000000,3475,3475,0,0.000,63.858,0.012,63.870,64.850,1505,49555304
"benchmark-example:english-extra-8-gpu","bd/english.100MB",8,262144,1000000,3475,3475,0,0.000,63.858,0.012,63.870,64.850,1506,49622112
"benchmark-example:english-extra-8-gpu","bd/english.100MB",8,262144,1000000,3475,3475,0,0.000,63.858,0.012,63.870,64.850,1507,49645188
"benchmark-example:english-extra-8-gpu","bd/english.100MB",8,262144,1000000,3475,3475,0,0.000,63.858,0.012,63.870,64.850,1508,49731262
"benchmark-example:english-extra-8-gpu","bd/english.100MB",8,262144,1000000,3475,3475,0,0.000,63.858,0.012,63.870,64.850,1509,49770090
"benchmark-example:english-extra-8-gpu","bd/english.100MB",8,262144,1000000,3475,3475,0,0.000,63.858,0.012,63.870,64.850,1510,49791315
"benchmark-example:english-extra-8-gpu","bd/english.100MB",8,262144,1000000,3475,3475,0,0.000,63.858,0.012,63.870,64.850,1511,49855026
"benchmark-example:english-extra-8-gpu","bd/english.100MB",8,262144,1000000,3475,3475,0,0.000,63.858,0.012,63.870,64.850,1512,49873788
"benchmark-example:english-extra-8-gpu","bd/english.100MB",8,262144,1000000,3475,3475,0,0.000,63.858,0.012,63.870,64.850,1513,49903290
"benchmark-example:english-extra-8-gpu","bd/english.100MB",8,262144,1000000,3475,3475,0,0.000,63.858,0.012,63.870,64.850,1514,49938325
"benchmark-example:english-extra-8-gpu","bd/english.100MB",8,262144,1000000,3475,3475,0,0.000,63.858,0.012,63.870,64.850,1515,50016961
"benchmark-example:english-extra-8-gpu","bd/english.100MB",8,262144,1000000,3475,3475,0,0.000,63.858,0.012,63.870,64.850,1516,50028811
"benchmark-example:english-extra-8-gpu","bd/english.100MB",8,262144,1000000,3475,3475,0,0.000,63.858,0.012,63.870,64.850,1517,50029359
"benchmark-example:english-extra-8-gpu","bd/english.100MB",8,262144,1000000,3475,3475,0,0.000,63.858,0.012,63.870,64.850,1518,50068289
"benchmark-example:english-extra-8-gpu","bd/english.100MB",8,262144,1000000,3475,3475,0,0.000,63.858,0.012,63.870,64.850,1519,50134410
"benchmark-example:english-extra-8-gpu","bd/english.100MB",8,262144,1000000,3475,3475,0,0.000,63.858,0.012,63.870,64.850,1520,50146305
"benchmark-example:english-extra-8-gpu","bd/english.100MB",8,262144,1000000,3475,3475,0,0.000,63.858,0.012,63.870,64.850,1521,50156400
"benchmark-example:english-extra-8-gpu","bd/english.100MB",8,262144,1000000,3475,3475,0,0.000,63.858,0.012,63.870,64.850,1522,50184830
"benchmark-example:english-extra-8-gpu","bd/english.100MB",8,262144,1000000,3475,3475,0,0.000,63.858,0.012,63.870,64.850,1523,50194727
"benchmark-example:english-extra-8-gpu","bd/english.100MB",8,262144,1000000,3475,3475,0,0.000,63.858,0.012,63.870,64.850,1524,50201678
"benchmark-example:english-extra-8-gpu","bd/english.100MB",8,262144,1000000,3475,3475,0,0.000,63.858,0.012,63.870,64.850,1525,50237365
"benchmark-example:english-extra-8-gpu","bd/english.100MB",8,262144,1000000,3475,3475,0,0.000,63.858,0.012,63.870,64.850,1526,50244992
"benchmark-example:english-extra-8-gpu","bd/english.100MB",8,262144,1000000,3475,3475,0,0.000,63.858,0.012,63.870,64.850,1527,50249833
"benchmark-example:english-extra-8-gpu","bd/english.100MB",8,262144,1000000,3475,3475,0,0.000,63.858,0.012,63.870,64.850,1528,50256192
"benchmark-example:english-extra-8-gpu","bd/english.100MB",8,262144,1000000,3475,3475,0,0.000,63.858,0.012,63.870,64.850,1529,50279762
"benchmark-example:english-extra-8-gpu","bd/english.100MB",8,262144,1000000,3475,3475,0,0.000,63.858,0.012,63.870,64.850,1530,50322435
"benchmark-example:english-extra-8-gpu","bd/english.100MB",8,262144,1000000,3475,3475,0,0.000,63.858,0.012,63.870,64.850,1531,50353357
"benchmark-example:english-extra-8-gpu","bd/english.100MB",8,262144,1000000,3475,3475,0,0.000,63.858,0.012,63.870,64.850,1532,50360903
"benchmark-example:english-extra-8-gpu","bd/english.100MB",8,262144,1000000,3475,3475,0,0.000,63.858,0.012,63.870,64.850,1533,50365583
"benchmark-example:english-extra-8-gpu","bd/english.100MB",8,262144,1000000,3475,3475,0,0.000,63.858,0.012,63.870,64.850,1534,50366246
"benchmark-example:english-extra-8-gpu","bd/english.100MB",8,262144,1000000,3475,3475,0,0.000,63.858,0.012,63.870,64.850,1535,50506185
"benchmark-example:english-extra-8-gpu","bd/english.100MB",8,262144,1000000,3475,3475,0,0.000,63.858,0.012,63.870,64.850,1536,50561396
"benchmark-example:english-extra-8-gpu","bd/english.100MB",8,262144,1000000,3475,3475,0,0.000,63.858,0.012,63.870,64.850,1537,50567549
"benchmark-example:english-extra-8-gpu","bd/english.100MB",8,262144,1000000,3475,3475,0,0.000,63.858,0.012,63.870,64.850,1538,50576249
"benchmark-example:english-extra-8-gpu","bd/english.100MB",8,262144,1000000,3475,3475,0,0.000,63.858,0.012,63.870,64.850,1539,50650238
"benchmark-example:english-extra-8-gpu","bd/english.100MB",8,262144,1000000,3475,3475,0,0.000,63.858,0.012,63.870,64.850,1540,50705659
"benchmark-example:english-extra-8-gpu","bd/english.100MB",8,262144,1000000,3475,3475,0,0.000,63.858,0.012,63.870,64.850,1541,50744506
"benchmark-example:english-extra-8-gpu","bd/english.100MB",8,262144,1000000,3475,3475,0,0.000,63.858,0.012,63.870,64.850,1542,50812480
"benchmark-example:english-extra-8-gpu","bd/english.100MB",8,262144,1000000,3475,3475,0,0.000,63.858,0.012,63.870,64.850,1543,50869893
"benchmark-example:english-extra-8-gpu","bd/english.100MB",8,262144,1000000,3475,3475,0,0.000,63.858,0.012,63.870,64.850,1544,51135709
"benchmark-example:english-extra-8-gpu","bd/english.100MB",8,262144,1000000,3475,3475,0,0.000,63.858,0.012,63.870,64.850,1545,51185221
"benchmark-example:english-extra-8-gpu","bd/english.100MB",8,262144,1000000,3475,3475,0,0.000,63.858,0.012,63.870,64.850,1546,51186627
"benchmark-example:english-extra-8-gpu","bd/english.100MB",8,262144,1000000,3475,3475,0,0.000,63.858,0.012,63.870,64.850,1547,51186700
"benchmark-example:english-extra-8-gpu","bd/english.100MB",8,262144,1000000,3475,3475,0,0.000,63.858,0.012,63.870,64.850,1548,51224906
"benchmark-example:english-extra-8-gpu","bd/english.100MB",8,262144,1000000,3475,3475,0,0.000,63.858,0.012,63.870,64.850,1549,51244332
"benchmark-example:english-extra-8-gpu","bd/english.100MB",8,262144,1000000,3475,3475,0,0.000,63.858,0.012,63.870,64.850,1550,51264169
"benchmark-example:english-extra-8-gpu","bd/english.100MB",8,262144,1000000,3475,3475,0,0.000,63.858,0.012,63.870,64.850,1551,51284106
"benchmark-example:english-extra-8-gpu","bd/english.100MB",8,262144,1000000,3475,3475,0,0.000,63.858,0.012,63.870,64.850,1552,51471226
"benchmark-example:english-extra-8-gpu","bd/english.100MB",8,262144,1000000,3475,3475,0,0.000,63.858,0.012,63.870,64.850,1553,51557673
"benchmark-example:english-extra-8-gpu","bd/english.100MB",8,262144,1000000,3475,3475,0,0.000,63.858,0.012,63.870,64.850,1554,51610894
"benchmark-example:english-extra-8-gpu","bd/english.100MB",8,262144,1000000,3475,3475,0,0.000,63.858,0.012,63.870,64.850,1555,51645110
"benchmark-example:english-extra-8-gpu","bd/english.100MB",8,262144,1000000,3475,3475,0,0.000,63.858,0.012,63.870,64.850,1556,51737074
"benchmark-example:english-extra-8-gpu","bd/english.100MB",8,262144,1000000,3475,3475,0,0.000,63.858,0.012,63.870,64.850,1557,51745727
"benchmark-example:english-extra-8-gpu","bd/english.100MB",8,262144,1000000,3475,3475,0,0.000,63.858,0.012,63.870,64.850,1558,51748773
"benchmark-example:english-extra-8-gpu","bd/english.100MB",8,262144,1000000,3475,3475,0,0.000,63.858,0.012,63.870,64.850,1559,51894847
"benchmark-example:english-extra-8-gpu","bd/english.100MB",8,262144,1000000,3475,3475,0,0.000,63.858,0.012,63.870,64.850,1560,51944359
"benchmark-example:english-extra-8-gpu","bd/english.100MB",8,262144,1000000,3475,3475,0,0.000,63.858,0.012,63.870,64.850,1561,51945765
"benchmark-example:english-extra-8-gpu","bd/english.100MB",8,262144,1000000,3475,3475,0,0.000,63.858,0.012,63.870,64.850,1562,51945838
"benchmark-example:english-extra-8-gpu","bd/english.100MB",8,262144,1000000,3475,3475,0,0.000,63.858,0.012,63.870,64.850,1563,51984044
"benchmark-example:english-extra-8-gpu","bd/english.100MB",8,262144,1000000,3475,3475,0,0.000,63.858,0.012,63.870,64.850,1564,52003470
"benchmark-example:english-extra-8-gpu","bd/english.100MB",8,262144,1000000,3475,3475,0,0.000,63.858,0.012,63.870,64.850,1565,52023306
"benchmark-example:english-extra-8-gpu","bd/english.100MB",8,262144,1000000,3475,3475,0,0.000,63.858,0.012,63.870,64.850,1566,52043243
"benchmark-example:english-extra-8-gpu","bd/english.100MB",8,262144,1000000,3475,3475,0,0.000,63.858,0.012,63.870,64.850,1567,52230362
"benchmark-example:english-extra-8-gpu","bd/english.100MB",8,262144,1000000,3475,3475,0,0.000,63.858,0.012,63.870,64.850,1568,52316809
"benchmark-example:english-extra-8-gpu","bd/english.100MB",8,262144,1000000,3475,3475,0,0.000,63.858,0.012,63.870,64.850,1569,52370030
"benchmark-example:english-extra-8-gpu","bd/english.100MB",8,262144,1000000,3475,3475,0,0.000,63.858,0.012,63.870,64.850,1570,52404240
"benchmark-example:english-extra-8-gpu","bd/english.100MB",8,262144,1000000,3475,3475,0,0.000,63.858,0.012,63.870,64.850,1571,52496197
"benchmark-example:english-extra-8-gpu","bd/english.100MB",8,262144,1000000,3475,3475,0,0.000,63.858,0.012,63.870,64.850,1572,52504850
"benchmark-example:english-extra-8-gpu","bd/english.100MB",8,262144,1000000,3475,3475,0,0.000,63.858,0.012,63.870,64.850,1573,52507896
"benchmark-example:english-extra-8-gpu","bd/english.100MB",8,262144,1000000,3475,3475,0,0.000,63.858,0.012,63.870,64.850,1574,52630489
"benchmark-example:english-extra-8-gpu","bd/english.100MB",8,262144,1000000,3475,3475,0,0.000,63.858,0.012,63.870,64.850,1575,52660094
"benchmark-example:english-extra-8-gpu","bd/english.100MB",8,262144,1000000,3475,3475,0,0.000,63.858,0.012,63.870,64.850,1576,52707126
"benchmark-example:english-extra-8-gpu","bd/english.100MB",8,262144,1000000,3475,3475,0,0.000,63.858,0.012,63.870,64.850,1577,52752236
"benchmark-example:english-extra-8-gpu","bd/english.100MB",8,262144,1000000,3475,3475,0,0.000,63.858,0.012,63.870,64.850,1578,52756041
"benchmark-example:english-extra-8-gpu","bd/english.100MB",8,262144,1000000,3475,3475,0,0.000,63.858,0.012,63.870,64.850,1579,52763635
"benchmark-example:english-extra-8-gpu","bd/english.100MB",8,262144,1000000,3475,3475,0,0.000,63.858,0.012,63.870,64.850,1580,52766412
"benchmark-example:english-extra-8-gpu","bd/english.100MB",8,262144,1000000,3475,3475,0,0.000,63.858,0.012,63.870,64.850,1581,52905087
"benchmark-example:english-extra-8-gpu","bd/english.100MB",8,262144,1000000,3475,3475,0,0.000,63.858,0.012,63.870,64.850,1582,52934689
"benchmark-example:english-extra-8-gpu","bd/english.100MB",8,262144,1000000,3475,3475,0,0.000,63.858,0.012,63.870,64.850,1583,52981707
"benchmark-example:english-extra-8-gpu","bd/english.100MB",8,262144,1000000,3475,3475,0,0.000,63.858,0.012,63.870,64.850,1584,53026712
"benchmark-example:english-extra-8-gpu","bd/english.100MB",8,262144,1000000,3475,3475,0,0.000,63.858,0.012,63.870,64.850,1585,53030517
"benchmark-example:english-extra-8-gpu","bd/english.100MB",8,262144,1000000,3475,3475,0,0.000,63.858,0.012,63.870,64.850,1586,53038109
"benchmark-example:english-extra-8-gpu","bd/english.100MB",8,262144,1000000,3475,3475,0,0.000,63.858,0.012,63.870,64.850,1587,53040886
"benchmark-example:english-extra-8-gpu","bd/english.100MB",8,262144,1000000,3475,3475,0,0.000,63.858,0.012,63.870,64.850,1588,53095440
"benchmark-example:english-extra-8-gpu","bd/english.100MB",8,262144,1000000,3475,3475,0,0.000,63.858,0.012,63.870,64.850,1589,53199380
"benchmark-example:english-extra-8-gpu","bd/english.100MB",8,262144,1000000,3475,3475,0,0.000,63.858,0.012,63.870,64.850,1590,53199480
"benchmark-example:english-extra-8-gpu","bd/english.100MB",8,262144,1000000,3475,3475,0,0.000,63.858,0.012,63.870,64.850,1591,53247020
"benchmark-example:english-extra-8-gpu","bd/english.100MB",8,262144,1000000,3475,3475,0,0.000,63.858,0.012,63.870,64.850,1592,53254735
"benchmark-example:english-extra-8-gpu","bd/english.100MB",8,262144,1000000,3475,3475,0,0.000,63.858,0.012,63.870,64.850,1593,53273647
"benchmark-example:english-extra-8-gpu","bd/english.100MB",8,262144,1000000,3475,3475,0,0.000,63.858,0.012,63.870,64.850,1594,53334289
"benchmark-example:english-extra-8-gpu","bd/english.100MB",8,262144,1000000,3475,3475,0,0.000,63.858,0.012,63.870,64.850,1595,53377039
"benchmark-example:english-extra-8-gpu","bd/english.100MB",8,262144,1000000,3475,3475,0,0.000,63.858,0.012,63.870,64.850,1596,53381635
"benchmark-example:english-extra-8-gpu","bd/english.100MB",8,262144,1000000,3475,3475,0,0.000,63.858,0.012,63.870,64.850,1597,53408770
"benchmark-example:english-extra-8-gpu","bd/english.100MB",8,262144,1000000,3475,3475,0,0.000,63.858,0.012,63.870,64.850,1598,53433809
"benchmark-example:english-extra-8-gpu","bd/english.100MB",8,262144,1000000,3475,3475,0,0.000,63.858,0.012,63.870,64.850,1599,53447430
"benchmark-example:english-extra-8-gpu","bd/english.100MB",8,262144,1000000,3475,3475,0,0.000,63.858,0.012,63.870,64.850,1600,53448360
"benchmark-example:english-extra-8-gpu","bd/english.100MB",8,262144,1000000,3475,3475,0,0.000,63.858,0.012,63.870,64.850,1601,53467687
"benchmark-example:english-extra-8-gpu","bd/english.100MB",8,262144,1000000,3475,3475,0,0.000,63.858,0.012,63.870,64.850,1602,53561504
"benchmark-example:english-extra-8-gpu","bd/english.100MB",8,262144,1000000,3475,3475,0,0.000,63.858,0.012,63.870,64.850,1603,53573845
"benchmark-example:english-extra-8-gpu","bd/english.100MB",8,262144,1000000,3475,3475,0,0.000,63.858,0.012,63.870,64.850,1604,53577224
"benchmark-example:english-extra-8-gpu","bd/english.100MB",8,262144,1000000,3475,3475,0,0.000,63.858,0.012,63.870,64.850,1605,53735987
"benchmark-example:english-extra-8-gpu","bd/english.100MB",8,262144,1000000,3475,3475,0,0.000,63.858,0.012,63.870,64.850,1606,53821420
"benchmark-example:english-extra-8-gpu","bd/english.100MB",8,262144,1000000,3475,3475,0,0.000,63.858,0.012,63.870,64.850,1607,53842055
"benchmark-example:english-extra-8-gpu","bd/english.100MB",8,262144,1000000,3475,3475,0,0.000,63.858,0.012,63.870,64.850,1608,53941784
"benchmark-example:english-extra-8-gpu","bd/english.100MB",8,262144,1000000,3475,3475,0,0.000,63.858,0.012,63.870,64.850,1609,54029456
"benchmark-example:english-extra-8-gpu","bd/english.100MB",8,262144,1000000,3475,3475,0,0.000,63.858,0.012,63.870,64.850,1610,54037785
"benchmark-example:english-extra-8-gpu","bd/english.100MB",8,262144,1000000,3475,3475,0,0.000,63.858,0.012,63.870,64.850,1611,54074300
"benchmark-example:english-extra-8-gpu","bd/english.100MB",8,262144,1000000,3475,3475,0,0.000,63.858,0.012,63.870,64.850,1612,54075274
"benchmark-example:english-extra-8-gpu","bd/english.100MB",8,262144,1000000,3475,3475,0,0.000,63.858,0.012,63.870,64.850,1613,54089770
"benchmark-example:english-extra-8-gpu","bd/english.100MB",8,262144,1000000,3475,3475,0,0.000,63.858,0.012,63.870,64.850,1614,54092906
"benchmark-example:english-extra-8-gpu","bd/english.100MB",8,262144,1000000,3475,3475,0,0.000,63.858,0.012,63.870,64.850,1615,54093041
"benchmark-example:english-extra-8-gpu","bd/english.100MB",8,262144,1000000,3475,3475,0,0.000,63.858,0.012,63.870,64.850,1616,54134407
"benchmark-example:english-extra-8-gpu","bd/english.100MB",8,262144,1000000,3475,3475,0,0.000,63.858,0.012,63.870,64.850,1617,54155950
"benchmark-example:english-extra-8-gpu","bd/english.100MB",8,262144,1000000,3475,3475,0,0.000,63.858,0.012,63.870,64.850,1618,54183295
"benchmark-example:english-extra-8-gpu","bd/english.100MB",8,262144,1000000,3475,3475,0,0.000,63.858,0.012,63.870,64.850,1619,54247725
"benchmark-example:english-extra-8-gpu","bd/english.100MB",8,262144,1000000,3475,3475,0,0.000,63.858,0.012,63.870,64.850,1620,54339915
"benchmark-example:english-extra-8-gpu","bd/english.100MB",8,262144,1000000,3475,3475,0,0.000,63.858,0.012,63.870,64.850,1621,54368371
"benchmark-example:english-extra-8-gpu","bd/english.100MB",8,262144,1000000,3475,3475,0,0.000,63.858,0.012,63.870,64.850,1622,54390679
"benchmark-example:english-extra-8-gpu","bd/english.100MB",8,262144,1000000,3475,3475,0,0.000,63.858,0.012,63.870,64.850,1623,54397097
"benchmark-example:english-extra-8-gpu","bd/english.100MB",8,262144,1000000,3475,3475,0,0.000,63.858,0.012,63.870,64.850,1624,54410908
"benchmark-example:english-extra-8-gpu","bd/english.100MB",8,262144,1000000,3475,3475,0,0.000,63.858,0.012,63.870,64.850,1625,54649216
"benchmark-example:english-extra-8-gpu","bd/english.100MB",8,262144,1000000,3475,3475,0,0.000,63.858,0.012,63.870,64.850,1626,54858294
"benchmark-example:english-extra-8-gpu","bd/english.100MB",8,262144,1000000,3475,3475,0,0.000,63.858,0.012,63.870,64.850,1627,54859629
"benchmark-example:english-extra-8-gpu","bd/english.100MB",8,262144,1000000,3475,3475,0,0.000,63.858,0.012,63.870,64.850,1628,54922571
"benchmark-example:english-extra-8-gpu","bd/english.100MB",8,262144,1000000,3475,3475,0,0.000,63.858,0.012,63.870,64.850,1629,55020718
"benchmark-example:english-extra-8-gpu","bd/english.100MB",8,262144,1000000,3475,3475,0,0.000,63.858,0.012,63.870,64.850,1630,55026398
"benchmark-example:english-extra-8-gpu","bd/english.100MB",8,262144,1000000,3475,3475,0,0.000,63.858,0.012,63.870,64.850,1631,55052496
"benchmark-example:english-extra-8-gpu","bd/english.100MB",8,262144,1000000,3475,3475,0,0.000,63.858,0.012,63.870,64.850,1632,55064372
"benchmark-example:english-extra-8-gpu","bd/english.100MB",8,262144,1000000,3475,3475,0,0.000,63.858,0.012,63.870,64.850,1633,55135279
"benchmark-example:english-extra-8-gpu","bd/english.100MB",8,262144,1000000,3475,3475,0,0.000,63.858,0.012,63.870,64.850,1634,55170761
"benchmark-example:english-extra-8-gpu","bd/english.100MB",8,262144,1000000,3475,3475,0,0.000,63.858,0.012,63.870,64.850,1635,55274793
"benchmark-example:english-extra-8-gpu","bd/english.100MB",8,262144,1000000,3475,3475,0,0.000,63.858,0.012,63.870,64.850,1636,55303249
"benchmark-example:english-extra-8-gpu","bd/english.100MB",8,262144,1000000,3475,3475,0,0.000,63.858,0.012,63.870,64.850,1637,55325557
"benchmark-example:english-extra-8-gpu","bd/english.100MB",8,262144,1000000,3475,3475,0,0.000,63.858,0.012,63.870,64.850,1638,55331975
"benchmark-example:english-extra-8-gpu","bd/english.100MB",8,262144,1000000,3475,3475,0,0.000,63.858,0.012,63.870,64.850,1639,55345786
"benchmark-example:english-extra-8-gpu","bd/english.100MB",8,262144,1000000,3475,3475,0,0.000,63.858,0.012,63.870,64.850,1640,55584094
"benchmark-example:english-extra-8-gpu","bd/english.100MB",8,262144,1000000,3475,3475,0,0.000,63.858,0.012,63.870,64.850,1641,55793171
"benchmark-example:english-extra-8-gpu","bd/english.100MB",8,262144,1000000,3475,3475,0,0.000,63.858,0.012,63.870,64.850,1642,55794506
"benchmark-example:english-extra-8-gpu","bd/english.100MB",8,262144,1000000,3475,3475,0,0.000,63.858,0.012,63.870,64.850,1643,55857448
"benchmark-example:english-extra-8-gpu","bd/english.100MB",8,262144,1000000,3475,3475,0,0.000,63.858,0.012,63.870,64.850,1644,55955593
"benchmark-example:english-extra-8-gpu","bd/english.100MB",8,262144,1000000,3475,3475,0,0.000,63.858,0.012,63.870,64.850,1645,55961273
"benchmark-example:english-extra-8-gpu","bd/english.100MB",8,262144,1000000,3475,3475,0,0.000,63.858,0.012,63.870,64.850,1646,55987368
"benchmark-example:english-extra-8-gpu","bd/english.100MB",8,262144,1000000,3475,3475,0,0.000,63.858,0.012,63.870,64.850,1647,55999245
"benchmark-example:english-extra-8-gpu","bd/english.100MB",8,262144,1000000,3475,3475,0,0.000,63.858,0.012,63.870,64.850,1648,56070148
"benchmark-example:english-extra-8-gpu","bd/english.100MB",8,262144,1000000,3475,3475,0,0.000,63.858,0.012,63.870,64.850,1649,56105630
"benchmark-example:english-extra-8-gpu","bd/english.100MB",8,262144,1000000,3475,3475,0,0.000,63.858,0.012,63.870,64.850,1650,56149064
"benchmark-example:english-extra-8-gpu","bd/english.100MB",8,262144,1000000,3475,3475,0,0.000,63.858,0.012,63.870,64.850,1651,56152152
"benchmark-example:english-extra-8-gpu","bd/english.100MB",8,262144,1000000,3475,3475,0,0.000,63.858,0.012,63.870,64.850,1652,56187899
"benchmark-example:english-extra-8-gpu","bd/english.100MB",8,262144,1000000,3475,3475,0,0.000,63.858,0.012,63.870,64.850,1653,56190373
"benchmark-example:english-extra-8-gpu","bd/english.100MB",8,262144,1000000,3475,3475,0,0.000,63.858,0.012,63.870,64.850,1654,56190410
"benchmark-example:english-extra-8-gpu","bd/english.100MB",8,262144,1000000,3475,3475,0,0.000,63.858,0.012,63.870,64.850,1655,56203707
"benchmark-example:english-extra-8-gpu","bd/english.100MB",8,262144,1000000,3475,3475,0,0.000,63.858,0.012,63.870,64.850,1656,56215304
"benchmark-example:english-extra-8-gpu","bd/english.100MB",8,262144,1000000,3475,3475,0,0.000,63.858,0.012,63.870,64.850,1657,56215339
"benchmark-example:english-extra-8-gpu","bd/english.100MB",8,262144,1000000,3475,3475,0,0.000,63.858,0.012,63.870,64.850,1658,56231859
"benchmark-example:english-extra-8-gpu","bd/english.100MB",8,262144,1000000,3475,3475,0,0.000,63.858,0.012,63.870,64.850,1659,56231890
"benchmark-example:english-extra-8-gpu","bd/english.100MB",8,262144,1000000,3475,3475,0,0.000,63.858,0.012,63.870,64.850,1660,56244180
"benchmark-example:english-extra-8-gpu","bd/english.100MB",8,262144,1000000,3475,3475,0,0.000,63.858,0.012,63.870,64.850,1661,56245182
"benchmark-example:english-extra-8-gpu","bd/english.100MB",8,262144,1000000,3475,3475,0,0.000,63.858,0.012,63.870,64.850,1662,56245260
"benchmark-example:english-extra-8-gpu","bd/english.100MB",8,262144,1000000,3475,3475,0,0.000,63.858,0.012,63.870,64.850,1663,56247505
"benchmark-example:english-extra-8-gpu","bd/english.100MB",8,262144,1000000,3475,3475,0,0.000,63.858,0.012,63.870,64.850,1664,56319516
"benchmark-example:english-extra-8-gpu","bd/english.100MB",8,262144,1000000,3475,3475,0,0.000,63.858,0.012,63.870,64.850,1665,56329399
"benchmark-example:english-extra-8-gpu","bd/english.100MB",8,262144,1000000,3475,3475,0,0.000,63.858,0.012,63.870,64.850,1666,56339601
"benchmark-example:english-extra-8-gpu","bd/english.100MB",8,262144,1000000,3475,3475,0,0.000,63.858,0.012,63.870,64.850,1667,56350317
"benchmark-example:english-extra-8-gpu","bd/english.100MB",8,262144,1000000,3475,3475,0,0.000,63.858,0.012,63.870,64.850,1668,56391118
"benchmark-example:english-extra-8-gpu","bd/english.100MB",8,262144,1000000,3475,3475,0,0.000,63.858,0.012,63.870,64.850,1669,56393107
"benchmark-example:english-extra-8-gpu","bd/english.100MB",8,262144,1000000,3475,3475,0,0.000,63.858,0.012,63.870,64.850,1670,56403373
"benchmark-example:english-extra-8-gpu","bd/english.100MB",8,262144,1000000,3475,3475,0,0.000,63.858,0.012,63.870,64.850,1671,56403434
"benchmark-example:english-extra-8-gpu","bd/english.100MB",8,262144,1000000,3475,3475,0,0.000,63.858,0.012,63.870,64.850,1672,56406742
"benchmark-example:english-extra-8-gpu","bd/english.100MB",8,262144,1000000,3475,3475,0,0.000,63.858,0.012,63.870,64.850,1673,56437719
"benchmark-example:english-extra-8-gpu","bd/english.100MB",8,262144,1000000,3475,3475,0,0.000,63.858,0.012,63.870,64.850,1674,56453869
"benchmark-example:english-extra-8-gpu","bd/english.100MB",8,262144,1000000,3475,3475,0,0.000,63.858,0.012,63.870,64.850,1675,56640863
"benchmark-example:english-extra-8-gpu","bd/english.100MB",8,262144,1000000,3475,3475,0,0.000,63.858,0.012,63.870,64.850,1676,56932083
"benchmark-example:english-extra-8-gpu","bd/english.100MB",8,262144,1000000,3475,3475,0,0.000,63.858,0.012,63.870,64.850,1677,56933795
"benchmark-example:english-extra-8-gpu","bd/english.100MB",8,262144,1000000,3475,3475,0,0.000,63.858,0.012,63.870,64.850,1678,57079330
"benchmark-example:english-extra-8-gpu","bd/english.100MB",8,262144,1000000,3475,3475,0,0.000,63.858,0.012,63.870,64.850,1679,57092880
"benchmark-example:english-extra-8-gpu","bd/english.100MB",8,262144,1000000,3475,3475,0,0.000,63.858,0.012,63.870,64.850,1680,57096887
"benchmark-example:english-extra-8-gpu","bd/english.100MB",8,262144,1000000,3475,3475,0,0.000,63.858,0.012,63.870,64.850,1681,57146587
"benchmark-example:english-extra-8-gpu","bd/english.100MB",8,262144,1000000,3475,3475,0,0.000,63.858,0.012,63.870,64.850,1682,57165882
"benchmark-example:english-extra-8-gpu","bd/english.100MB",8,262144,1000000,3475,3475,0,0.000,63.858,0.012,63.870,64.850,1683,57166372
"benchmark-example:english-extra-8-gpu","bd/english.100MB",8,262144,1000000,3475,3475,0,0.000,63.858,0.012,63.870,64.850,1684,57166894
"benchmark-example:english-extra-8-gpu","bd/english.100MB",8,262144,1000000,3475,3475,0,0.000,63.858,0.012,63.870,64.850,1685,57182781
"benchmark-example:english-extra-8-gpu","bd/english.100MB",8,262144,1000000,3475,3475,0,0.000,63.858,0.012,63.870,64.850,1686,57190047
"benchmark-example:english-extra-8-gpu","bd/english.100MB",8,262144,1000000,3475,3475,0,0.000,63.858,0.012,63.870,64.850,1687,57190345
"benchmark-example:english-extra-8-gpu","bd/english.100MB",8,262144,1000000,3475,3475,0,0.000,63.858,0.012,63.870,64.850,1688,57190484
"benchmark-example:english-extra-8-gpu","bd/english.100MB",8,262144,1000000,3475,3475,0,0.000,63.858,0.012,63.870,64.850,1689,57226361
"benchmark-example:english-extra-8-gpu","bd/english.100MB",8,262144,1000000,3475,3475,0,0.000,63.858,0.012,63.870,64.850,1690,57234964
"benchmark-example:english-extra-8-gpu","bd/english.100MB",8,262144,1000000,3475,3475,0,0.000,63.858,0.012,63.870,64.850,1691,57235161
"benchmark-example:english-extra-8-gpu","bd/english.100MB",8,262144,1000000,3475,3475,0,0.000,63.858,0.012,63.870,64.850,1692,57237685
"benchmark-example:english-extra-8-gpu","bd/english.100MB",8,262144,1000000,3475,3475,0,0.000,63.858,0.012,63.870,64.850,1693,57239764
"benchmark-example:english-extra-8-gpu","bd/english.100MB",8,262144,1000000,3475,3475,0,0.000,63.858,0.012,63.870,64.850,1694,57248514
"benchmark-example:english-extra-8-gpu","bd/english.100MB",8,262144,1000000,3475,3475,0,0.000,63.858,0.012,63.870,64.850,1695,57267737
"benchmark-example:english-extra-8-gpu","bd/english.100MB",8,262144,1000000,3475,3475,0,0.000,63.858,0.012,63.870,64.850,1696,57267764
"benchmark-example:english-extra-8-gpu","bd/english.100MB",8,262144,1000000,3475,3475,0,0.000,63.858,0.012,63.870,64.850,1697,57269120
"benchmark-example:english-extra-8-gpu","bd/english.100MB",8,262144,1000000,3475,3475,0,0.000,63.858,0.012,63.870,64.850,1698,57272920
"benchmark-example:english-extra-8-gpu","bd/english.100MB",8,262144,1000000,3475,3475,0,0.000,63.858,0.012,63.870,64.850,1699,57273592
"benchmark-example:english-extra-8-gpu","bd/english.100MB",8,262144,1000000,3475,3475,0,0.000,63.858,0.012,63.870,64.850,1700,57274372
"benchmark-example:english-extra-8-gpu","bd/english.100MB",8,262144,1000000,3475,3475,0,0.000,63.858,0.012,63.870,64.850,1701,57283867
"benchmark-example:english-extra-8-gpu","bd/english.100MB",8,262144,1000000,3475,3475,0,0.000,63.858,0.012,63.870,64.850,1702,57308832
"benchmark-example:english-extra-8-gpu","bd/english.100MB",8,262144,1000000,3475,3475,0,0.000,63.858,0.012,63.870,64.850,1703,57352398
"benchmark-example:english-extra-8-gpu","bd/english.100MB",8,262144,1000000,3475,3475,0,0.000,63.858,0.012,63.870,64.850,1704,57353846
"benchmark-example:english-extra-8-gpu","bd/english.100MB",8,262144,1000000,3475,3475,0,0.000,63.858,0.012,63.870,64.850,1705,57367800
"benchmark-example:english-extra-8-gpu","bd/english.100MB",8,262144,1000000,3475,3475,0,0.000,63.858,0.012,63.870,64.850,1706,57370930
"benchmark-example:english-extra-8-gpu","bd/english.100MB",8,262144,1000000,3475,3475,0,0.000,63.858,0.012,63.870,64.850,1707,57383321
"benchmark-example:english-extra-8-gpu","bd/english.100MB",8,262144,1000000,3475,3475,0,0.000,63.858,0.012,63.870,64.850,1708,57399191
"benchmark-example:english-extra-8-gpu","bd/english.100MB",8,262144,1000000,3475,3475,0,0.000,63.858,0.012,63.870,64.850,1709,57441676
"benchmark-example:english-extra-8-gpu","bd/english.100MB",8,262144,1000000,3475,3475,0,0.000,63.858,0.012,63.870,64.850,1710,57497130
"benchmark-example:english-extra-8-gpu","bd/english.100MB",8,262144,1000000,3475,3475,0,0.000,63.858,0.012,63.870,64.850,1711,57552150
"benchmark-example:english-extra-8-gpu","bd/english.100MB",8,262144,1000000,3475,3475,0,0.000,63.858,0.012,63.870,64.850,1712,57552247
"benchmark-example:english-extra-8-gpu","bd/english.100MB",8,262144,1000000,3475,3475,0,0.000,63.858,0.012,63.870,64.850,1713,57573765
"benchmark-example:english-extra-8-gpu","bd/english.100MB",8,262144,1000000,3475,3475,0,0.000,63.858,0.012,63.870,64.850,1714,57576357
"benchmark-example:english-extra-8-gpu","bd/english.100MB",8,262144,1000000,3475,3475,0,0.000,63.858,0.012,63.870,64.850,1715,57585613
"benchmark-example:english-extra-8-gpu","bd/english.100MB",8,262144,1000000,3475,3475,0,0.000,63.858,0.012,63.870,64.850,1716,57592598
"benchmark-example:english-extra-8-gpu","bd/english.100MB",8,262144,1000000,3475,3475,0,0.000,63.858,0.012,63.870,64.850,1717,57651881
"benchmark-example:english-extra-8-gpu","bd/english.100MB",8,262144,1000000,3475,3475,0,0.000,63.858,0.012,63.870,64.850,1718,57654294
"benchmark-example:english-extra-8-gpu","bd/english.100MB",8,262144,1000000,3475,3475,0,0.000,63.858,0.012,63.870,64.850,1719,57654888
"benchmark-example:english-extra-8-gpu","bd/english.100MB",8,262144,1000000,3475,3475,0,0.000,63.858,0.012,63.870,64.850,1720,57771746
"benchmark-example:english-extra-8-gpu","bd/english.100MB",8,262144,1000000,3475,3475,0,0.000,63.858,0.012,63.870,64.850,1721,57782881
"benchmark-example:english-extra-8-gpu","bd/english.100MB",8,262144,1000000,3475,3475,0,0.000,63.858,0.012,63.870,64.850,1722,57942584
"benchmark-example:english-extra-8-gpu","bd/english.100MB",8,262144,1000000,3475,3475,0,0.000,63.858,0.012,63.870,64.850,1723,58021333
"benchmark-example:english-extra-8-gpu","bd/english.100MB",8,262144,1000000,3475,3475,0,0.000,63.858,0.012,63.870,64.850,1724,58042152
"benchmark-example:english-extra-8-gpu","bd/english.100MB",8,262144,1000000,3475,3475,0,0.000,63.858,0.012,63.870,64.850,1725,58158606
"benchmark-example:english-extra-8-gpu","bd/english.100MB",8,262144,1000000,3475,3475,0,0.000,63.858,0.012,63.870,64.850,1726,58296290
"benchmark-example:english-extra-8-gpu","bd/english.100MB",8,262144,1000000,3475,3475,0,0.000,63.858,0.012,63.870,64.850,1727,58297770
"benchmark-example:english-extra-8-gpu","bd/english.100MB",8,262144,1000000,3475,3475,0,0.000,63.858,0.012,63.870,64.850,1728,58320816
"benchmark-example:english-extra-8-gpu","bd/english.100MB",8,262144,1000000,3475,3475,0,0.000,63.858,0.012,63.870,64.850,1729,58348835
"benchmark-example:english-extra-8-gpu","bd/english.100MB",8,262144,1000000,3475,3475,0,0.000,63.858,0.012,63.870,64.850,1730,58422273
"benchmark-example:english-extra-8-gpu","bd/english.100MB",8,262144,1000000,3475,3475,0,0.000,63.858,0.012,63.870,64.850,1731,58425020
"benchmark-example:english-extra-8-gpu","bd/english.100MB",8,262144,1000000,3475,3475,0,0.000,63.858,0.012,63.870,64.850,1732,58485270
"benchmark-example:english-extra-8-gpu","bd/english.100MB",8,262144,1000000,3475,3475,0,0.000,63.858,0.012,63.870,64.850,1733,58509576
"benchmark-example:english-extra-8-gpu","bd/english.100MB",8,262144,1000000,3475,3475,0,0.000,63.858,0.012,63.870,64.850,1734,58555652
"benchmark-example:english-extra-8-gpu","bd/english.100MB",8,262144,1000000,3475,3475,0,0.000,63.858,0.012,63.870,64.850,1735,58744321
"benchmark-example:english-extra-8-gpu","bd/english.100MB",8,262144,1000000,3475,3475,0,0.000,63.858,0.012,63.870,64.850,1736,58855151
"benchmark-example:english-extra-8-gpu","bd/english.100MB",8,262144,1000000,3475,3475,0,0.000,63.858,0.012,63.870,64.850,1737,58992948
"benchmark-example:english-extra-8-gpu","bd/english.100MB",8,262144,1000000,3475,3475,0,0.000,63.858,0.012,63.870,64.850,1738,59056669
"benchmark-example:english-extra-8-gpu","bd/english.100MB",8,262144,1000000,3475,3475,0,0.000,63.858,0.012,63.870,64.850,1739,59115244
"benchmark-example:english-extra-8-gpu","bd/english.100MB",8,262144,1000000,3475,3475,0,0.000,63.858,0.012,63.870,64.850,1740,59165564
"benchmark-example:english-extra-8-gpu","bd/english.100MB",8,262144,1000000,3475,3475,0,0.000,63.858,0.012,63.870,64.850,1741,59196602
"benchmark-example:english-extra-8-gpu","bd/english.100MB",8,262144,1000000,3475,3475,0,0.000,63.858,0.012,63.870,64.850,1742,59356053
"benchmark-example:english-extra-8-gpu","bd/english.100MB",8,262144,1000000,3475,3475,0,0.000,63.858,0.012,63.870,64.850,1743,59356144
"benchmark-example:english-extra-8-gpu","bd/english.100MB",8,262144,1000000,3475,3475,0,0.000,63.858,0.012,63.870,64.850,1744,59360665
"benchmark-example:english-extra-8-gpu","bd/english.100MB",8,262144,1000000,3475,3475,0,0.000,63.858,0.012,63.870,64.850,1745,59360937
"benchmark-example:english-extra-8-gpu","bd/english.100MB",8,262144,1000000,3475,3475,0,0.000,63.858,0.012,63.870,64.850,1746,59362367
"benchmark-example:english-extra-8-gpu","bd/english.100MB",8,262144,1000000,3475,3475,0,0.000,63.858,0.012,63.870,64.850,1747,59390705
"benchmark-example:english-extra-8-gpu","bd/english.100MB",8,262144,1000000,3475,3475,0,0.000,63.858,0.012,63.870,64.850,1748,59421146
"benchmark-example:english-extra-8-gpu","bd/english.100MB",8,262144,1000000,3475,3475,0,0.000,63.858,0.012,63.870,64.850,1749,59433165
"benchmark-example:english-extra-8-gpu","bd/english.100MB",8,262144,1000000,3475,3475,0,0.000,63.858,0.012,63.870,64.850,1750,59576193
"benchmark-example:english-extra-8-gpu","bd/english.100MB",8,262144,1000000,3475,3475,0,0.000,63.858,0.012,63.870,64.850,1751,59585345
"benchmark-example:english-extra-8-gpu","bd/english.100MB",8,262144,1000000,3475,3475,0,0.000,63.858,0.012,63.870,64.850,1752,59588087
"benchmark-example:english-extra-8-gpu","bd/english.100MB",8,262144,1000000,3475,3475,0,0.000,63.858,0.012,63.870,64.850,1753,59629004
"benchmark-example:english-extra-8-gpu","bd/english.100MB",8,262144,1000000,3475,3475,0,0.000,63.858,0.012,63.870,64.850,1754,59661116
"benchmark-example:english-extra-8-gpu","bd/english.100MB",8,262144,1000000,3475,3475,0,0.000,63.858,0.012,63.870,64.850,1755,59675186
"benchmark-example:english-extra-8-gpu","bd/english.100MB",8,262144,1000000,3475,3475,0,0.000,63.858,0.012,63.870,64.850,1756,59675528
"benchmark-example:english-extra-8-gpu","bd/english.100MB",8,262144,1000000,3475,3475,0,0.000,63.858,0.012,63.870,64.850,1757,59689294
"benchmark-example:english-extra-8-gpu","bd/english.100MB",8,262144,1000000,3475,3475,0,0.000,63.858,0.012,63.870,64.850,1758,59691432
"benchmark-example:english-extra-8-gpu","bd/english.100MB",8,262144,1000000,3475,3475,0,0.000,63.858,0.012,63.870,64.850,1759,59701459
"benchmark-example:english-extra-8-gpu","bd/english.100MB",8,262144,1000000,3475,3475,0,0.000,63.858,0.012,63.870,64.850,1760,59701723
"benchmark-example:english-extra-8-gpu","bd/english.100MB",8,262144,1000000,3475,3475,0,0.000,63.858,0.012,63.870,64.850,1761,59701762
"benchmark-example:english-extra-8-gpu","bd/english.100MB",8,262144,1000000,3475,3475,0,0.000,63.858,0.012,63.870,64.850,1762,59740046
"benchmark-example:english-extra-8-gpu","bd/english.100MB",8,262144,1000000,3475,3475,0,0.000,63.858,0.012,63.870,64.850,1763,59886777
"benchmark-example:english-extra-8-gpu","bd/english.100MB",8,262144,1000000,3475,3475,0,0.000,63.858,0.012,63.870,64.850,1764,59959559
"benchmark-example:english-extra-8-gpu","bd/english.100MB",8,262144,1000000,3475,3475,0,0.000,63.858,0.012,63.870,64.850,1765,59965883
"benchmark-example:english-extra-8-gpu","bd/english.100MB",8,262144,1000000,3475,3475,0,0.000,63.858,0.012,63.870,64.850,1766,59998114
"benchmark-example:english-extra-8-gpu","bd/english.100MB",8,262144,1000000,3475,3475,0,0.000,63.858,0.012,63.870,64.850,1767,60007453
"benchmark-example:english-extra-8-gpu","bd/english.100MB",8,262144,1000000,3475,3475,0,0.000,63.858,0.012,63.870,64.850,1768,60103326
"benchmark-example:english-extra-8-gpu","bd/english.100MB",8,262144,1000000,3475,3475,0,0.000,63.858,0.012,63.870,64.850,1769,60152302
"benchmark-example:english-extra-8-gpu","bd/english.100MB",8,262144,1000000,3475,3475,0,0.000,63.858,0.012,63.870,64.850,1770,60195413
"benchmark-example:english-extra-8-gpu","bd/english.100MB",8,262144,1000000,3475,3475,0,0.000,63.858,0.012,63.870,64.850,1771,60294681
"benchmark-example:english-extra-8-gpu","bd/english.100MB",8,262144,1000000,3475,3475,0,0.000,63.858,0.012,63.870,64.850,1772,60296279
"benchmark-example:english-extra-8-gpu","bd/english.100MB",8,262144,1000000,3475,3475,0,0.000,63.858,0.012,63.870,64.850,1773,60308346
"benchmark-example:english-extra-8-gpu","bd/english.100MB",8,262144,1000000,3475,3475,0,0.000,63.858,0.012,63.870,64.850,1774,60312948
"benchmark-example:english-extra-8-gpu","bd/english.100MB",8,262144,1000000,3475,3475,0,0.000,63.858,0.012,63.870,64.850,1775,60325323
"benchmark-example:english-extra-8-gpu","bd/english.100MB",8,262144,1000000,3475,3475,0,0.000,63.858,0.012,63.870,64.850,1776,60378859
"benchmark-example:english-extra-8-gpu","bd/english.100MB",8,262144,1000000,3475,3475,0,0.000,63.858,0.012,63.870,64.850,1777,60564904
"benchmark-example:english-extra-8-gpu","bd/english.100MB",8,262144,1000000,3475,3475,0,0.000,63.858,0.012,63.870,64.850,1778,60574584
"benchmark-example:english-extra-8-gpu","bd/english.100MB",8,262144,1000000,3475,3475,0,0.000,63.858,0.012,63.870,64.850,1779,60604070
"benchmark-example:english-extra-8-gpu","bd/english.100MB",8,262144,1000000,3475,3475,0,0.000,63.858,0.012,63.870,64.850,1780,60655048
"benchmark-example:english-extra-8-gpu","bd/english.100MB",8,262144,1000000,3475,3475,0,0.000,63.858,0.012,63.870,64.850,1781,60714840
"benchmark-example:english-extra-8-gpu","bd/english.100MB",8,262144,1000000,3475,3475,0,0.000,63.858,0.012,63.870,64.850,1782,60761747
"benchmark-example:english-extra-8-gpu","bd/english.100MB",8,262144,1000000,3475,3475,0,0.000,63.858,0.012,63.870,64.850,1783,60861489
"benchmark-example:english-extra-8-gpu","bd/english.100MB",8,262144,1000000,3475,3475,0,0.000,63.858,0.012,63.870,64.850,1784,60901776
"benchmark-example:english-extra-8-gpu","bd/english.100MB",8,262144,1000000,3475,3475,0,0.000,63.858,0.012,63.870,64.850,1785,60946623
"benchmark-example:english-extra-8-gpu","bd/english.100MB",8,262144,1000000,3475,3475,0,0.000,63.858,0.012,63.870,64.850,1786,60948594
"benchmark-example:english-extra-8-gpu","bd/english.100MB",8,262144,1000000,3475,3475,0,0.000,63.858,0.012,63.870,64.850,1787,60994153
"benchmark-example:english-extra-8-gpu","bd/english.100MB",8,262144,1000000,3475,3475,0,0.000,63.858,0.012,63.870,64.850,1788,60997303
"benchmark-example:english-extra-8-gpu","bd/english.100MB",8,262144,1000000,3475,3475,0,0.000,63.858,0.012,63.870,64.850,1789,61001362
"benchmark-example:english-extra-8-gpu","bd/english.100MB",8,262144,1000000,3475,3475,0,0.000,63.858,0.012,63.870,64.850,1790,61004271
"benchmark-example:english-extra-8-gpu","bd/english.100MB",8,262144,1000000,3475,3475,0,0.000,63.858,0.012,63.870,64.850,1791,61005513
"benchmark-example:english-extra-8-gpu","bd/english.100MB",8,262144,1000000,3475,3475,0,0.000,63.858,0.012,63.870,64.850,1792,61006497
"benchmark-example:english-extra-8-gpu","bd/english.100MB",8,262144,1000000,3475,3475,0,0.000,63.858,0.012,63.870,64.850,1793,61043146
"benchmark-example:english-extra-8-gpu","bd/english.100MB",8,262144,1000000,3475,3475,0,0.000,63.858,0.012,63.870,64.850,1794,61060355
"benchmark-example:english-extra-8-gpu","bd/english.100MB",8,262144,1000000,3475,3475,0,0.000,63.858,0.012,63.870,64.850,1795,61075936
"benchmark-example:english-extra-8-gpu","bd/english.100MB",8,262144,1000000,3475,3475,0,0.000,63.858,0.012,63.870,64.850,1796,61104198
"benchmark-example:english-extra-8-gpu","bd/english.100MB",8,262144,1000000,3475,3475,0,0.000,63.858,0.012,63.870,64.850,1797,61141035
"benchmark-example:english-extra-8-gpu","bd/english.100MB",8,262144,1000000,3475,3475,0,0.000,63.858,0.012,63.870,64.850,1798,61156432
"benchmark-example:english-extra-8-gpu","bd/english.100MB",8,262144,1000000,3475,3475,0,0.000,63.858,0.012,63.870,64.850,1799,61159076
"benchmark-example:english-extra-8-gpu","bd/english.100MB",8,262144,1000000,3475,3475,0,0.000,63.858,0.012,63.870,64.850,1800,61196157
"benchmark-example:english-extra-8-gpu","bd/english.100MB",8,262144,1000000,3475,3475,0,0.000,63.858,0.012,63.870,64.850,1801,61287674
"benchmark-example:english-extra-8-gpu","bd/english.100MB",8,262144,1000000,3475,3475,0,0.000,63.858,0.012,63.870,64.850,1802,61299282
"benchmark-example:english-extra-8-gpu","bd/english.100MB",8,262144,1000000,3475,3475,0,0.000,63.858,0.012,63.870,64.850,1803,61312723
"benchmark-example:english-extra-8-gpu","bd/english.100MB",8,262144,1000000,3475,3475,0,0.000,63.858,0.012,63.870,64.850,1804,61327068
"benchmark-example:english-extra-8-gpu","bd/english.100MB",8,262144,1000000,3475,3475,0,0.000,63.858,0.012,63.870,64.850,1805,61331026
"benchmark-example:english-extra-8-gpu","bd/english.100MB",8,262144,1000000,3475,3475,0,0.000,63.858,0.012,63.870,64.850,1806,61357819
"benchmark-example:english-extra-8-gpu","bd/english.100MB",8,262144,1000000,3475,3475,0,0.000,63.858,0.012,63.870,64.850,1807,61398713
"benchmark-example:english-extra-8-gpu","bd/english.100MB",8,262144,1000000,3475,3475,0,0.000,63.858,0.012,63.870,64.850,1808,61420188
"benchmark-example:english-extra-8-gpu","bd/english.100MB",8,262144,1000000,3475,3475,0,0.000,63.858,0.012,63.870,64.850,1809,61429706
"benchmark-example:english-extra-8-gpu","bd/english.100MB",8,262144,1000000,3475,3475,0,0.000,63.858,0.012,63.870,64.850,1810,61444424
"benchmark-example:english-extra-8-gpu","bd/english.100MB",8,262144,1000000,3475,3475,0,0.000,63.858,0.012,63.870,64.850,1811,61445761
"benchmark-example:english-extra-8-gpu","bd/english.100MB",8,262144,1000000,3475,3475,0,0.000,63.858,0.012,63.870,64.850,1812,61473802
"benchmark-example:english-extra-8-gpu","bd/english.100MB",8,262144,1000000,3475,3475,0,0.000,63.858,0.012,63.870,64.850,1813,61474603
"benchmark-example:english-extra-8-gpu","bd/english.100MB",8,262144,1000000,3475,3475,0,0.000,63.858,0.012,63.870,64.850,1814,61484875
"benchmark-example:english-extra-8-gpu","bd/english.100MB",8,262144,1000000,3475,3475,0,0.000,63.858,0.012,63.870,64.850,1815,61523947
"benchmark-example:english-extra-8-gpu","bd/english.100MB",8,262144,1000000,3475,3475,0,0.000,63.858,0.012,63.870,64.850,1816,61560242
"benchmark-example:english-extra-8-gpu","bd/english.100MB",8,262144,1000000,3475,3475,0,0.000,63.858,0.012,63.870,64.850,1817,61571698
"benchmark-example:english-extra-8-gpu","bd/english.100MB",8,262144,1000000,3475,3475,0,0.000,63.858,0.012,63.870,64.850,1818,61612444
"benchmark-example:english-extra-8-gpu","bd/english.100MB",8,262144,1000000,3475,3475,0,0.000,63.858,0.012,63.870,64.850,1819,61666862
"benchmark-example:english-extra-8-gpu","bd/english.100MB",8,262144,1000000,3475,3475,0,0.000,63.858,0.012,63.870,64.850,1820,61667375
"benchmark-example:english-extra-8-gpu","bd/english.100MB",8,262144,1000000,3475,3475,0,0.000,63.858,0.012,63.870,64.850,1821,61695002
"benchmark-example:english-extra-8-gpu","bd/english.100MB",8,262144,1000000,3475,3475,0,0.000,63.858,0.012,63.870,64.850,1822,61699204
"benchmark-example:english-extra-8-gpu","bd/english.100MB",8,262144,1000000,3475,3475,0,0.000,63.858,0.012,63.870,64.850,1823,61742054
"benchmark-example:english-extra-8-gpu","bd/english.100MB",8,262144,1000000,3475,3475,0,0.000,63.858,0.012,63.870,64.850,1824,61757721
"benchmark-example:english-extra-8-gpu","bd/english.100MB",8,262144,1000000,3475,3475,0,0.000,63.858,0.012,63.870,64.850,1825,61794023
"benchmark-example:english-extra-8-gpu","bd/english.100MB",8,262144,1000000,3475,3475,0,0.000,63.858,0.012,63.870,64.850,1826,61826151
"benchmark-example:english-extra-8-gpu","bd/english.100MB",8,262144,1000000,3475,3475,0,0.000,63.858,0.012,63.870,64.850,1827,61852808
"benchmark-example:english-extra-8-gpu","bd/english.100MB",8,262144,1000000,3475,3475,0,0.000,63.858,0.012,63.870,64.850,1828,61902896
"benchmark-example:english-extra-8-gpu","bd/english.100MB",8,262144,1000000,3475,3475,0,0.000,63.858,0.012,63.870,64.850,1829,61914078
"benchmark-example:english-extra-8-gpu","bd/english.100MB",8,262144,1000000,3475,3475,0,0.000,63.858,0.012,63.870,64.850,1830,61920688
"benchmark-example:english-extra-8-gpu","bd/english.100MB",8,262144,1000000,3475,3475,0,0.000,63.858,0.012,63.870,64.850,1831,61943006
"benchmark-example:english-extra-8-gpu","bd/english.100MB",8,262144,1000000,3475,3475,0,0.000,63.858,0.012,63.870,64.850,1832,61948019
"benchmark-example:english-extra-8-gpu","bd/english.100MB",8,262144,1000000,3475,3475,0,0.000,63.858,0.012,63.870,64.850,1833,61963461
"benchmark-example:english-extra-8-gpu","bd/english.100MB",8,262144,1000000,3475,3475,0,0.000,63.858,0.012,63.870,64.850,1834,61976670
"benchmark-example:english-extra-8-gpu","bd/english.100MB",8,262144,1000000,3475,3475,0,0.000,63.858,0.012,63.870,64.850,1835,61979890
"benchmark-example:english-extra-8-gpu","bd/english.100MB",8,262144,1000000,3475,3475,0,0.000,63.858,0.012,63.870,64.850,1836,61987096
"benchmark-example:english-extra-8-gpu","bd/english.100MB",8,262144,1000000,3475,3475,0,0.000,63.858,0.012,63.870,64.850,1837,62002314
"benchmark-example:english-extra-8-gpu","bd/english.100MB",8,262144,1000000,3475,3475,0,0.000,63.858,0.012,63.870,64.850,1838,62002428
"benchmark-example:english-extra-8-gpu","bd/english.100MB",8,262144,1000000,3475,3475,0,0.000,63.858,0.012,63.870,64.850,1839,62015096
"benchmark-example:english-extra-8-gpu","bd/english.100MB",8,262144,1000000,3475,3475,0,0.000,63.858,0.012,63.870,64.850,1840,62021889
"benchmark-example:english-extra-8-gpu","bd/english.100MB",8,262144,1000000,3475,3475,0,0.000,63.858,0.012,63.870,64.850,1841,62034147
"benchmark-example:english-extra-8-gpu","bd/english.100MB",8,262144,1000000,3475,3475,0,0.000,63.858,0.012,63.870,64.850,1842,62064268
"benchmark-example:english-extra-8-gpu","bd/english.100MB",8,262144,1000000,3475,3475,0,0.000,63.858,0.012,63.870,64.850,1843,62071844
"benchmark-example:english-extra-8-gpu","bd/english.100MB",8,262144,1000000,3475,3475,0,0.000,63.858,0.012,63.870,64.850,1844,62072056
"benchmark-example:english-extra-8-gpu","bd/english.100MB",8,262144,1000000,3475,3475,0,0.000,63.858,0.012,63.870,64.850,1845,62096680
"benchmark-example:english-extra-8-gpu","bd/english.100MB",8,262144,1000000,3475,3475,0,0.000,63.858,0.012,63.870,64.850,1846,62126034
"benchmark-example:english-extra-8-gpu","bd/english.100MB",8,262144,1000000,3475,3475,0,0.000,63.858,0.012,63.870,64.850,1847,62174970
"benchmark-example:english-extra-8-gpu","bd/english.100MB",8,262144,1000000,3475,3475,0,0.000,63.858,0.012,63.870,64.850,1848,62208689
"benchmark-example:english-extra-8-gpu","bd/english.100MB",8,262144,1000000,3475,3475,0,0.000,63.858,0.012,63.870,64.850,1849,62228384
"benchmark-example:english-extra-8-gpu","bd/english.100MB",8,262144,1000000,3475,3475,0,0.000,63.858,0.012,63.870,64.850,1850,62254046
"benchmark-example:english-extra-8-gpu","bd/english.100MB",8,262144,1000000,3475,3475,0,0.000,63.858,0.012,63.870,64.850,1851,62254668
"benchmark-example:english-extra-8-gpu","bd/english.100MB",8,262144,1000000,3475,3475,0,0.000,63.858,0.012,63.870,64.850,1852,62267580
"benchmark-example:english-extra-8-gpu","bd/english.100MB",8,262144,1000000,3475,3475,0,0.000,63.858,0.012,63.870,64.850,1853,62446797
"benchmark-example:english-extra-8-gpu","bd/english.100MB",8,262144,1000000,3475,3475,0,0.000,63.858,0.012,63.870,64.850,1854,62449252
"benchmark-example:english-extra-8-gpu","bd/english.100MB",8,262144,1000000,3475,3475,0,0.000,63.858,0.012,63.870,64.850,1855,62523805
"benchmark-example:english-extra-8-gpu","bd/english.100MB",8,262144,1000000,3475,3475,0,0.000,63.858,0.012,63.870,64.850,1856,62569607
"benchmark-example:english-extra-8-gpu","bd/english.100MB",8,262144,1000000,3475,3475,0,0.000,63.858,0.012,63.870,64.850,1857,62600578
"benchmark-example:english-extra-8-gpu","bd/english.100MB",8,262144,1000000,3475,3475,0,0.000,63.858,0.012,63.870,64.850,1858,62645644
"benchmark-example:english-extra-8-gpu","bd/english.100MB",8,262144,1000000,3475,3475,0,0.000,63.858,0.012,63.870,64.850,1859,62648458
"benchmark-example:english-extra-8-gpu","bd/english.100MB",8,262144,1000000,3475,3475,0,0.000,63.858,0.012,63.870,64.850,1860,62672601
"benchmark-example:english-extra-8-gpu","bd/english.100MB",8,262144,1000000,3475,3475,0,0.000,63.858,0.012,63.870,64.850,1861,62674780
"benchmark-example:english-extra-8-gpu","bd/english.100MB",8,262144,1000000,3475,3475,0,0.000,63.858,0.012,63.870,64.850,1862,62681032
"benchmark-example:english-extra-8-gpu","bd/english.100MB",8,262144,1000000,3475,3475,0,0.000,63.858,0.012,63.870,64.850,1863,62682239
"benchmark-example:english-extra-8-gpu","bd/english.100MB",8,262144,1000000,3475,3475,0,0.000,63.858,0.012,63.870,64.850,1864,62685050
"benchmark-example:english-extra-8-gpu","bd/english.100MB",8,262144,1000000,3475,3475,0,0.000,63.858,0.012,63.870,64.850,1865,62694995
"benchmark-example:english-extra-8-gpu","bd/english.100MB",8,262144,1000000,3475,3475,0,0.000,63.858,0.012,63.870,64.850,1866,62707474
"benchmark-example:english-extra-8-gpu","bd/english.100MB",8,262144,1000000,3475,3475,0,0.000,63.858,0.012,63.870,64.850,1867,62707694
"benchmark-example:english-extra-8-gpu","bd/english.100MB",8,262144,1000000,3475,3475,0,0.000,63.858,0.012,63.870,64.850,1868,62785228
"benchmark-example:english-extra-8-gpu","bd/english.100MB",8,262144,1000000,3475,3475,0,0.000,63.858,0.012,63.870,64.850,1869,62795535
"benchmark-example:english-extra-8-gpu","bd/english.100MB",8,262144,1000000,3475,3475,0,0.000,63.858,0.012,63.870,64.850,1870,62852222
"benchmark-example:english-extra-8-gpu","bd/english.100MB",8,262144,1000000,3475,3475,0,0.000,63.858,0.012,63.870,64.850,1871,62907320
"benchmark-example:english-extra-8-gpu","bd/english.100MB",8,262144,1000000,3475,3475,0,0.000,63.858,0.012,63.870,64.850,1872,62916348
"benchmark-example:english-extra-8-gpu","bd/english.100MB",8,262144,1000000,3475,3475,0,0.000,63.858,0.012,63.870,64.850,1873,62916511
"benchmark-example:english-extra-8-gpu","bd/english.100MB",8,262144,1000000,3475,3475,0,0.000,63.858,0.012,63.870,64.850,1874,62927524
"benchmark-example:english-extra-8-gpu","bd/english.100MB",8,262144,1000000,3475,3475,0,0.000,63.858,0.012,63.870,64.850,1875,62977511
"benchmark-example:english-extra-8-gpu","bd/english.100MB",8,262144,1000000,3475,3475,0,0.000,63.858,0.012,63.870,64.850,1876,62992953
"benchmark-example:english-extra-8-gpu","bd/english.100MB",8,262144,1000000,3475,3475,0,0.000,63.858,0.012,63.870,64.850,1877,63006162
"benchmark-example:english-extra-8-gpu","bd/english.100MB",8,262144,1000000,3475,3475,0,0.000,63.858,0.012,63.870,64.850,1878,63009382
"benchmark-example:english-extra-8-gpu","bd/english.100MB",8,262144,1000000,3475,3475,0,0.000,63.858,0.012,63.870,64.850,1879,63016587
"benchmark-example:english-extra-8-gpu","bd/english.100MB",8,262144,1000000,3475,3475,0,0.000,63.858,0.012,63.870,64.850,1880,63031805
"benchmark-example:english-extra-8-gpu","bd/english.100MB",8,262144,1000000,3475,3475,0,0.000,63.858,0.012,63.870,64.850,1881,63031919
"benchmark-example:english-extra-8-gpu","bd/english.100MB",8,262144,1000000,3475,3475,0,0.000,63.858,0.012,63.870,64.850,1882,63044587
"benchmark-example:english-extra-8-gpu","bd/english.100MB",8,262144,1000000,3475,3475,0,0.000,63.858,0.012,63.870,64.850,1883,63051380
"benchmark-example:english-extra-8-gpu","bd/english.100MB",8,262144,1000000,3475,3475,0,0.000,63.858,0.012,63.870,64.850,1884,63063638
"benchmark-example:english-extra-8-gpu","bd/english.100MB",8,262144,1000000,3475,3475,0,0.000,63.858,0.012,63.870,64.850,1885,63093759
"benchmark-example:english-extra-8-gpu","bd/english.100MB",8,262144,1000000,3475,3475,0,0.000,63.858,0.012,63.870,64.850,1886,63101335
"benchmark-example:english-extra-8-gpu","bd/english.100MB",8,262144,1000000,3475,3475,0,0.000,63.858,0.012,63.870,64.850,1887,63101547
"benchmark-example:english-extra-8-gpu","bd/english.100MB",8,262144,1000000,3475,3475,0,0.000,63.858,0.012,63.870,64.850,1888,63126171
"benchmark-example:english-extra-8-gpu","bd/english.100MB",8,262144,1000000,3475,3475,0,0.000,63.858,0.012,63.870,64.850,1889,63155525
"benchmark-example:english-extra-8-gpu","bd/english.100MB",8,262144,1000000,3475,3475,0,0.000,63.858,0.012,63.870,64.850,1890,63204463
"benchmark-example:english-extra-8-gpu","bd/english.100MB",8,262144,1000000,3475,3475,0,0.000,63.858,0.012,63.870,64.850,1891,63238182
"benchmark-example:english-extra-8-gpu","bd/english.100MB",8,262144,1000000,3475,3475,0,0.000,63.858,0.012,63.870,64.850,1892,63257877
"benchmark-example:english-extra-8-gpu","bd/english.100MB",8,262144,1000000,3475,3475,0,0.000,63.858,0.012,63.870,64.850,1893,63283539
"benchmark-example:english-extra-8-gpu","bd/english.100MB",8,262144,1000000,3475,3475,0,0.000,63.858,0.012,63.870,64.850,1894,63284161
"benchmark-example:english-extra-8-gpu","bd/english.100MB",8,262144,1000000,3475,3475,0,0.000,63.858,0.012,63.870,64.850,1895,63297073
"benchmark-example:english-extra-8-gpu","bd/english.100MB",8,262144,1000000,3475,3475,0,0.000,63.858,0.012,63.870,64.850,1896,63476290
"benchmark-example:english-extra-8-gpu","bd/english.100MB",8,262144,1000000,3475,3475,0,0.000,63.858,0.012,63.870,64.850,1897,63478745
"benchmark-example:english-extra-8-gpu","bd/english.100MB",8,262144,1000000,3475,3475,0,0.000,63.858,0.012,63.870,64.850,1898,63553298
"benchmark-example:english-extra-8-gpu","bd/english.100MB",8,262144,1000000,3475,3475,0,0.000,63.858,0.012,63.870,64.850,1899,63599100
"benchmark-example:english-extra-8-gpu","bd/english.100MB",8,262144,1000000,3475,3475,0,0.000,63.858,0.012,63.870,64.850,1900,63630071
"benchmark-example:english-extra-8-gpu","bd/english.100MB",8,262144,1000000,3475,3475,0,0.000,63.858,0.012,63.870,64.850,1901,63675137
"benchmark-example:english-extra-8-gpu","bd/english.100MB",8,262144,1000000,3475,3475,0,0.000,63.858,0.012,63.870,64.850,1902,63677951
"benchmark-example:english-extra-8-gpu","bd/english.100MB",8,262144,1000000,3475,3475,0,0.000,63.858,0.012,63.870,64.850,1903,63702094
"benchmark-example:english-extra-8-gpu","bd/english.100MB",8,262144,1000000,3475,3475,0,0.000,63.858,0.012,63.870,64.850,1904,63704273
"benchmark-example:english-extra-8-gpu","bd/english.100MB",8,262144,1000000,3475,3475,0,0.000,63.858,0.012,63.870,64.850,1905,63710525
"benchmark-example:english-extra-8-gpu","bd/english.100MB",8,262144,1000000,3475,3475,0,0.000,63.858,0.012,63.870,64.850,1906,63711732
"benchmark-example:english-extra-8-gpu","bd/english.100MB",8,262144,1000000,3475,3475,0,0.000,63.858,0.012,63.870,64.850,1907,63714543
"benchmark-example:english-extra-8-gpu","bd/english.100MB",8,262144,1000000,3475,3475,0,0.000,63.858,0.012,63.870,64.850,1908,63724488
"benchmark-example:english-extra-8-gpu","bd/english.100MB",8,262144,1000000,3475,3475,0,0.000,63.858,0.012,63.870,64.850,1909,63736967
"benchmark-example:english-extra-8-gpu","bd/english.100MB",8,262144,1000000,3475,3475,0,0.000,63.858,0.012,63.870,64.850,1910,63737187
"benchmark-example:english-extra-8-gpu","bd/english.100MB",8,262144,1000000,3475,3475,0,0.000,63.858,0.012,63.870,64.850,1911,63814726
"benchmark-example:english-extra-8-gpu","bd/english.100MB",8,262144,1000000,3475,3475,0,0.000,63.858,0.012,63.870,64.850,1912,63825037
"benchmark-example:english-extra-8-gpu","bd/english.100MB",8,262144,1000000,3475,3475,0,0.000,63.858,0.012,63.870,64.850,1913,63881721
"benchmark-example:english-extra-8-gpu","bd/english.100MB",8,262144,1000000,3475,3475,0,0.000,63.858,0.012,63.870,64.850,1914,63936819
"benchmark-example:english-extra-8-gpu","bd/english.100MB",8,262144,1000000,3475,3475,0,0.000,63.858,0.012,63.870,64.850,1915,63945847
"benchmark-example:english-extra-8-gpu","bd/english.100MB",8,262144,1000000,3475,3475,0,0.000,63.858,0.012,63.870,64.850,1916,63946010
"benchmark-example:english-extra-8-gpu","bd/english.100MB",8,262144,1000000,3475,3475,0,0.000,63.858,0.012,63.870,64.850,1917,63957023
"benchmark-example:english-extra-8-gpu","bd/english.100MB",8,262144,1000000,3475,3475,0,0.000,63.858,0.012,63.870,64.850,1918,64029248
"benchmark-example:english-extra-8-gpu","bd/english.100MB",8,262144,1000000,3475,3475,0,0.000,63.858,0.012,63.870,64.850,1919,64108315
"benchmark-example:english-extra-8-gpu","bd/english.100MB",8,262144,1000000,3475,3475,0,0.000,63.858,0.012,63.870,64.850,1920,64209202
"benchmark-example:english-extra-8-gpu","bd/english.100MB",8,262144,1000000,3475,3475,0,0.000,63.858,0.012,63.870,64.850,1921,64232424
"benchmark-example:english-extra-8-gpu","bd/english.100MB",8,262144,1000000,3475,3475,0,0.000,63.858,0.012,63.870,64.850,1922,64240888
"benchmark-example:english-extra-8-gpu","bd/english.100MB",8,262144,1000000,3475,3475,0,0.000,63.858,0.012,63.870,64.850,1923,64442611
"benchmark-example:english-extra-8-gpu","bd/english.100MB",8,262144,1000000,3475,3475,0,0.000,63.858,0.012,63.870,64.850,1924,64490539
"benchmark-example:english-extra-8-gpu","bd/english.100MB",8,262144,1000000,3475,3475,0,0.000,63.858,0.012,63.870,64.850,1925,64516347
"benchmark-example:english-extra-8-gpu","bd/english.100MB",8,262144,1000000,3475,3475,0,0.000,63.858,0.012,63.870,64.850,1926,64648381
"benchmark-example:english-extra-8-gpu","bd/english.100MB",8,262144,1000000,3475,3475,0,0.000,63.858,0.012,63.870,64.850,1927,64725280
"benchmark-example:english-extra-8-gpu","bd/english.100MB",8,262144,1000000,3475,3475,0,0.000,63.858,0.012,63.870,64.850,1928,64783495
"benchmark-example:english-extra-8-gpu","bd/english.100MB",8,262144,1000000,3475,3475,0,0.000,63.858,0.012,63.870,64.850,1929,64803686
"benchmark-example:english-extra-8-gpu","bd/english.100MB",8,262144,1000000,3475,3475,0,0.000,63.858,0.012,63.870,64.850,1930,64809387
"benchmark-example:english-extra-8-gpu","bd/english.100MB",8,262144,1000000,3475,3475,0,0.000,63.858,0.012,63.870,64.850,1931,64884368
"benchmark-example:english-extra-8-gpu","bd/english.100MB",8,262144,1000000,3475,3475,0,0.000,63.858,0.012,63.870,64.850,1932,64897964
"benchmark-example:english-extra-8-gpu","bd/english.100MB",8,262144,1000000,3475,3475,0,0.000,63.858,0.012,63.870,64.850,1933,64923781
"benchmark-example:english-extra-8-gpu","bd/english.100MB",8,262144,1000000,3475,3475,0,0.000,63.858,0.012,63.870,64.850,1934,64975775
"benchmark-example:english-extra-8-gpu","bd/english.100MB",8,262144,1000000,3475,3475,0,0.000,63.858,0.012,63.870,64.850,1935,65054841
"benchmark-example:english-extra-8-gpu","bd/english.100MB",8,262144,1000000,3475,3475,0,0.000,63.858,0.012,63.870,64.850,1936,65155725
"benchmark-example:english-extra-8-gpu","bd/english.100MB",8,262144,1000000,3475,3475,0,0.000,63.858,0.012,63.870,64.850,1937,65178947
"benchmark-example:english-extra-8-gpu","bd/english.100MB",8,262144,1000000,3475,3475,0,0.000,63.858,0.012,63.870,64.850,1938,65187411
"benchmark-example:english-extra-8-gpu","bd/english.100MB",8,262144,1000000,3475,3475,0,0.000,63.858,0.012,63.870,64.850,1939,65389134
"benchmark-example:english-extra-8-gpu","bd/english.100MB",8,262144,1000000,3475,3475,0,0.000,63.858,0.012,63.870,64.850,1940,65437062
"benchmark-example:english-extra-8-gpu","bd/english.100MB",8,262144,1000000,3475,3475,0,0.000,63.858,0.012,63.870,64.850,1941,65462866
"benchmark-example:english-extra-8-gpu","bd/english.100MB",8,262144,1000000,3475,3475,0,0.000,63.858,0.012,63.870,64.850,1942,65594898
"benchmark-example:english-extra-8-gpu","bd/english.100MB",8,262144,1000000,3475,3475,0,0.000,63.858,0.012,63.870,64.850,1943,65671789
"benchmark-example:english-extra-8-gpu","bd/english.100MB",8,262144,1000000,3475,3475,0,0.000,63.858,0.012,63.870,64.850,1944,65729998
"benchmark-example:english-extra-8-gpu","bd/english.100MB",8,262144,1000000,3475,3475,0,0.000,63.858,0.012,63.870,64.850,1945,65750188
"benchmark-example:english-extra-8-gpu","bd/english.100MB",8,262144,1000000,3475,3475,0,0.000,63.858,0.012,63.870,64.850,1946,65755888
"benchmark-example:english-extra-8-gpu","bd/english.100MB",8,262144,1000000,3475,3475,0,0.000,63.858,0.012,63.870,64.850,1947,65830856
"benchmark-example:english-extra-8-gpu","bd/english.100MB",8,262144,1000000,3475,3475,0,0.000,63.858,0.012,63.870,64.850,1948,65844450
"benchmark-example:english-extra-8-gpu","bd/english.100MB",8,262144,1000000,3475,3475,0,0.000,63.858,0.012,63.870,64.850,1949,65870261
"benchmark-example:english-extra-8-gpu","bd/english.100MB",8,262144,1000000,3475,3475,0,0.000,63.858,0.012,63.870,64.850,1950,65898625
"benchmark-example:english-extra-8-gpu","bd/english.100MB",8,262144,1000000,3475,3475,0,0.000,63.858,0.012,63.870,64.850,1951,65973216
"benchmark-example:english-extra-8-gpu","bd/english.100MB",8,262144,1000000,3475,3475,0,0.000,63.858,0.012,63.870,64.850,1952,65973506
"benchmark-example:english-extra-8-gpu","bd/english.100MB",8,262144,1000000,3475,3475,0,0.000,63.858,0.012,63.870,64.850,1953,65975153
"benchmark-example:english-extra-8-gpu","bd/english.100MB",8,262144,1000000,3475,3475,0,0.000,63.858,0.012,63.870,64.850,1954,65979473
"benchmark-example:english-extra-8-gpu","bd/english.100MB",8,262144,1000000,3475,3475,0,0.000,63.858,0.012,63.870,64.850,1955,65979752
"benchmark-example:english-extra-8-gpu","bd/english.100MB",8,262144,1000000,3475,3475,0,0.000,63.858,0.012,63.870,64.850,1956,65983545
"benchmark-example:english-extra-8-gpu","bd/english.100MB",8,262144,1000000,3475,3475,0,0.000,63.858,0.012,63.870,64.850,1957,65983791
"benchmark-example:english-extra-8-gpu","bd/english.100MB",8,262144,1000000,3475,3475,0,0.000,63.858,0.012,63.870,64.850,1958,66015621
"benchmark-example:english-extra-8-gpu","bd/english.100MB",8,262144,1000000,3475,3475,0,0.000,63.858,0.012,63.870,64.850,1959,66016573
"benchmark-example:english-extra-8-gpu","bd/english.100MB",8,262144,1000000,3475,3475,0,0.000,63.858,0.012,63.870,64.850,1960,66017345
"benchmark-example:english-extra-8-gpu","bd/english.100MB",8,262144,1000000,3475,3475,0,0.000,63.858,0.012,63.870,64.850,1961,66017395
"benchmark-example:english-extra-8-gpu","bd/english.100MB",8,262144,1000000,3475,3475,0,0.000,63.858,0.012,63.870,64.850,1962,66030761
"benchmark-example:english-extra-8-gpu","bd/english.100MB",8,262144,1000000,3475,3475,0,0.000,63.858,0.012,63.870,64.850,1963,66030800
"benchmark-example:english-extra-8-gpu","bd/english.100MB",8,262144,1000000,3475,3475,0,0.000,63.858,0.012,63.870,64.850,1964,66067716
"benchmark-example:english-extra-8-gpu","bd/english.100MB",8,262144,1000000,3475,3475,0,0.000,63.858,0.012,63.870,64.850,1965,66083882
"benchmark-example:english-extra-8-gpu","bd/english.100MB",8,262144,1000000,3475,3475,0,0.000,63.858,0.012,63.870,64.850,1966,66084392
"benchmark-example:english-extra-8-gpu","bd/english.100MB",8,262144,1000000,3475,3475,0,0.000,63.858,0.012,63.870,64.850,1967,66104209
"benchmark-example:english-extra-8-gpu","bd/english.100MB",8,262144,1000000,3475,3475,0,0.000,63.858,0.012,63.870,64.850,1968,66111315
"benchmark-example:english-extra-8-gpu","bd/english.100MB",8,262144,1000000,3475,3475,0,0.000,63.858,0.012,63.870,64.850,1969,66121810
"benchmark-example:english-extra-8-gpu","bd/english.100MB",8,262144,1000000,3475,3475,0,0.000,63.858,0.012,63.870,64.850,1970,66164320
"benchmark-example:english-extra-8-gpu","bd/english.100MB",8,262144,1000000,3475,3475,0,0.000,63.858,0.012,63.870,64.850,1971,66167308
"benchmark-example:english-extra-8-gpu","bd/english.100MB",8,262144,1000000,3475,3475,0,0.000,63.858,0.012,63.870,64.850,1972,66182271
"benchmark-example:english-extra-8-gpu","bd/english.100MB",8,262144,1000000,3475,3475,0,0.000,63.858,0.012,63.870,64.850,1973,66186707
"benchmark-example:english-extra-8-gpu","bd/english.100MB",8,262144,1000000,3475,3475,0,0.000,63.858,0.012,63.870,64.850,1974,66192852
"benchmark-example:english-extra-8-gpu","bd/english.100MB",8,262144,1000000,3475,3475,0,0.000,63.858,0.012,63.870,64.850,1975,66192879
"benchmark-example:english-extra-8-gpu","bd/english.100MB",8,262144,1000000,3475,3475,0,0.000,63.858,0.012,63.870,64.850,1976,66203926
"benchmark-example:english-extra-8-gpu","bd/english.100MB",8,262144,1000000,3475,3475,0,0.000,63.858,0.012,63.870,64.850,1977,66228212
"benchmark-example:english-extra-8-gpu","bd/english.100MB",8,262144,1000000,3475,3475,0,0.000,63.858,0.012,63.870,64.850,1978,66276553
"benchmark-example:english-extra-8-gpu","bd/english.100MB",8,262144,1000000,3475,3475,0,0.000,63.858,0.012,63.870,64.850,1979,66283074
"benchmark-example:english-extra-8-gpu","bd/english.100MB",8,262144,1000000,3475,3475,0,0.000,63.858,0.012,63.870,64.850,1980,66297052
"benchmark-example:english-extra-8-gpu","bd/english.100MB",8,262144,1000000,3475,3475,0,0.000,63.858,0.012,63.870,64.850,1981,66351733
"benchmark-example:english-extra-8-gpu","bd/english.100MB",8,262144,1000000,3475,3475,0,0.000,63.858,0.012,63.870,64.850,1982,66360002
"benchmark-example:english-extra-8-gpu","bd/english.100MB",8,262144,1000000,3475,3475,0,0.000,63.858,0.012,63.870,64.850,1983,66360925
"benchmark-example:english-extra-8-gpu","bd/english.100MB",8,262144,1000000,3475,3475,0,0.000,63.858,0.012,63.870,64.850,1984,66379650
"benchmark-example:english-extra-8-gpu","bd/english.100MB",8,262144,1000000,3475,3475,0,0.000,63.858,0.012,63.870,64.850,1985,66395325
"benchmark-example:english-extra-8-gpu","bd/english.100MB",8,262144,1000000,3475,3475,0,0.000,63.858,0.012,63.870,64.850,1986,66440015
"benchmark-example:english-extra-8-gpu","bd/english.100MB",8,262144,1000000,3475,3475,0,0.000,63.858,0.012,63.870,64.850,1987,66442962
"benchmark-example:english-extra-8-gpu","bd/english.100MB",8,262144,1000000,3475,3475,0,0.000,63.858,0.012,63.870,64.850,1988,66485738
"benchmark-example:english-extra-8-gpu","bd/english.100MB",8,262144,1000000,3475,3475,0,0.000,63.858,0.012,63.870,64.850,1989,66533564
"benchmark-example:english-extra-8-gpu","bd/english.100MB",8,262144,1000000,3475,3475,0,0.000,63.858,0.012,63.870,64.850,1990,66599660
"benchmark-example:english-extra-8-gpu","bd/english.100MB",8,262144,1000000,3475,3475,0,0.000,63.858,0.012,63.870,64.850,1991,66625464
"benchmark-example:english-extra-8-gpu","bd/english.100MB",8,262144,1000000,3475,3475,0,0.000,63.858,0.012,63.870,64.850,1992,66653246
"benchmark-example:english-extra-8-gpu","bd/english.100MB",8,262144,1000000,3475,3475,0,0.000,63.858,0.012,63.870,64.850,1993,66662646
"benchmark-example:english-extra-8-gpu","bd/english.100MB",8,262144,1000000,3475,3475,0,0.000,63.858,0.012,63.870,64.850,1994,66670534
"benchmark-example:english-extra-8-gpu","bd/english.100MB",8,262144,1000000,3475,3475,0,0.000,63.858,0.012,63.870,64.850,1995,66670830
"benchmark-example:english-extra-8-gpu","bd/english.100MB",8,262144,1000000,3475,3475,0,0.000,63.858,0.012,63.870,64.850,1996,66694196
"benchmark-example:english-extra-8-gpu","bd/english.100MB",8,262144,1000000,3475,3475,0,0.000,63.858,0.012,63.870,64.850,1997,66703970
"benchmark-example:english-extra-8-gpu","bd/english.100MB",8,262144,1000000,3475,3475,0,0.000,63.858,0.012,63.870,64.850,1998,66743012
"benchmark-example:english-extra-8-gpu","bd/english.100MB",8,262144,1000000,3475,3475,0,0.000,63.858,0.012,63.870,64.850,1999,66789332
"benchmark-example:english-extra-8-gpu","bd/english.100MB",8,262144,1000000,3475,3475,0,0.000,63.858,0.012,63.870,64.850,2000,66817386
"benchmark-example:english-extra-8-gpu","bd/english.100MB",8,262144,1000000,3475,3475,0,0.000,63.858,0.012,63.870,64.850,2001,66833321
"benchmark-example:english-extra-8-gpu","bd/english.100MB",8,262144,1000000,3475,3475,0,0.000,63.858,0.012,63.870,64.850,2002,66837894
"benchmark-example:english-extra-8-gpu","bd/english.100MB",8,262144,1000000,3475,3475,0,0.000,63.858,0.012,63.870,64.850,2003,66870694
"benchmark-example:english-extra-8-gpu","bd/english.100MB",8,262144,1000000,3475,3475,0,0.000,63.858,0.012,63.870,64.850,2004,66898119
"benchmark-example:english-extra-8-gpu","bd/english.100MB",8,262144,1000000,3475,3475,0,0.000,63.858,0.012,63.870,64.850,2005,66906257
"benchmark-example:english-extra-8-gpu","bd/english.100MB",8,262144,1000000,3475,3475,0,0.000,63.858,0.012,63.870,64.850,2006,66924327
"benchmark-example:english-extra-8-gpu","bd/english.100MB",8,262144,1000000,3475,3475,0,0.000,63.858,0.012,63.870,64.850,2007,66925555
"benchmark-example:english-extra-8-gpu","bd/english.100MB",8,262144,1000000,3475,3475,0,0.000,63.858,0.012,63.870,64.850,2008,66938260
"benchmark-example:english-extra-8-gpu","bd/english.100MB",8,262144,1000000,3475,3475,0,0.000,63.858,0.012,63.870,64.850,2009,66943295
"benchmark-example:english-extra-8-gpu","bd/english.100MB",8,262144,1000000,3475,3475,0,0.000,63.858,0.012,63.870,64.850,2010,67043320
"benchmark-example:english-extra-8-gpu","bd/english.100MB",8,262144,1000000,3475,3475,0,0.000,63.858,0.012,63.870,64.850,2011,67065628
"benchmark-example:english-extra-8-gpu","bd/english.100MB",8,262144,1000000,3475,3475,0,0.000,63.858,0.012,63.870,64.850,2012,67069017
"benchmark-example:english-extra-8-gpu","bd/english.100MB",8,262144,1000000,3475,3475,0,0.000,63.858,0.012,63.870,64.850,2013,67076197
"benchmark-example:english-extra-8-gpu","bd/english.100MB",8,262144,1000000,3475,3475,0,0.000,63.858,0.012,63.870,64.850,2014,67123616
"benchmark-example:english-extra-8-gpu","bd/english.100MB",8,262144,1000000,3475,3475,0,0.000,63.858,0.012,63.870,64.850,2015,67148416
"benchmark-example:english-extra-8-gpu","bd/english.100MB",8,262144,1000000,3475,3475,0,0.000,63.858,0.012,63.870,64.850,2016,67149521
"benchmark-example:english-extra-8-gpu","bd/english.100MB",8,262144,1000000,3475,3475,0,0.000,63.858,0.012,63.870,64.850,2017,67151204
"benchmark-example:english-extra-8-gpu","bd/english.100MB",8,262144,1000000,3475,3475,0,0.000,63.858,0.012,63.870,64.850,2018,67164976
"benchmark-example:english-extra-8-gpu","bd/english.100MB",8,262144,1000000,3475,3475,0,0.000,63.858,0.012,63.870,64.850,2019,67169972
"benchmark-example:english-extra-8-gpu","bd/english.100MB",8,262144,1000000,3475,3475,0,0.000,63.858,0.012,63.870,64.850,2020,67181947
"benchmark-example:english-extra-8-gpu","bd/english.100MB",8,262144,1000000,3475,3475,0,0.000,63.858,0.012,63.870,64.850,2021,67189050
"benchmark-example:english-extra-8-gpu","bd/english.100MB",8,262144,1000000,3475,3475,0,0.000,63.858,0.012,63.870,64.850,2022,67199872
"benchmark-example:english-extra-8-gpu","bd/english.100MB",8,262144,1000000,3475,3475,0,0.000,63.858,0.012,63.870,64.850,2023,67230392
"benchmark-example:english-extra-8-gpu","bd/english.100MB",8,262144,1000000,3475,3475,0,0.000,63.858,0.012,63.870,64.850,2024,67253213
"benchmark-example:english-extra-8-gpu","bd/english.100MB",8,262144,1000000,3475,3475,0,0.000,63.858,0.012,63.870,64.850,2025,67381736
"benchmark-example:english-extra-8-gpu","bd/english.100MB",8,262144,1000000,3475,3475,0,0.000,63.858,0.012,63.870,64.850,2026,67384590
"benchmark-example:english-extra-8-gpu","bd/english.100MB",8,262144,1000000,3475,3475,0,0.000,63.858,0.012,63.870,64.850,2027,67384690
"benchmark-example:english-extra-8-gpu","bd/english.100MB",8,262144,1000000,3475,3475,0,0.000,63.858,0.012,63.870,64.850,2028,67392732
"benchmark-example:english-extra-8-gpu","bd/english.100MB",8,262144,1000000,3475,3475,0,0.000,63.858,0.012,63.870,64.850,2029,67397732
"benchmark-example:english-extra-8-gpu","bd/english.100MB",8,262144,1000000,3475,3475,0,0.000,63.858,0.012,63.870,64.850,2030,67422857
"benchmark-example:english-extra-8-gpu","bd/english.100MB",8,262144,1000000,3475,3475,0,0.000,63.858,0.012,63.870,64.850,2031,67484197
"benchmark-example:english-extra-8-gpu","bd/english.100MB",8,262144,1000000,3475,3475,0,0.000,63.858,0.012,63.870,64.850,2032,67561235
"benchmark-example:english-extra-8-gpu","bd/english.100MB",8,262144,1000000,3475,3475,0,0.000,63.858,0.012,63.870,64.850,2033,67594221
"benchmark-example:english-extra-8-gpu","bd/english.100MB",8,262144,1000000,3475,3475,0,0.000,63.858,0.012,63.870,64.850,2034,67611226
"benchmark-example:english-extra-8-gpu","bd/english.100MB",8,262144,1000000,3475,3475,0,0.000,63.858,0.012,63.870,64.850,2035,67613801
"benchmark-example:english-extra-8-gpu","bd/english.100MB",8,262144,1000000,3475,3475,0,0.000,63.858,0.012,63.870,64.850,2036,67671012
"benchmark-example:english-extra-8-gpu","bd/english.100MB",8,262144,1000000,3475,3475,0,0.000,63.858,0.012,63.870,64.850,2037,67695292
"benchmark-example:english-extra-8-gpu","bd/english.100MB",8,262144,1000000,3475,3475,0,0.000,63.858,0.012,63.870,64.850,2038,67732276
"benchmark-example:english-extra-8-gpu","bd/english.100MB",8,262144,1000000,3475,3475,0,0.000,63.858,0.012,63.870,64.850,2039,67742100
"benchmark-example:english-extra-8-gpu","bd/english.100MB",8,262144,1000000,3475,3475,0,0.000,63.858,0.012,63.870,64.850,2040,67742686
"benchmark-example:english-extra-8-gpu","bd/english.100MB",8,262144,1000000,3475,3475,0,0.000,63.858,0.012,63.870,64.850,2041,67783570
"benchmark-example:english-extra-8-gpu","bd/english.100MB",8,262144,1000000,3475,3475,0,0.000,63.858,0.012,63.870,64.850,2042,67833140
"benchmark-example:english-extra-8-gpu","bd/english.100MB",8,262144,1000000,3475,3475,0,0.000,63.858,0.012,63.870,64.850,2043,67850725
"benchmark-example:english-extra-8-gpu","bd/english.100MB",8,262144,1000000,3475,3475,0,0.000,63.858,0.012,63.870,64.850,2044,67850832
"benchmark-example:english-extra-8-gpu","bd/english.100MB",8,262144,1000000,3475,3475,0,0.000,63.858,0.012,63.870,64.850,2045,67864228
"benchmark-example:english-extra-8-gpu","bd/english.100MB",8,262144,1000000,3475,3475,0,0.000,63.858,0.012,63.870,64.850,2046,67929368
"benchmark-example:english-extra-8-gpu","bd/english.100MB",8,262144,1000000,3475,3475,0,0.000,63.858,0.012,63.870,64.850,2047,67936084
"benchmark-example:english-extra-8-gpu","bd/english.100MB",8,262144,1000000,3475,3475,0,0.000,63.858,0.012,63.870,64.850,2048,67936606
"benchmark-example:english-extra-8-gpu","bd/english.100MB",8,262144,1000000,3475,3475,0,0.000,63.858,0.012,63.870,64.850,2049,67982425
"benchmark-example:english-extra-8-gpu","bd/english.100MB",8,262144,1000000,3475,3475,0,0.000,63.858,0.012,63.870,64.850,2050,68054157
"benchmark-example:english-extra-8-gpu","bd/english.100MB",8,262144,1000000,3475,3475,0,0.000,63.858,0.012,63.870,64.850,2051,68066734
"benchmark-example:english-extra-8-gpu","bd/english.100MB",8,262144,1000000,3475,3475,0,0.000,63.858,0.012,63.870,64.850,2052,68069818
"benchmark-example:english-extra-8-gpu","bd/english.100MB",8,262144,1000000,3475,3475,0,0.000,63.858,0.012,63.870,64.850,2053,68070000
"benchmark-example:english-extra-8-gpu","bd/english.100MB",8,262144,1000000,3475,3475,0,0.000,63.858,0.012,63.870,64.850,2054,68070198
"benchmark-example:english-extra-8-gpu","bd/english.100MB",8,262144,1000000,3475,3475,0,0.000,63.858,0.012,63.870,64.850,2055,68092064
"benchmark-example:english-extra-8-gpu","bd/english.100MB",8,262144,1000000,3475,3475,0,0.000,63.858,0.012,63.870,64.850,2056,68098523
"benchmark-example:english-extra-8-gpu","bd/english.100MB",8,262144,1000000,3475,3475,0,0.000,63.858,0.012,63.870,64.850,2057,68104630
"benchmark-example:english-extra-8-gpu","bd/english.100MB",8,262144,1000000,3475,3475,0,0.000,63.858,0.012,63.870,64.850,2058,68129694
"benchmark-example:english-extra-8-gpu","bd/english.100MB",8,262144,1000000,3475,3475,0,0.000,63.858,0.012,63.870,64.850,2059,68150618
"benchmark-example:english-extra-8-gpu","bd/english.100MB",8,262144,1000000,3475,3475,0,0.000,63.858,0.012,63.870,64.850,2060,68154635
"benchmark-example:english-extra-8-gpu","bd/english.100MB",8,262144,1000000,3475,3475,0,0.000,63.858,0.012,63.870,64.850,2061,68164519
"benchmark-example:english-extra-8-gpu","bd/english.100MB",8,262144,1000000,3475,3475,0,0.000,63.858,0.012,63.870,64.850,2062,68174807
"benchmark-example:english-extra-8-gpu","bd/english.100MB",8,262144,1000000,3475,3475,0,0.000,63.858,0.012,63.870,64.850,2063,68181158
"benchmark-example:english-extra-8-gpu","bd/english.100MB",8,262144,1000000,3475,3475,0,0.000,63.858,0.012,63.870,64.850,2064,68199401
"benchmark-example:english-extra-8-gpu","bd/english.100MB",8,262144,1000000,3475,3475,0,0.000,63.858,0.012,63.870,64.850,2065,68231213
"benchmark-example:english-extra-8-gpu","bd/english.100MB",8,262144,1000000,3475,3475,0,0.000,63.858,0.012,63.870,64.850,2066,68240986
"benchmark-example:english-extra-8-gpu","bd/english.100MB",8,262144,1000000,3475,3475,0,0.000,63.858,0.012,63.870,64.850,2067,68283006
"benchmark-example:english-extra-8-gpu","bd/english.100MB",8,262144,1000000,3475,3475,0,0.000,63.858,0.012,63.870,64.850,2068,68340378
"benchmark-example:english-extra-8-gpu","bd/english.100MB",8,262144,1000000,3475,3475,0,0.000,63.858,0.012,63.870,64.850,2069,68341216
"benchmark-example:english-extra-8-gpu","bd/english.100MB",8,262144,1000000,3475,3475,0,0.000,63.858,0.012,63.870,64.850,2070,68347450
"benchmark-example:english-extra-8-gpu","bd/english.100MB",8,262144,1000000,3475,3475,0,0.000,63.858,0.012,63.870,64.850,2071,68366393
"benchmark-example:english-extra-8-gpu","bd/english.100MB",8,262144,1000000,3475,3475,0,0.000,63.858,0.012,63.870,64.850,2072,68368021
"benchmark-example:english-extra-8-gpu","bd/english.100MB",8,262144,1000000,3475,3475,0,0.000,63.858,0.012,63.870,64.850,2073,68368360
"benchmark-example:english-extra-8-gpu","bd/english.100MB",8,262144,1000000,3475,3475,0,0.000,63.858,0.012,63.870,64.850,2074,68375234
"benchmark-example:english-extra-8-gpu","bd/english.100MB",8,262144,1000000,3475,3475,0,0.000,63.858,0.012,63.870,64.850,2075,68380041
"benchmark-example:english-extra-8-gpu","bd/english.100MB",8,262144,1000000,3475,3475,0,0.000,63.858,0.012,63.870,64.850,2076,68406465
"benchmark-example:english-extra-8-gpu","bd/english.100MB",8,262144,1000000,3475,3475,0,0.000,63.858,0.012,63.870,64.850,2077,68420924
"benchmark-example:english-extra-8-gpu","bd/english.100MB",8,262144,1000000,3475,3475,0,0.000,63.858,0.012,63.870,64.850,2078,68434942
"benchmark-example:english-extra-8-gpu","bd/english.100MB",8,262144,1000000,3475,3475,0,0.000,63.858,0.012,63.870,64.850,2079,68443343
"benchmark-example:english-extra-8-gpu","bd/english.100MB",8,262144,1000000,3475,3475,0,0.000,63.858,0.012,63.870,64.850,2080,68451904
"benchmark-example:english-extra-8-gpu","bd/english.100MB",8,262144,1000000,3475,3475,0,0.000,63.858,0.012,63.870,64.850,2081,68513355
"benchmark-example:english-extra-8-gpu","bd/english.100MB",8,262144,1000000,3475,3475,0,0.000,63.858,0.012,63.870,64.850,2082,68543960
"benchmark-example:english-extra-8-gpu","bd/english.100MB",8,262144,1000000,3475,3475,0,0.000,63.858,0.012,63.870,64.850,2083,68580033
"benchmark-example:english-extra-8-gpu","bd/english.100MB",8,262144,1000000,3475,3475,0,0.000,63.858,0.012,63.870,64.850,2084,68606490
"benchmark-example:english-extra-8-gpu","bd/english.100MB",8,262144,1000000,3475,3475,0,0.000,63.858,0.012,63.870,64.850,2085,68608333
"benchmark-example:english-extra-8-gpu","bd/english.100MB",8,262144,1000000,3475,3475,0,0.000,63.858,0.012,63.870,64.850,2086,68688079
"benchmark-example:english-extra-8-gpu","bd/english.100MB",8,262144,1000000,3475,3475,0,0.000,63.858,0.012,63.870,64.850,2087,68688738
"benchmark-example:english-extra-8-gpu","bd/english.100MB",8,262144,1000000,3475,3475,0,0.000,63.858,0.012,63.870,64.850,2088,68696640
"benchmark-example:english-extra-8-gpu","bd/english.100MB",8,262144,1000000,3475,3475,0,0.000,63.858,0.012,63.870,64.850,2089,68918349
"benchmark-example:english-extra-8-gpu","bd/english.100MB",8,262144,1000000,3475,3475,0,0.000,63.858,0.012,63.870,64.850,2090,68938389
"benchmark-example:english-extra-8-gpu","bd/english.100MB",8,262144,1000000,3475,3475,0,0.000,63.858,0.012,63.870,64.850,2091,68942855
"benchmark-example:english-extra-8-gpu","bd/english.100MB",8,262144,1000000,3475,3475,0,0.000,63.858,0.012,63.870,64.850,2092,68992103
"benchmark-example:english-extra-8-gpu","bd/english.100MB",8,262144,1000000,3475,3475,0,0.000,63.858,0.012,63.870,64.850,2093,68995007
"benchmark-example:english-extra-8-gpu","bd/english.100MB",8,262144,1000000,3475,3475,0,0.000,63.858,0.012,63.870,64.850,2094,69066796
"benchmark-example:english-extra-8-gpu","bd/english.100MB",8,262144,1000000,3475,3475,0,0.000,63.858,0.012,63.870,64.850,2095,69083088
"benchmark-example:english-extra-8-gpu","bd/english.100MB",8,262144,1000000,3475,3475,0,0.000,63.858,0.012,63.870,64.850,2096,69224697
"benchmark-example:english-extra-8-gpu","bd/english.100MB",8,262144,1000000,3475,3475,0,0.000,63.858,0.012,63.870,64.850,2097,69227987
"benchmark-example:english-extra-8-gpu","bd/english.100MB",8,262144,1000000,3475,3475,0,0.000,63.858,0.012,63.870,64.850,2098,69263132
"benchmark-example:english-extra-8-gpu","bd/english.100MB",8,262144,1000000,3475,3475,0,0.000,63.858,0.012,63.870,64.850,2099,69394680
"benchmark-example:english-extra-8-gpu","bd/english.100MB",8,262144,1000000,3475,3475,0,0.000,63.858,0.012,63.870,64.850,2100,69406109
"benchmark-example:english-extra-8-gpu","bd/english.100MB",8,262144,1000000,3475,3475,0,0.000,63.858,0.012,63.870,64.850,2101,69443104
"benchmark-example:english-extra-8-gpu","bd/english.100MB",8,262144,1000000,3475,3475,0,0.000,63.858,0.012,63.870,64.850,2102,69446793
"benchmark-example:english-extra-8-gpu","bd/english.100MB",8,262144,1000000,3475,3475,0,0.000,63.858,0.012,63.870,64.850,2103,69471096
"benchmark-example:english-extra-8-gpu","bd/english.100MB",8,262144,1000000,3475,3475,0,0.000,63.858,0.012,63.870,64.850,2104,69476220
"benchmark-example:english-extra-8-gpu","bd/english.100MB",8,262144,1000000,3475,3475,0,0.000,63.858,0.012,63.870,64.850,2105,69495396
"benchmark-example:english-extra-8-gpu","bd/english.100MB",8,262144,1000000,3475,3475,0,0.000,63.858,0.012,63.870,64.850,2106,69523465
"benchmark-example:english-extra-8-gpu","bd/english.100MB",8,262144,1000000,3475,3475,0,0.000,63.858,0.012,63.870,64.850,2107,69597995
"benchmark-example:english-extra-8-gpu","bd/english.100MB",8,262144,1000000,3475,3475,0,0.000,63.858,0.012,63.870,64.850,2108,69599894
"benchmark-example:english-extra-8-gpu","bd/english.100MB",8,262144,1000000,3475,3475,0,0.000,63.858,0.012,63.870,64.850,2109,69602568
"benchmark-example:english-extra-8-gpu","bd/english.100MB",8,262144,1000000,3475,3475,0,0.000,63.858,0.012,63.870,64.850,2110,69604216
"benchmark-example:english-extra-8-gpu","bd/english.100MB",8,262144,1000000,3475,3475,0,0.000,63.858,0.012,63.870,64.850,2111,69620696
"benchmark-example:english-extra-8-gpu","bd/english.100MB",8,262144,1000000,3475,3475,0,0.000,63.858,0.012,63.870,64.850,2112,69667951
"benchmark-example:english-extra-8-gpu","bd/english.100MB",8,262144,1000000,3475,3475,0,0.000,63.858,0.012,63.870,64.850,2113,69745688
"benchmark-example:english-extra-8-gpu","bd/english.100MB",8,262144,1000000,3475,3475,0,0.000,63.858,0.012,63.870,64.850,2114,69771868
"benchmark-example:english-extra-8-gpu","bd/english.100MB",8,262144,1000000,3475,3475,0,0.000,63.858,0.012,63.870,64.850,2115,69864407
"benchmark-example:english-extra-8-gpu","bd/english.100MB",8,262144,1000000,3475,3475,0,0.000,63.858,0.012,63.870,64.850,2116,69950356
"benchmark-example:english-extra-8-gpu","bd/english.100MB",8,262144,1000000,3475,3475,0,0.000,63.858,0.012,63.870,64.850,2117,69952806
"benchmark-example:english-extra-8-gpu","bd/english.100MB",8,262144,1000000,3475,3475,0,0.000,63.858,0.012,63.870,64.850,2118,69953136
"benchmark-example:english-extra-8-gpu","bd/english.100MB",8,262144,1000000,3475,3475,0,0.000,63.858,0.012,63.870,64.850,2119,69954174
"benchmark-example:english-extra-8-gpu","bd/english.100MB",8,262144,1000000,3475,3475,0,0.000,63.858,0.012,63.870,64.850,2120,69962115
"benchmark-example:english-extra-8-gpu","bd/english.100MB",8,262144,1000000,3475,3475,0,0.000,63.858,0.012,63.870,64.850,2121,69989579
"benchmark-example:english-extra-8-gpu","bd/english.100MB",8,262144,1000000,3475,3475,0,0.000,63.858,0.012,63.870,64.850,2122,70007227
"benchmark-example:english-extra-8-gpu","bd/english.100MB",8,262144,1000000,3475,3475,0,0.000,63.858,0.012,63.870,64.850,2123,70057653
"benchmark-example:english-extra-8-gpu","bd/english.100MB",8,262144,1000000,3475,3475,0,0.000,63.858,0.012,63.870,64.850,2124,70066623
"benchmark-example:english-extra-8-gpu","bd/english.100MB",8,262144,1000000,3475,3475,0,0.000,63.858,0.012,63.870,64.850,2125,70078973
"benchmark-example:english-extra-8-gpu","bd/english.100MB",8,262144,1000000,3475,3475,0,0.000,63.858,0.012,63.870,64.850,2126,70080734
"benchmark-example:english-extra-8-gpu","bd/english.100MB",8,262144,1000000,3475,3475,0,0.000,63.858,0.012,63.870,64.850,2127,70142177
"benchmark-example:english-extra-8-gpu","bd/english.100MB",8,262144,1000000,3475,3475,0,0.000,63.858,0.012,63.870,64.850,2128,70181424
"benchmark-example:english-extra-8-gpu","bd/english.100MB",8,262144,1000000,3475,3475,0,0.000,63.858,0.012,63.870,64.850,2129,70183238
"benchmark-example:english-extra-8-gpu","bd/english.100MB",8,262144,1000000,3475,3475,0,0.000,63.858,0.012,63.870,64.850,2130,70202922
"benchmark-example:english-extra-8-gpu","bd/english.100MB",8,262144,1000000,3475,3475,0,0.000,63.858,0.012,63.870,64.850,2131,70230612
"benchmark-example:english-extra-8-gpu","bd/english.100MB",8,262144,1000000,3475,3475,0,0.000,63.858,0.012,63.870,64.850,2132,70252959
"benchmark-example:english-extra-8-gpu","bd/english.100MB",8,262144,1000000,3475,3475,0,0.000,63.858,0.012,63.870,64.850,2133,70258545
"benchmark-example:english-extra-8-gpu","bd/english.100MB",8,262144,1000000,3475,3475,0,0.000,63.858,0.012,63.870,64.850,2134,70259046
"benchmark-example:english-extra-8-gpu","bd/english.100MB",8,262144,1000000,3475,3475,0,0.000,63.858,0.012,63.870,64.850,2135,70304861
"benchmark-example:english-extra-8-gpu","bd/english.100MB",8,262144,1000000,3475,3475,0,0.000,63.858,0.012,63.870,64.850,2136,70421139
"benchmark-example:english-extra-8-gpu","bd/english.100MB",8,262144,1000000,3475,3475,0,0.000,63.858,0.012,63.870,64.850,2137,70493290
"benchmark-example:english-extra-8-gpu","bd/english.100MB",8,262144,1000000,3475,3475,0,0.000,63.858,0.012,63.870,64.850,2138,70575150
"benchmark-example:english-extra-8-gpu","bd/english.100MB",8,262144,1000000,3475,3475,0,0.000,63.858,0.012,63.870,64.850,2139,70583877
"benchmark-example:english-extra-8-gpu","bd/english.100MB",8,262144,1000000,3475,3475,0,0.000,63.858,0.012,63.870,64.850,2140,70608934
"benchmark-example:english-extra-8-gpu","bd/english.100MB",8,262144,1000000,3475,3475,0,0.000,63.858,0.012,63.870,64.850,2141,70642286
"benchmark-example:english-extra-8-gpu","bd/english.100MB",8,262144,1000000,3475,3475,0,0.000,63.858,0.012,63.870,64.850,2142,70665422
"benchmark-example:english-extra-8-gpu","bd/english.100MB",8,262144,1000000,3475,3475,0,0.000,63.858,0.012,63.870,64.850,2143,70685388
"benchmark-example:english-extra-8-gpu","bd/english.100MB",8,262144,1000000,3475,3475,0,0.000,63.858,0.012,63.870,64.850,2144,70693947
"benchmark-example:english-extra-8-gpu","bd/english.100MB",8,262144,1000000,3475,3475,0,0.000,63.858,0.012,63.870,64.850,2145,70696312
"benchmark-example:english-extra-8-gpu","bd/english.100MB",8,262144,1000000,3475,3475,0,0.000,63.858,0.012,63.870,64.850,2146,70831688
"benchmark-example:english-extra-8-gpu","bd/english.100MB",8,262144,1000000,3475,3475,0,0.000,63.858,0.012,63.870,64.850,2147,70893259
"benchmark-example:english-extra-8-gpu","bd/english.100MB",8,262144,1000000,3475,3475,0,0.000,63.858,0.012,63.870,64.850,2148,70928837
"benchmark-example:english-extra-8-gpu","bd/english.100MB",8,262144,1000000,3475,3475,0,0.000,63.858,0.012,63.870,64.850,2149,70941430
"benchmark-example:english-extra-8-gpu","bd/english.100MB",8,262144,1000000,3475,3475,0,0.000,63.858,0.012,63.870,64.850,2150,70945508
"benchmark-example:english-extra-8-gpu","bd/english.100MB",8,262144,1000000,3475,3475,0,0.000,63.858,0.012,63.870,64.850,2151,70960874
"benchmark-example:english-extra-8-gpu","bd/english.100MB",8,262144,1000000,3475,3475,0,0.000,63.858,0.012,63.870,64.850,2152,71016543
"benchmark-example:english-extra-8-gpu","bd/english.100MB",8,262144,1000000,3475,3475,0,0.000,63.858,0.012,63.870,64.850,2153,71062124
"benchmark-example:english-extra-8-gpu","bd/english.100MB",8,262144,1000000,3475,3475,0,0.000,63.858,0.012,63.870,64.850,2154,71114802
"benchmark-example:english-extra-8-gpu","bd/english.100MB",8,262144,1000000,3475,3475,0,0.000,63.858,0.012,63.870,64.850,2155,71140966
"benchmark-example:english-extra-8-gpu","bd/english.100MB",8,262144,1000000,3475,3475,0,0.000,63.858,0.012,63.870,64.850,2156,71175526
"benchmark-example:english-extra-8-gpu","bd/english.100MB",8,262144,1000000,3475,3475,0,0.000,63.858,0.012,63.870,64.850,2157,71232638
"benchmark-example:english-extra-8-gpu","bd/english.100MB",8,262144,1000000,3475,3475,0,0.000,63.858,0.012,63.870,64.850,2158,71365200
"benchmark-example:english-extra-8-gpu","bd/english.100MB",8,262144,1000000,3475,3475,0,0.000,63.858,0.012,63.870,64.850,2159,71379143
"benchmark-example:english-extra-8-gpu","bd/english.100MB",8,262144,1000000,3475,3475,0,0.000,63.858,0.012,63.870,64.850,2160,71385391
"benchmark-example:english-extra-8-gpu","bd/english.100MB",8,262144,1000000,3475,3475,0,0.000,63.858,0.012,63.870,64.850,2161,71401525
"benchmark-example:english-extra-8-gpu","bd/english.100MB",8,262144,1000000,3475,3475,0,0.000,63.858,0.012,63.870,64.850,2162,71424436
"benchmark-example:english-extra-8-gpu","bd/english.100MB",8,262144,1000000,3475,3475,0,0.000,63.858,0.012,63.870,64.850,2163,71430880
"benchmark-example:english-extra-8-gpu","bd/english.100MB",8,262144,1000000,3475,3475,0,0.000,63.858,0.012,63.870,64.850,2164,71465672
"benchmark-example:english-extra-8-gpu","bd/english.100MB",8,262144,1000000,3475,3475,0,0.000,63.858,0.012,63.870,64.850,2165,71521238
"benchmark-example:english-extra-8-gpu","bd/english.100MB",8,262144,1000000,3475,3475,0,0.000,63.858,0.012,63.870,64.850,2166,71556864
"benchmark-example:english-extra-8-gpu","bd/english.100MB",8,262144,1000000,3475,3475,0,0.000,63.858,0.012,63.870,64.850,2167,71560012
"benchmark-example:english-extra-8-gpu","bd/english.100MB",8,262144,1000000,3475,3475,0,0.000,63.858,0.012,63.870,64.850,2168,71560592
"benchmark-example:english-extra-8-gpu","bd/english.100MB",8,262144,1000000,3475,3475,0,0.000,63.858,0.012,63.870,64.850,2169,71648915
"benchmark-example:english-extra-8-gpu","bd/english.100MB",8,262144,1000000,3475,3475,0,0.000,63.858,0.012,63.870,64.850,2170,71692442
"benchmark-example:english-extra-8-gpu","bd/english.100MB",8,262144,1000000,3475,3475,0,0.000,63.858,0.012,63.870,64.850,2171,71764262
"benchmark-example:english-extra-8-gpu","bd/english.100MB",8,262144,1000000,3475,3475,0,0.000,63.858,0.012,63.870,64.850,2172,71764646
"benchmark-example:english-extra-8-gpu","bd/english.100MB",8,262144,1000000,3475,3475,0,0.000,63.858,0.012,63.870,64.850,2173,71793911
"benchmark-example:english-extra-8-gpu","bd/english.100MB",8,262144,1000000,3475,3475,0,0.000,63.858,0.012,63.870,64.850,2174,71816545
"benchmark-example:english-extra-8-gpu","bd/english.100MB",8,262144,1000000,3475,3475,0,0.000,63.858,0.012,63.870,64.850,2175,71828270
"benchmark-example:english-extra-8-gpu","bd/english.100MB",8,262144,1000000,3475,3475,0,0.000,63.858,0.012,63.870,64.850,2176,71829588
"benchmark-example:english-extra-8-gpu","bd/english.100MB",8,262144,1000000,3475,3475,0,0.000,63.858,0.012,63.870,64.850,2177,71854827
"benchmark-example:english-extra-8-gpu","bd/english.100MB",8,262144,1000000,3475,3475,0,0.000,63.858,0.012,63.870,64.850,2178,71864438
"benchmark-example:english-extra-8-gpu","bd/english.100MB",8,262144,1000000,3475,3475,0,0.000,63.858,0.012,63.870,64.850,2179,71864976
"benchmark-example:english-extra-8-gpu","bd/english.100MB",8,262144,1000000,3475,3475,0,0.000,63.858,0.012,63.870,64.850,2180,71887144
"benchmark-example:english-extra-8-gpu","bd/english.100MB",8,262144,1000000,3475,3475,0,0.000,63.858,0.012,63.870,64.850,2181,71896407
"benchmark-example:english-extra-8-gpu","bd/english.100MB",8,262144,1000000,3475,3475,0,0.000,63.858,0.012,63.870,64.850,2182,71954337
"benchmark-example:english-extra-8-gpu","bd/english.100MB",8,262144,1000000,3475,3475,0,0.000,63.858,0.012,63.870,64.850,2183,71958577
"benchmark-example:english-extra-8-gpu","bd/english.100MB",8,262144,1000000,3475,3475,0,0.000,63.858,0.012,63.870,64.850,2184,72005022
"benchmark-example:english-extra-8-gpu","bd/english.100MB",8,262144,1000000,3475,3475,0,0.000,63.858,0.012,63.870,64.850,2185,72016203
"benchmark-example:english-extra-8-gpu","bd/english.100MB",8,262144,1000000,3475,3475,0,0.000,63.858,0.012,63.870,64.850,2186,72086628
"benchmark-example:english-extra-8-gpu","bd/english.100MB",8,262144,1000000,3475,3475,0,0.000,63.858,0.012,63.870,64.850,2187,72136499
"benchmark-example:english-extra-8-gpu","bd/english.100MB",8,262144,1000000,3475,3475,0,0.000,63.858,0.012,63.870,64.850,2188,72138227
"benchmark-example:english-extra-8-gpu","bd/english.100MB",8,262144,1000000,3475,3475,0,0.000,63.858,0.012,63.870,64.850,2189,72143991
"benchmark-example:english-extra-8-gpu","bd/english.100MB",8,262144,1000000,3475,3475,0,0.000,63.858,0.012,63.870,64.850,2190,72147253
"benchmark-example:english-extra-8-gpu","bd/english.100MB",8,262144,1000000,3475,3475,0,0.000,63.858,0.012,63.870,64.850,2191,72184737
"benchmark-example:english-extra-8-gpu","bd/english.100MB",8,262144,1000000,3475,3475,0,0.000,63.858,0.012,63.870,64.850,2192,72189049
"benchmark-example:english-extra-8-gpu","bd/english.100MB",8,262144,1000000,3475,3475,0,0.000,63.858,0.012,63.870,64.850,2193,72200078
"benchmark-example:english-extra-8-gpu","bd/english.100MB",8,262144,1000000,3475,3475,0,0.000,63.858,0.012,63.870,64.850,2194,72203467
"benchmark-example:english-extra-8-gpu","bd/english.100MB",8,262144,1000000,3475,3475,0,0.000,63.858,0.012,63.870,64.850,2195,72222334
"benchmark-example:english-extra-8-gpu","bd/english.100MB",8,262144,1000000,3475,3475,0,0.000,63.858,0.012,63.870,64.850,2196,72255873
"benchmark-example:english-extra-8-gpu","bd/english.100MB",8,262144,1000000,3475,3475,0,0.000,63.858,0.012,63.870,64.850,2197,72356317
"benchmark-example:english-extra-8-gpu","bd/english.100MB",8,262144,1000000,3475,3475,0,0.000,63.858,0.012,63.870,64.850,2198,72440511
"benchmark-example:english-extra-8-gpu","bd/english.100MB",8,262144,1000000,3475,3475,0,0.000,63.858,0.012,63.870,64.850,2199,72443631
"benchmark-example:english-extra-8-gpu","bd/english.100MB",8,262144,1000000,3475,3475,0,0.000,63.858,0.012,63.870,64.850,2200,72456097
"benchmark-example:english-extra-8-gpu","bd/english.100MB",8,262144,1000000,3475,3475,0,0.000,63.858,0.012,63.870,64.850,2201,72458387
"benchmark-example:english-extra-8-gpu","bd/english.100MB",8,262144,1000000,3475,3475,0,0.000,63.858,0.012,63.870,64.850,2202,72459839
"benchmark-example:english-extra-8-gpu","bd/english.100MB",8,262144,1000000,3475,3475,0,0.000,63.858,0.012,63.870,64.850,2203,72459876
"benchmark-example:english-extra-8-gpu","bd/english.100MB",8,262144,1000000,3475,3475,0,0.000,63.858,0.012,63.870,64.850,2204,72461700
"benchmark-example:english-extra-8-gpu","bd/english.100MB",8,262144,1000000,3475,3475,0,0.000,63.858,0.012,63.870,64.850,2205,72494327
"benchmark-example:english-extra-8-gpu","bd/english.100MB",8,262144,1000000,3475,3475,0,0.000,63.858,0.012,63.870,64.850,2206,72494856
"benchmark-example:english-extra-8-gpu","bd/english.100MB",8,262144,1000000,3475,3475,0,0.000,63.858,0.012,63.870,64.850,2207,72494965
"benchmark-example:english-extra-8-gpu","bd/english.100MB",8,262144,1000000,3475,3475,0,0.000,63.858,0.012,63.870,64.850,2208,72495247
"benchmark-example:english-extra-8-gpu","bd/english.100MB",8,262144,1000000,3475,3475,0,0.000,63.858,0.012,63.870,64.850,2209,72497290
"benchmark-example:english-extra-8-gpu","bd/english.100MB",8,262144,1000000,3475,3475,0,0.000,63.858,0.012,63.870,64.850,2210,72497818
"benchmark-example:english-extra-8-gpu","bd/english.100MB",8,262144,1000000,3475,3475,0,0.000,63.858,0.012,63.870,64.850,2211,72521986
"benchmark-example:english-extra-8-gpu","bd/english.100MB",8,262144,1000000,3475,3475,0,0.000,63.858,0.012,63.870,64.850,2212,72561495
"benchmark-example:english-extra-8-gpu","bd/english.100MB",8,262144,1000000,3475,3475,0,0.000,63.858,0.012,63.870,64.850,2213,72743749
"benchmark-example:english-extra-8-gpu","bd/english.100MB",8,262144,1000000,3475,3475,0,0.000,63.858,0.012,63.870,64.850,2214,72815994
"benchmark-example:english-extra-8-gpu","bd/english.100MB",8,262144,1000000,3475,3475,0,0.000,63.858,0.012,63.870,64.850,2215,72842194
"benchmark-example:english-extra-8-gpu","bd/english.100MB",8,262144,1000000,3475,3475,0,0.000,63.858,0.012,63.870,64.850,2216,72872945
"benchmark-example:english-extra-8-gpu","bd/english.100MB",8,262144,1000000,3475,3475,0,0.000,63.858,0.012,63.870,64.850,2217,72895235
"benchmark-example:english-extra-8-gpu","bd/english.100MB",8,262144,1000000,3475,3475,0,0.000,63.858,0.012,63.870,64.850,2218,72897740
"benchmark-example:english-extra-8-gpu","bd/english.100MB",8,262144,1000000,3475,3475,0,0.000,63.858,0.012,63.870,64.850,2219,72908532
"benchmark-example:english-extra-8-gpu","bd/english.100MB",8,262144,1000000,3475,3475,0,0.000,63.858,0.012,63.870,64.850,2220,72920017
"benchmark-example:english-extra-8-gpu","bd/english.100MB",8,262144,1000000,3475,3475,0,0.000,63.858,0.012,63.870,64.850,2221,72923401
"benchmark-example:english-extra-8-gpu","bd/english.100MB",8,262144,1000000,3475,3475,0,0.000,63.858,0.012,63.870,64.850,2222,72956136
"benchmark-example:english-extra-8-gpu","bd/english.100MB",8,262144,1000000,3475,3475,0,0.000,63.858,0.012,63.870,64.850,2223,72977396
"benchmark-example:english-extra-8-gpu","bd/english.100MB",8,262144,1000000,3475,3475,0,0.000,63.858,0.012,63.870,64.850,2224,72999946
"benchmark-example:english-extra-8-gpu","bd/english.100MB",8,262144,1000000,3475,3475,0,0.000,63.858,0.012,63.870,64.850,2225,73001939
"benchmark-example:english-extra-8-gpu","bd/english.100MB",8,262144,1000000,3475,3475,0,0.000,63.858,0.012,63.870,64.850,2226,73008019
"benchmark-example:english-extra-8-gpu","bd/english.100MB",8,262144,1000000,3475,3475,0,0.000,63.858,0.012,63.870,64.850,2227,73026743
"benchmark-example:english-extra-8-gpu","bd/english.100MB",8,262144,1000000,3475,3475,0,0.000,63.858,0.012,63.870,64.850,2228,73041183
"benchmark-example:english-extra-8-gpu","bd/english.100MB",8,262144,1000000,3475,3475,0,0.000,63.858,0.012,63.870,64.850,2229,73048280
"benchmark-example:english-extra-8-gpu","bd/english.100MB",8,262144,1000000,3475,3475,0,0.000,63.858,0.012,63.870,64.850,2230,73050927
"benchmark-example:english-extra-8-gpu","bd/english.100MB",8,262144,1000000,3475,3475,0,0.000,63.858,0.012,63.870,64.850,2231,73058512
"benchmark-example:english-extra-8-gpu","bd/english.100MB",8,262144,1000000,3475,3475,0,0.000,63.858,0.012,63.870,64.850,2232,73088478
"benchmark-example:english-extra-8-gpu","bd/english.100MB",8,262144,1000000,3475,3475,0,0.000,63.858,0.012,63.870,64.850,2233,73100266
"benchmark-example:english-extra-8-gpu","bd/english.100MB",8,262144,1000000,3475,3475,0,0.000,63.858,0.012,63.870,64.850,2234,73115362
"benchmark-example:english-extra-8-gpu","bd/english.100MB",8,262144,1000000,3475,3475,0,0.000,63.858,0.012,63.870,64.850,2235,73149449
"benchmark-example:english-extra-8-gpu","bd/english.100MB",8,262144,1000000,3475,3475,0,0.000,63.858,0.012,63.870,64.850,2236,73172235
"benchmark-example:english-extra-8-gpu","bd/english.100MB",8,262144,1000000,3475,3475,0,0.000,63.858,0.012,63.870,64.850,2237,73189084
"benchmark-example:english-extra-8-gpu","bd/english.100MB",8,262144,1000000,3475,3475,0,0.000,63.858,0.012,63.870,64.850,2238,73211256
"benchmark-example:english-extra-8-gpu","bd/english.100MB",8,262144,1000000,3475,3475,0,0.000,63.858,0.012,63.870,64.850,2239,73213474
"benchmark-example:english-extra-8-gpu","bd/english.100MB",8,262144,1000000,3475,3475,0,0.000,63.858,0.012,63.870,64.850,2240,73216528
"benchmark-example:english-extra-8-gpu","bd/english.100MB",8,262144,1000000,3475,3475,0,0.000,63.858,0.012,63.870,64.850,2241,73217594
"benchmark-example:english-extra-8-gpu","bd/english.100MB",8,262144,1000000,3475,3475,0,0.000,63.858,0.012,63.870,64.850,2242,73224136
"benchmark-example:english-extra-8-gpu","bd/english.100MB",8,262144,1000000,3475,3475,0,0.000,63.858,0.012,63.870,64.850,2243,73226209
"benchmark-example:english-extra-8-gpu","bd/english.100MB",8,262144,1000000,3475,3475,0,0.000,63.858,0.012,63.870,64.850,2244,73226463
"benchmark-example:english-extra-8-gpu","bd/english.100MB",8,262144,1000000,3475,3475,0,0.000,63.858,0.012,63.870,64.850,2245,73226496
"benchmark-example:english-extra-8-gpu","bd/english.100MB",8,262144,1000000,3475,3475,0,0.000,63.858,0.012,63.870,64.850,2246,73227288
"benchmark-example:english-extra-8-gpu","bd/english.100MB",8,262144,1000000,3475,3475,0,0.000,63.858,0.012,63.870,64.850,2247,73234948
"benchmark-example:english-extra-8-gpu","bd/english.100MB",8,262144,1000000,3475,3475,0,0.000,63.858,0.012,63.870,64.850,2248,73235549
"benchmark-example:english-extra-8-gpu","bd/english.100MB",8,262144,1000000,3475,3475,0,0.000,63.858,0.012,63.870,64.850,2249,73245422
"benchmark-example:english-extra-8-gpu","bd/english.100MB",8,262144,1000000,3475,3475,0,0.000,63.858,0.012,63.870,64.850,2250,73252304
"benchmark-example:english-extra-8-gpu","bd/english.100MB",8,262144,1000000,3475,3475,0,0.000,63.858,0.012,63.870,64.850,2251,73271462
"benchmark-example:english-extra-8-gpu","bd/english.100MB",8,262144,1000000,3475,3475,0,0.000,63.858,0.012,63.870,64.850,2252,73292718
"benchmark-example:english-extra-8-gpu","bd/english.100MB",8,262144,1000000,3475,3475,0,0.000,63.858,0.012,63.870,64.850,2253,73305042
"benchmark-example:english-extra-8-gpu","bd/english.100MB",8,262144,1000000,3475,3475,0,0.000,63.858,0.012,63.870,64.850,2254,73315091
"benchmark-example:english-extra-8-gpu","bd/english.100MB",8,262144,1000000,3475,3475,0,0.000,63.858,0.012,63.870,64.850,2255,73322084
"benchmark-example:english-extra-8-gpu","bd/english.100MB",8,262144,1000000,3475,3475,0,0.000,63.858,0.012,63.870,64.850,2256,73322934
"benchmark-example:english-extra-8-gpu","bd/english.100MB",8,262144,1000000,3475,3475,0,0.000,63.858,0.012,63.870,64.850,2257,73324478
"benchmark-example:english-extra-8-gpu","bd/english.100MB",8,262144,1000000,3475,3475,0,0.000,63.858,0.012,63.870,64.850,2258,73325673
"benchmark-example:english-extra-8-gpu","bd/english.100MB",8,262144,1000000,3475,3475,0,0.000,63.858,0.012,63.870,64.850,2259,73325900
"benchmark-example:english-extra-8-gpu","bd/english.100MB",8,262144,1000000,3475,3475,0,0.000,63.858,0.012,63.870,64.850,2260,73330415
"benchmark-example:english-extra-8-gpu","bd/english.100MB",8,262144,1000000,3475,3475,0,0.000,63.858,0.012,63.870,64.850,2261,73337092
"benchmark-example:english-extra-8-gpu","bd/english.100MB",8,262144,1000000,3475,3475,0,0.000,63.858,0.012,63.870,64.850,2262,73338231
"benchmark-example:english-extra-8-gpu","bd/english.100MB",8,262144,1000000,3475,3475,0,0.000,63.858,0.012,63.870,64.850,2263,73338468
"benchmark-example:english-extra-8-gpu","bd/english.100MB",8,262144,1000000,3475,3475,0,0.000,63.858,0.012,63.870,64.850,2264,73346875
"benchmark-example:english-extra-8-gpu","bd/english.100MB",8,262144,1000000,3475,3475,0,0.000,63.858,0.012,63.870,64.850,2265,73357859
"benchmark-example:english-extra-8-gpu","bd/english.100MB",8,262144,1000000,3475,3475,0,0.000,63.858,0.012,63.870,64.850,2266,73365631
"benchmark-example:english-extra-8-gpu","bd/english.100MB",8,262144,1000000,3475,3475,0,0.000,63.858,0.012,63.870,64.850,2267,73369932
"benchmark-example:english-extra-8-gpu","bd/english.100MB",8,262144,1000000,3475,3475,0,0.000,63.858,0.012,63.870,64.850,2268,73370228
"benchmark-example:english-extra-8-gpu","bd/english.100MB",8,262144,1000000,3475,3475,0,0.000,63.858,0.012,63.870,64.850,2269,73371995
"benchmark-example:english-extra-8-gpu","bd/english.100MB",8,262144,1000000,3475,3475,0,0.000,63.858,0.012,63.870,64.850,2270,73373502
"benchmark-example:english-extra-8-gpu","bd/english.100MB",8,262144,1000000,3475,3475,0,0.000,63.858,0.012,63.870,64.850,2271,73373853
"benchmark-example:english-extra-8-gpu","bd/english.100MB",8,262144,1000000,3475,3475,0,0.000,63.858,0.012,63.870,64.850,2272,73374559
"benchmark-example:english-extra-8-gpu","bd/english.100MB",8,262144,1000000,3475,3475,0,0.000,63.858,0.012,63.870,64.850,2273,73374755
"benchmark-example:english-extra-8-gpu","bd/english.100MB",8,262144,1000000,3475,3475,0,0.000,63.858,0.012,63.870,64.850,2274,73380139
"benchmark-example:english-extra-8-gpu","bd/english.100MB",8,262144,1000000,3475,3475,0,0.000,63.858,0.012,63.870,64.850,2275,73387278
"benchmark-example:english-extra-8-gpu","bd/english.100MB",8,262144,1000000,3475,3475,0,0.000,63.858,0.012,63.870,64.850,2276,73388451
"benchmark-example:english-extra-8-gpu","bd/english.100MB",8,262144,1000000,3475,3475,0,0.000,63.858,0.012,63.870,64.850,2277,73391324
"benchmark-example:english-extra-8-gpu","bd/english.100MB",8,262144,1000000,3475,3475,0,0.000,63.858,0.012,63.870,64.850,2278,73404453
"benchmark-example:english-extra-8-gpu","bd/english.100MB",8,262144,1000000,3475,3475,0,0.000,63.858,0.012,63.870,64.850,2279,73406653
"benchmark-example:english-extra-8-gpu","bd/english.100MB",8,262144,1000000,3475,3475,0,0.000,63.858,0.012,63.870,64.850,2280,73420492
"benchmark-example:english-extra-8-gpu","bd/english.100MB",8,262144,1000000,3475,3475,0,0.000,63.858,0.012,63.870,64.850,2281,73425941
"benchmark-example:english-extra-8-gpu","bd/english.100MB",8,262144,1000000,3475,3475,0,0.000,63.858,0.012,63.870,64.850,2282,73429690
"benchmark-example:english-extra-8-gpu","bd/english.100MB",8,262144,1000000,3475,3475,0,0.000,63.858,0.012,63.870,64.850,2283,73431283
"benchmark-example:english-extra-8-gpu","bd/english.100MB",8,262144,1000000,3475,3475,0,0.000,63.858,0.012,63.870,64.850,2284,73434152
"benchmark-example:english-extra-8-gpu","bd/english.100MB",8,262144,1000000,3475,3475,0,0.000,63.858,0.012,63.870,64.850,2285,73436767
"benchmark-example:english-extra-8-gpu","bd/english.100MB",8,262144,1000000,3475,3475,0,0.000,63.858,0.012,63.870,64.850,2286,73440221
"benchmark-example:english-extra-8-gpu","bd/english.100MB",8,262144,1000000,3475,3475,0,0.000,63.858,0.012,63.870,64.850,2287,73441654
"benchmark-example:english-extra-8-gpu","bd/english.100MB",8,262144,1000000,3475,3475,0,0.000,63.858,0.012,63.870,64.850,2288,73471584
"benchmark-example:english-extra-8-gpu","bd/english.100MB",8,262144,1000000,3475,3475,0,0.000,63.858,0.012,63.870,64.850,2289,73484884
"benchmark-example:english-extra-8-gpu","bd/english.100MB",8,262144,1000000,3475,3475,0,0.000,63.858,0.012,63.870,64.850,2290,73485056
"benchmark-example:english-extra-8-gpu","bd/english.100MB",8,262144,1000000,3475,3475,0,0.000,63.858,0.012,63.870,64.850,2291,73486518
"benchmark-example:english-extra-8-gpu","bd/english.100MB",8,262144,1000000,3475,3475,0,0.000,63.858,0.012,63.870,64.850,2292,73487446
"benchmark-example:english-extra-8-gpu","bd/english.100MB",8,262144,1000000,3475,3475,0,0.000,63.858,0.012,63.870,64.850,2293,73491019
"benchmark-example:english-extra-8-gpu","bd/english.100MB",8,262144,1000000,3475,3475,0,0.000,63.858,0.012,63.870,64.850,2294,73491906
"benchmark-example:english-extra-8-gpu","bd/english.100MB",8,262144,1000000,3475,3475,0,0.000,63.858,0.012,63.870,64.850,2295,73493626
"benchmark-example:english-extra-8-gpu","bd/english.100MB",8,262144,1000000,3475,3475,0,0.000,63.858,0.012,63.870,64.850,2296,73498417
"benchmark-example:english-extra-8-gpu","bd/english.100MB",8,262144,1000000,3475,3475,0,0.000,63.858,0.012,63.870,64.850,2297,73508102
"benchmark-example:english-extra-8-gpu","bd/english.100MB",8,262144,1000000,3475,3475,0,0.000,63.858,0.012,63.870,64.850,2298,73512573
"benchmark-example:english-extra-8-gpu","bd/english.100MB",8,262144,1000000,3475,3475,0,0.000,63.858,0.012,63.870,64.850,2299,73515701
"benchmark-example:english-extra-8-gpu","bd/english.100MB",8,262144,1000000,3475,3475,0,0.000,63.858,0.012,63.870,64.850,2300,73527033
"benchmark-example:english-extra-8-gpu","bd/english.100MB",8,262144,1000000,3475,3475,0,0.000,63.858,0.012,63.870,64.850,2301,73540202
"benchmark-example:english-extra-8-gpu","bd/english.100MB",8,262144,1000000,3475,3475,0,0.000,63.858,0.012,63.870,64.850,2302,73558973
"benchmark-example:english-extra-8-gpu","bd/english.100MB",8,262144,1000000,3475,3475,0,0.000,63.858,0.012,63.870,64.850,2303,73563686
"benchmark-example:english-extra-8-gpu","bd/english.100MB",8,262144,1000000,3475,3475,0,0.000,63.858,0.012,63.870,64.850,2304,73564094
"benchmark-example:english-extra-8-gpu","bd/english.100MB",8,262144,1000000,3475,3475,0,0.000,63.858,0.012,63.870,64.850,2305,73654562
"benchmark-example:english-extra-8-gpu","bd/english.100MB",8,262144,1000000,3475,3475,0,0.000,63.858,0.012,63.870,64.850,2306,73688280
"benchmark-example:english-extra-8-gpu","bd/english.100MB",8,262144,1000000,3475,3475,0,0.000,63.858,0.012,63.870,64.850,2307,73691234
"benchmark-example:english-extra-8-gpu","bd/english.100MB",8,262144,1000000,3475,3475,0,0.000,63.858,0.012,63.870,64.850,2308,73696157
"benchmark-example:english-extra-8-gpu","bd/english.100MB",8,262144,1000000,3475,3475,0,0.000,63.858,0.012,63.870,64.850,2309,73706052
"benchmark-example:english-extra-8-gpu","bd/english.100MB",8,262144,1000000,3475,3475,0,0.000,63.858,0.012,63.870,64.850,2310,73708663
"benchmark-example:english-extra-8-gpu","bd/english.100MB",8,262144,1000000,3475,3475,0,0.000,63.858,0.012,63.870,64.850,2311,73708698
"benchmark-example:english-extra-8-gpu","bd/english.100MB",8,262144,1000000,3475,3475,0,0.000,63.858,0.012,63.870,64.850,2312,73711769
"benchmark-example:english-extra-8-gpu","bd/english.100MB",8,262144,1000000,3475,3475,0,0.000,63.858,0.012,63.870,64.850,2313,73765733
"benchmark-example:english-extra-8-gpu","bd/english.100MB",8,262144,1000000,3475,3475,0,0.000,63.858,0.012,63.870,64.850,2314,73778708
"benchmark-example:english-extra-8-gpu","bd/english.100MB",8,262144,1000000,3475,3475,0,0.000,63.858,0.012,63.870,64.850,2315,73778793
"benchmark-example:english-extra-8-gpu","bd/english.100MB",8,262144,1000000,3475,3475,0,0.000,63.858,0.012,63.870,64.850,2316,73791678
"benchmark-example:english-extra-8-gpu","bd/english.100MB",8,262144,1000000,3475,3475,0,0.000,63.858,0.012,63.870,64.850,2317,73793327
"benchmark-example:english-extra-8-gpu","bd/english.100MB",8,262144,1000000,3475,3475,0,0.000,63.858,0.012,63.870,64.850,2318,73809495
"benchmark-example:english-extra-8-gpu","bd/english.100MB",8,262144,1000000,3475,3475,0,0.000,63.858,0.012,63.870,64.850,2319,73842721
"benchmark-example:english-extra-8-gpu","bd/english.100MB",8,262144,1000000,3475,3475,0,0.000,63.858,0.012,63.870,64.850,2320,73847898
"benchmark-example:english-extra-8-gpu","bd/english.100MB",8,262144,1000000,3475,3475,0,0.000,63.858,0.012,63.870,64.850,2321,73847937
"benchmark-example:english-extra-8-gpu","bd/english.100MB",8,262144,1000000,3475,3475,0,0.000,63.858,0.012,63.870,64.850,2322,73944622
"benchmark-example:english-extra-8-gpu","bd/english.100MB",8,262144,1000000,3475,3475,0,0.000,63.858,0.012,63.870,64.850,2323,73963596
"benchmark-example:english-extra-8-gpu","bd/english.100MB",8,262144,1000000,3475,3475,0,0.000,63.858,0.012,63.870,64.850,2324,73969971
"benchmark-example:english-extra-8-gpu","bd/english.100MB",8,262144,1000000,3475,3475,0,0.000,63.858,0.012,63.870,64.850,2325,74027737
"benchmark-example:english-extra-8-gpu","bd/english.100MB",8,262144,1000000,3475,3475,0,0.000,63.858,0.012,63.870,64.850,2326,74043113
"benchmark-example:english-extra-8-gpu","bd/english.100MB",8,262144,1000000,3475,3475,0,0.000,63.858,0.012,63.870,64.850,2327,74076707
"benchmark-example:english-extra-8-gpu","bd/english.100MB",8,262144,1000000,3475,3475,0,0.000,63.858,0.012,63.870,64.850,2328,74099545
"benchmark-example:english-extra-8-gpu","bd/english.100MB",8,262144,1000000,3475,3475,0,0.000,63.858,0.012,63.870,64.850,2329,74102513
"benchmark-example:english-extra-8-gpu","bd/english.100MB",8,262144,1000000,3475,3475,0,0.000,63.858,0.012,63.870,64.850,2330,74121931
"benchmark-example:english-extra-8-gpu","bd/english.100MB",8,262144,1000000,3475,3475,0,0.000,63.858,0.012,63.870,64.850,2331,74121978
"benchmark-example:english-extra-8-gpu","bd/english.100MB",8,262144,1000000,3475,3475,0,0.000,63.858,0.012,63.870,64.850,2332,74128388
"benchmark-example:english-extra-8-gpu","bd/english.100MB",8,262144,1000000,3475,3475,0,0.000,63.858,0.012,63.870,64.850,2333,74141959
"benchmark-example:english-extra-8-gpu","bd/english.100MB",8,262144,1000000,3475,3475,0,0.000,63.858,0.012,63.870,64.850,2334,74149568
"benchmark-example:english-extra-8-gpu","bd/english.100MB",8,262144,1000000,3475,3475,0,0.000,63.858,0.012,63.870,64.850,2335,74151318
"benchmark-example:english-extra-8-gpu","bd/english.100MB",8,262144,1000000,3475,3475,0,0.000,63.858,0.012,63.870,64.850,2336,74158770
"benchmark-example:english-extra-8-gpu","bd/english.100MB",8,262144,1000000,3475,3475,0,0.000,63.858,0.012,63.870,64.850,2337,74165412
"benchmark-example:english-extra-8-gpu","bd/english.100MB",8,262144,1000000,3475,3475,0,0.000,63.858,0.012,63.870,64.850,2338,74182824
"benchmark-example:english-extra-8-gpu","bd/english.100MB",8,262144,1000000,3475,3475,0,0.000,63.858,0.012,63.870,64.850,2339,74188234
"benchmark-example:english-extra-8-gpu","bd/english.100MB",8,262144,1000000,3475,3475,0,0.000,63.858,0.012,63.870,64.850,2340,74188740
"benchmark-example:english-extra-8-gpu","bd/english.100MB",8,262144,1000000,3475,3475,0,0.000,63.858,0.012,63.870,64.850,2341,74188812
"benchmark-example:english-extra-8-gpu","bd/english.100MB",8,262144,1000000,3475,3475,0,0.000,63.858,0.012,63.870,64.850,2342,74188845
"benchmark-example:english-extra-8-gpu","bd/english.100MB",8,262144,1000000,3475,3475,0,0.000,63.858,0.012,63.870,64.850,2343,74188865
"benchmark-example:english-extra-8-gpu","bd/english.100MB",8,262144,1000000,3475,3475,0,0.000,63.858,0.012,63.870,64.850,2344,74190028
"benchmark-example:english-extra-8-gpu","bd/english.100MB",8,262144,1000000,3475,3475,0,0.000,63.858,0.012,63.870,64.850,2345,74214788
"benchmark-example:english-extra-8-gpu","bd/english.100MB",8,262144,1000000,3475,3475,0,0.000,63.858,0.012,63.870,64.850,2346,74228740
"benchmark-example:english-extra-8-gpu","bd/english.100MB",8,262144,1000000,3475,3475,0,0.000,63.858,0.012,63.870,64.850,2347,74232562
"benchmark-example:english-extra-8-gpu","bd/english.100MB",8,262144,1000000,3475,3475,0,0.000,63.858,0.012,63.870,64.850,2348,74234748
"benchmark-example:english-extra-8-gpu","bd/english.100MB",8,262144,1000000,3475,3475,0,0.000,63.858,0.012,63.870,64.850,2349,74245468
"benchmark-example:english-extra-8-gpu","bd/english.100MB",8,262144,1000000,3475,3475,0,0.000,63.858,0.012,63.870,64.850,2350,74246089
"benchmark-example:english-extra-8-gpu","bd/english.100MB",8,262144,1000000,3475,3475,0,0.000,63.858,0.012,63.870,64.850,2351,74246177
"benchmark-example:english-extra-8-gpu","bd/english.100MB",8,262144,1000000,3475,3475,0,0.000,63.858,0.012,63.870,64.850,2352,74270364
"benchmark-example:english-extra-8-gpu","bd/english.100MB",8,262144,1000000,3475,3475,0,0.000,63.858,0.012,63.870,64.850,2353,74274655
"benchmark-example:english-extra-8-gpu","bd/english.100MB",8,262144,1000000,3475,3475,0,0.000,63.858,0.012,63.870,64.850,2354,74287338
"benchmark-example:english-extra-8-gpu","bd/english.100MB",8,262144,1000000,3475,3475,0,0.000,63.858,0.012,63.870,64.850,2355,74293388
"benchmark-example:english-extra-8-gpu","bd/english.100MB",8,262144,1000000,3475,3475,0,0.000,63.858,0.012,63.870,64.850,2356,74299015
"benchmark-example:english-extra-8-gpu","bd/english.100MB",8,262144,1000000,3475,3475,0,0.000,63.858,0.012,63.870,64.850,2357,74301622
"benchmark-example:english-extra-8-gpu","bd/english.100MB",8,262144,1000000,3475,3475,0,0.000,63.858,0.012,63.870,64.850,2358,74311456
"benchmark-example:english-extra-8-gpu","bd/english.100MB",8,262144,1000000,3475,3475,0,0.000,63.858,0.012,63.870,64.850,2359,74329468
"benchmark-example:english-extra-8-gpu","bd/english.100MB",8,262144,1000000,3475,3475,0,0.000,63.858,0.012,63.870,64.850,2360,74340028
"benchmark-example:english-extra-8-gpu","bd/english.100MB",8,262144,1000000,3475,3475,0,0.000,63.858,0.012,63.870,64.850,2361,74365075
"benchmark-example:english-extra-8-gpu","bd/english.100MB",8,262144,1000000,3475,3475,0,0.000,63.858,0.012,63.870,64.850,2362,74370493
"benchmark-example:english-extra-8-gpu","bd/english.100MB",8,262144,1000000,3475,3475,0,0.000,63.858,0.012,63.870,64.850,2363,74373134
"benchmark-example:english-extra-8-gpu","bd/english.100MB",8,262144,1000000,3475,3475,0,0.000,63.858,0.012,63.870,64.850,2364,74386277
"benchmark-example:english-extra-8-gpu","bd/english.100MB",8,262144,1000000,3475,3475,0,0.000,63.858,0.012,63.870,64.850,2365,74414988
"benchmark-example:english-extra-8-gpu","bd/english.100MB",8,262144,1000000,3475,3475,0,0.000,63.858,0.012,63.870,64.850,2366,74450645
"benchmark-example:english-extra-8-gpu","bd/english.100MB",8,262144,1000000,3475,3475,0,0.000,63.858,0.012,63.870,64.850,2367,74455661
"benchmark-example:english-extra-8-gpu","bd/english.100MB",8,262144,1000000,3475,3475,0,0.000,63.858,0.012,63.870,64.850,2368,74461887
"benchmark-example:english-extra-8-gpu","bd/english.100MB",8,262144,1000000,3475,3475,0,0.000,63.858,0.012,63.870,64.850,2369,74479068
"benchmark-example:english-extra-8-gpu","bd/english.100MB",8,262144,1000000,3475,3475,0,0.000,63.858,0.012,63.870,64.850,2370,74483939
"benchmark-example:english-extra-8-gpu","bd/english.100MB",8,262144,1000000,3475,3475,0,0.000,63.858,0.012,63.870,64.850,2371,74494718
"benchmark-example:english-extra-8-gpu","bd/english.100MB",8,262144,1000000,3475,3475,0,0.000,63.858,0.012,63.870,64.850,2372,74494938
"benchmark-example:english-extra-8-gpu","bd/english.100MB",8,262144,1000000,3475,3475,0,0.000,63.858,0.012,63.870,64.850,2373,74499078
"benchmark-example:english-extra-8-gpu","bd/english.100MB",8,262144,1000000,3475,3475,0,0.000,63.858,0.012,63.870,64.850,2374,74504341
"benchmark-example:english-extra-8-gpu","bd/english.100MB",8,262144,1000000,3475,3475,0,0.000,63.858,0.012,63.870,64.850,2375,74513035
"benchmark-example:english-extra-8-gpu","bd/english.100MB",8,262144,1000000,3475,3475,0,0.000,63.858,0.012,63.870,64.850,2376,74514030
"benchmark-example:english-extra-8-gpu","bd/english.100MB",8,262144,1000000,3475,3475,0,0.000,63.858,0.012,63.870,64.850,2377,74515864
"benchmark-example:english-extra-8-gpu","bd/english.100MB",8,262144,1000000,3475,3475,0,0.000,63.858,0.012,63.870,64.850,2378,74516859
"benchmark-example:english-extra-8-gpu","bd/english.100MB",8,262144,1000000,3475,3475,0,0.000,63.858,0.012,63.870,64.850,2379,74517569
"benchmark-example:english-extra-8-gpu","bd/english.100MB",8,262144,1000000,3475,3475,0,0.000,63.858,0.012,63.870,64.850,2380,74522756
"benchmark-example:english-extra-8-gpu","bd/english.100MB",8,262144,1000000,3475,3475,0,0.000,63.858,0.012,63.870,64.850,2381,74538807
"benchmark-example:english-extra-8-gpu","bd/english.100MB",8,262144,1000000,3475,3475,0,0.000,63.858,0.012,63.870,64.850,2382,74556852
"benchmark-example:english-extra-8-gpu","bd/english.100MB",8,262144,1000000,3475,3475,0,0.000,63.858,0.012,63.870,64.850,2383,74573783
"benchmark-example:english-extra-8-gpu","bd/english.100MB",8,262144,1000000,3475,3475,0,0.000,63.858,0.012,63.870,64.850,2384,74613813
"benchmark-example:english-extra-8-gpu","bd/english.100MB",8,262144,1000000,3475,3475,0,0.000,63.858,0.012,63.870,64.850,2385,74614427
"benchmark-example:english-extra-8-gpu","bd/english.100MB",8,262144,1000000,3475,3475,0,0.000,63.858,0.012,63.870,64.850,2386,74615394
"benchmark-example:english-extra-8-gpu","bd/english.100MB",8,262144,1000000,3475,3475,0,0.000,63.858,0.012,63.870,64.850,2387,74624581
"benchmark-example:english-extra-8-gpu","bd/english.100MB",8,262144,1000000,3475,3475,0,0.000,63.858,0.012,63.870,64.850,2388,74632311
"benchmark-example:english-extra-8-gpu","bd/english.100MB",8,262144,1000000,3475,3475,0,0.000,63.858,0.012,63.870,64.850,2389,74652872
"benchmark-example:english-extra-8-gpu","bd/english.100MB",8,262144,1000000,3475,3475,0,0.000,63.858,0.012,63.870,64.850,2390,74683914
"benchmark-example:english-extra-8-gpu","bd/english.100MB",8,262144,1000000,3475,3475,0,0.000,63.858,0.012,63.870,64.850,2391,74684158
"benchmark-example:english-extra-8-gpu","bd/english.100MB",8,262144,1000000,3475,3475,0,0.000,63.858,0.012,63.870,64.850,2392,74688599
"benchmark-example:english-extra-8-gpu","bd/english.100MB",8,262144,1000000,3475,3475,0,0.000,63.858,0.012,63.870,64.850,2393,74719997
"benchmark-example:english-extra-8-gpu","bd/english.100MB",8,262144,1000000,3475,3475,0,0.000,63.858,0.012,63.870,64.850,2394,74742075
"benchmark-example:english-extra-8-gpu","bd/english.100MB",8,262144,1000000,3475,3475,0,0.000,63.858,0.012,63.870,64.850,2395,74742426
"benchmark-example:english-extra-8-gpu","bd/english.100MB",8,262144,1000000,3475,3475,0,0.000,63.858,0.012,63.870,64.850,2396,74749378
"benchmark-example:english-extra-8-gpu","bd/english.100MB",8,262144,1000000,3475,3475,0,0.000,63.858,0.012,63.870,64.850,2397,74749401
"benchmark-example:english-extra-8-gpu","bd/english.100MB",8,262144,1000000,3475,3475,0,0.000,63.858,0.012,63.870,64.850,2398,74777688
"benchmark-example:english-extra-8-gpu","bd/english.100MB",8,262144,1000000,3475,3475,0,0.000,63.858,0.012,63.870,64.850,2399,74780285
"benchmark-example:english-extra-8-gpu","bd/english.100MB",8,262144,1000000,3475,3475,0,0.000,63.858,0.012,63.870,64.850,2400,74793221
"benchmark-example:english-extra-8-gpu","bd/english.100MB",8,262144,1000000,3475,3475,0,0.000,63.858,0.012,63.870,64.850,2401,74795485
"benchmark-example:english-extra-8-gpu","bd/english.100MB",8,262144,1000000,3475,3475,0,0.000,63.858,0.012,63.870,64.850,2402,74804876
"benchmark-example:english-extra-8-gpu","bd/english.100MB",8,262144,1000000,3475,3475,0,0.000,63.858,0.012,63.870,64.850,2403,74892384
"benchmark-example:english-extra-8-gpu","bd/english.100MB",8,262144,1000000,3475,3475,0,0.000,63.858,0.012,63.870,64.850,2404,75003006
"benchmark-example:english-extra-8-gpu","bd/english.100MB",8,262144,1000000,3475,3475,0,0.000,63.858,0.012,63.870,64.850,2405,75041584
"benchmark-example:english-extra-8-gpu","bd/english.100MB",8,262144,1000000,3475,3475,0,0.000,63.858,0.012,63.870,64.850,2406,75055906
"benchmark-example:english-extra-8-gpu","bd/english.100MB",8,262144,1000000,3475,3475,0,0.000,63.858,0.012,63.870,64.850,2407,75091755
"benchmark-example:english-extra-8-gpu","bd/english.100MB",8,262144,1000000,3475,3475,0,0.000,63.858,0.012,63.870,64.850,2408,75092265
"benchmark-example:english-extra-8-gpu","bd/english.100MB",8,262144,1000000,3475,3475,0,0.000,63.858,0.012,63.870,64.850,2409,75123720
"benchmark-example:english-extra-8-gpu","bd/english.100MB",8,262144,1000000,3475,3475,0,0.000,63.858,0.012,63.870,64.850,2410,75217251
"benchmark-example:english-extra-8-gpu","bd/english.100MB",8,262144,1000000,3475,3475,0,0.000,63.858,0.012,63.870,64.850,2411,75247812
"benchmark-example:english-extra-8-gpu","bd/english.100MB",8,262144,1000000,3475,3475,0,0.000,63.858,0.012,63.870,64.850,2412,75264441
"benchmark-example:english-extra-8-gpu","bd/english.100MB",8,262144,1000000,3475,3475,0,0.000,63.858,0.012,63.870,64.850,2413,75279072
"benchmark-example:english-extra-8-gpu","bd/english.100MB",8,262144,1000000,3475,3475,0,0.000,63.858,0.012,63.870,64.850,2414,75301153
"benchmark-example:english-extra-8-gpu","bd/english.100MB",8,262144,1000000,3475,3475,0,0.000,63.858,0.012,63.870,64.850,2415,75318313
"benchmark-example:english-extra-8-gpu","bd/english.100MB",8,262144,1000000,3475,3475,0,0.000,63.858,0.012,63.870,64.850,2416,75318574
"benchmark-example:english-extra-8-gpu","bd/english.100MB",8,262144,1000000,3475,3475,0,0.000,63.858,0.012,63.870,64.850,2417,75413167
"benchmark-example:english-extra-8-gpu","bd/english.100MB",8,262144,1000000,3475,3475,0,0.000,63.858,0.012,63.870,64.850,2418,75426727
"benchmark-example:english-extra-8-gpu","bd/english.100MB",8,262144,1000000,3475,3475,0,0.000,63.858,0.012,63.870,64.850,2419,75463778
"benchmark-example:english-extra-8-gpu","bd/english.100MB",8,262144,1000000,3475,3475,0,0.000,63.858,0.012,63.870,64.850,2420,75605303
"benchmark-example:english-extra-8-gpu","bd/english.100MB",8,262144,1000000,3475,3475,0,0.000,63.858,0.012,63.870,64.850,2421,75605581
"benchmark-example:english-extra-8-gpu","bd/english.100MB",8,262144,1000000,3475,3475,0,0.000,63.858,0.012,63.870,64.850,2422,75771986
"benchmark-example:english-extra-8-gpu","bd/english.100MB",8,262144,1000000,3475,3475,0,0.000,63.858,0.012,63.870,64.850,2423,75857394
"benchmark-example:english-extra-8-gpu","bd/english.100MB",8,262144,1000000,3475,3475,0,0.000,63.858,0.012,63.870,64.850,2424,76004849
"benchmark-example:english-extra-8-gpu","bd/english.100MB",8,262144,1000000,3475,3475,0,0.000,63.858,0.012,63.870,64.850,2425,76011654
"benchmark-example:english-extra-8-gpu","bd/english.100MB",8,262144,1000000,3475,3475,0,0.000,63.858,0.012,63.870,64.850,2426,76078670
"benchmark-example:english-extra-8-gpu","bd/english.100MB",8,262144,1000000,3475,3475,0,0.000,63.858,0.012,63.870,64.850,2427,76260614
"benchmark-example:english-extra-8-gpu","bd/english.100MB",8,262144,1000000,3475,3475,0,0.000,63.858,0.012,63.870,64.850,2428,76537387
"benchmark-example:english-extra-8-gpu","bd/english.100MB",8,262144,1000000,3475,3475,0,0.000,63.858,0.012,63.870,64.850,2429,76551107
"benchmark-example:english-extra-8-gpu","bd/english.100MB",8,262144,1000000,3475,3475,0,0.000,63.858,0.012,63.870,64.850,2430,76615501
"benchmark-example:english-extra-8-gpu","bd/english.100MB",8,262144,1000000,3475,3475,0,0.000,63.858,0.012,63.870,64.850,2431,76658352
"benchmark-example:english-extra-8-gpu","bd/english.100MB",8,262144,1000000,3475,3475,0,0.000,63.858,0.012,63.870,64.850,2432,76925068
"benchmark-example:english-extra-8-gpu","bd/english.100MB",8,262144,1000000,3475,3475,0,0.000,63.858,0.012,63.870,64.850,2433,77042997
"benchmark-example:english-extra-8-gpu","bd/english.100MB",8,262144,1000000,3475,3475,0,0.000,63.858,0.012,63.870,64.850,2434,77043021
"benchmark-example:english-extra-8-gpu","bd/english.100MB",8,262144,1000000,3475,3475,0,0.000,63.858,0.012,63.870,64.850,2435,77275239
"benchmark-example:english-extra-8-gpu","bd/english.100MB",8,262144,1000000,3475,3475,0,0.000,63.858,0.012,63.870,64.850,2436,78029117
"benchmark-example:english-extra-8-gpu","bd/english.100MB",8,262144,1000000,3475,3475,0,0.000,63.858,0.012,63.870,64.850,2437,78049338
"benchmark-example:english-extra-8-gpu","bd/english.100MB",8,262144,1000000,3475,3475,0,0.000,63.858,0.012,63.870,64.850,2438,78049692
"benchmark-example:english-extra-8-gpu","bd/english.100MB",8,262144,1000000,3475,3475,0,0.000,63.858,0.012,63.870,64.850,2439,78084234
"benchmark-example:english-extra-8-gpu","bd/english.100MB",8,262144,1000000,3475,3475,0,0.000,63.858,0.012,63.870,64.850,2440,78084708
"benchmark-example:english-extra-8-gpu","bd/english.100MB",8,262144,1000000,3475,3475,0,0.000,63.858,0.012,63.870,64.850,2441,78094926
"benchmark-example:english-extra-8-gpu","bd/english.100MB",8,262144,1000000,3475,3475,0,0.000,63.858,0.012,63.870,64.850,2442,78115232
"benchmark-example:english-extra-8-gpu","bd/english.100MB",8,262144,1000000,3475,3475,0,0.000,63.858,0.012,63.870,64.850,2443,78116680
"benchmark-example:english-extra-8-gpu","bd/english.100MB",8,262144,1000000,3475,3475,0,0.000,63.858,0.012,63.870,64.850,2444,78116736
"benchmark-example:english-extra-8-gpu","bd/english.100MB",8,262144,1000000,3475,3475,0,0.000,63.858,0.012,63.870,64.850,2445,78131098
"benchmark-example:english-extra-8-gpu","bd/english.100MB",8,262144,1000000,3475,3475,0,0.000,63.858,0.012,63.870,64.850,2446,78139638
"benchmark-example:english-extra-8-gpu","bd/english.100MB",8,262144,1000000,3475,3475,0,0.000,63.858,0.012,63.870,64.850,2447,78139694
"benchmark-example:english-extra-8-gpu","bd/english.100MB",8,262144,1000000,3475,3475,0,0.000,63.858,0.012,63.870,64.850,2448,78146460
"benchmark-example:english-extra-8-gpu","bd/english.100MB",8,262144,1000000,3475,3475,0,0.000,63.858,0.012,63.870,64.850,2449,78146645
"benchmark-example:english-extra-8-gpu","bd/english.100MB",8,262144,1000000,3475,3475,0,0.000,63.858,0.012,63.870,64.850,2450,78157295
"benchmark-example:english-extra-8-gpu","bd/english.100MB",8,262144,1000000,3475,3475,0,0.000,63.858,0.012,63.870,64.850,2451,78166174
"benchmark-example:english-extra-8-gpu","bd/english.100MB",8,262144,1000000,3475,3475,0,0.000,63.858,0.012,63.870,64.850,2452,78176521
"benchmark-example:english-extra-8-gpu","bd/english.100MB",8,262144,1000000,3475,3475,0,0.000,63.858,0.012,63.870,64.850,2453,78191549
"benchmark-example:english-extra-8-gpu","bd/english.100MB",8,262144,1000000,3475,3475,0,0.000,63.858,0.012,63.870,64.850,2454,78194672
"benchmark-example:english-extra-8-gpu","bd/english.100MB",8,262144,1000000,3475,3475,0,0.000,63.858,0.012,63.870,64.850,2455,78202396
"benchmark-example:english-extra-8-gpu","bd/english.100MB",8,262144,1000000,3475,3475,0,0.000,63.858,0.012,63.870,64.850,2456,78213510
"benchmark-example:english-extra-8-gpu","bd/english.100MB",8,262144,1000000,3475,3475,0,0.000,63.858,0.012,63.870,64.850,2457,78238308
"benchmark-example:english-extra-8-gpu","bd/english.100MB",8,262144,1000000,3475,3475,0,0.000,63.858,0.012,63.870,64.850,2458,78248116
"benchmark-example:english-extra-8-gpu","bd/english.100MB",8,262144,1000000,3475,3475,0,0.000,63.858,0.012,63.870,64.850,2459,78251059
"benchmark-example:english-extra-8-gpu","bd/english.100MB",8,262144,1000000,3475,3475,0,0.000,63.858,0.012,63.870,64.850,2460,78260254
"benchmark-example:english-extra-8-gpu","bd/english.100MB",8,262144,1000000,3475,3475,0,0.000,63.858,0.012,63.870,64.850,2461,78264104
"benchmark-example:english-extra-8-gpu","bd/english.100MB",8,262144,1000000,3475,3475,0,0.000,63.858,0.012,63.870,64.850,2462,78268800
"benchmark-example:english-extra-8-gpu","bd/english.100MB",8,262144,1000000,3475,3475,0,0.000,63.858,0.012,63.870,64.850,2463,78268893
"benchmark-example:english-extra-8-gpu","bd/english.100MB",8,262144,1000000,3475,3475,0,0.000,63.858,0.012,63.870,64.850,2464,78269131
"benchmark-example:english-extra-8-gpu","bd/english.100MB",8,262144,1000000,3475,3475,0,0.000,63.858,0.012,63.870,64.850,2465,78343578
"benchmark-example:english-extra-8-gpu","bd/english.100MB",8,262144,1000000,3475,3475,0,0.000,63.858,0.012,63.870,64.850,2466,78368933
"benchmark-example:english-extra-8-gpu","bd/english.100MB",8,262144,1000000,3475,3475,0,0.000,63.858,0.012,63.870,64.850,2467,78375587
"benchmark-example:english-extra-8-gpu","bd/english.100MB",8,262144,1000000,3475,3475,0,0.000,63.858,0.012,63.870,64.850,2468,78375705
"benchmark-example:english-extra-8-gpu","bd/english.100MB",8,262144,1000000,3475,3475,0,0.000,63.858,0.012,63.870,64.850,2469,78394320
"benchmark-example:english-extra-8-gpu","bd/english.100MB",8,262144,1000000,3475,3475,0,0.000,63.858,0.012,63.870,64.850,2470,78394837
"benchmark-example:english-extra-8-gpu","bd/english.100MB",8,262144,1000000,3475,3475,0,0.000,63.858,0.012,63.870,64.850,2471,78395575
"benchmark-example:english-extra-8-gpu","bd/english.100MB",8,262144,1000000,3475,3475,0,0.000,63.858,0.012,63.870,64.850,2472,78456393
"benchmark-example:english-extra-8-gpu","bd/english.100MB",8,262144,1000000,3475,3475,0,0.000,63.858,0.012,63.870,64.850,2473,78461864
"benchmark-example:english-extra-8-gpu","bd/english.100MB",8,262144,1000000,3475,3475,0,0.000,63.858,0.012,63.870,64.850,2474,78463753
"benchmark-example:english-extra-8-gpu","bd/english.100MB",8,262144,1000000,3475,3475,0,0.000,63.858,0.012,63.870,64.850,2475,78480338
"benchmark-example:english-extra-8-gpu","bd/english.100MB",8,262144,1000000,3475,3475,0,0.000,63.858,0.012,63.870,64.850,2476,78578419
"benchmark-example:english-extra-8-gpu","bd/english.100MB",8,262144,1000000,3475,3475,0,0.000,63.858,0.012,63.870,64.850,2477,78606907
"benchmark-example:english-extra-8-gpu","bd/english.100MB",8,262144,1000000,3475,3475,0,0.000,63.858,0.012,63.870,64.850,2478,78607379
"benchmark-example:english-extra-8-gpu","bd/english.100MB",8,262144,1000000,3475,3475,0,0.000,63.858,0.012,63.870,64.850,2479,78616476
"benchmark-example:english-extra-8-gpu","bd/english.100MB",8,262144,1000000,3475,3475,0,0.000,63.858,0.012,63.870,64.850,2480,78618704
"benchmark-example:english-extra-8-gpu","bd/english.100MB",8,262144,1000000,3475,3475,0,0.000,63.858,0.012,63.870,64.850,2481,78649809
"benchmark-example:english-extra-8-gpu","bd/english.100MB",8,262144,1000000,3475,3475,0,0.000,63.858,0.012,63.870,64.850,2482,78673838
"benchmark-example:english-extra-8-gpu","bd/english.100MB",8,262144,1000000,3475,3475,0,0.000,63.858,0.012,63.870,64.850,2483,78704860
"benchmark-example:english-extra-8-gpu","bd/english.100MB",8,262144,1000000,3475,3475,0,0.000,63.858,0.012,63.870,64.850,2484,78711180
"benchmark-example:english-extra-8-gpu","bd/english.100MB",8,262144,1000000,3475,3475,0,0.000,63.858,0.012,63.870,64.850,2485,78728872
"benchmark-example:english-extra-8-gpu","bd/english.100MB",8,262144,1000000,3475,3475,0,0.000,63.858,0.012,63.870,64.850,2486,78730824
"benchmark-example:english-extra-8-gpu","bd/english.100MB",8,262144,1000000,3475,3475,0,0.000,63.858,0.012,63.870,64.850,2487,78731291
"benchmark-example:english-extra-8-gpu","bd/english.100MB",8,262144,1000000,3475,3475,0,0.000,63.858,0.012,63.870,64.850,2488,78745939
"benchmark-example:english-extra-8-gpu","bd/english.100MB",8,262144,1000000,3475,3475,0,0.000,63.858,0.012,63.870,64.850,2489,78750991
"benchmark-example:english-extra-8-gpu","bd/english.100MB",8,262144,1000000,3475,3475,0,0.000,63.858,0.012,63.870,64.850,2490,78810044
"benchmark-example:english-extra-8-gpu","bd/english.100MB",8,262144,1000000,3475,3475,0,0.000,63.858,0.012,63.870,64.850,2491,78813649
"benchmark-example:english-extra-8-gpu","bd/english.100MB",8,262144,1000000,3475,3475,0,0.000,63.858,0.012,63.870,64.850,2492,78835849
"benchmark-example:english-extra-8-gpu","bd/english.100MB",8,262144,1000000,3475,3475,0,0.000,63.858,0.012,63.870,64.850,2493,78892631
"benchmark-example:english-extra-8-gpu","bd/english.100MB",8,262144,1000000,3475,3475,0,0.000,63.858,0.012,63.870,64.850,2494,78892706
"benchmark-example:english-extra-8-gpu","bd/english.100MB",8,262144,1000000,3475,3475,0,0.000,63.858,0.012,63.870,64.850,2495,78894002
"benchmark-example:english-extra-8-gpu","bd/english.100MB",8,262144,1000000,3475,3475,0,0.000,63.858,0.012,63.870,64.850,2496,78898268
"benchmark-example:english-extra-8-gpu","bd/english.100MB",8,262144,1000000,3475,3475,0,0.000,63.858,0.012,63.870,64.850,2497,78911224
"benchmark-example:english-extra-8-gpu","bd/english.100MB",8,262144,1000000,3475,3475,0,0.000,63.858,0.012,63.870,64.850,2498,78940504
"benchmark-example:english-extra-8-gpu","bd/english.100MB",8,262144,1000000,3475,3475,0,0.000,63.858,0.012,63.870,64.850,2499,78954205
"benchmark-example:english-extra-8-gpu","bd/english.100MB",8,262144,1000000,3475,3475,0,0.000,63.858,0.012,63.870,64.850,2500,78954263
"benchmark-example:english-extra-8-gpu","bd/english.100MB",8,262144,1000000,3475,3475,0,0.000,63.858,0.012,63.870,64.850,2501,78978798
"benchmark-example:english-extra-8-gpu","bd/english.100MB",8,262144,1000000,3475,3475,0,0.000,63.858,0.012,63.870,64.850,2502,78995069
"benchmark-example:english-extra-8-gpu","bd/english.100MB",8,262144,1000000,3475,3475,0,0.000,63.858,0.012,63.870,64.850,2503,79004357
"benchmark-example:english-extra-8-gpu","bd/english.100MB",8,262144,1000000,3475,3475,0,0.000,63.858,0.012,63.870,64.850,2504,79012856
"benchmark-example:english-extra-8-gpu","bd/english.100MB",8,262144,1000000,3475,3475,0,0.000,63.858,0.012,63.870,64.850,2505,79021897
"benchmark-example:english-extra-8-gpu","bd/english.100MB",8,262144,1000000,3475,3475,0,0.000,63.858,0.012,63.870,64.850,2506,79025635
"benchmark-example:english-extra-8-gpu","bd/english.100MB",8,262144,1000000,3475,3475,0,0.000,63.858,0.012,63.870,64.850,2507,79037938
"benchmark-example:english-extra-8-gpu","bd/english.100MB",8,262144,1000000,3475,3475,0,0.000,63.858,0.012,63.870,64.850,2508,79037966
"benchmark-example:english-extra-8-gpu","bd/english.100MB",8,262144,1000000,3475,3475,0,0.000,63.858,0.012,63.870,64.850,2509,79070914
"benchmark-example:english-extra-8-gpu","bd/english.100MB",8,262144,1000000,3475,3475,0,0.000,63.858,0.012,63.870,64.850,2510,79072001
"benchmark-example:english-extra-8-gpu","bd/english.100MB",8,262144,1000000,3475,3475,0,0.000,63.858,0.012,63.870,64.850,2511,79072068
"benchmark-example:english-extra-8-gpu","bd/english.100MB",8,262144,1000000,3475,3475,0,0.000,63.858,0.012,63.870,64.850,2512,79075654
"benchmark-example:english-extra-8-gpu","bd/english.100MB",8,262144,1000000,3475,3475,0,0.000,63.858,0.012,63.870,64.850,2513,79075701
"benchmark-example:english-extra-8-gpu","bd/english.100MB",8,262144,1000000,3475,3475,0,0.000,63.858,0.012,63.870,64.850,2514,79075755
"benchmark-example:english-extra-8-gpu","bd/english.100MB",8,262144,1000000,3475,3475,0,0.000,63.858,0.012,63.870,64.850,2515,79076277
"benchmark-example:english-extra-8-gpu","bd/english.100MB",8,262144,1000000,3475,3475,0,0.000,63.858,0.012,63.870,64.850,2516,79172156
"benchmark-example:english-extra-8-gpu","bd/english.100MB",8,262144,1000000,3475,3475,0,0.000,63.858,0.012,63.870,64.850,2517,79238705
"benchmark-example:english-extra-8-gpu","bd/english.100MB",8,262144,1000000,3475,3475,0,0.000,63.858,0.012,63.870,64.850,2518,79305484
"benchmark-example:english-extra-8-gpu","bd/english.100MB",8,262144,1000000,3475,3475,0,0.000,63.858,0.012,63.870,64.850,2519,79381460
"benchmark-example:english-extra-8-gpu","bd/english.100MB",8,262144,1000000,3475,3475,0,0.000,63.858,0.012,63.870,64.850,2520,79522052
"benchmark-example:english-extra-8-gpu","bd/english.100MB",8,262144,1000000,3475,3475,0,0.000,63.858,0.012,63.870,64.850,2521,79582762
"benchmark-example:english-extra-8-gpu","bd/english.100MB",8,262144,1000000,3475,3475,0,0.000,63.858,0.012,63.870,64.850,2522,79714005
"benchmark-example:english-extra-8-gpu","bd/english.100MB",8,262144,1000000,3475,3475,0,0.000,63.858,0.012,63.870,64.850,2523,79780487
"benchmark-example:english-extra-8-gpu","bd/english.100MB",8,262144,1000000,3475,3475,0,0.000,63.858,0.012,63.870,64.850,2524,79847232
"benchmark-example:english-extra-8-gpu","bd/english.100MB",8,262144,1000000,3475,3475,0,0.000,63.858,0.012,63.870,64.850,2525,79923244
"benchmark-example:english-extra-8-gpu","bd/english.100MB",8,262144,1000000,3475,3475,0,0.000,63.858,0.012,63.870,64.850,2526,80063905
"benchmark-example:english-extra-8-gpu","bd/english.100MB",8,262144,1000000,3475,3475,0,0.000,63.858,0.012,63.870,64.850,2527,80124563
"benchmark-example:english-extra-8-gpu","bd/english.100MB",8,262144,1000000,3475,3475,0,0.000,63.858,0.012,63.870,64.850,2528,80255962
"benchmark-example:english-extra-8-gpu","bd/english.100MB",8,262144,1000000,3475,3475,0,0.000,63.858,0.012,63.870,64.850,2529,80322663
"benchmark-example:english-extra-8-gpu","bd/english.100MB",8,262144,1000000,3475,3475,0,0.000,63.858,0.012,63.870,64.850,2530,80389426
"benchmark-example:english-extra-8-gpu","bd/english.100MB",8,262144,1000000,3475,3475,0,0.000,63.858,0.012,63.870,64.850,2531,80465478
"benchmark-example:english-extra-8-gpu","bd/english.100MB",8,262144,1000000,3475,3475,0,0.000,63.858,0.012,63.870,64.850,2532,80606132
"benchmark-example:english-extra-8-gpu","bd/english.100MB",8,262144,1000000,3475,3475,0,0.000,63.858,0.012,63.870,64.850,2533,80666891
"benchmark-example:english-extra-8-gpu","bd/english.100MB",8,262144,1000000,3475,3475,0,0.000,63.858,0.012,63.870,64.850,2534,80733911
"benchmark-example:english-extra-8-gpu","bd/english.100MB",8,262144,1000000,3475,3475,0,0.000,63.858,0.012,63.870,64.850,2535,80753453
"benchmark-example:english-extra-8-gpu","bd/english.100MB",8,262144,1000000,3475,3475,0,0.000,63.858,0.012,63.870,64.850,2536,80755958
"benchmark-example:english-extra-8-gpu","bd/english.100MB",8,262144,1000000,3475,3475,0,0.000,63.858,0.012,63.870,64.850,2537,80839196
"benchmark-example:english-extra-8-gpu","bd/english.100MB",8,262144,1000000,3475,3475,0,0.000,63.858,0.012,63.870,64.850,2538,80839978
"benchmark-example:english-extra-8-gpu","bd/english.100MB",8,262144,1000000,3475,3475,0,0.000,63.858,0.012,63.870,64.850,2539,80857281
"benchmark-example:english-extra-8-gpu","bd/english.100MB",8,262144,1000000,3475,3475,0,0.000,63.858,0.012,63.870,64.850,2540,80948505
"benchmark-example:english-extra-8-gpu","bd/english.100MB",8,262144,1000000,3475,3475,0,0.000,63.858,0.012,63.870,64.850,2541,80962109
"benchmark-example:english-extra-8-gpu","bd/english.100MB",8,262144,1000000,3475,3475,0,0.000,63.858,0.012,63.870,64.850,2542,80962183
"benchmark-example:english-extra-8-gpu","bd/english.100MB",8,262144,1000000,3475,3475,0,0.000,63.858,0.012,63.870,64.850,2543,80962257
"benchmark-example:english-extra-8-gpu","bd/english.100MB",8,262144,1000000,3475,3475,0,0.000,63.858,0.012,63.870,64.850,2544,80968253
"benchmark-example:english-extra-8-gpu","bd/english.100MB",8,262144,1000000,3475,3475,0,0.000,63.858,0.012,63.870,64.850,2545,81042867
"benchmark-example:english-extra-8-gpu","bd/english.100MB",8,262144,1000000,3475,3475,0,0.000,63.858,0.012,63.870,64.850,2546,81043616
"benchmark-example:english-extra-8-gpu","bd/english.100MB",8,262144,1000000,3475,3475,0,0.000,63.858,0.012,63.870,64.850,2547,81052358
"benchmark-example:english-extra-8-gpu","bd/english.100MB",8,262144,1000000,3475,3475,0,0.000,63.858,0.012,63.870,64.850,2548,81054475
"benchmark-example:english-extra-8-gpu","bd/english.100MB",8,262144,1000000,3475,3475,0,0.000,63.858,0.012,63.870,64.850,2549,81106452
"benchmark-example:english-extra-8-gpu","bd/english.100MB",8,262144,1000000,3475,3475,0,0.000,63.858,0.012,63.870,64.850,2550,81138011
"benchmark-example:english-extra-8-gpu","bd/english.100MB",8,262144,1000000,3475,3475,0,0.000,63.858,0.012,63.870,64.850,2551,81139142
"benchmark-example:english-extra-8-gpu","bd/english.100MB",8,262144,1000000,3475,3475,0,0.000,63.858,0.012,63.870,64.850,2552,81165670
"benchmark-example:english-extra-8-gpu","bd/english.100MB",8,262144,1000000,3475,3475,0,0.000,63.858,0.012,63.870,64.850,2553,81165716
"benchmark-example:english-extra-8-gpu","bd/english.100MB",8,262144,1000000,3475,3475,0,0.000,63.858,0.012,63.870,64.850,2554,81185879
"benchmark-example:english-extra-8-gpu","bd/english.100MB",8,262144,1000000,3475,3475,0,0.000,63.858,0.012,63.870,64.850,2555,81194828
"benchmark-example:english-extra-8-gpu","bd/english.100MB",8,262144,1000000,3475,3475,0,0.000,63.858,0.012,63.870,64.850,2556,81198790
"benchmark-example:english-extra-8-gpu","bd/english.100MB",8,262144,1000000,3475,3475,0,0.000,63.858,0.012,63.870,64.850,2557,81277726
"benchmark-example:english-extra-8-gpu","bd/english.100MB",8,262144,1000000,3475,3475,0,0.000,63.858,0.012,63.870,64.850,2558,81300526
"benchmark-example:english-extra-8-gpu","bd/english.100MB",8,262144,1000000,3475,3475,0,0.000,63.858,0.012,63.870,64.850,2559,81310025
"benchmark-example:english-extra-8-gpu","bd/english.100MB",8,262144,1000000,3475,3475,0,0.000,63.858,0.012,63.870,64.850,2560,81329635
"benchmark-example:english-extra-8-gpu","bd/english.100MB",8,262144,1000000,3475,3475,0,0.000,63.858,0.012,63.870,64.850,2561,81332243
"benchmark-example:english-extra-8-gpu","bd/english.100MB",8,262144,1000000,3475,3475,0,0.000,63.858,0.012,63.870,64.850,2562,81342672
"benchmark-example:english-extra-8-gpu","bd/english.100MB",8,262144,1000000,3475,3475,0,0.000,63.858,0.012,63.870,64.850,2563,81360966
"benchmark-example:english-extra-8-gpu","bd/english.100MB",8,262144,1000000,3475,3475,0,0.000,63.858,0.012,63.870,64.850,2564,81367968
"benchmark-example:english-extra-8-gpu","bd/english.100MB",8,262144,1000000,3475,3475,0,0.000,63.858,0.012,63.870,64.850,2565,81369687
"benchmark-example:english-extra-8-gpu","bd/english.100MB",8,262144,1000000,3475,3475,0,0.000,63.858,0.012,63.870,64.850,2566,81372749
"benchmark-example:english-extra-8-gpu","bd/english.100MB",8,262144,1000000,3475,3475,0,0.000,63.858,0.012,63.870,64.850,2567,81379901
"benchmark-example:english-extra-8-gpu","bd/english.100MB",8,262144,1000000,3475,3475,0,0.000,63.858,0.012,63.870,64.850,2568,81396047
"benchmark-example:english-extra-8-gpu","bd/english.100MB",8,262144,1000000,3475,3475,0,0.000,63.858,0.012,63.870,64.850,2569,81451966
"benchmark-example:english-extra-8-gpu","bd/english.100MB",8,262144,1000000,3475,3475,0,0.000,63.858,0.012,63.870,64.850,2570,81454608
"benchmark-example:english-extra-8-gpu","bd/english.100MB",8,262144,1000000,3475,3475,0,0.000,63.858,0.012,63.870,64.850,2571,81467646
"benchmark-example:english-extra-8-gpu","bd/english.100MB",8,262144,1000000,3475,3475,0,0.000,63.858,0.012,63.870,64.850,2572,81526596
"benchmark-example:english-extra-8-gpu","bd/english.100MB",8,262144,1000000,3475,3475,0,0.000,63.858,0.012,63.870,64.850,2573,81553468
"benchmark-example:english-extra-8-gpu","bd/english.100MB",8,262144,1000000,3475,3475,0,0.000,63.858,0.012,63.870,64.850,2574,81571262
"benchmark-example:english-extra-8-gpu","bd/english.100MB",8,262144,1000000,3475,3475,0,0.000,63.858,0.012,63.870,64.850,2575,81574141
"benchmark-example:english-extra-8-gpu","bd/english.100MB",8,262144,1000000,3475,3475,0,0.000,63.858,0.012,63.870,64.850,2576,81608576
"benchmark-example:english-extra-8-gpu","bd/english.100MB",8,262144,1000000,3475,3475,0,0.000,63.858,0.012,63.870,64.850,2577,81618115
"benchmark-example:english-extra-8-gpu","bd/english.100MB",8,262144,1000000,3475,3475,0,0.000,63.858,0.012,63.870,64.850,2578,81628520
"benchmark-example:english-extra-8-gpu","bd/english.100MB",8,262144,1000000,3475,3475,0,0.000,63.858,0.012,63.870,64.850,2579,81720502
"benchmark-example:english-extra-8-gpu","bd/english.100MB",8,262144,1000000,3475,3475,0,0.000,63.858,0.012,63.870,64.850,2580,81723788
"benchmark-example:english-extra-8-gpu","bd/english.100MB",8,262144,1000000,3475,3475,0,0.000,63.858,0.012,63.870,64.850,2581,81733442
"benchmark-example:english-extra-8-gpu","bd/english.100MB",8,262144,1000000,3475,3475,0,0.000,63.858,0.012,63.870,64.850,2582,81733483
"benchmark-example:english-extra-8-gpu","bd/english.100MB",8,262144,1000000,3475,3475,0,0.000,63.858,0.012,63.870,64.850,2583,81756220
"benchmark-example:english-extra-8-gpu","bd/english.100MB",8,262144,1000000,3475,3475,0,0.000,63.858,0.012,63.870,64.850,2584,81760026
"benchmark-example:english-extra-8-gpu","bd/english.100MB",8,262144,1000000,3475,3475,0,0.000,63.858,0.012,63.870,64.850,2585,81771489
"benchmark-example:english-extra-8-gpu","bd/english.100MB",8,262144,1000000,3475,3475,0,0.000,63.858,0.012,63.870,64.850,2586,81781707
"benchmark-example:english-extra-8-gpu","bd/english.100MB",8,262144,1000000,3475,3475,0,0.000,63.858,0.012,63.870,64.850,2587,81783094
"benchmark-example:english-extra-8-gpu","bd/english.100MB",8,262144,1000000,3475,3475,0,0.000,63.858,0.012,63.870,64.850,2588,81814585
"benchmark-example:english-extra-8-gpu","bd/english.100MB",8,262144,1000000,3475,3475,0,0.000,63.858,0.012,63.870,64.850,2589,81862405
"benchmark-example:english-extra-8-gpu","bd/english.100MB",8,262144,1000000,3475,3475,0,0.000,63.858,0.012,63.870,64.850,2590,81906355
"benchmark-example:english-extra-8-gpu","bd/english.100MB",8,262144,1000000,3475,3475,0,0.000,63.858,0.012,63.870,64.850,2591,81950429
"benchmark-example:english-extra-8-gpu","bd/english.100MB",8,262144,1000000,3475,3475,0,0.000,63.858,0.012,63.870,64.850,2592,81969744
"benchmark-example:english-extra-8-gpu","bd/english.100MB",8,262144,1000000,3475,3475,0,0.000,63.858,0.012,63.870,64.850,2593,81976033
"benchmark-example:english-extra-8-gpu","bd/english.100MB",8,262144,1000000,3475,3475,0,0.000,63.858,0.012,63.870,64.850,2594,81976256
"benchmark-example:english-extra-8-gpu","bd/english.100MB",8,262144,1000000,3475,3475,0,0.000,63.858,0.012,63.870,64.850,2595,81978212
"benchmark-example:english-extra-8-gpu","bd/english.100MB",8,262144,1000000,3475,3475,0,0.000,63.858,0.012,63.870,64.850,2596,82029300
"benchmark-example:english-extra-8-gpu","bd/english.100MB",8,262144,1000000,3475,3475,0,0.000,63.858,0.012,63.870,64.850,2597,82031574
"benchmark-example:english-extra-8-gpu","bd/english.100MB",8,262144,1000000,3475,3475,0,0.000,63.858,0.012,63.870,64.850,2598,82206412
"benchmark-example:english-extra-8-gpu","bd/english.100MB",8,262144,1000000,3475,3475,0,0.000,63.858,0.012,63.870,64.850,2599,82218698
"benchmark-example:english-extra-8-gpu","bd/english.100MB",8,262144,1000000,3475,3475,0,0.000,63.858,0.012,63.870,64.850,2600,82256937
"benchmark-example:english-extra-8-gpu","bd/english.100MB",8,262144,1000000,3475,3475,0,0.000,63.858,0.012,63.870,64.850,2601,82328145
"benchmark-example:english-extra-8-gpu","bd/english.100MB",8,262144,1000000,3475,3475,0,0.000,63.858,0.012,63.870,64.850,2602,82595479
"benchmark-example:english-extra-8-gpu","bd/english.100MB",8,262144,1000000,3475,3475,0,0.000,63.858,0.012,63.870,64.850,2603,82612065
"benchmark-example:english-extra-8-gpu","bd/english.100MB",8,262144,1000000,3475,3475,0,0.000,63.858,0.012,63.870,64.850,2604,82620374
"benchmark-example:english-extra-8-gpu","bd/english.100MB",8,262144,1000000,3475,3475,0,0.000,63.858,0.012,63.870,64.850,2605,82670798
"benchmark-example:english-extra-8-gpu","bd/english.100MB",8,262144,1000000,3475,3475,0,0.000,63.858,0.012,63.870,64.850,2606,82673735
"benchmark-example:english-extra-8-gpu","bd/english.100MB",8,262144,1000000,3475,3475,0,0.000,63.858,0.012,63.870,64.850,2607,82712173
"benchmark-example:english-extra-8-gpu","bd/english.100MB",8,262144,1000000,3475,3475,0,0.000,63.858,0.012,63.870,64.850,2608,82733299
"benchmark-example:english-extra-8-gpu","bd/english.100MB",8,262144,1000000,3475,3475,0,0.000,63.858,0.012,63.870,64.850,2609,82736256
"benchmark-example:english-extra-8-gpu","bd/english.100MB",8,262144,1000000,3475,3475,0,0.000,63.858,0.012,63.870,64.850,2610,82814163
"benchmark-example:english-extra-8-gpu","bd/english.100MB",8,262144,1000000,3475,3475,0,0.000,63.858,0.012,63.870,64.850,2611,82841002
"benchmark-example:english-extra-8-gpu","bd/english.100MB",8,262144,1000000,3475,3475,0,0.000,63.858,0.012,63.870,64.850,2612,82889389
"benchmark-example:english-extra-8-gpu","bd/english.100MB",8,262144,1000000,3475,3475,0,0.000,63.858,0.012,63.870,64.850,2613,82890990
"benchmark-example:english-extra-8-gpu","bd/english.100MB",8,262144,1000000,3475,3475,0,0.000,63.858,0.012,63.870,64.850,2614,82956855
"benchmark-example:english-extra-8-gpu","bd/english.100MB",8,262144,1000000,3475,3475,0,0.000,63.858,0.012,63.870,64.850,2615,83007375
"benchmark-example:english-extra-8-gpu","bd/english.100MB",8,262144,1000000,3475,3475,0,0.000,63.858,0.012,63.870,64.850,2616,83077783
"benchmark-example:english-extra-8-gpu","bd/english.100MB",8,262144,1000000,3475,3475,0,0.000,63.858,0.012,63.870,64.850,2617,83094569
"benchmark-example:english-extra-8-gpu","bd/english.100MB",8,262144,1000000,3475,3475,0,0.000,63.858,0.012,63.870,64.850,2618,83118741
"benchmark-example:english-extra-8-gpu","bd/english.100MB",8,262144,1000000,3475,3475,0,0.000,63.858,0.012,63.870,64.850,2619,83201439
"benchmark-example:english-extra-8-gpu","bd/english.100MB",8,262144,1000000,3475,3475,0,0.000,63.858,0.012,63.870,64.850,2620,83245667
"benchmark-example:english-extra-8-gpu","bd/english.100MB",8,262144,1000000,3475,3475,0,0.000,63.858,0.012,63.870,64.850,2621,83264972
"benchmark-example:english-extra-8-gpu","bd/english.100MB",8,262144,1000000,3475,3475,0,0.000,63.858,0.012,63.870,64.850,2622,83314283
"benchmark-example:english-extra-8-gpu","bd/english.100MB",8,262144,1000000,3475,3475,0,0.000,63.858,0.012,63.870,64.850,2623,83316407
"benchmark-example:english-extra-8-gpu","bd/english.100MB",8,262144,1000000,3475,3475,0,0.000,63.858,0.012,63.870,64.850,2624,83319118
"benchmark-example:english-extra-8-gpu","bd/english.100MB",8,262144,1000000,3475,3475,0,0.000,63.858,0.012,63.870,64.850,2625,83410421
"benchmark-example:english-extra-8-gpu","bd/english.100MB",8,262144,1000000,3475,3475,0,0.000,63.858,0.012,63.870,64.850,2626,83414119
"benchmark-example:english-extra-8-gpu","bd/english.100MB",8,262144,1000000,3475,3475,0,0.000,63.858,0.012,63.870,64.850,2627,83449735
"benchmark-example:english-extra-8-gpu","bd/english.100MB",8,262144,1000000,3475,3475,0,0.000,63.858,0.012,63.870,64.850,2628,83489641
"benchmark-example:english-extra-8-gpu","bd/english.100MB",8,262144,1000000,3475,3475,0,0.000,63.858,0.012,63.870,64.850,2629,83562239
"benchmark-example:english-extra-8-gpu","bd/english.100MB",8,262144,1000000,3475,3475,0,0.000,63.858,0.012,63.870,64.850,2630,83580484
"benchmark-example:english-extra-8-gpu","bd/english.100MB",8,262144,1000000,3475,3475,0,0.000,63.858,0.012,63.870,64.850,2631,83599819
"benchmark-example:english-extra-8-gpu","bd/english.100MB",8,262144,1000000,3475,3475,0,0.000,63.858,0.012,63.870,64.850,2632,83691835
"benchmark-example:english-extra-8-gpu","bd/english.100MB",8,262144,1000000,3475,3475,0,0.000,63.858,0.012,63.870,64.850,2633,83705640
"benchmark-example:english-extra-8-gpu","bd/english.100MB",8,262144,1000000,3475,3475,0,0.000,63.858,0.012,63.870,64.850,2634,83809419
"benchmark-example:english-extra-8-gpu","bd/english.100MB",8,262144,1000000,3475,3475,0,0.000,63.858,0.012,63.870,64.850,2635,83854258
"benchmark-example:english-extra-8-gpu","bd/english.100MB",8,262144,1000000,3475,3475,0,0.000,63.858,0.012,63.870,64.850,2636,83925314
"benchmark-example:english-extra-8-gpu","bd/english.100MB",8,262144,1000000,3475,3475,0,0.000,63.858,0.012,63.870,64.850,2637,84194130
"benchmark-example:english-extra-8-gpu","bd/english.100MB",8,262144,1000000,3475,3475,0,0.000,63.858,0.012,63.870,64.850,2638,84277737
"benchmark-example:english-extra-8-gpu","bd/english.100MB",8,262144,1000000,3475,3475,0,0.000,63.858,0.012,63.870,64.850,2639,84362803
"benchmark-example:english-extra-8-gpu","bd/english.100MB",8,262144,1000000,3475,3475,0,0.000,63.858,0.012,63.870,64.850,2640,84490402
"benchmark-example:english-extra-8-gpu","bd/english.100MB",8,262144,1000000,3475,3475,0,0.000,63.858,0.012,63.870,64.850,2641,84494422
"benchmark-example:english-extra-8-gpu","bd/english.100MB",8,262144,1000000,3475,3475,0,0.000,63.858,0.012,63.870,64.850,2642,84504190
"benchmark-example:english-extra-8-gpu","bd/english.100MB",8,262144,1000000,3475,3475,0,0.000,63.858,0.012,63.870,64.850,2643,84534541
"benchmark-example:english-extra-8-gpu","bd/english.100MB",8,262144,1000000,3475,3475,0,0.000,63.858,0.012,63.870,64.850,2644,84542646
"benchmark-example:english-extra-8-gpu","bd/english.100MB",8,262144,1000000,3475,3475,0,0.000,63.858,0.012,63.870,64.850,2645,84558532
"benchmark-example:english-extra-8-gpu","bd/english.100MB",8,262144,1000000,3475,3475,0,0.000,63.858,0.012,63.870,64.850,2646,84559012
"benchmark-example:english-extra-8-gpu","bd/english.100MB",8,262144,1000000,3475,3475,0,0.000,63.858,0.012,63.870,64.850,2647,84559433
"benchmark-example:english-extra-8-gpu","bd/english.100MB",8,262144,1000000,3475,3475,0,0.000,63.858,0.012,63.870,64.850,2648,84581569
"benchmark-example:english-extra-8-gpu","bd/english.100MB",8,262144,1000000,3475,3475,0,0.000,63.858,0.012,63.870,64.850,2649,84587525
"benchmark-example:english-extra-8-gpu","bd/english.100MB",8,262144,1000000,3475,3475,0,0.000,63.858,0.012,63.870,64.850,2650,84587749
"benchmark-example:english-extra-8-gpu","bd/english.100MB",8,262144,1000000,3475,3475,0,0.000,63.858,0.012,63.870,64.850,2651,84599817
"benchmark-example:english-extra-8-gpu","bd/english.100MB",8,262144,1000000,3475,3475,0,0.000,63.858,0.012,63.870,64.850,2652,84608591
"benchmark-example:english-extra-8-gpu","bd/english.100MB",8,262144,1000000,3475,3475,0,0.000,63.858,0.012,63.870,64.850,2653,84611851
"benchmark-example:english-extra-8-gpu","bd/english.100MB",8,262144,1000000,3475,3475,0,0.000,63.858,0.012,63.870,64.850,2654,84633407
"benchmark-example:english-extra-8-gpu","bd/english.100MB",8,262144,1000000,3475,3475,0,0.000,63.858,0.012,63.870,64.850,2655,84635818
"benchmark-example:english-extra-8-gpu","bd/english.100MB",8,262144,1000000,3475,3475,0,0.000,63.858,0.012,63.870,64.850,2656,84639825
"benchmark-example:english-extra-8-gpu","bd/english.100MB",8,262144,1000000,3475,3475,0,0.000,63.858,0.012,63.870,64.850,2657,84666279
"benchmark-example:english-extra-8-gpu","bd/english.100MB",8,262144,1000000,3475,3475,0,0.000,63.858,0.012,63.870,64.850,2658,84666636
"benchmark-example:english-extra-8-gpu","bd/english.100MB",8,262144,1000000,3475,3475,0,0.000,63.858,0.012,63.870,64.850,2659,84667271
"benchmark-example:english-extra-8-gpu","bd/english.100MB",8,262144,1000000,3475,3475,0,0.000,63.858,0.012,63.870,64.850,2660,84680732
"benchmark-example:english-extra-8-gpu","bd/english.100MB",8,262144,1000000,3475,3475,0,0.000,63.858,0.012,63.870,64.850,2661,84680770
"benchmark-example:english-extra-8-gpu","bd/english.100MB",8,262144,1000000,3475,3475,0,0.000,63.858,0.012,63.870,64.850,2662,84681103
"benchmark-example:english-extra-8-gpu","bd/english.100MB",8,262144,1000000,3475,3475,0,0.000,63.858,0.012,63.870,64.850,2663,84684015
"benchmark-example:english-extra-8-gpu","bd/english.100MB",8,262144,1000000,3475,3475,0,0.000,63.858,0.012,63.870,64.850,2664,84685830
"benchmark-example:english-extra-8-gpu","bd/english.100MB",8,262144,1000000,3475,3475,0,0.000,63.858,0.012,63.870,64.850,2665,84721525
"benchmark-example:english-extra-8-gpu","bd/english.100MB",8,262144,1000000,3475,3475,0,0.000,63.858,0.012,63.870,64.850,2666,84731277
"benchmark-example:english-extra-8-gpu","bd/english.100MB",8,262144,1000000,3475,3475,0,0.000,63.858,0.012,63.870,64.850,2667,84732736
"benchmark-example:english-extra-8-gpu","bd/english.100MB",8,262144,1000000,3475,3475,0,0.000,63.858,0.012,63.870,64.850,2668,84743068
"benchmark-example:english-extra-8-gpu","bd/english.100MB",8,262144,1000000,3475,3475,0,0.000,63.858,0.012,63.870,64.850,2669,84752272
"benchmark-example:english-extra-8-gpu","bd/english.100MB",8,262144,1000000,3475,3475,0,0.000,63.858,0.012,63.870,64.850,2670,84777320
"benchmark-example:english-extra-8-gpu","bd/english.100MB",8,262144,1000000,3475,3475,0,0.000,63.858,0.012,63.870,64.850,2671,84791901
"benchmark-example:english-extra-8-gpu","bd/english.100MB",8,262144,1000000,3475,3475,0,0.000,63.858,0.012,63.870,64.850,2672,84794816
"benchmark-example:english-extra-8-gpu","bd/english.100MB",8,262144,1000000,3475,3475,0,0.000,63.858,0.012,63.870,64.850,2673,84811414
"benchmark-example:english-extra-8-gpu","bd/english.100MB",8,262144,1000000,3475,3475,0,0.000,63.858,0.012,63.870,64.850,2674,84868647
"benchmark-example:english-extra-8-gpu","bd/english.100MB",8,262144,1000000,3475,3475,0,0.000,63.858,0.012,63.870,64.850,2675,84895063
"benchmark-example:english-extra-8-gpu","bd/english.100MB",8,262144,1000000,3475,3475,0,0.000,63.858,0.012,63.870,64.850,2676,84940235
"benchmark-example:english-extra-8-gpu","bd/english.100MB",8,262144,1000000,3475,3475,0,0.000,63.858,0.012,63.870,64.850,2677,84950352
"benchmark-example:english-extra-8-gpu","bd/english.100MB",8,262144,1000000,3475,3475,0,0.000,63.858,0.012,63.870,64.850,2678,84958882
"benchmark-example:english-extra-8-gpu","bd/english.100MB",8,262144,1000000,3475,3475,0,0.000,63.858,0.012,63.870,64.850,2679,84958960
"benchmark-example:english-extra-8-gpu","bd/english.100MB",8,262144,1000000,3475,3475,0,0.000,63.858,0.012,63.870,64.850,2680,84978422
"benchmark-example:english-extra-8-gpu","bd/english.100MB",8,262144,1000000,3475,3475,0,0.000,63.858,0.012,63.870,64.850,2681,84992962
"benchmark-example:english-extra-8-gpu","bd/english.100MB",8,262144,1000000,3475,3475,0,0.000,63.858,0.012,63.870,64.850,2682,84993693
"benchmark-example:english-extra-8-gpu","bd/english.100MB",8,262144,1000000,3475,3475,0,0.000,63.858,0.012,63.870,64.850,2683,85010371
"benchmark-example:english-extra-8-gpu","bd/english.100MB",8,262144,1000000,3475,3475,0,0.000,63.858,0.012,63.870,64.850,2684,85016784
"benchmark-example:english-extra-8-gpu","bd/english.100MB",8,262144,1000000,3475,3475,0,0.000,63.858,0.012,63.870,64.850,2685,85025743
"benchmark-example:english-extra-8-gpu","bd/english.100MB",8,262144,1000000,3475,3475,0,0.000,63.858,0.012,63.870,64.850,2686,85027734
"benchmark-example:english-extra-8-gpu","bd/english.100MB",8,262144,1000000,3475,3475,0,0.000,63.858,0.012,63.870,64.850,2687,85029456
"benchmark-example:english-extra-8-gpu","bd/english.100MB",8,262144,1000000,3475,3475,0,0.000,63.858,0.012,63.870,64.850,2688,85036961
"benchmark-example:english-extra-8-gpu","bd/english.100MB",8,262144,1000000,3475,3475,0,0.000,63.858,0.012,63.870,64.850,2689,85037974
"benchmark-example:english-extra-8-gpu","bd/english.100MB",8,262144,1000000,3475,3475,0,0.000,63.858,0.012,63.870,64.850,2690,85058567
"benchmark-example:english-extra-8-gpu","bd/english.100MB",8,262144,1000000,3475,3475,0,0.000,63.858,0.012,63.870,64.850,2691,85059104
"benchmark-example:english-extra-8-gpu","bd/english.100MB",8,262144,1000000,3475,3475,0,0.000,63.858,0.012,63.870,64.850,2692,85071576
"benchmark-example:english-extra-8-gpu","bd/english.100MB",8,262144,1000000,3475,3475,0,0.000,63.858,0.012,63.870,64.850,2693,85073492
"benchmark-example:english-extra-8-gpu","bd/english.100MB",8,262144,1000000,3475,3475,0,0.000,63.858,0.012,63.870,64.850,2694,85085062
"benchmark-example:english-extra-8-gpu","bd/english.100MB",8,262144,1000000,3475,3475,0,0.000,63.858,0.012,63.870,64.850,2695,85090793
"benchmark-example:english-extra-8-gpu","bd/english.100MB",8,262144,1000000,3475,3475,0,0.000,63.858,0.012,63.870,64.850,2696,85096202
"benchmark-example:english-extra-8-gpu","bd/english.100MB",8,262144,1000000,3475,3475,0,0.000,63.858,0.012,63.870,64.850,2697,85102494
"benchmark-example:english-extra-8-gpu","bd/english.100MB",8,262144,1000000,3475,3475,0,0.000,63.858,0.012,63.870,64.850,2698,85103659
"benchmark-example:english-extra-8-gpu","bd/english.100MB",8,262144,1000000,3475,3475,0,0.000,63.858,0.012,63.870,64.850,2699,85105580
"benchmark-example:english-extra-8-gpu","bd/english.100MB",8,262144,1000000,3475,3475,0,0.000,63.858,0.012,63.870,64.850,2700,85112078
"benchmark-example:english-extra-8-gpu","bd/english.100MB",8,262144,1000000,3475,3475,0,0.000,63.858,0.012,63.870,64.850,2701,85123317
"benchmark-example:english-extra-8-gpu","bd/english.100MB",8,262144,1000000,3475,3475,0,0.000,63.858,0.012,63.870,64.850,2702,85126612
"benchmark-example:english-extra-8-gpu","bd/english.100MB",8,262144,1000000,3475,3475,0,0.000,63.858,0.012,63.870,64.850,2703,85145926
"benchmark-example:english-extra-8-gpu","bd/english.100MB",8,262144,1000000,3475,3475,0,0.000,63.858,0.012,63.870,64.850,2704,85148089
"benchmark-example:english-extra-8-gpu","bd/english.100MB",8,262144,1000000,3475,3475,0,0.000,63.858,0.012,63.870,64.850,2705,85161217
"benchmark-example:english-extra-8-gpu","bd/english.100MB",8,262144,1000000,3475,3475,0,0.000,63.858,0.012,63.870,64.850,2706,85171618
"benchmark-example:english-extra-8-gpu","bd/english.100MB",8,262144,1000000,3475,3475,0,0.000,63.858,0.012,63.870,64.850,2707,85225827
"benchmark-example:english-extra-8-gpu","bd/english.100MB",8,262144,1000000,3475,3475,0,0.000,63.858,0.012,63.870,64.850,2708,85287210
"benchmark-example:english-extra-8-gpu","bd/english.100MB",8,262144,1000000,3475,3475,0,0.000,63.858,0.012,63.870,64.850,2709,85305729
"benchmark-example:english-extra-8-gpu","bd/english.100MB",8,262144,1000000,3475,3475,0,0.000,63.858,0.012,63.870,64.850,2710,85306305
"benchmark-example:english-extra-8-gpu","bd/english.100MB",8,262144,1000000,3475,3475,0,0.000,63.858,0.012,63.870,64.850,2711,85322275
"benchmark-example:english-extra-8-gpu","bd/english.100MB",8,262144,1000000,3475,3475,0,0.000,63.858,0.012,63.870,64.850,2712,85347550
"benchmark-example:english-extra-8-gpu","bd/english.100MB",8,262144,1000000,3475,3475,0,0.000,63.858,0.012,63.870,64.850,2713,85352571
"benchmark-example:english-extra-8-gpu","bd/english.100MB",8,262144,1000000,3475,3475,0,0.000,63.858,0.012,63.870,64.850,2714,85355172
"benchmark-example:english-extra-8-gpu","bd/english.100MB",8,262144,1000000,3475,3475,0,0.000,63.858,0.012,63.870,64.850,2715,85383663
"benchmark-example:english-extra-8-gpu","bd/english.100MB",8,262144,1000000,3475,3475,0,0.000,63.858,0.012,63.870,64.850,2716,85391123
"benchmark-example:english-extra-8-gpu","bd/english.100MB",8,262144,1000000,3475,3475,0,0.000,63.858,0.012,63.870,64.850,2717,85392359
"benchmark-example:english-extra-8-gpu","bd/english.100MB",8,262144,1000000,3475,3475,0,0.000,63.858,0.012,63.870,64.850,2718,85421524
"benchmark-example:english-extra-8-gpu","bd/english.100MB",8,262144,1000000,3475,3475,0,0.000,63.858,0.012,63.870,64.850,2719,85422925
"benchmark-example:english-extra-8-gpu","bd/english.100MB",8,262144,1000000,3475,3475,0,0.000,63.858,0.012,63.870,64.850,2720,85441686
"benchmark-example:english-extra-8-gpu","bd/english.100MB",8,262144,1000000,3475,3475,0,0.000,63.858,0.012,63.870,64.850,2721,85466866
"benchmark-example:english-extra-8-gpu","bd/english.100MB",8,262144,1000000,3475,3475,0,0.000,63.858,0.012,63.870,64.850,2722,85562276
"benchmark-example:english-extra-8-gpu","bd/english.100MB",8,262144,1000000,3475,3475,0,0.000,63.858,0.012,63.870,64.850,2723,85563729
"benchmark-example:english-extra-8-gpu","bd/english.100MB",8,262144,1000000,3475,3475,0,0.000,63.858,0.012,63.870,64.850,2724,85564284
"benchmark-example:english-extra-8-gpu","bd/english.100MB",8,262144,1000000,3475,3475,0,0.000,63.858,0.012,63.870,64.850,2725,85617920
"benchmark-example:english-extra-8-gpu","bd/english.100MB",8,262144,1000000,3475,3475,0,0.000,63.858,0.012,63.870,64.850,2726,85710954
"benchmark-example:english-extra-8-gpu","bd/english.100MB",8,262144,1000000,3475,3475,0,0.000,63.858,0.012,63.870,64.850,2727,85817703
"benchmark-example:english-extra-8-gpu","bd/english.100MB",8,262144,1000000,3475,3475,0,0.000,63.858,0.012,63.870,64.850,2728,85838568
"benchmark-example:english-extra-8-gpu","bd/english.100MB",8,262144,1000000,3475,3475,0,0.000,63.858,0.012,63.870,64.850,2729,85883271
"benchmark-example:english-extra-8-gpu","bd/english.100MB",8,262144,1000000,3475,3475,0,0.000,63.858,0.012,63.870,64.850,2730,85901588
"benchmark-example:english-extra-8-gpu","bd/english.100MB",8,262144,1000000,3475,3475,0,0.000,63.858,0.012,63.870,64.850,2731,85950744
"benchmark-example:english-extra-8-gpu","bd/english.100MB",8,262144,1000000,3475,3475,0,0.000,63.858,0.012,63.870,64.850,2732,85969384
"benchmark-example:english-extra-8-gpu","bd/english.100MB",8,262144,1000000,3475,3475,0,0.000,63.858,0.012,63.870,64.850,2733,85972472
"benchmark-example:english-extra-8-gpu","bd/english.100MB",8,262144,1000000,3475,3475,0,0.000,63.858,0.012,63.870,64.850,2734,86265496
"benchmark-example:english-extra-8-gpu","bd/english.100MB",8,262144,1000000,3475,3475,0,0.000,63.858,0.012,63.870,64.850,2735,86271405
"benchmark-example:english-extra-8-gpu","bd/english.100MB",8,262144,1000000,3475,3475,0,0.000,63.858,0.012,63.870,64.850,2736,86288227
"benchmark-example:english-extra-8-gpu","bd/english.100MB",8,262144,1000000,3475,3475,0,0.000,63.858,0.012,63.870,64.850,2737,86319110
"benchmark-example:english-extra-8-gpu","bd/english.100MB",8,262144,1000000,3475,3475,0,0.000,63.858,0.012,63.870,64.850,2738,86326293
"benchmark-example:english-extra-8-gpu","bd/english.100MB",8,262144,1000000,3475,3475,0,0.000,63.858,0.012,63.870,64.850,2739,86380548
"benchmark-example:english-extra-8-gpu","bd/english.100MB",8,262144,1000000,3475,3475,0,0.000,63.858,0.012,63.870,64.850,2740,86423775
"benchmark-example:english-extra-8-gpu","bd/english.100MB",8,262144,1000000,3475,3475,0,0.000,63.858,0.012,63.870,64.850,2741,86469191
"benchmark-example:english-extra-8-gpu","bd/english.100MB",8,262144,1000000,3475,3475,0,0.000,63.858,0.012,63.870,64.850,2742,86516515
"benchmark-example:english-extra-8-gpu","bd/english.100MB",8,262144,1000000,3475,3475,0,0.000,63.858,0.012,63.870,64.850,2743,86518137
"benchmark-example:english-extra-8-gpu","bd/english.100MB",8,262144,1000000,3475,3475,0,0.000,63.858,0.012,63.870,64.850,2744,86550408
"benchmark-example:english-extra-8-gpu","bd/english.100MB",8,262144,1000000,3475,3475,0,0.000,63.858,0.012,63.870,64.850,2745,86556548
"benchmark-example:english-extra-8-gpu","bd/english.100MB",8,262144,1000000,3475,3475,0,0.000,63.858,0.012,63.870,64.850,2746,86560553
"benchmark-example:english-extra-8-gpu","bd/english.100MB",8,262144,1000000,3475,3475,0,0.000,63.858,0.012,63.870,64.850,2747,86563858
"benchmark-example:english-extra-8-gpu","bd/english.100MB",8,262144,1000000,3475,3475,0,0.000,63.858,0.012,63.870,64.850,2748,86611396
"benchmark-example:english-extra-8-gpu","bd/english.100MB",8,262144,1000000,3475,3475,0,0.000,63.858,0.012,63.870,64.850,2749,86619221
"benchmark-example:english-extra-8-gpu","bd/english.100MB",8,262144,1000000,3475,3475,0,0.000,63.858,0.012,63.870,64.850,2750,86621214
"benchmark-example:english-extra-8-gpu","bd/english.100MB",8,262144,1000000,3475,3475,0,0.000,63.858,0.012,63.870,64.850,2751,86628485
"benchmark-example:english-extra-8-gpu","bd/english.100MB",8,262144,1000000,3475,3475,0,0.000,63.858,0.012,63.870,64.850,2752,86630139
"benchmark-example:english-extra-8-gpu","bd/english.100MB",8,262144,1000000,3475,3475,0,0.000,63.858,0.012,63.870,64.850,2753,86638828
"benchmark-example:english-extra-8-gpu","bd/english.100MB",8,262144,1000000,3475,3475,0,0.000,63.858,0.012,63.870,64.850,2754,86668514
"benchmark-example:english-extra-8-gpu","bd/english.100MB",8,262144,1000000,3475,3475,0,0.000,63.858,0.012,63.870,64.850,2755,86733083
"benchmark-example:english-extra-8-gpu","bd/english.100MB",8,262144,1000000,3475,3475,0,0.000,63.858,0.012,63.870,64.850,2756,86734862
"benchmark-example:english-extra-8-gpu","bd/english.100MB",8,262144,1000000,3475,3475,0,0.000,63.858,0.012,63.870,64.850,2757,86736667
"benchmark-example:english-extra-8-gpu","bd/english.100MB",8,262144,1000000,3475,3475,0,0.000,63.858,0.012,63.870,64.850,2758,86767244
"benchmark-example:english-extra-8-gpu","bd/english.100MB",8,262144,1000000,3475,3475,0,0.000,63.858,0.012,63.870,64.850,2759,86793337
"benchmark-example:english-extra-8-gpu","bd/english.100MB",8,262144,1000000,3475,3475,0,0.000,63.858,0.012,63.870,64.850,2760,86882016
"benchmark-example:english-extra-8-gpu","bd/english.100MB",8,262144,1000000,3475,3475,0,0.000,63.858,0.012,63.870,64.850,2761,86898118
"benchmark-example:english-extra-8-gpu","bd/english.100MB",8,262144,1000000,3475,3475,0,0.000,63.858,0.012,63.870,64.850,2762,86906525
"benchmark-example:english-extra-8-gpu","bd/english.100MB",8,262144,1000000,3475,3475,0,0.000,63.858,0.012,63.870,64.850,2763,86919643
"benchmark-example:english-extra-8-gpu","bd/english.100MB",8,262144,1000000,3475,3475,0,0.000,63.858,0.012,63.870,64.850,2764,86935286
"benchmark-example:english-extra-8-gpu","bd/english.100MB",8,262144,1000000,3475,3475,0,0.000,63.858,0.012,63.870,64.850,2765,87047294
"benchmark-example:english-extra-8-gpu","bd/english.100MB",8,262144,1000000,3475,3475,0,0.000,63.858,0.012,63.870,64.850,2766,87212793
"benchmark-example:english-extra-8-gpu","bd/english.100MB",8,262144,1000000,3475,3475,0,0.000,63.858,0.012,63.870,64.850,2767,87215584
"benchmark-example:english-extra-8-gpu","bd/english.100MB",8,262144,1000000,3475,3475,0,0.000,63.858,0.012,63.870,64.850,2768,87279491
"benchmark-example:english-extra-8-gpu","bd/english.100MB",8,262144,1000000,3475,3475,0,0.000,63.858,0.012,63.870,64.850,2769,87310862
"benchmark-example:english-extra-8-gpu","bd/english.100MB",8,262144,1000000,3475,3475,0,0.000,63.858,0.012,63.870,64.850,2770,87353013
"benchmark-example:english-extra-8-gpu","bd/english.100MB",8,262144,1000000,3475,3475,0,0.000,63.858,0.012,63.870,64.850,2771,87381615
"benchmark-example:english-extra-8-gpu","bd/english.100MB",8,262144,1000000,3475,3475,0,0.000,63.858,0.012,63.870,64.850,2772,87382104
"benchmark-example:english-extra-8-gpu","bd/english.100MB",8,262144,1000000,3475,3475,0,0.000,63.858,0.012,63.870,64.850,2773,87383273
"benchmark-example:english-extra-8-gpu","bd/english.100MB",8,262144,1000000,3475,3475,0,0.000,63.858,0.012,63.870,64.850,2774,87470862
"benchmark-example:english-extra-8-gpu","bd/english.100MB",8,262144,1000000,3475,3475,0,0.000,63.858,0.012,63.870,64.850,2775,87510642
"benchmark-example:english-extra-8-gpu","bd/english.100MB",8,262144,1000000,3475,3475,0,0.000,63.858,0.012,63.870,64.850,2776,87558849
"benchmark-example:english-extra-8-gpu","bd/english.100MB",8,262144,1000000,3475,3475,0,0.000,63.858,0.012,63.870,64.850,2777,87560661
"benchmark-example:english-extra-8-gpu","bd/english.100MB",8,262144,1000000,3475,3475,0,0.000,63.858,0.012,63.870,64.850,2778,87581819
"benchmark-example:english-extra-8-gpu","bd/english.100MB",8,262144,1000000,3475,3475,0,0.000,63.858,0.012,63.870,64.850,2779,87604302
"benchmark-example:english-extra-8-gpu","bd/english.100MB",8,262144,1000000,3475,3475,0,0.000,63.858,0.012,63.870,64.850,2780,87704473
"benchmark-example:english-extra-8-gpu","bd/english.100MB",8,262144,1000000,3475,3475,0,0.000,63.858,0.012,63.870,64.850,2781,87708590
"benchmark-example:english-extra-8-gpu","bd/english.100MB",8,262144,1000000,3475,3475,0,0.000,63.858,0.012,63.870,64.850,2782,87710453
"benchmark-example:english-extra-8-gpu","bd/english.100MB",8,262144,1000000,3475,3475,0,0.000,63.858,0.012,63.870,64.850,2783,87721567
"benchmark-example:english-extra-8-gpu","bd/english.100MB",8,262144,1000000,3475,3475,0,0.000,63.858,0.012,63.870,64.850,2784,87738419
"benchmark-example:english-extra-8-gpu","bd/english.100MB",8,262144,1000000,3475,3475,0,0.000,63.858,0.012,63.870,64.850,2785,87769068
"benchmark-example:english-extra-8-gpu","bd/english.100MB",8,262144,1000000,3475,3475,0,0.000,63.858,0.012,63.870,64.850,2786,87808311
"benchmark-example:english-extra-8-gpu","bd/english.100MB",8,262144,1000000,3475,3475,0,0.000,63.858,0.012,63.870,64.850,2787,87808681
"benchmark-example:english-extra-8-gpu","bd/english.100MB",8,262144,1000000,3475,3475,0,0.000,63.858,0.012,63.870,64.850,2788,87851541
"benchmark-example:english-extra-8-gpu","bd/english.100MB",8,262144,1000000,3475,3475,0,0.000,63.858,0.012,63.870,64.850,2789,88050603
"benchmark-example:english-extra-8-gpu","bd/english.100MB",8,262144,1000000,3475,3475,0,0.000,63.858,0.012,63.870,64.850,2790,88055947
"benchmark-example:english-extra-8-gpu","bd/english.100MB",8,262144,1000000,3475,3475,0,0.000,63.858,0.012,63.870,64.850,2791,88112777
"benchmark-example:english-extra-8-gpu","bd/english.100MB",8,262144,1000000,3475,3475,0,0.000,63.858,0.012,63.870,64.850,2792,88147131
"benchmark-example:english-extra-8-gpu","bd/english.100MB",8,262144,1000000,3475,3475,0,0.000,63.858,0.012,63.870,64.850,2793,88173973
"benchmark-example:english-extra-8-gpu","bd/english.100MB",8,262144,1000000,3475,3475,0,0.000,63.858,0.012,63.870,64.850,2794,88230244
"benchmark-example:english-extra-8-gpu","bd/english.100MB",8,262144,1000000,3475,3475,0,0.000,63.858,0.012,63.870,64.850,2795,88242316
"benchmark-example:english-extra-8-gpu","bd/english.100MB",8,262144,1000000,3475,3475,0,0.000,63.858,0.012,63.870,64.850,2796,88242458
"benchmark-example:english-extra-8-gpu","bd/english.100MB",8,262144,1000000,3475,3475,0,0.000,63.858,0.012,63.870,64.850,2797,88248844
"benchmark-example:english-extra-8-gpu","bd/english.100MB",8,262144,1000000,3475,3475,0,0.000,63.858,0.012,63.870,64.850,2798,88302948
"benchmark-example:english-extra-8-gpu","bd/english.100MB",8,262144,1000000,3475,3475,0,0.000,63.858,0.012,63.870,64.850,2799,88357046
"benchmark-example:english-extra-8-gpu","bd/english.100MB",8,262144,1000000,3475,3475,0,0.000,63.858,0.012,63.870,64.850,2800,88431914
"benchmark-example:english-extra-8-gpu","bd/english.100MB",8,262144,1000000,3475,3475,0,0.000,63.858,0.012,63.870,64.850,2801,88463084
"benchmark-example:english-extra-8-gpu","bd/english.100MB",8,262144,1000000,3475,3475,0,0.000,63.858,0.012,63.870,64.850,2802,88523701
"benchmark-example:english-extra-8-gpu","bd/english.100MB",8,262144,1000000,3475,3475,0,0.000,63.858,0.012,63.870,64.850,2803,88524673
"benchmark-example:english-extra-8-gpu","bd/english.100MB",8,262144,1000000,3475,3475,0,0.000,63.858,0.012,63.870,64.850,2804,88538319
"benchmark-example:english-extra-8-gpu","bd/english.100MB",8,262144,1000000,3475,3475,0,0.000,63.858,0.012,63.870,64.850,2805,88588174
"benchmark-example:english-extra-8-gpu","bd/english.100MB",8,262144,1000000,3475,3475,0,0.000,63.858,0.012,63.870,64.850,2806,88645121
"benchmark-example:english-extra-8-gpu","bd/english.100MB",8,262144,1000000,3475,3475,0,0.000,63.858,0.012,63.870,64.850,2807,88648071
"benchmark-example:english-extra-8-gpu","bd/english.100MB",8,262144,1000000,3475,3475,0,0.000,63.858,0.012,63.870,64.850,2808,88653982
"benchmark-example:english-extra-8-gpu","bd/english.100MB",8,262144,1000000,3475,3475,0,0.000,63.858,0.012,63.870,64.850,2809,88665024
"benchmark-example:english-extra-8-gpu","bd/english.100MB",8,262144,1000000,3475,3475,0,0.000,63.858,0.012,63.870,64.850,2810,88689422
"benchmark-example:english-extra-8-gpu","bd/english.100MB",8,262144,1000000,3475,3475,0,0.000,63.858,0.012,63.870,64.850,2811,88703676
"benchmark-example:english-extra-8-gpu","bd/english.100MB",8,262144,1000000,3475,3475,0,0.000,63.858,0.012,63.870,64.850,2812,88769186
"benchmark-example:english-extra-8-gpu","bd/english.100MB",8,262144,1000000,3475,3475,0,0.000,63.858,0.012,63.870,64.850,2813,88777828
"benchmark-example:english-extra-8-gpu","bd/english.100MB",8,262144,1000000,3475,3475,0,0.000,63.858,0.012,63.870,64.850,2814,88790187
"benchmark-example:english-extra-8-gpu","bd/english.100MB",8,262144,1000000,3475,3475,0,0.000,63.858,0.012,63.870,64.850,2815,88790554
"benchmark-example:english-extra-8-gpu","bd/english.100MB",8,262144,1000000,3475,3475,0,0.000,63.858,0.012,63.870,64.850,2816,88793463
"benchmark-example:english-extra-8-gpu","bd/english.100MB",8,262144,1000000,3475,3475,0,0.000,63.858,0.012,63.870,64.850,2817,88872815
"benchmark-example:english-extra-8-gpu","bd/english.100MB",8,262144,1000000,3475,3475,0,0.000,63.858,0.012,63.870,64.850,2818,88894807
"benchmark-example:english-extra-8-gpu","bd/english.100MB",8,262144,1000000,3475,3475,0,0.000,63.858,0.012,63.870,64.850,2819,88920149
"benchmark-example:english-extra-8-gpu","bd/english.100MB",8,262144,1000000,3475,3475,0,0.000,63.858,0.012,63.870,64.850,2820,88920254
"benchmark-example:english-extra-8-gpu","bd/english.100MB",8,262144,1000000,3475,3475,0,0.000,63.858,0.012,63.870,64.850,2821,88933022
"benchmark-example:english-extra-8-gpu","bd/english.100MB",8,262144,1000000,3475,3475,0,0.000,63.858,0.012,63.870,64.850,2822,88958979
"benchmark-example:english-extra-8-gpu","bd/english.100MB",8,262144,1000000,3475,3475,0,0.000,63.858,0.012,63.870,64.850,2823,88979441
"benchmark-example:english-extra-8-gpu","bd/english.100MB",8,262144,1000000,3475,3475,0,0.000,63.858,0.012,63.870,64.850,2824,89022960
"benchmark-example:english-extra-8-gpu","bd/english.100MB",8,262144,1000000,3475,3475,0,0.000,63.858,0.012,63.870,64.850,2825,89029117
"benchmark-example:english-extra-8-gpu","bd/english.100MB",8,262144,1000000,3475,3475,0,0.000,63.858,0.012,63.870,64.850,2826,89029673
"benchmark-example:english-extra-8-gpu","bd/english.100MB",8,262144,1000000,3475,3475,0,0.000,63.858,0.012,63.870,64.850,2827,89032985
"benchmark-example:english-extra-8-gpu","bd/english.100MB",8,262144,1000000,3475,3475,0,0.000,63.858,0.012,63.870,64.850,2828,89063883
"benchmark-example:english-extra-8-gpu","bd/english.100MB",8,262144,1000000,3475,3475,0,0.000,63.858,0.012,63.870,64.850,2829,89067938
"benchmark-example:english-extra-8-gpu","bd/english.100MB",8,262144,1000000,3475,3475,0,0.000,63.858,0.012,63.870,64.850,2830,89071177
"benchmark-example:english-extra-8-gpu","bd/english.100MB",8,262144,1000000,3475,3475,0,0.000,63.858,0.012,63.870,64.850,2831,89073655
"benchmark-example:english-extra-8-gpu","bd/english.100MB",8,262144,1000000,3475,3475,0,0.000,63.858,0.012,63.870,64.850,2832,89098801
"benchmark-example:english-extra-8-gpu","bd/english.100MB",8,262144,1000000,3475,3475,0,0.000,63.858,0.012,63.870,64.850,2833,89107817
"benchmark-example:english-extra-8-gpu","bd/english.100MB",8,262144,1000000,3475,3475,0,0.000,63.858,0.012,63.870,64.850,2834,89211527
"benchmark-example:english-extra-8-gpu","bd/english.100MB",8,262144,1000000,3475,3475,0,0.000,63.858,0.012,63.870,64.850,2835,89242960
"benchmark-example:english-extra-8-gpu","bd/english.100MB",8,262144,1000000,3475,3475,0,0.000,63.858,0.012,63.870,64.850,2836,89249774
"benchmark-example:english-extra-8-gpu","bd/english.100MB",8,262144,1000000,3475,3475,0,0.000,63.858,0.012,63.870,64.850,2837,89280965
"benchmark-example:english-extra-8-gpu","bd/english.100MB",8,262144,1000000,3475,3475,0,0.000,63.858,0.012,63.870,64.850,2838,89310861
"benchmark-example:english-extra-8-gpu","bd/english.100MB",8,262144,1000000,3475,3475,0,0.000,63.858,0.012,63.870,64.850,2839,89394501
"benchmark-example:english-extra-8-gpu","bd/english.100MB",8,262144,1000000,3475,3475,0,0.000,63.858,0.012,63.870,64.850,2840,89412478
"benchmark-example:english-extra-8-gpu","bd/english.100MB",8,262144,1000000,3475,3475,0,0.000,63.858,0.012,63.870,64.850,2841,89839819
"benchmark-example:english-extra-8-gpu","bd/english.100MB",8,262144,1000000,3475,3475,0,0.000,63.858,0.012,63.870,64.850,2842,89876852
"benchmark-example:english-extra-8-gpu","bd/english.100MB",8,262144,1000000,3475,3475,0,0.000,63.858,0.012,63.870,64.850,2843,89892151
"benchmark-example:english-extra-8-gpu","bd/english.100MB",8,262144,1000000,3475,3475,0,0.000,63.858,0.012,63.870,64.850,2844,89893368
"benchmark-example:english-extra-8-gpu","bd/english.100MB",8,262144,1000000,3475,3475,0,0.000,63.858,0.012,63.870,64.850,2845,89903097
"benchmark-example:english-extra-8-gpu","bd/english.100MB",8,262144,1000000,3475,3475,0,0.000,63.858,0.012,63.870,64.850,2846,89903153
"benchmark-example:english-extra-8-gpu","bd/english.100MB",8,262144,1000000,3475,3475,0,0.000,63.858,0.012,63.870,64.850,2847,89903217
"benchmark-example:english-extra-8-gpu","bd/english.100MB",8,262144,1000000,3475,3475,0,0.000,63.858,0.012,63.870,64.850,2848,89979802
"benchmark-example:english-extra-8-gpu","bd/english.100MB",8,262144,1000000,3475,3475,0,0.000,63.858,0.012,63.870,64.850,2849,90016849
"benchmark-example:english-extra-8-gpu","bd/english.100MB",8,262144,1000000,3475,3475,0,0.000,63.858,0.012,63.870,64.850,2850,90032148
"benchmark-example:english-extra-8-gpu","bd/english.100MB",8,262144,1000000,3475,3475,0,0.000,63.858,0.012,63.870,64.850,2851,90033365
"benchmark-example:english-extra-8-gpu","bd/english.100MB",8,262144,1000000,3475,3475,0,0.000,63.858,0.012,63.870,64.850,2852,90042817
"benchmark-example:english-extra-8-gpu","bd/english.100MB",8,262144,1000000,3475,3475,0,0.000,63.858,0.012,63.870,64.850,2853,90042873
"benchmark-example:english-extra-8-gpu","bd/english.100MB",8,262144,1000000,3475,3475,0,0.000,63.858,0.012,63.870,64.850,2854,90042937
"benchmark-example:english-extra-8-gpu","bd/english.100MB",8,262144,1000000,3475,3475,0,0.000,63.858,0.012,63.870,64.850,2855,90111911
"benchmark-example:english-extra-8-gpu","bd/english.100MB",8,262144,1000000,3475,3475,0,0.000,63.858,0.012,63.870,64.850,2856,90168598
"benchmark-example:english-extra-8-gpu","bd/english.100MB",8,262144,1000000,3475,3475,0,0.000,63.858,0.012,63.870,64.850,2857,90279285
"benchmark-example:english-extra-8-gpu","bd/english.100MB",8,262144,1000000,3475,3475,0,0.000,63.858,0.012,63.870,64.850,2858,90379841
"benchmark-example:english-extra-8-gpu","bd/english.100MB",8,262144,1000000,3475,3475,0,0.000,63.858,0.012,63.870,64.850,2859,90421244
"benchmark-example:english-extra-8-gpu","bd/english.100MB",8,262144,1000000,3475,3475,0,0.000,63.858,0.012,63.870,64.850,2860,90467613
"benchmark-example:english-extra-8-gpu","bd/english.100MB",8,262144,1000000,3475,3475,0,0.000,63.858,0.012,63.870,64.850,2861,90498216
"benchmark-example:english-extra-8-gpu","bd/english.100MB",8,262144,1000000,3475,3475,0,0.000,63.858,0.012,63.870,64.850,2862,90516374
"benchmark-example:english-extra-8-gpu","bd/english.100MB",8,262144,1000000,3475,3475,0,0.000,63.858,0.012,63.870,64.850,2863,90532235
"benchmark-example:english-extra-8-gpu","bd/english.100MB",8,262144,1000000,3475,3475,0,0.000,63.858,0.012,63.870,64.850,2864,90677712
"benchmark-example:english-extra-8-gpu","bd/english.100MB",8,262144,1000000,3475,3475,0,0.000,63.858,0.012,63.870,64.850,2865,90752311
"benchmark-example:english-extra-8-gpu","bd/english.100MB",8,262144,1000000,3475,3475,0,0.000,63.858,0.012,63.870,64.850,2866,90868329
"benchmark-example:english-extra-8-gpu","bd/english.100MB",8,262144,1000000,3475,3475,0,0.000,63.858,0.012,63.870,64.850,2867,90877269
"benchmark-example:english-extra-8-gpu","bd/english.100MB",8,262144,1000000,3475,3475,0,0.000,63.858,0.012,63.870,64.850,2868,90888919
"benchmark-example:english-extra-8-gpu","bd/english.100MB",8,262144,1000000,3475,3475,0,0.000,63.858,0.012,63.870,64.850,2869,90889636
"benchmark-example:english-extra-8-gpu","bd/english.100MB",8,262144,1000000,3475,3475,0,0.000,63.858,0.012,63.870,64.850,2870,91004754
"benchmark-example:english-extra-8-gpu","bd/english.100MB",8,262144,1000000,3475,3475,0,0.000,63.858,0.012,63.870,64.850,2871,91040593
"benchmark-example:english-extra-8-gpu","bd/english.100MB",8,262144,1000000,3475,3475,0,0.000,63.858,0.012,63.870,64.850,2872,91042717
"benchmark-example:english-extra-8-gpu","bd/english.100MB",8,262144,1000000,3475,3475,0,0.000,63.858,0.012,63.870,64.850,2873,91062667
"benchmark-example:english-extra-8-gpu","bd/english.100MB",8,262144,1000000,3475,3475,0,0.000,63.858,0.012,63.870,64.850,2874,91079494
"benchmark-example:english-extra-8-gpu","bd/english.100MB",8,262144,1000000,3475,3475,0,0.000,63.858,0.012,63.870,64.850,2875,91082975
"benchmark-example:english-extra-8-gpu","bd/english.100MB",8,262144,1000000,3475,3475,0,0.000,63.858,0.012,63.870,64.850,2876,91120640
"benchmark-example:english-extra-8-gpu","bd/english.100MB",8,262144,1000000,3475,3475,0,0.000,63.858,0.012,63.870,64.850,2877,91121105
"benchmark-example:english-extra-8-gpu","bd/english.100MB",8,262144,1000000,3475,3475,0,0.000,63.858,0.012,63.870,64.850,2878,91178235
"benchmark-example:english-extra-8-gpu","bd/english.100MB",8,262144,1000000,3475,3475,0,0.000,63.858,0.012,63.870,64.850,2879,91227874
"benchmark-example:english-extra-8-gpu","bd/english.100MB",8,262144,1000000,3475,3475,0,0.000,63.858,0.012,63.870,64.850,2880,91232009
"benchmark-example:english-extra-8-gpu","bd/english.100MB",8,262144,1000000,3475,3475,0,0.000,63.858,0.012,63.870,64.850,2881,91243917
"benchmark-example:english-extra-8-gpu","bd/english.100MB",8,262144,1000000,3475,3475,0,0.000,63.858,0.012,63.870,64.850,2882,91245170
"benchmark-example:english-extra-8-gpu","bd/english.100MB",8,262144,1000000,3475,3475,0,0.000,63.858,0.012,63.870,64.850,2883,91258970
"benchmark-example:english-extra-8-gpu","bd/english.100MB",8,262144,1000000,3475,3475,0,0.000,63.858,0.012,63.870,64.850,2884,91279073
"benchmark-example:english-extra-8-gpu","bd/english.100MB",8,262144,1000000,3475,3475,0,0.000,63.858,0.012,63.870,64.850,2885,91290020
"benchmark-example:english-extra-8-gpu","bd/english.100MB",8,262144,1000000,3475,3475,0,0.000,63.858,0.012,63.870,64.850,2886,91292434
"benchmark-example:english-extra-8-gpu","bd/english.100MB",8,262144,1000000,3475,3475,0,0.000,63.858,0.012,63.870,64.850,2887,91360315
"benchmark-example:english-extra-8-gpu","bd/english.100MB",8,262144,1000000,3475,3475,0,0.000,63.858,0.012,63.870,64.850,2888,91361900
"benchmark-example:english-extra-8-gpu","bd/english.100MB",8,262144,1000000,3475,3475,0,0.000,63.858,0.012,63.870,64.850,2889,91362393
"benchmark-example:english-extra-8-gpu","bd/english.100MB",8,262144,1000000,3475,3475,0,0.000,63.858,0.012,63.870,64.850,2890,91363789
"benchmark-example:english-extra-8-gpu","bd/english.100MB",8,262144,1000000,3475,3475,0,0.000,63.858,0.012,63.870,64.850,2891,91364285
"benchmark-example:english-extra-8-gpu","bd/english.100MB",8,262144,1000000,3475,3475,0,0.000,63.858,0.012,63.870,64.850,2892,91367939
"benchmark-example:english-extra-8-gpu","bd/english.100MB",8,262144,1000000,3475,3475,0,0.000,63.858,0.012,63.870,64.850,2893,91369576
"benchmark-example:english-extra-8-gpu","bd/english.100MB",8,262144,1000000,3475,3475,0,0.000,63.858,0.012,63.870,64.850,2894,91405040
"benchmark-example:english-extra-8-gpu","bd/english.100MB",8,262144,1000000,3475,3475,0,0.000,63.858,0.012,63.870,64.850,2895,91446757
"benchmark-example:english-extra-8-gpu","bd/english.100MB",8,262144,1000000,3475,3475,0,0.000,63.858,0.012,63.870,64.850,2896,91446890
"benchmark-example:english-extra-8-gpu","bd/english.100MB",8,262144,1000000,3475,3475,0,0.000,63.858,0.012,63.870,64.850,2897,91463694
"benchmark-example:english-extra-8-gpu","bd/english.100MB",8,262144,1000000,3475,3475,0,0.000,63.858,0.012,63.870,64.850,2898,91487137
"benchmark-example:english-extra-8-gpu","bd/english.100MB",8,262144,1000000,3475,3475,0,0.000,63.858,0.012,63.870,64.850,2899,91487477
"benchmark-example:english-extra-8-gpu","bd/english.100MB",8,262144,1000000,3475,3475,0,0.000,63.858,0.012,63.870,64.850,2900,91496724
"benchmark-example:english-extra-8-gpu","bd/english.100MB",8,262144,1000000,3475,3475,0,0.000,63.858,0.012,63.870,64.850,2901,91496982
"benchmark-example:english-extra-8-gpu","bd/english.100MB",8,262144,1000000,3475,3475,0,0.000,63.858,0.012,63.870,64.850,2902,91499852
"benchmark-example:english-extra-8-gpu","bd/english.100MB",8,262144,1000000,3475,3475,0,0.000,63.858,0.012,63.870,64.850,2903,91504349
"benchmark-example:english-extra-8-gpu","bd/english.100MB",8,262144,1000000,3475,3475,0,0.000,63.858,0.012,63.870,64.850,2904,91559456
"benchmark-example:english-extra-8-gpu","bd/english.100MB",8,262144,1000000,3475,3475,0,0.000,63.858,0.012,63.870,64.850,2905,91580673
"benchmark-example:english-extra-8-gpu","bd/english.100MB",8,262144,1000000,3475,3475,0,0.000,63.858,0.012,63.870,64.850,2906,91580762
"benchmark-example:english-extra-8-gpu","bd/english.100MB",8,262144,1000000,3475,3475,0,0.000,63.858,0.012,63.870,64.850,2907,91583060
"benchmark-example:english-extra-8-gpu","bd/english.100MB",8,262144,1000000,3475,3475,0,0.000,63.858,0.012,63.870,64.850,2908,91583079
"benchmark-example:english-extra-8-gpu","bd/english.100MB",8,262144,1000000,3475,3475,0,0.000,63.858,0.012,63.870,64.850,2909,91593278
"benchmark-example:english-extra-8-gpu","bd/english.100MB",8,262144,1000000,3475,3475,0,0.000,63.858,0.012,63.870,64.850,2910,91594948
"benchmark-example:english-extra-8-gpu","bd/english.100MB",8,262144,1000000,3475,3475,0,0.000,63.858,0.012,63.870,64.850,2911,91603705
"benchmark-example:english-extra-8-gpu","bd/english.100MB",8,262144,1000000,3475,3475,0,0.000,63.858,0.012,63.870,64.850,2912,91611224
"benchmark-example:english-extra-8-gpu","bd/english.100MB",8,262144,1000000,3475,3475,0,0.000,63.858,0.012,63.870,64.850,2913,91620277
"benchmark-example:english-extra-8-gpu","bd/english.100MB",8,262144,1000000,3475,3475,0,0.000,63.858,0.012,63.870,64.850,2914,91622515
"benchmark-example:english-extra-8-gpu","bd/english.100MB",8,262144,1000000,3475,3475,0,0.000,63.858,0.012,63.870,64.850,2915,91624981
"benchmark-example:english-extra-8-gpu","bd/english.100MB",8,262144,1000000,3475,3475,0,0.000,63.858,0.012,63.870,64.850,2916,91627410
"benchmark-example:english-extra-8-gpu","bd/english.100MB",8,262144,1000000,3475,3475,0,0.000,63.858,0.012,63.870,64.850,2917,91638952
"benchmark-example:english-extra-8-gpu","bd/english.100MB",8,262144,1000000,3475,3475,0,0.000,63.858,0.012,63.870,64.850,2918,91641849
"benchmark-example:english-extra-8-gpu","bd/english.100MB",8,262144,1000000,3475,3475,0,0.000,63.858,0.012,63.870,64.850,2919,91651413
"benchmark-example:english-extra-8-gpu","bd/english.100MB",8,262144,1000000,3475,3475,0,0.000,63.858,0.012,63.870,64.850,2920,91669181
"benchmark-example:english-extra-8-gpu","bd/english.100MB",8,262144,1000000,3475,3475,0,0.000,63.858,0.012,63.870,64.850,2921,91696588
"benchmark-example:english-extra-8-gpu","bd/english.100MB",8,262144,1000000,3475,3475,0,0.000,63.858,0.012,63.870,64.850,2922,91712741
"benchmark-example:english-extra-8-gpu","bd/english.100MB",8,262144,1000000,3475,3475,0,0.000,63.858,0.012,63.870,64.850,2923,91720103
"benchmark-example:english-extra-8-gpu","bd/english.100MB",8,262144,1000000,3475,3475,0,0.000,63.858,0.012,63.870,64.850,2924,91722659
"benchmark-example:english-extra-8-gpu","bd/english.100MB",8,262144,1000000,3475,3475,0,0.000,63.858,0.012,63.870,64.850,2925,91722834
"benchmark-example:english-extra-8-gpu","bd/english.100MB",8,262144,1000000,3475,3475,0,0.000,63.858,0.012,63.870,64.850,2926,91724084
"benchmark-example:english-extra-8-gpu","bd/english.100MB",8,262144,1000000,3475,3475,0,0.000,63.858,0.012,63.870,64.850,2927,91724497
"benchmark-example:english-extra-8-gpu","bd/english.100MB",8,262144,1000000,3475,3475,0,0.000,63.858,0.012,63.870,64.850,2928,91725788
"benchmark-example:english-extra-8-gpu","bd/english.100MB",8,262144,1000000,3475,3475,0,0.000,63.858,0.012,63.870,64.850,2929,91741370
"benchmark-example:english-extra-8-gpu","bd/english.100MB",8,262144,1000000,3475,3475,0,0.000,63.858,0.012,63.870,64.850,2930,91753670
"benchmark-example:english-extra-8-gpu","bd/english.100MB",8,262144,1000000,3475,3475,0,0.000,63.858,0.012,63.870,64.850,2931,91766097
"benchmark-example:english-extra-8-gpu","bd/english.100MB",8,262144,1000000,3475,3475,0,0.000,63.858,0.012,63.870,64.850,2932,91771324
"benchmark-example:english-extra-8-gpu","bd/english.100MB",8,262144,1000000,3475,3475,0,0.000,63.858,0.012,63.870,64.850,2933,91828549
"benchmark-example:english-extra-8-gpu","bd/english.100MB",8,262144,1000000,3475,3475,0,0.000,63.858,0.012,63.870,64.850,2934,91829237
"benchmark-example:english-extra-8-gpu","bd/english.100MB",8,262144,1000000,3475,3475,0,0.000,63.858,0.012,63.870,64.850,2935,91829791
"benchmark-example:english-extra-8-gpu","bd/english.100MB",8,262144,1000000,3475,3475,0,0.000,63.858,0.012,63.870,64.850,2936,91842393
"benchmark-example:english-extra-8-gpu","bd/english.100MB",8,262144,1000000,3475,3475,0,0.000,63.858,0.012,63.870,64.850,2937,91846207
"benchmark-example:english-extra-8-gpu","bd/english.100MB",8,262144,1000000,3475,3475,0,0.000,63.858,0.012,63.870,64.850,2938,91846346
"benchmark-example:english-extra-8-gpu","bd/english.100MB",8,262144,1000000,3475,3475,0,0.000,63.858,0.012,63.870,64.850,2939,91866340
"benchmark-example:english-extra-8-gpu","bd/english.100MB",8,262144,1000000,3475,3475,0,0.000,63.858,0.012,63.870,64.850,2940,91874656
"benchmark-example:english-extra-8-gpu","bd/english.100MB",8,262144,1000000,3475,3475,0,0.000,63.858,0.012,63.870,64.850,2941,91878956
"benchmark-example:english-extra-8-gpu","bd/english.100MB",8,262144,1000000,3475,3475,0,0.000,63.858,0.012,63.870,64.850,2942,91894644
"benchmark-example:english-extra-8-gpu","bd/english.100MB",8,262144,1000000,3475,3475,0,0.000,63.858,0.012,63.870,64.850,2943,91898050
"benchmark-example:english-extra-8-gpu","bd/english.100MB",8,262144,1000000,3475,3475,0,0.000,63.858,0.012,63.870,64.850,2944,91900977
"benchmark-example:english-extra-8-gpu","bd/english.100MB",8,262144,1000000,3475,3475,0,0.000,63.858,0.012,63.870,64.850,2945,91911097
"benchmark-example:english-extra-8-gpu","bd/english.100MB",8,262144,1000000,3475,3475,0,0.000,63.858,0.012,63.870,64.850,2946,91911803
"benchmark-example:english-extra-8-gpu","bd/english.100MB",8,262144,1000000,3475,3475,0,0.000,63.858,0.012,63.870,64.850,2947,91915005
"benchmark-example:english-extra-8-gpu","bd/english.100MB",8,262144,1000000,3475,3475,0,0.000,63.858,0.012,63.870,64.850,2948,91955707
"benchmark-example:english-extra-8-gpu","bd/english.100MB",8,262144,1000000,3475,3475,0,0.000,63.858,0.012,63.870,64.850,2949,91978030
"benchmark-example:english-extra-8-gpu","bd/english.100MB",8,262144,1000000,3475,3475,0,0.000,63.858,0.012,63.870,64.850,2950,92027589
"benchmark-example:english-extra-8-gpu","bd/english.100MB",8,262144,1000000,3475,3475,0,0.000,63.858,0.012,63.870,64.850,2951,92072430
"benchmark-example:english-extra-8-gpu","bd/english.100MB",8,262144,1000000,3475,3475,0,0.000,63.858,0.012,63.870,64.850,2952,92172783
"benchmark-example:english-extra-8-gpu","bd/english.100MB",8,262144,1000000,3475,3475,0,0.000,63.858,0.012,63.870,64.850,2953,92211859
"benchmark-example:english-extra-8-gpu","bd/english.100MB",8,262144,1000000,3475,3475,0,0.000,63.858,0.012,63.870,64.850,2954,92260953
"benchmark-example:english-extra-8-gpu","bd/english.100MB",8,262144,1000000,3475,3475,0,0.000,63.858,0.012,63.870,64.850,2955,92267532
"benchmark-example:english-extra-8-gpu","bd/english.100MB",8,262144,1000000,3475,3475,0,0.000,63.858,0.012,63.870,64.850,2956,92267611
"benchmark-example:english-extra-8-gpu","bd/english.100MB",8,262144,1000000,3475,3475,0,0.000,63.858,0.012,63.870,64.850,2957,92299351
"benchmark-example:english-extra-8-gpu","bd/english.100MB",8,262144,1000000,3475,3475,0,0.000,63.858,0.012,63.870,64.850,2958,92307278
"benchmark-example:english-extra-8-gpu","bd/english.100MB",8,262144,1000000,3475,3475,0,0.000,63.858,0.012,63.870,64.850,2959,92345946
"benchmark-example:english-extra-8-gpu","bd/english.100MB",8,262144,1000000,3475,3475,0,0.000,63.858,0.012,63.870,64.850,2960,92382100
"benchmark-example:english-extra-8-gpu","bd/english.100MB",8,262144,1000000,3475,3475,0,0.000,63.858,0.012,63.870,64.850,2961,92387112
"benchmark-example:english-extra-8-gpu","bd/english.100MB",8,262144,1000000,3475,3475,0,0.000,63.858,0.012,63.870,64.850,2962,92396325
"benchmark-example:english-extra-8-gpu","bd/english.100MB",8,262144,1000000,3475,3475,0,0.000,63.858,0.012,63.870,64.850,2963,92397765
"benchmark-example:english-extra-8-gpu","bd/english.100MB",8,262144,1000000,3475,3475,0,0.000,63.858,0.012,63.870,64.850,2964,92463293
"benchmark-example:english-extra-8-gpu","bd/english.100MB",8,262144,1000000,3475,3475,0,0.000,63.858,0.012,63.870,64.850,2965,92485716
"benchmark-example:english-extra-8-gpu","bd/english.100MB",8,262144,1000000,3475,3475,0,0.000,63.858,0.012,63.870,64.850,2966,92494841
"benchmark-example:english-extra-8-gpu","bd/english.100MB",8,262144,1000000,3475,3475,0,0.000,63.858,0.012,63.870,64.850,2967,92513752
"benchmark-example:english-extra-8-gpu","bd/english.100MB",8,262144,1000000,3475,3475,0,0.000,63.858,0.012,63.870,64.850,2968,92549665
"benchmark-example:english-extra-8-gpu","bd/english.100MB",8,262144,1000000,3475,3475,0,0.000,63.858,0.012,63.870,64.850,2969,92574508
"benchmark-example:english-extra-8-gpu","bd/english.100MB",8,262144,1000000,3475,3475,0,0.000,63.858,0.012,63.870,64.850,2970,92576547
"benchmark-example:english-extra-8-gpu","bd/english.100MB",8,262144,1000000,3475,3475,0,0.000,63.858,0.012,63.870,64.850,2971,92646934
"benchmark-example:english-extra-8-gpu","bd/english.100MB",8,262144,1000000,3475,3475,0,0.000,63.858,0.012,63.870,64.850,2972,92673567
"benchmark-example:english-extra-8-gpu","bd/english.100MB",8,262144,1000000,3475,3475,0,0.000,63.858,0.012,63.870,64.850,2973,92680939
"benchmark-example:english-extra-8-gpu","bd/english.100MB",8,262144,1000000,3475,3475,0,0.000,63.858,0.012,63.870,64.850,2974,92681229
"benchmark-example:english-extra-8-gpu","bd/english.100MB",8,262144,1000000,3475,3475,0,0.000,63.858,0.012,63.870,64.850,2975,92740196
"benchmark-example:english-extra-8-gpu","bd/english.100MB",8,262144,1000000,3475,3475,0,0.000,63.858,0.012,63.870,64.850,2976,92751010
"benchmark-example:english-extra-8-gpu","bd/english.100MB",8,262144,1000000,3475,3475,0,0.000,63.858,0.012,63.870,64.850,2977,92764821
"benchmark-example:english-extra-8-gpu","bd/english.100MB",8,262144,1000000,3475,3475,0,0.000,63.858,0.012,63.870,64.850,2978,92766865
"benchmark-example:english-extra-8-gpu","bd/english.100MB",8,262144,1000000,3475,3475,0,0.000,63.858,0.012,63.870,64.850,2979,92767134
"benchmark-example:english-extra-8-gpu","bd/english.100MB",8,262144,1000000,3475,3475,0,0.000,63.858,0.012,63.870,64.850,2980,92769695
"benchmark-example:english-extra-8-gpu","bd/english.100MB",8,262144,1000000,3475,3475,0,0.000,63.858,0.012,63.870,64.850,2981,92770448
"benchmark-example:english-extra-8-gpu","bd/english.100MB",8,262144,1000000,3475,3475,0,0.000,63.858,0.012,63.870,64.850,2982,92770633
"benchmark-example:english-extra-8-gpu","bd/english.100MB",8,262144,1000000,3475,3475,0,0.000,63.858,0.012,63.870,64.850,2983,92771135
"benchmark-example:english-extra-8-gpu","bd/english.100MB",8,262144,1000000,3475,3475,0,0.000,63.858,0.012,63.870,64.850,2984,92773035
"benchmark-example:english-extra-8-gpu","bd/english.100MB",8,262144,1000000,3475,3475,0,0.000,63.858,0.012,63.870,64.850,2985,92773543
"benchmark-example:english-extra-8-gpu","bd/english.100MB",8,262144,1000000,3475,3475,0,0.000,63.858,0.012,63.870,64.850,2986,92782843
"benchmark-example:english-extra-8-gpu","bd/english.100MB",8,262144,1000000,3475,3475,0,0.000,63.858,0.012,63.870,64.850,2987,92784619
"benchmark-example:english-extra-8-gpu","bd/english.100MB",8,262144,1000000,3475,3475,0,0.000,63.858,0.012,63.870,64.850,2988,92786817
"benchmark-example:english-extra-8-gpu","bd/english.100MB",8,262144,1000000,3475,3475,0,0.000,63.858,0.012,63.870,64.850,2989,92830940
"benchmark-example:english-extra-8-gpu","bd/english.100MB",8,262144,1000000,3475,3475,0,0.000,63.858,0.012,63.870,64.850,2990,92846004
"benchmark-example:english-extra-8-gpu","bd/english.100MB",8,262144,1000000,3475,3475,0,0.000,63.858,0.012,63.870,64.850,2991,92852853
"benchmark-example:english-extra-8-gpu","bd/english.100MB",8,262144,1000000,3475,3475,0,0.000,63.858,0.012,63.870,64.850,2992,92854232
"benchmark-example:english-extra-8-gpu","bd/english.100MB",8,262144,1000000,3475,3475,0,0.000,63.858,0.012,63.870,64.850,2993,92858729
"benchmark-example:english-extra-8-gpu","bd/english.100MB",8,262144,1000000,3475,3475,0,0.000,63.858,0.012,63.870,64.850,2994,92859032
"benchmark-example:english-extra-8-gpu","bd/english.100MB",8,262144,1000000,3475,3475,0,0.000,63.858,0.012,63.870,64.850,2995,92865702
"benchmark-example:english-extra-8-gpu","bd/english.100MB",8,262144,1000000,3475,3475,0,0.000,63.858,0.012,63.870,64.850,2996,92870465
"benchmark-example:english-extra-8-gpu","bd/english.100MB",8,262144,1000000,3475,3475,0,0.000,63.858,0.012,63.870,64.850,2997,92909841
"benchmark-example:english-extra-8-gpu","bd/english.100MB",8,262144,1000000,3475,3475,0,0.000,63.858,0.012,63.870,64.850,2998,92909883
"benchmark-example:english-extra-8-gpu","bd/english.100MB",8,262144,1000000,3475,3475,0,0.000,63.858,0.012,63.870,64.850,2999,92939841
"benchmark-example:english-extra-8-gpu","bd/english.100MB",8,262144,1000000,3475,3475,0,0.000,63.858,0.012,63.870,64.850,3000,92959105
"benchmark-example:english-extra-8-gpu","bd/english.100MB",8,262144,1000000,3475,3475,0,0.000,63.858,0.012,63.870,64.850,3001,92963322
"benchmark-example:english-extra-8-gpu","bd/english.100MB",8,262144,1000000,3475,3475,0,0.000,63.858,0.012,63.870,64.850,3002,92963879
"benchmark-example:english-extra-8-gpu","bd/english.100MB",8,262144,1000000,3475,3475,0,0.000,63.858,0.012,63.870,64.850,3003,92972289
"benchmark-example:english-extra-8-gpu","bd/english.100MB",8,262144,1000000,3475,3475,0,0.000,63.858,0.012,63.870,64.850,3004,92986925
"benchmark-example:english-extra-8-gpu","bd/english.100MB",8,262144,1000000,3475,3475,0,0.000,63.858,0.012,63.870,64.850,3005,93018158
"benchmark-example:english-extra-8-gpu","bd/english.100MB",8,262144,1000000,3475,3475,0,0.000,63.858,0.012,63.870,64.850,3006,93046650
"benchmark-example:english-extra-8-gpu","bd/english.100MB",8,262144,1000000,3475,3475,0,0.000,63.858,0.012,63.870,64.850,3007,93053373
"benchmark-example:english-extra-8-gpu","bd/english.100MB",8,262144,1000000,3475,3475,0,0.000,63.858,0.012,63.870,64.850,3008,93070542
"benchmark-example:english-extra-8-gpu","bd/english.100MB",8,262144,1000000,3475,3475,0,0.000,63.858,0.012,63.870,64.850,3009,93082415
"benchmark-example:english-extra-8-gpu","bd/english.100MB",8,262144,1000000,3475,3475,0,0.000,63.858,0.012,63.870,64.850,3010,93083106
"benchmark-example:english-extra-8-gpu","bd/english.100MB",8,262144,1000000,3475,3475,0,0.000,63.858,0.012,63.870,64.850,3011,93085554
"benchmark-example:english-extra-8-gpu","bd/english.100MB",8,262144,1000000,3475,3475,0,0.000,63.858,0.012,63.870,64.850,3012,93086421
"benchmark-example:english-extra-8-gpu","bd/english.100MB",8,262144,1000000,3475,3475,0,0.000,63.858,0.012,63.870,64.850,3013,93086877
"benchmark-example:english-extra-8-gpu","bd/english.100MB",8,262144,1000000,3475,3475,0,0.000,63.858,0.012,63.870,64.850,3014,93122033
"benchmark-example:english-extra-8-gpu","bd/english.100MB",8,262144,1000000,3475,3475,0,0.000,63.858,0.012,63.870,64.850,3015,93130663
"benchmark-example:english-extra-8-gpu","bd/english.100MB",8,262144,1000000,3475,3475,0,0.000,63.858,0.012,63.870,64.850,3016,93167562
"benchmark-example:english-extra-8-gpu","bd/english.100MB",8,262144,1000000,3475,3475,0,0.000,63.858,0.012,63.870,64.850,3017,93173190
"benchmark-example:english-extra-8-gpu","bd/english.100MB",8,262144,1000000,3475,3475,0,0.000,63.858,0.012,63.870,64.850,3018,93176236
"benchmark-example:english-extra-8-gpu","bd/english.100MB",8,262144,1000000,3475,3475,0,0.000,63.858,0.012,63.870,64.850,3019,93196496
"benchmark-example:english-extra-8-gpu","bd/english.100MB",8,262144,1000000,3475,3475,0,0.000,63.858,0.012,63.870,64.850,3020,93199395
"benchmark-example:english-extra-8-gpu","bd/english.100MB",8,262144,1000000,3475,3475,0,0.000,63.858,0.012,63.870,64.850,3021,93208786
"benchmark-example:english-extra-8-gpu","bd/english.100MB",8,262144,1000000,3475,3475,0,0.000,63.858,0.012,63.870,64.850,3022,93208850
"benchmark-example:english-extra-8-gpu","bd/english.100MB",8,262144,1000000,3475,3475,0,0.000,63.858,0.012,63.870,64.850,3023,93300214
"benchmark-example:english-extra-8-gpu","bd/english.100MB",8,262144,1000000,3475,3475,0,0.000,63.858,0.012,63.870,64.850,3024,93303950
"benchmark-example:english-extra-8-gpu","bd/english.100MB",8,262144,1000000,3475,3475,0,0.000,63.858,0.012,63.870,64.850,3025,93323768
"benchmark-example:english-extra-8-gpu","bd/english.100MB",8,262144,1000000,3475,3475,0,0.000,63.858,0.012,63.870,64.850,3026,93336840
"benchmark-example:english-extra-8-gpu","bd/english.100MB",8,262144,1000000,3475,3475,0,0.000,63.858,0.012,63.870,64.850,3027,93337338
"benchmark-example:english-extra-8-gpu","bd/english.100MB",8,262144,1000000,3475,3475,0,0.000,63.858,0.012,63.870,64.850,3028,93358282
"benchmark-example:english-extra-8-gpu","bd/english.100MB",8,262144,1000000,3475,3475,0,0.000,63.858,0.012,63.870,64.850,3029,93374850
"benchmark-example:english-extra-8-gpu","bd/english.100MB",8,262144,1000000,3475,3475,0,0.000,63.858,0.012,63.870,64.850,3030,93398938
"benchmark-example:english-extra-8-gpu","bd/english.100MB",8,262144,1000000,3475,3475,0,0.000,63.858,0.012,63.870,64.850,3031,93407026
"benchmark-example:english-extra-8-gpu","bd/english.100MB",8,262144,1000000,3475,3475,0,0.000,63.858,0.012,63.870,64.850,3032,93575519
"benchmark-example:english-extra-8-gpu","bd/english.100MB",8,262144,1000000,3475,3475,0,0.000,63.858,0.012,63.870,64.850,3033,93610517
"benchmark-example:english-extra-8-gpu","bd/english.100MB",8,262144,1000000,3475,3475,0,0.000,63.858,0.012,63.870,64.850,3034,93670645
"benchmark-example:english-extra-8-gpu","bd/english.100MB",8,262144,1000000,3475,3475,0,0.000,63.858,0.012,63.870,64.850,3035,93709870
"benchmark-example:english-extra-8-gpu","bd/english.100MB",8,262144,1000000,3475,3475,0,0.000,63.858,0.012,63.870,64.850,3036,93729793
"benchmark-example:english-extra-8-gpu","bd/english.100MB",8,262144,1000000,3475,3475,0,0.000,63.858,0.012,63.870,64.850,3037,93737167
"benchmark-example:english-extra-8-gpu","bd/english.100MB",8,262144,1000000,3475,3475,0,0.000,63.858,0.012,63.870,64.850,3038,93762737
"benchmark-example:english-extra-8-gpu","bd/english.100MB",8,262144,1000000,3475,3475,0,0.000,63.858,0.012,63.870,64.850,3039,93804920
"benchmark-example:english-extra-8-gpu","bd/english.100MB",8,262144,1000000,3475,3475,0,0.000,63.858,0.012,63.870,64.850,3040,93823677
"benchmark-example:english-extra-8-gpu","bd/english.100MB",8,262144,1000000,3475,3475,0,0.000,63.858,0.012,63.870,64.850,3041,93826059
"benchmark-example:english-extra-8-gpu","bd/english.100MB",8,262144,1000000,3475,3475,0,0.000,63.858,0.012,63.870,64.850,3042,93829113
"benchmark-example:english-extra-8-gpu","bd/english.100MB",8,262144,1000000,3475,3475,0,0.000,63.858,0.012,63.870,64.850,3043,93833632
"benchmark-example:english-extra-8-gpu","bd/english.100MB",8,262144,1000000,3475,3475,0,0.000,63.858,0.012,63.870,64.850,3044,93839588
"benchmark-example:english-extra-8-gpu","bd/english.100MB",8,262144,1000000,3475,3475,0,0.000,63.858,0.012,63.870,64.850,3045,93847393
"benchmark-example:english-extra-8-gpu","bd/english.100MB",8,262144,1000000,3475,3475,0,0.000,63.858,0.012,63.870,64.850,3046,93864681
"benchmark-example:english-extra-8-gpu","bd/english.100MB",8,262144,1000000,3475,3475,0,0.000,63.858,0.012,63.870,64.850,3047,93902715
"benchmark-example:english-extra-8-gpu","bd/english.100MB",8,262144,1000000,3475,3475,0,0.000,63.858,0.012,63.870,64.850,3048,93947061
"benchmark-example:english-extra-8-gpu","bd/english.100MB",8,262144,1000000,3475,3475,0,0.000,63.858,0.012,63.870,64.850,3049,93951023
"benchmark-example:english-extra-8-gpu","bd/english.100MB",8,262144,1000000,3475,3475,0,0.000,63.858,0.012,63.870,64.850,3050,94036469
"benchmark-example:english-extra-8-gpu","bd/english.100MB",8,262144,1000000,3475,3475,0,0.000,63.858,0.012,63.870,64.850,3051,94076688
"benchmark-example:english-extra-8-gpu","bd/english.100MB",8,262144,1000000,3475,3475,0,0.000,63.858,0.012,63.870,64.850,3052,94076731
"benchmark-example:english-extra-8-gpu","bd/english.100MB",8,262144,1000000,3475,3475,0,0.000,63.858,0.012,63.870,64.850,3053,94154305
"benchmark-example:english-extra-8-gpu","bd/english.100MB",8,262144,1000000,3475,3475,0,0.000,63.858,0.012,63.870,64.850,3054,94156214
"benchmark-example:english-extra-8-gpu","bd/english.100MB",8,262144,1000000,3475,3475,0,0.000,63.858,0.012,63.870,64.850,3055,94190405
"benchmark-example:english-extra-8-gpu","bd/english.100MB",8,262144,1000000,3475,3475,0,0.000,63.858,0.012,63.870,64.850,3056,94214259
"benchmark-example:english-extra-8-gpu","bd/english.100MB",8,262144,1000000,3475,3475,0,0.000,63.858,0.012,63.870,64.850,3057,94239920
"benchmark-example:english-extra-8-gpu","bd/english.100MB",8,262144,1000000,3475,3475,0,0.000,63.858,0.012,63.870,64.850,3058,94258515
"benchmark-example:english-extra-8-gpu","bd/english.100MB",8,262144,1000000,3475,3475,0,0.000,63.858,0.012,63.870,64.850,3059,94323673
"benchmark-example:english-extra-8-gpu","bd/english.100MB",8,262144,1000000,3475,3475,0,0.000,63.858,0.012,63.870,64.850,3060,94361790
"benchmark-example:english-extra-8-gpu","bd/english.100MB",8,262144,1000000,3475,3475,0,0.000,63.858,0.012,63.870,64.850,3061,94429879
"benchmark-example:english-extra-8-gpu","bd/english.100MB",8,262144,1000000,3475,3475,0,0.000,63.858,0.012,63.870,64.850,3062,94430904
"benchmark-example:english-extra-8-gpu","bd/english.100MB",8,262144,1000000,3475,3475,0,0.000,63.858,0.012,63.870,64.850,3063,94677720
"benchmark-example:english-extra-8-gpu","bd/english.100MB",8,262144,1000000,3475,3475,0,0.000,63.858,0.012,63.870,64.850,3064,94677801
"benchmark-example:english-extra-8-gpu","bd/english.100MB",8,262144,1000000,3475,3475,0,0.000,63.858,0.012,63.870,64.850,3065,94705051
"benchmark-example:english-extra-8-gpu","bd/english.100MB",8,262144,1000000,3475,3475,0,0.000,63.858,0.012,63.870,64.850,3066,94791368
"benchmark-example:english-extra-8-gpu","bd/english.100MB",8,262144,1000000,3475,3475,0,0.000,63.858,0.012,63.870,64.850,3067,94835957
"benchmark-example:english-extra-8-gpu","bd/english.100MB",8,262144,1000000,3475,3475,0,0.000,63.858,0.012,63.870,64.850,3068,94986059
"benchmark-example:english-extra-8-gpu","bd/english.100MB",8,262144,1000000,3475,3475,0,0.000,63.858,0.012,63.870,64.850,3069,95261061
"benchmark-example:english-extra-8-gpu","bd/english.100MB",8,262144,1000000,3475,3475,0,0.000,63.858,0.012,63.870,64.850,3070,95338643
"benchmark-example:english-extra-8-gpu","bd/english.100MB",8,262144,1000000,3475,3475,0,0.000,63.858,0.012,63.870,64.850,3071,95360621
"benchmark-example:english-extra-8-gpu","bd/english.100MB",8,262144,1000000,3475,3475,0,0.000,63.858,0.012,63.870,64.850,3072,95561663
"benchmark-example:english-extra-8-gpu","bd/english.100MB",8,262144,1000000,3475,3475,0,0.000,63.858,0.012,63.870,64.850,3073,95562496
"benchmark-example:english-extra-8-gpu","bd/english.100MB",8,262144,1000000,3475,3475,0,0.000,63.858,0.012,63.870,64.850,3074,95632618
"benchmark-example:english-extra-8-gpu","bd/english.100MB",8,262144,1000000,3475,3475,0,0.000,63.858,0.012,63.870,64.850,3075,95646057
"benchmark-example:english-extra-8-gpu","bd/english.100MB",8,262144,1000000,3475,3475,0,0.000,63.858,0.012,63.870,64.850,3076,95684332
"benchmark-example:english-extra-8-gpu","bd/english.100MB",8,262144,1000000,3475,3475,0,0.000,63.858,0.012,63.870,64.850,3077,95759418
"benchmark-example:english-extra-8-gpu","bd/english.100MB",8,262144,1000000,3475,3475,0,0.000,63.858,0.012,63.870,64.850,3078,95785133
"benchmark-example:english-extra-8-gpu","bd/english.100MB",8,262144,1000000,3475,3475,0,0.000,63.858,0.012,63.870,64.850,3079,95859078
"benchmark-example:english-extra-8-gpu","bd/english.100MB",8,262144,1000000,3475,3475,0,0.000,63.858,0.012,63.870,64.850,3080,95917260
"benchmark-example:english-extra-8-gpu","bd/english.100MB",8,262144,1000000,3475,3475,0,0.000,63.858,0.012,63.870,64.850,3081,95935667
"benchmark-example:english-extra-8-gpu","bd/english.100MB",8,262144,1000000,3475,3475,0,0.000,63.858,0.012,63.870,64.850,3082,95937491
"benchmark-example:english-extra-8-gpu","bd/english.100MB",8,262144,1000000,3475,3475,0,0.000,63.858,0.012,63.870,64.850,3083,95952313
"benchmark-example:english-extra-8-gpu","bd/english.100MB",8,262144,1000000,3475,3475,0,0.000,63.858,0.012,63.870,64.850,3084,95953828
"benchmark-example:english-extra-8-gpu","bd/english.100MB",8,262144,1000000,3475,3475,0,0.000,63.858,0.012,63.870,64.850,3085,95957193
"benchmark-example:english-extra-8-gpu","bd/english.100MB",8,262144,1000000,3475,3475,0,0.000,63.858,0.012,63.870,64.850,3086,96069990
"benchmark-example:english-extra-8-gpu","bd/english.100MB",8,262144,1000000,3475,3475,0,0.000,63.858,0.012,63.870,64.850,3087,96130155
"benchmark-example:english-extra-8-gpu","bd/english.100MB",8,262144,1000000,3475,3475,0,0.000,63.858,0.012,63.870,64.850,3088,96131841
"benchmark-example:english-extra-8-gpu","bd/english.100MB",8,262144,1000000,3475,3475,0,0.000,63.858,0.012,63.870,64.850,3089,96141766
"benchmark-example:english-extra-8-gpu","bd/english.100MB",8,262144,1000000,3475,3475,0,0.000,63.858,0.012,63.870,64.850,3090,96219516
"benchmark-example:english-extra-8-gpu","bd/english.100MB",8,262144,1000000,3475,3475,0,0.000,63.858,0.012,63.870,64.850,3091,96229776
"benchmark-example:english-extra-8-gpu","bd/english.100MB",8,262144,1000000,3475,3475,0,0.000,63.858,0.012,63.870,64.850,3092,96233802
"benchmark-example:english-extra-8-gpu","bd/english.100MB",8,262144,1000000,3475,3475,0,0.000,63.858,0.012,63.870,64.850,3093,96259396
"benchmark-example:english-extra-8-gpu","bd/english.100MB",8,262144,1000000,3475,3475,0,0.000,63.858,0.012,63.870,64.850,3094,96261866
"benchmark-example:english-extra-8-gpu","bd/english.100MB",8,262144,1000000,3475,3475,0,0.000,63.858,0.012,63.870,64.850,3095,96262040
"benchmark-example:english-extra-8-gpu","bd/english.100MB",8,262144,1000000,3475,3475,0,0.000,63.858,0.012,63.870,64.850,3096,96262606
"benchmark-example:english-extra-8-gpu","bd/english.100MB",8,262144,1000000,3475,3475,0,0.000,63.858,0.012,63.870,64.850,3097,96269003
"benchmark-example:english-extra-8-gpu","bd/english.100MB",8,262144,1000000,3475,3475,0,0.000,63.858,0.012,63.870,64.850,3098,96269364
"benchmark-example:english-extra-8-gpu","bd/english.100MB",8,262144,1000000,3475,3475,0,0.000,63.858,0.012,63.870,64.850,3099,96312267
"benchmark-example:english-extra-8-gpu","bd/english.100MB",8,262144,1000000,3475,3475,0,0.000,63.858,0.012,63.870,64.850,3100,96420519
"benchmark-example:english-extra-8-gpu","bd/english.100MB",8,262144,1000000,3475,3475,0,0.000,63.858,0.012,63.870,64.850,3101,96446823
"benchmark-example:english-extra-8-gpu","bd/english.100MB",8,262144,1000000,3475,3475,0,0.000,63.858,0.012,63.870,64.850,3102,96464814
"benchmark-example:english-extra-8-gpu","bd/english.100MB",8,262144,1000000,3475,3475,0,0.000,63.858,0.012,63.870,64.850,3103,96477986
"benchmark-example:english-extra-8-gpu","bd/english.100MB",8,262144,1000000,3475,3475,0,0.000,63.858,0.012,63.870,64.850,3104,96536504
"benchmark-example:english-extra-8-gpu","bd/english.100MB",8,262144,1000000,3475,3475,0,0.000,63.858,0.012,63.870,64.850,3105,96546865
"benchmark-example:english-extra-8-gpu","bd/english.100MB",8,262144,1000000,3475,3475,0,0.000,63.858,0.012,63.870,64.850,3106,96590925
"benchmark-example:english-extra-8-gpu","bd/english.100MB",8,262144,1000000,3475,3475,0,0.000,63.858,0.012,63.870,64.850,3107,96602858
"benchmark-example:english-extra-8-gpu","bd/english.100MB",8,262144,1000000,3475,3475,0,0.000,63.858,0.012,63.870,64.850,3108,96698067
"benchmark-example:english-extra-8-gpu","bd/english.100MB",8,262144,1000000,3475,3475,0,0.000,63.858,0.012,63.870,64.850,3109,96795473
"benchmark-example:english-extra-8-gpu","bd/english.100MB",8,262144,1000000,3475,3475,0,0.000,63.858,0.012,63.870,64.850,3110,96796826
"benchmark-example:english-extra-8-gpu","bd/english.100MB",8,262144,1000000,3475,3475,0,0.000,63.858,0.012,63.870,64.850,3111,96815588
"benchmark-example:english-extra-8-gpu","bd/english.100MB",8,262144,1000000,3475,3475,0,0.000,63.858,0.012,63.870,64.850,3112,96884797
"benchmark-example:english-extra-8-gpu","bd/english.100MB",8,262144,1000000,3475,3475,0,0.000,63.858,0.012,63.870,64.850,3113,96886555
"benchmark-example:english-extra-8-gpu","bd/english.100MB",8,262144,1000000,3475,3475,0,0.000,63.858,0.012,63.870,64.850,3114,96914863
"benchmark-example:english-extra-8-gpu","bd/english.100MB",8,262144,1000000,3475,3475,0,0.000,63.858,0.012,63.870,64.850,3115,96917651
"benchmark-example:english-extra-8-gpu","bd/english.100MB",8,262144,1000000,3475,3475,0,0.000,63.858,0.012,63.870,64.850,3116,96947346
"benchmark-example:english-extra-8-gpu","bd/english.100MB",8,262144,1000000,3475,3475,0,0.000,63.858,0.012,63.870,64.850,3117,97009101
"benchmark-example:english-extra-8-gpu","bd/english.100MB",8,262144,1000000,3475,3475,0,0.000,63.858,0.012,63.870,64.850,3118,97085542
"benchmark-example:english-extra-8-gpu","bd/english.100MB",8,262144,1000000,3475,3475,0,0.000,63.858,0.012,63.870,64.850,3119,97133258
"benchmark-example:english-extra-8-gpu","bd/english.100MB",8,262144,1000000,3475,3475,0,0.000,63.858,0.012,63.870,64.850,3120,97161129
"benchmark-example:english-extra-8-gpu","bd/english.100MB",8,262144,1000000,3475,3475,0,0.000,63.858,0.012,63.870,64.850,3121,97222124
"benchmark-example:english-extra-8-gpu","bd/english.100MB",8,262144,1000000,3475,3475,0,0.000,63.858,0.012,63.870,64.850,3122,97222491
"benchmark-example:english-extra-8-gpu","bd/english.100MB",8,262144,1000000,3475,3475,0,0.000,63.858,0.012,63.870,64.850,3123,97251664
"benchmark-example:english-extra-8-gpu","bd/english.100MB",8,262144,1000000,3475,3475,0,0.000,63.858,0.012,63.870,64.850,3124,97382076
"benchmark-example:english-extra-8-gpu","bd/english.100MB",8,262144,1000000,3475,3475,0,0.000,63.858,0.012,63.870,64.850,3125,97442615
"benchmark-example:english-extra-8-gpu","bd/english.100MB",8,262144,1000000,3475,3475,0,0.000,63.858,0.012,63.870,64.850,3126,97447350
"benchmark-example:english-extra-8-gpu","bd/english.100MB",8,262144,1000000,3475,3475,0,0.000,63.858,0.012,63.870,64.850,3127,97553756
"benchmark-example:english-extra-8-gpu","bd/english.100MB",8,262144,1000000,3475,3475,0,0.000,63.858,0.012,63.870,64.850,3128,97555137
"benchmark-example:english-extra-8-gpu","bd/english.100MB",8,262144,1000000,3475,3475,0,0.000,63.858,0.012,63.870,64.850,3129,97719522
"benchmark-example:english-extra-8-gpu","bd/english.100MB",8,262144,1000000,3475,3475,0,0.000,63.858,0.012,63.870,64.850,3130,97823274
"benchmark-example:english-extra-8-gpu","bd/english.100MB",8,262144,1000000,3475,3475,0,0.000,63.858,0.012,63.870,64.850,3131,97860127
"benchmark-example:english-extra-8-gpu","bd/english.100MB",8,262144,1000000,3475,3475,0,0.000,63.858,0.012,63.870,64.850,3132,97893669
"benchmark-example:english-extra-8-gpu","bd/english.100MB",8,262144,1000000,3475,3475,0,0.000,63.858,0.012,63.870,64.850,3133,97932238
"benchmark-example:english-extra-8-gpu","bd/english.100MB",8,262144,1000000,3475,3475,0,0.000,63.858,0.012,63.870,64.850,3134,98168271
"benchmark-example:english-extra-8-gpu","bd/english.100MB",8,262144,1000000,3475,3475,0,0.000,63.858,0.012,63.870,64.850,3135,98191267
"benchmark-example:english-extra-8-gpu","bd/english.100MB",8,262144,1000000,3475,3475,0,0.000,63.858,0.012,63.870,64.850,3136,98210709
"benchmark-example:english-extra-8-gpu","bd/english.100MB",8,262144,1000000,3475,3475,0,0.000,63.858,0.012,63.870,64.850,3137,98220668
"benchmark-example:english-extra-8-gpu","bd/english.100MB",8,262144,1000000,3475,3475,0,0.000,63.858,0.012,63.870,64.850,3138,98246120
"benchmark-example:english-extra-8-gpu","bd/english.100MB",8,262144,1000000,3475,3475,0,0.000,63.858,0.012,63.870,64.850,3139,98250120
"benchmark-example:english-extra-8-gpu","bd/english.100MB",8,262144,1000000,3475,3475,0,0.000,63.858,0.012,63.870,64.850,3140,98261756
"benchmark-example:english-extra-8-gpu","bd/english.100MB",8,262144,1000000,3475,3475,0,0.000,63.858,0.012,63.870,64.850,3141,98286021
"benchmark-example:english-extra-8-gpu","bd/english.100MB",8,262144,1000000,3475,3475,0,0.000,63.858,0.012,63.870,64.850,3142,98307850
"benchmark-example:english-extra-8-gpu","bd/english.100MB",8,262144,1000000,3475,3475,0,0.000,63.858,0.012,63.870,64.850,3143,98313388
"benchmark-example:english-extra-8-gpu","bd/english.100MB",8,262144,1000000,3475,3475,0,0.000,63.858,0.012,63.870,64.850,3144,98362927
"benchmark-example:english-extra-8-gpu","bd/english.100MB",8,262144,1000000,3475,3475,0,0.000,63.858,0.012,63.870,64.850,3145,98381815
"benchmark-example:english-extra-8-gpu","bd/english.100MB",8,262144,1000000,3475,3475,0,0.000,63.858,0.012,63.870,64.850,3146,98424238
"benchmark-example:english-extra-8-gpu","bd/english.100MB",8,262144,1000000,3475,3475,0,0.000,63.858,0.012,63.870,64.850,3147,98457406
"benchmark-example:english-extra-8-gpu","bd/english.100MB",8,262144,1000000,3475,3475,0,0.000,63.858,0.012,63.870,64.850,3148,98458775
"benchmark-example:english-extra-8-gpu","bd/english.100MB",8,262144,1000000,3475,3475,0,0.000,63.858,0.012,63.870,64.850,3149,98462951
"benchmark-example:english-extra-8-gpu","bd/english.100MB",8,262144,1000000,3475,3475,0,0.000,63.858,0.012,63.870,64.850,3150,98463545
"benchmark-example:english-extra-8-gpu","bd/english.100MB",8,262144,1000000,3475,3475,0,0.000,63.858,0.012,63.870,64.850,3151,98481873
"benchmark-example:english-extra-8-gpu","bd/english.100MB",8,262144,1000000,3475,3475,0,0.000,63.858,0.012,63.870,64.850,3152,98487411
"benchmark-example:english-extra-8-gpu","bd/english.100MB",8,262144,1000000,3475,3475,0,0.000,63.858,0.012,63.870,64.850,3153,98536948
"benchmark-example:english-extra-8-gpu","bd/english.100MB",8,262144,1000000,3475,3475,0,0.000,63.858,0.012,63.870,64.850,3154,98555804
"benchmark-example:english-extra-8-gpu","bd/english.100MB",8,262144,1000000,3475,3475,0,0.000,63.858,0.012,63.870,64.850,3155,98598226
"benchmark-example:english-extra-8-gpu","bd/english.100MB",8,262144,1000000,3475,3475,0,0.000,63.858,0.012,63.870,64.850,3156,98631392
"benchmark-example:english-extra-8-gpu","bd/english.100MB",8,262144,1000000,3475,3475,0,0.000,63.858,0.012,63.870,64.850,3157,98632761
"benchmark-example:english-extra-8-gpu","bd/english.100MB",8,262144,1000000,3475,3475,0,0.000,63.858,0.012,63.870,64.850,3158,98636937
"benchmark-example:english-extra-8-gpu","bd/english.100MB",8,262144,1000000,3475,3475,0,0.000,63.858,0.012,63.870,64.850,3159,98637531
"benchmark-example:english-extra-8-gpu","bd/english.100MB",8,262144,1000000,3475,3475,0,0.000,63.858,0.012,63.870,64.850,3160,98663315
"benchmark-example:english-extra-8-gpu","bd/english.100MB",8,262144,1000000,3475,3475,0,0.000,63.858,0.012,63.870,64.850,3161,98675975
"benchmark-example:english-extra-8-gpu","bd/english.100MB",8,262144,1000000,3475,3475,0,0.000,63.858,0.012,63.870,64.850,3162,98695871
"benchmark-example:english-extra-8-gpu","bd/english.100MB",8,262144,1000000,3475,3475,0,0.000,63.858,0.012,63.870,64.850,3163,98696006
"benchmark-example:english-extra-8-gpu","bd/english.100MB",8,262144,1000000,3475,3475,0,0.000,63.858,0.012,63.870,64.850,3164,98709247
"benchmark-example:english-extra-8-gpu","bd/english.100MB",8,262144,1000000,3475,3475,0,0.000,63.858,0.012,63.870,64.850,3165,98735018
"benchmark-example:english-extra-8-gpu","bd/english.100MB",8,262144,1000000,3475,3475,0,0.000,63.858,0.012,63.870,64.850,3166,98741014
"benchmark-example:english-extra-8-gpu","bd/english.100MB",8,262144,1000000,3475,3475,0,0.000,63.858,0.012,63.870,64.850,3167,98802068
"benchmark-example:english-extra-8-gpu","bd/english.100MB",8,262144,1000000,3475,3475,0,0.000,63.858,0.012,63.870,64.850,3168,98827473
"benchmark-example:english-extra-8-gpu","bd/english.100MB",8,262144,1000000,3475,3475,0,0.000,63.858,0.012,63.870,64.850,3169,98831881
"benchmark-example:english-extra-8-gpu","bd/english.100MB",8,262144,1000000,3475,3475,0,0.000,63.858,0.012,63.870,64.850,3170,98865706
"benchmark-example:english-extra-8-gpu","bd/english.100MB",8,262144,1000000,3475,3475,0,0.000,63.858,0.012,63.870,64.850,3171,98878366
"benchmark-example:english-extra-8-gpu","bd/english.100MB",8,262144,1000000,3475,3475,0,0.000,63.858,0.012,63.870,64.850,3172,98898262
"benchmark-example:english-extra-8-gpu","bd/english.100MB",8,262144,1000000,3475,3475,0,0.000,63.858,0.012,63.870,64.850,3173,98898397
"benchmark-example:english-extra-8-gpu","bd/english.100MB",8,262144,1000000,3475,3475,0,0.000,63.858,0.012,63.870,64.850,3174,98911639
"benchmark-example:english-extra-8-gpu","bd/english.100MB",8,262144,1000000,3475,3475,0,0.000,63.858,0.012,63.870,64.850,3175,98937411
"benchmark-example:english-extra-8-gpu","bd/english.100MB",8,262144,1000000,3475,3475,0,0.000,63.858,0.012,63.870,64.850,3176,98943407
"benchmark-example:english-extra-8-gpu","bd/english.100MB",8,262144,1000000,3475,3475,0,0.000,63.858,0.012,63.870,64.850,3177,99004458
"benchmark-example:english-extra-8-gpu","bd/english.100MB",8,262144,1000000,3475,3475,0,0.000,63.858,0.012,63.870,64.850,3178,99029862
"benchmark-example:english-extra-8-gpu","bd/english.100MB",8,262144,1000000,3475,3475,0,0.000,63.858,0.012,63.870,64.850,3179,99034270
"benchmark-example:english-extra-8-gpu","bd/english.100MB",8,262144,1000000,3475,3475,0,0.000,63.858,0.012,63.870,64.850,3180,99051703
"benchmark-example:english-extra-8-gpu","bd/english.100MB",8,262144,1000000,3475,3475,0,0.000,63.858,0.012,63.870,64.850,3181,99070755
"benchmark-example:english-extra-8-gpu","bd/english.100MB",8,262144,1000000,3475,3475,0,0.000,63.858,0.012,63.870,64.850,3182,99070878
"benchmark-example:english-extra-8-gpu","bd/english.100MB",8,262144,1000000,3475,3475,0,0.000,63.858,0.012,63.870,64.850,3183,99110667
"benchmark-example:english-extra-8-gpu","bd/english.100MB",8,262144,1000000,3475,3475,0,0.000,63.858,0.012,63.870,64.850,3184,99116576
"benchmark-example:english-extra-8-gpu","bd/english.100MB",8,262144,1000000,3475,3475,0,0.000,63.858,0.012,63.870,64.850,3185,99131352
"benchmark-example:english-extra-8-gpu","bd/english.100MB",8,262144,1000000,3475,3475,0,0.000,63.858,0.012,63.870,64.850,3186,99137358
"benchmark-example:english-extra-8-gpu","bd/english.100MB",8,262144,1000000,3475,3475,0,0.000,63.858,0.012,63.870,64.850,3187,99142030
"benchmark-example:english-extra-8-gpu","bd/english.100MB",8,262144,1000000,3475,3475,0,0.000,63.858,0.012,63.870,64.850,3188,99155715
"benchmark-example:english-extra-8-gpu","bd/english.100MB",8,262144,1000000,3475,3475,0,0.000,63.858,0.012,63.870,64.850,3189,99159862
"benchmark-example:english-extra-8-gpu","bd/english.100MB",8,262144,1000000,3475,3475,0,0.000,63.858,0.012,63.870,64.850,3190,99215256
"benchmark-example:english-extra-8-gpu","bd/english.100MB",8,262144,1000000,3475,3475,0,0.000,63.858,0.012,63.870,64.850,3191,99236965
"benchmark-example:english-extra-8-gpu","bd/english.100MB",8,262144,1000000,3475,3475,0,0.000,63.858,0.012,63.870,64.850,3192,99273709
"benchmark-example:english-extra-8-gpu","bd/english.100MB",8,262144,1000000,3475,3475,0,0.000,63.858,0.012,63.870,64.850,3193,99281276
"benchmark-example:english-extra-8-gpu","bd/english.100MB",8,262144,1000000,3475,3475,0,0.000,63.858,0.012,63.870,64.850,3194,99282724
"benchmark-example:english-extra-8-gpu","bd/english.100MB",8,262144,1000000,3475,3475,0,0.000,63.858,0.012,63.870,64.850,3195,99282884
"benchmark-example:english-extra-8-gpu","bd/english.100MB",8,262144,1000000,3475,3475,0,0.000,63.858,0.012,63.870,64.850,3196,99286671
"benchmark-example:english-extra-8-gpu","bd/english.100MB",8,262144,1000000,3475,3475,0,0.000,63.858,0.012,63.870,64.850,3197,99287296
"benchmark-example:english-extra-8-gpu","bd/english.100MB",8,262144,1000000,3475,3475,0,0.000,63.858,0.012,63.870,64.850,3198,99287370
"benchmark-example:english-extra-8-gpu","bd/english.100MB",8,262144,1000000,3475,3475,0,0.000,63.858,0.012,63.870,64.850,3199,99307974
"benchmark-example:english-extra-8-gpu","bd/english.100MB",8,262144,1000000,3475,3475,0,0.000,63.858,0.012,63.870,64.850,3200,99308318
"benchmark-example:english-extra-8-gpu","bd/english.100MB",8,262144,1000000,3475,3475,0,0.000,63.858,0.012,63.870,64.850,3201,99315763
"benchmark-example:english-extra-8-gpu","bd/english.100MB",8,262144,1000000,3475,3475,0,0.000,63.858,0.012,63.870,64.850,3202,99325517
"benchmark-example:english-extra-8-gpu","bd/english.100MB",8,262144,1000000,3475,3475,0,0.000,63.858,0.012,63.870,64.850,3203,99344570
"benchmark-example:english-extra-8-gpu","bd/english.100MB",8,262144,1000000,3475,3475,0,0.000,63.858,0.012,63.870,64.850,3204,99344693
"benchmark-example:english-extra-8-gpu","bd/english.100MB",8,262144,1000000,3475,3475,0,0.000,63.858,0.012,63.870,64.850,3205,99384481
"benchmark-example:english-extra-8-gpu","bd/english.100MB",8,262144,1000000,3475,3475,0,0.000,63.858,0.012,63.870,64.850,3206,99390388
"benchmark-example:english-extra-8-gpu","bd/english.100MB",8,262144,1000000,3475,3475,0,0.000,63.858,0.012,63.870,64.850,3207,99405166
"benchmark-example:english-extra-8-gpu","bd/english.100MB",8,262144,1000000,3475,3475,0,0.000,63.858,0.012,63.870,64.850,3208,99411172
"benchmark-example:english-extra-8-gpu","bd/english.100MB",8,262144,1000000,3475,3475,0,0.000,63.858,0.012,63.870,64.850,3209,99415844
"benchmark-example:english-extra-8-gpu","bd/english.100MB",8,262144,1000000,3475,3475,0,0.000,63.858,0.012,63.870,64.850,3210,99429525
"benchmark-example:english-extra-8-gpu","bd/english.100MB",8,262144,1000000,3475,3475,0,0.000,63.858,0.012,63.870,64.850,3211,99433671
"benchmark-example:english-extra-8-gpu","bd/english.100MB",8,262144,1000000,3475,3475,0,0.000,63.858,0.012,63.870,64.850,3212,99489072
"benchmark-example:english-extra-8-gpu","bd/english.100MB",8,262144,1000000,3475,3475,0,0.000,63.858,0.012,63.870,64.850,3213,99510780
"benchmark-example:english-extra-8-gpu","bd/english.100MB",8,262144,1000000,3475,3475,0,0.000,63.858,0.012,63.870,64.850,3214,99547521
"benchmark-example:english-extra-8-gpu","bd/english.100MB",8,262144,1000000,3475,3475,0,0.000,63.858,0.012,63.870,64.850,3215,99555088
"benchmark-example:english-extra-8-gpu","bd/english.100MB",8,262144,1000000,3475,3475,0,0.000,63.858,0.012,63.870,64.850,3216,99556536
"benchmark-example:english-extra-8-gpu","bd/english.100MB",8,262144,1000000,3475,3475,0,0.000,63.858,0.012,63.870,64.850,3217,99556696
"benchmark-example:english-extra-8-gpu","bd/english.100MB",8,262144,1000000,3475,3475,0,0.000,63.858,0.012,63.870,64.850,3218,99560483
"benchmark-example:english-extra-8-gpu","bd/english.100MB",8,262144,1000000,3475,3475,0,0.000,63.858,0.012,63.870,64.850,3219,99561108
"benchmark-example:english-extra-8-gpu","bd/english.100MB",8,262144,1000000,3475,3475,0,0.000,63.858,0.012,63.870,64.850,3220,99561182
"benchmark-example:english-extra-8-gpu","bd/english.100MB",8,262144,1000000,3475,3475,0,0.000,63.858,0.012,63.870,64.850,3221,99581785
"benchmark-example:english-extra-8-gpu","bd/english.100MB",8,262144,1000000,3475,3475,0,0.000,63.858,0.012,63.870,64.850,3222,99582128
"benchmark-example:english-extra-8-gpu","bd/english.100MB",8,262144,1000000,3475,3475,0,0.000,63.858,0.012,63.870,64.850,3223,99589574
"benchmark-example:english-extra-8-gpu","bd/english.100MB",8,262144,1000000,3475,3475,0,0.000,63.858,0.012,63.870,64.850,3224,99595143
"benchmark-example:english-extra-8-gpu","bd/english.100MB",8,262144,1000000,3475,3475,0,0.000,63.858,0.012,63.870,64.850,3225,99599052
"benchmark-example:english-extra-8-gpu","bd/english.100MB",8,262144,1000000,3475,3475,0,0.000,63.858,0.012,63.870,64.850,3226,99655940
"benchmark-example:english-extra-8-gpu","bd/english.100MB",8,262144,1000000,3475,3475,0,0.000,63.858,0.012,63.870,64.850,3227,99736533
"benchmark-example:english-extra-8-gpu","bd/english.100MB",8,262144,1000000,3475,3475,0,0.000,63.858,0.012,63.870,64.850,3228,99778327
"benchmark-example:english-extra-8-gpu","bd/english.100MB",8,262144,1000000,3475,3475,0,0.000,63.858,0.012,63.870,64.850,3229,99791680
"benchmark-example:english-extra-8-gpu","bd/english.100MB",8,262144,1000000,3475,3475,0,0.000,63.858,0.012,63.870,64.850,3230,99804632
"benchmark-example:english-extra-8-gpu","bd/english.100MB",8,262144,1000000,3475,3475,0,0.000,63.858,0.012,63.870,64.850,3231,99808541
"benchmark-example:english-extra-8-gpu","bd/english.100MB",8,262144,1000000,3475,3475,0,0.000,63.858,0.012,63.870,64.850,3232,99865428
"benchmark-example:english-extra-8-gpu","bd/english.100MB",8,262144,1000000,3475,3475,0,0.000,63.858,0.012,63.870,64.850,3233,99946015
"benchmark-example:english-extra-8-gpu","bd/english.100MB",8,262144,1000000,3475,3475,0,0.000,63.858,0.012,63.870,64.850,3234,99987809
"benchmark-example:english-extra-8-gpu","bd/english.100MB",8,262144,1000000,3475,3475,0,0.000,63.858,0.012,63.870,64.850,3235,100001157
"benchmark-example:english-extra-8-gpu","bd/english.100MB",8,262144,1000000,3475,3475,0,0.000,63.858,0.012,63.870,64.850,3236,100015970
"benchmark-example:english-extra-8-gpu","bd/english.100MB",8,262144,1000000,3475,3475,0,0.000,63.858,0.012,63.870,64.850,3237,100097132
"benchmark-example:english-extra-8-gpu","bd/english.100MB",8,262144,1000000,3475,3475,0,0.000,63.858,0.012,63.870,64.850,3238,100124671
"benchmark-example:english-extra-8-gpu","bd/english.100MB",8,262144,1000000,3475,3475,0,0.000,63.858,0.012,63.870,64.850,3239,100195775
"benchmark-example:english-extra-8-gpu","bd/english.100MB",8,262144,1000000,3475,3475,0,0.000,63.858,0.012,63.870,64.850,3240,100196075
"benchmark-example:english-extra-8-gpu","bd/english.100MB",8,262144,1000000,3475,3475,0,0.000,63.858,0.012,63.870,64.850,3241,100205291
"benchmark-example:english-extra-8-gpu","bd/english.100MB",8,262144,1000000,3475,3475,0,0.000,63.858,0.012,63.870,64.850,3242,100207318
"benchmark-example:english-extra-8-gpu","bd/english.100MB",8,262144,1000000,3475,3475,0,0.000,63.858,0.012,63.870,64.850,3243,100212202
"benchmark-example:english-extra-8-gpu","bd/english.100MB",8,262144,1000000,3475,3475,0,0.000,63.858,0.012,63.870,64.850,3244,100233133
"benchmark-example:english-extra-8-gpu","bd/english.100MB",8,262144,1000000,3475,3475,0,0.000,63.858,0.012,63.870,64.850,3245,100244722
"benchmark-example:english-extra-8-gpu","bd/english.100MB",8,262144,1000000,3475,3475,0,0.000,63.858,0.012,63.870,64.850,3246,100325839
"benchmark-example:english-extra-8-gpu","bd/english.100MB",8,262144,1000000,3475,3475,0,0.000,63.858,0.012,63.870,64.850,3247,100353373
"benchmark-example:english-extra-8-gpu","bd/english.100MB",8,262144,1000000,3475,3475,0,0.000,63.858,0.012,63.870,64.850,3248,100424483
"benchmark-example:english-extra-8-gpu","bd/english.100MB",8,262144,1000000,3475,3475,0,0.000,63.858,0.012,63.870,64.850,3249,100424783
"benchmark-example:english-extra-8-gpu","bd/english.100MB",8,262144,1000000,3475,3475,0,0.000,63.858,0.012,63.870,64.850,3250,100433998
"benchmark-example:english-extra-8-gpu","bd/english.100MB",8,262144,1000000,3475,3475,0,0.000,63.858,0.012,63.870,64.850,3251,100436025
"benchmark-example:english-extra-8-gpu","bd/english.100MB",8,262144,1000000,3475,3475,0,0.000,63.858,0.012,63.870,64.850,3252,100440909
"benchmark-example:english-extra-8-gpu","bd/english.100MB",8,262144,1000000,3475,3475,0,0.000,63.858,0.012,63.870,64.850,3253,100461841
"benchmark-example:english-extra-8-gpu","bd/english.100MB",8,262144,1000000,3475,3475,0,0.000,63.858,0.012,63.870,64.850,3254,100471534
"benchmark-example:english-extra-8-gpu","bd/english.100MB",8,262144,1000000,3475,3475,0,0.000,63.858,0.012,63.870,64.850,3255,100491497
"benchmark-example:english-extra-8-gpu","bd/english.100MB",8,262144,1000000,3475,3475,0,0.000,63.858,0.012,63.870,64.850,3256,100493182
"benchmark-example:english-extra-8-gpu","bd/english.100MB",8,262144,1000000,3475,3475,0,0.000,63.858,0.012,63.870,64.850,3257,100522671
"benchmark-example:english-extra-8-gpu","bd/english.100MB",8,262144,1000000,3475,3475,0,0.000,63.858,0.012,63.870,64.850,3258,100540778
"benchmark-example:english-extra-8-gpu","bd/english.100MB",8,262144,1000000,3475,3475,0,0.000,63.858,0.012,63.870,64.850,3259,100556270
"benchmark-example:english-extra-8-gpu","bd/english.100MB",8,262144,1000000,3475,3475,0,0.000,63.858,0.012,63.870,64.850,3260,100568965
"benchmark-example:english-extra-8-gpu","bd/english.100MB",8,262144,1000000,3475,3475,0,0.000,63.858,0.012,63.870,64.850,3261,100591222
"benchmark-example:english-extra-8-gpu","bd/english.100MB",8,262144,1000000,3475,3475,0,0.000,63.858,0.012,63.870,64.850,3262,100605356
"benchmark-example:english-extra-8-gpu","bd/english.100MB",8,262144,1000000,3475,3475,0,0.000,63.858,0.012,63.870,64.850,3263,100605575
"benchmark-example:english-extra-8-gpu","bd/english.100MB",8,262144,1000000,3475,3475,0,0.000,63.858,0.012,63.870,64.850,3264,100676665
"benchmark-example:english-extra-8-gpu","bd/english.100MB",8,262144,1000000,3475,3475,0,0.000,63.858,0.012,63.870,64.850,3265,100696628
"benchmark-example:english-extra-8-gpu","bd/english.100MB",8,262144,1000000,3475,3475,0,0.000,63.858,0.012,63.870,64.850,3266,100698313
"benchmark-example:english-extra-8-gpu","bd/english.100MB",8,262144,1000000,3475,3475,0,0.000,63.858,0.012,63.870,64.850,3267,100727801
"benchmark-example:english-extra-8-gpu","bd/english.100MB",8,262144,1000000,3475,3475,0,0.000,63.858,0.012,63.870,64.850,3268,100745907
"benchmark-example:english-extra-8-gpu","bd/english.100MB",8,262144,1000000,3475,3475,0,0.000,63.858,0.012,63.870,64.850,3269,100761398
"benchmark-example:english-extra-8-gpu","bd/english.100MB",8,262144,1000000,3475,3475,0,0.000,63.858,0.012,63.870,64.850,3270,100774092
"benchmark-example:english-extra-8-gpu","bd/english.100MB",8,262144,1000000,3475,3475,0,0.000,63.858,0.012,63.870,64.850,3271,100796347
"benchmark-example:english-extra-8-gpu","bd/english.100MB",8,262144,1000000,3475,3475,0,0.000,63.858,0.012,63.870,64.850,3272,100810479
"benchmark-example:english-extra-8-gpu","bd/english.100MB",8,262144,1000000,3475,3475,0,0.000,63.858,0.012,63.870,64.850,3273,100810698
"benchmark-example:english-extra-8-gpu","bd/english.100MB",8,262144,1000000,3475,3475,0,0.000,63.858,0.012,63.870,64.850,3274,100910338
"benchmark-example:english-extra-8-gpu","bd/english.100MB",8,262144,1000000,3475,3475,0,0.000,63.858,0.012,63.870,64.850,3275,100910411
"benchmark-example:english-extra-8-gpu","bd/english.100MB",8,262144,1000000,3475,3475,0,0.000,63.858,0.012,63.870,64.850,3276,100931590
"benchmark-example:english-extra-8-gpu","bd/english.100MB",8,262144,1000000,3475,3475,0,0.000,63.858,0.012,63.870,64.850,3277,100936898
"benchmark-example:english-extra-8-gpu","bd/english.100MB",8,262144,1000000,3475,3475,0,0.000,63.858,0.012,63.870,64.850,3278,100939617
"benchmark-example:english-extra-8-gpu","bd/english.100MB",8,262144,1000000,3475,3475,0,0.000,63.858,0.012,63.870,64.850,3279,100944904
"benchmark-example:english-extra-8-gpu","bd/english.100MB",8,262144,1000000,3475,3475,0,0.000,63.858,0.012,63.870,64.850,3280,100954762
"benchmark-example:english-extra-8-gpu","bd/english.100MB",8,262144,1000000,3475,3475,0,0.000,63.858,0.012,63.870,64.850,3281,100986707
"benchmark-example:english-extra-8-gpu","bd/english.100MB",8,262144,1000000,3475,3475,0,0.000,63.858,0.012,63.870,64.850,3282,100994430
"benchmark-example:english-extra-8-gpu","bd/english.100MB",8,262144,1000000,3475,3475,0,0.000,63.858,0.012,63.870,64.850,3283,101043052
"benchmark-example:english-extra-8-gpu","bd/english.100MB",8,262144,1000000,3475,3475,0,0.000,63.858,0.012,63.870,64.850,3284,101043873
"benchmark-example:english-extra-8-gpu","bd/english.100MB",8,262144,1000000,3475,3475,0,0.000,63.858,0.012,63.870,64.850,3285,101046767
"benchmark-example:english-extra-8-gpu","bd/english.100MB",8,262144,1000000,3475,3475,0,0.000,63.858,0.012,63.870,64.850,3286,101060036
"benchmark-example:english-extra-8-gpu","bd/english.100MB",8,262144,1000000,3475,3475,0,0.000,63.858,0.012,63.870,64.850,3287,101070198
"benchmark-example:english-extra-8-gpu","bd/english.100MB",8,262144,1000000,3475,3475,0,0.000,63.858,0.012,63.870,64.850,3288,101103068
"benchmark-example:english-extra-8-gpu","bd/english.100MB",8,262144,1000000,3475,3475,0,0.000,63.858,0.012,63.870,64.850,3289,101103141
"benchmark-example:english-extra-8-gpu","bd/english.100MB",8,262144,1000000,3475,3475,0,0.000,63.858,0.012,63.870,64.850,3290,101124318
"benchmark-example:english-extra-8-gpu","bd/english.100MB",8,262144,1000000,3475,3475,0,0.000,63.858,0.012,63.870,64.850,3291,101129626
"benchmark-example:english-extra-8-gpu","bd/english.100MB",8,262144,1000000,3475,3475,0,0.000,63.858,0.012,63.870,64.850,3292,101132345
"benchmark-example:english-extra-8-gpu","bd/english.100MB",8,262144,1000000,3475,3475,0,0.000,63.858,0.012,63.870,64.850,3293,101137632
"benchmark-example:english-extra-8-gpu","bd/english.100MB",8,262144,1000000,3475,3475,0,0.000,63.858,0.012,63.870,64.850,3294,101147490
"benchmark-example:english-extra-8-gpu","bd/english.100MB",8,262144,1000000,3475,3475,0,0.000,63.858,0.012,63.870,64.850,3295,101179436
"benchmark-example:english-extra-8-gpu","bd/english.100MB",8,262144,1000000,3475,3475,0,0.000,63.858,0.012,63.870,64.850,3296,101187159
"benchmark-example:english-extra-8-gpu","bd/english.100MB",8,262144,1000000,3475,3475,0,0.000,63.858,0.012,63.870,64.850,3297,101235777
"benchmark-example:english-extra-8-gpu","bd/english.100MB",8,262144,1000000,3475,3475,0,0.000,63.858,0.012,63.870,64.850,3298,101236598
"benchmark-example:english-extra-8-gpu","bd/english.100MB",8,262144,1000000,3475,3475,0,0.000,63.858,0.012,63.870,64.850,3299,101239492
"benchmark-example:english-extra-8-gpu","bd/english.100MB",8,262144,1000000,3475,3475,0,0.000,63.858,0.012,63.870,64.850,3300,101252759
"benchmark-example:english-extra-8-gpu","bd/english.100MB",8,262144,1000000,3475,3475,0,0.000,63.858,0.012,63.870,64.850,3301,101262920
"benchmark-example:english-extra-8-gpu","bd/english.100MB",8,262144,1000000,3475,3475,0,0.000,63.858,0.012,63.870,64.850,3302,101270826
"benchmark-example:english-extra-8-gpu","bd/english.100MB",8,262144,1000000,3475,3475,0,0.000,63.858,0.012,63.870,64.850,3303,101275757
"benchmark-example:english-extra-8-gpu","bd/english.100MB",8,262144,1000000,3475,3475,0,0.000,63.858,0.012,63.870,64.850,3304,101282705
"benchmark-example:english-extra-8-gpu","bd/english.100MB",8,262144,1000000,3475,3475,0,0.000,63.858,0.012,63.870,64.850,3305,101285697
"benchmark-example:english-extra-8-gpu","bd/english.100MB",8,262144,1000000,3475,3475,0,0.000,63.858,0.012,63.870,64.850,3306,101317062
"benchmark-example:english-extra-8-gpu","bd/english.100MB",8,262144,1000000,3475,3475,0,0.000,63.858,0.012,63.870,64.850,3307,101331150
"benchmark-example:english-extra-8-gpu","bd/english.100MB",8,262144,1000000,3475,3475,0,0.000,63.858,0.012,63.870,64.850,3308,101339899
"benchmark-example:english-extra-8-gpu","bd/english.100MB",8,262144,1000000,3475,3475,0,0.000,63.858,0.012,63.870,64.850,3309,101344198
"benchmark-example:english-extra-8-gpu","bd/english.100MB",8,262144,1000000,3475,3475,0,0.000,63.858,0.012,63.870,64.850,3310,101345537
"benchmark-example:english-extra-8-gpu","bd/english.100MB",8,262144,1000000,3475,3475,0,0.000,63.858,0.012,63.870,64.850,3311,101369939
"benchmark-example:english-extra-8-gpu","bd/english.100MB",8,262144,1000000,3475,3475,0,0.000,63.858,0.012,63.870,64.850,3312,101388351
"benchmark-example:english-extra-8-gpu","bd/english.100MB",8,262144,1000000,3475,3475,0,0.000,63.858,0.012,63.870,64.850,3313,101404339
"benchmark-example:english-extra-8-gpu","bd/english.100MB",8,262144,1000000,3475,3475,0,0.000,63.858,0.012,63.870,64.850,3314,101407965
"benchmark-example:english-extra-8-gpu","bd/english.100MB",8,262144,1000000,3475,3475,0,0.000,63.858,0.012,63.870,64.850,3315,101426632
"benchmark-example:english-extra-8-gpu","bd/english.100MB",8,262144,1000000,3475,3475,0,0.000,63.858,0.012,63.870,64.850,3316,101443641
"benchmark-example:english-extra-8-gpu","bd/english.100MB",8,262144,1000000,3475,3475,0,0.000,63.858,0.012,63.870,64.850,3317,101448572
"benchmark-example:english-extra-8-gpu","bd/english.100MB",8,262144,1000000,3475,3475,0,0.000,63.858,0.012,63.870,64.850,3318,101455519
"benchmark-example:english-extra-8-gpu","bd/english.100MB",8,262144,1000000,3475,3475,0,0.000,63.858,0.012,63.870,64.850,3319,101458511
"benchmark-example:english-extra-8-gpu","bd/english.100MB",8,262144,1000000,3475,3475,0,0.000,63.858,0.012,63.870,64.850,3320,101489877
"benchmark-example:english-extra-8-gpu","bd/english.100MB",8,262144,1000000,3475,3475,0,0.000,63.858,0.012,63.870,64.850,3321,101503966
"benchmark-example:english-extra-8-gpu","bd/english.100MB",8,262144,1000000,3475,3475,0,0.000,63.858,0.012,63.870,64.850,3322,101512715
"benchmark-example:english-extra-8-gpu","bd/english.100MB",8,262144,1000000,3475,3475,0,0.000,63.858,0.012,63.870,64.850,3323,101517015
"benchmark-example:english-extra-8-gpu","bd/english.100MB",8,262144,1000000,3475,3475,0,0.000,63.858,0.012,63.870,64.850,3324,101518354
"benchmark-example:english-extra-8-gpu","bd/english.100MB",8,262144,1000000,3475,3475,0,0.000,63.858,0.012,63.870,64.850,3325,101542753
"benchmark-example:english-extra-8-gpu","bd/english.100MB",8,262144,1000000,3475,3475,0,0.000,63.858,0.012,63.870,64.850,3326,101561164
"benchmark-example:english-extra-8-gpu","bd/english.100MB",8,262144,1000000,3475,3475,0,0.000,63.858,0.012,63.870,64.850,3327,101577152
"benchmark-example:english-extra-8-gpu","bd/english.100MB",8,262144,1000000,3475,3475,0,0.000,63.858,0.012,63.870,64.850,3328,101580777
"benchmark-example:english-extra-8-gpu","bd/english.100MB",8,262144,1000000,3475,3475,0,0.000,63.858,0.012,63.870,64.850,3329,101599443
"benchmark-example:english-extra-8-gpu","bd/english.100MB",8,262144,1000000,3475,3475,0,0.000,63.858,0.012,63.870,64.850,3330,101622500
"benchmark-example:english-extra-8-gpu","bd/english.100MB",8,262144,1000000,3475,3475,0,0.000,63.858,0.012,63.870,64.850,3331,101652296
"benchmark-example:english-extra-8-gpu","bd/english.100MB",8,262144,1000000,3475,3475,0,0.000,63.858,0.012,63.870,64.850,3332,101659789
"benchmark-example:english-extra-8-gpu","bd/english.100MB",8,262144,1000000,3475,3475,0,0.000,63.858,0.012,63.870,64.850,3333,101662017
"benchmark-example:english-extra-8-gpu","bd/english.100MB",8,262144,1000000,3475,3475,0,0.000,63.858,0.012,63.870,64.850,3334,101709397
"benchmark-example:english-extra-8-gpu","bd/english.100MB",8,262144,1000000,3475,3475,0,0.000,63.858,0.012,63.870,64.850,3335,101713460
"benchmark-example:english-extra-8-gpu","bd/english.100MB",8,262144,1000000,3475,3475,0,0.000,63.858,0.012,63.870,64.850,3336,101734359
"benchmark-example:english-extra-8-gpu","bd/english.100MB",8,262144,1000000,3475,3475,0,0.000,63.858,0.012,63.870,64.850,3337,101763891
"benchmark-example:english-extra-8-gpu","bd/english.100MB",8,262144,1000000,3475,3475,0,0.000,63.858,0.012,63.870,64.850,3338,101768796
"benchmark-example:english-extra-8-gpu","bd/english.100MB",8,262144,1000000,3475,3475,0,0.000,63.858,0.012,63.870,64.850,3339,101792598
"benchmark-example:english-extra-8-gpu","bd/english.100MB",8,262144,1000000,3475,3475,0,0.000,63.858,0.012,63.870,64.850,3340,101815862
"benchmark-example:english-extra-8-gpu","bd/english.100MB",8,262144,1000000,3475,3475,0,0.000,63.858,0.012,63.870,64.850,3341,101845659
"benchmark-example:english-extra-8-gpu","bd/english.100MB",8,262144,1000000,3475,3475,0,0.000,63.858,0.012,63.870,64.850,3342,101853151
"benchmark-example:english-extra-8-gpu","bd/english.100MB",8,262144,1000000,3475,3475,0,0.000,63.858,0.012,63.870,64.850,3343,101855379
"benchmark-example:english-extra-8-gpu","bd/english.100MB",8,262144,1000000,3475,3475,0,0.000,63.858,0.012,63.870,64.850,3344,101902758
"benchmark-example:english-extra-8-gpu","bd/english.100MB",8,262144,1000000,3475,3475,0,0.000,63.858,0.012,63.870,64.850,3345,101906821
"benchmark-example:english-extra-8-gpu","bd/english.100MB",8,262144,1000000,3475,3475,0,0.000,63.858,0.012,63.870,64.850,3346,101927715
"benchmark-example:english-extra-8-gpu","bd/english.100MB",8,262144,1000000,3475,3475,0,0.000,63.858,0.012,63.870,64.850,3347,101957247
"benchmark-example:english-extra-8-gpu","bd/english.100MB",8,262144,1000000,3475,3475,0,0.000,63.858,0.012,63.870,64.850,3348,101962152
"benchmark-example:english-extra-8-gpu","bd/english.100MB",8,262144,1000000,3475,3475,0,0.000,63.858,0.012,63.870,64.850,3349,101985957
"benchmark-example:english-extra-8-gpu","bd/english.100MB",8,262144,1000000,3475,3475,0,0.000,63.858,0.012,63.870,64.850,3350,101998319
"benchmark-example:english-extra-8-gpu","bd/english.100MB",8,262144,1000000,3475,3475,0,0.000,63.858,0.012,63.870,64.850,3351,102028056
"benchmark-example:english-extra-8-gpu","bd/english.100MB",8,262144,1000000,3475,3475,0,0.000,63.858,0.012,63.870,64.850,3352,102040186
"benchmark-example:english-extra-8-gpu","bd/english.100MB",8,262144,1000000,3475,3475,0,0.000,63.858,0.012,63.870,64.850,3353,102069384
"benchmark-example:english-extra-8-gpu","bd/english.100MB",8,262144,1000000,3475,3475,0,0.000,63.858,0.012,63.870,64.850,3354,102119343
"benchmark-example:english-extra-8-gpu","bd/english.100MB",8,262144,1000000,3475,3475,0,0.000,63.858,0.012,63.870,64.850,3355,102153893
"benchmark-example:english-extra-8-gpu","bd/english.100MB",8,262144,1000000,3475,3475,0,0.000,63.858,0.012,63.870,64.850,3356,102158091
"benchmark-example:english-extra-8-gpu","bd/english.100MB",8,262144,1000000,3475,3475,0,0.000,63.858,0.012,63.870,64.850,3357,102168235
"benchmark-example:english-extra-8-gpu","bd/english.100MB",8,262144,1000000,3475,3475,0,0.000,63.858,0.012,63.870,64.850,3358,102181792
"benchmark-example:english-extra-8-gpu","bd/english.100MB",8,262144,1000000,3475,3475,0,0.000,63.858,0.012,63.870,64.850,3359,102211531
"benchmark-example:english-extra-8-gpu","bd/english.100MB",8,262144,1000000,3475,3475,0,0.000,63.858,0.012,63.870,64.850,3360,102223661
"benchmark-example:english-extra-8-gpu","bd/english.100MB",8,262144,1000000,3475,3475,0,0.000,63.858,0.012,63.870,64.850,3361,102252857
"benchmark-example:english-extra-8-gpu","bd/english.100MB",8,262144,1000000,3475,3475,0,0.000,63.858,0.012,63.870,64.850,3362,102302817
"benchmark-example:english-extra-8-gpu","bd/english.100MB",8,262144,1000000,3475,3475,0,0.000,63.858,0.012,63.870,64.850,3363,102337367
"benchmark-example:english-extra-8-gpu","bd/english.100MB",8,262144,1000000,3475,3475,0,0.000,63.858,0.012,63.870,64.850,3364,102341566
"benchmark-example:english-extra-8-gpu","bd/english.100MB",8,262144,1000000,3475,3475,0,0.000,63.858,0.012,63.870,64.850,3365,102351710
"benchmark-example:english-extra-8-gpu","bd/english.100MB",8,262144,1000000,3475,3475,0,0.000,63.858,0.012,63.870,64.850,3366,102377329
"benchmark-example:english-extra-8-gpu","bd/english.100MB",8,262144,1000000,3475,3475,0,0.000,63.858,0.012,63.870,64.850,3367,102400217
"benchmark-example:english-extra-8-gpu","bd/english.100MB",8,262144,1000000,3475,3475,0,0.000,63.858,0.012,63.870,64.850,3368,102449826
"benchmark-example:english-extra-8-gpu","bd/english.100MB",8,262144,1000000,3475,3475,0,0.000,63.858,0.012,63.870,64.850,3369,102450411
"benchmark-example:english-extra-8-gpu","bd/english.100MB",8,262144,1000000,3475,3475,0,0.000,63.858,0.012,63.870,64.850,3370,102471321
"benchmark-example:english-extra-8-gpu","bd/english.100MB",8,262144,1000000,3475,3475,0,0.000,63.858,0.012,63.870,64.850,3371,102472301
"benchmark-example:english-extra-8-gpu","bd/english.100MB",8,262144,1000000,3475,3475,0,0.000,63.858,0.012,63.870,64.850,3372,102477586
"benchmark-example:english-extra-8-gpu","bd/english.100MB",8,262144,1000000,3475,3475,0,0.000,63.858,0.012,63.870,64.850,3373,102485630
"benchmark-example:english-extra-8-gpu","bd/english.100MB",8,262144,1000000,3475,3475,0,0.000,63.858,0.012,63.870,64.850,3374,102488271
"benchmark-example:english-extra-8-gpu","bd/english.100MB",8,262144,1000000,3475,3475,0,0.000,63.858,0.012,63.870,64.850,3375,102522412
"benchmark-example:english-extra-8-gpu","bd/english.100MB",8,262144,1000000,3475,3475,0,0.000,63.858,0.012,63.870,64.850,3376,102524380
"benchmark-example:english-extra-8-gpu","bd/english.100MB",8,262144,1000000,3475,3475,0,0.000,63.858,0.012,63.870,64.850,3377,102542973
"benchmark-example:english-extra-8-gpu","bd/english.100MB",8,262144,1000000,3475,3475,0,0.000,63.858,0.012,63.870,64.850,3378,102564397
"benchmark-example:english-extra-8-gpu","bd/english.100MB",8,262144,1000000,3475,3475,0,0.000,63.858,0.012,63.870,64.850,3379,102587284
"benchmark-example:english-extra-8-gpu","bd/english.100MB",8,262144,1000000,3475,3475,0,0.000,63.858,0.012,63.870,64.850,3380,102636888
"benchmark-example:english-extra-8-gpu","bd/english.100MB",8,262144,1000000,3475,3475,0,0.000,63.858,0.012,63.870,64.850,3381,102637473
"benchmark-example:english-extra-8-gpu","bd/english.100MB",8,262144,1000000,3475,3475,0,0.000,63.858,0.012,63.870,64.850,3382,102658383
"benchmark-example:english-extra-8-gpu","bd/english.100MB",8,262144,1000000,3475,3475,0,0.000,63.858,0.012,63.870,64.850,3383,102659363
"benchmark-example:english-extra-8-gpu","bd/english.100MB",8,262144,1000000,3475,3475,0,0.000,63.858,0.012,63.870,64.850,3384,102664648
"benchmark-example:english-extra-8-gpu","bd/english.100MB",8,262144,1000000,3475,3475,0,0.000,63.858,0.012,63.870,64.850,3385,102672692
"benchmark-example:english-extra-8-gpu","bd/english.100MB",8,262144,1000000,3475,3475,0,0.000,63.858,0.012,63.870,64.850,3386,102675333
"benchmark-example:english-extra-8-gpu","bd/english.100MB",8,262144,1000000,3475,3475,0,0.000,63.858,0.012,63.870,64.850,3387,102709474
"benchmark-example:english-extra-8-gpu","bd/english.100MB",8,262144,1000000,3475,3475,0,0.000,63.858,0.012,63.870,64.850,3388,102711442
"benchmark-example:english-extra-8-gpu","bd/english.100MB",8,262144,1000000,3475,3475,0,0.000,63.858,0.012,63.870,64.850,3389,102730035
"benchmark-example:english-extra-8-gpu","bd/english.100MB",8,262144,1000000,3475,3475,0,0.000,63.858,0.012,63.870,64.850,3390,102757933
"benchmark-example:english-extra-8-gpu","bd/english.100MB",8,262144,1000000,3475,3475,0,0.000,63.858,0.012,63.870,64.850,3391,102767298
"benchmark-example:english-extra-8-gpu","bd/english.100MB",8,262144,1000000,3475,3475,0,0.000,63.858,0.012,63.870,64.850,3392,102806204
"benchmark-example:english-extra-8-gpu","bd/english.100MB",8,262144,1000000,3475,3475,0,0.000,63.858,0.012,63.870,64.850,3393,102828508
"benchmark-example:english-extra-8-gpu","bd/english.100MB",8,262144,1000000,3475,3475,0,0.000,63.858,0.012,63.870,64.850,3394,102877212
"benchmark-example:english-extra-8-gpu","bd/english.100MB",8,262144,1000000,3475,3475,0,0.000,63.858,0.012,63.870,64.850,3395,102884804
"benchmark-example:english-extra-8-gpu","bd/english.100MB",8,262144,1000000,3475,3475,0,0.000,63.858,0.012,63.870,64.850,3396,102950646
"benchmark-example:english-extra-8-gpu","bd/english.100MB",8,262144,1000000,3475,3475,0,0.000,63.858,0.012,63.870,64.850,3397,102973638
"benchmark-example:english-extra-8-gpu","bd/english.100MB",8,262144,1000000,3475,3475,0,0.000,63.858,0.012,63.870,64.850,3398,102983000
"benchmark-example:english-extra-8-gpu","bd/english.100MB",8,262144,1000000,3475,3475,0,0.000,63.858,0.012,63.870,64.850,3399,103021899
"benchmark-example:english-extra-8-gpu","bd/english.100MB",8,262144,1000000,3475,3475,0,0.000,63.858,0.012,63.870,64.850,3400,103044205
"benchmark-example:english-extra-8-gpu","bd/english.100MB",8,262144,1000000,3475,3475,0,0.000,63.858,0.012,63.870,64.850,3401,103092910
"benchmark-example:english-extra-8-gpu","bd/english.100MB",8,262144,1000000,3475,3475,0,0.000,63.858,0.012,63.870,64.850,3402,103100502
"benchmark-example:english-extra-8-gpu","bd/english.100MB",8,262144,1000000,3475,3475,0,0.000,63.858,0.012,63.870,64.850,3403,103166341
"benchmark-example:english-extra-8-gpu","bd/english.100MB",8,262144,1000000,3475,3475,0,0.000,63.858,0.012,63.870,64.850,3404,103201472
"benchmark-example:english-extra-8-gpu","bd/english.100MB",8,262144,1000000,3475,3475,0,0.000,63.858,0.012,63.870,64.850,3405,103215201
"benchmark-example:english-extra-8-gpu","bd/english.100MB",8,262144,1000000,3475,3475,0,0.000,63.858,0.012,63.870,64.850,3406,103271528
"benchmark-example:english-extra-8-gpu","bd/english.100MB",8,262144,1000000,3475,3475,0,0.000,63.858,0.012,63.870,64.850,3407,103273668
"benchmark-example:english-extra-8-gpu","bd/english.100MB",8,262144,1000000,3475,3475,0,0.000,63.858,0.012,63.870,64.850,3408,103294440
"benchmark-example:english-extra-8-gpu","bd/english.100MB",8,262144,1000000,3475,3475,0,0.000,63.858,0.012,63.870,64.850,3409,103304397
"benchmark-example:english-extra-8-gpu","bd/english.100MB",8,262144,1000000,3475,3475,0,0.000,63.858,0.012,63.870,64.850,3410,103318601
"benchmark-example:english-extra-8-gpu","bd/english.100MB",8,262144,1000000,3475,3475,0,0.000,63.858,0.012,63.870,64.850,3411,103359759
"benchmark-example:english-extra-8-gpu","bd/english.100MB",8,262144,1000000,3475,3475,0,0.000,63.858,0.012,63.870,64.850,3412,103373488
"benchmark-example:english-extra-8-gpu","bd/english.100MB",8,262144,1000000,3475,3475,0,0.000,63.858,0.012,63.870,64.850,3413,103429818
"benchmark-example:english-extra-8-gpu","bd/english.100MB",8,262144,1000000,3475,3475,0,0.000,63.858,0.012,63.870,64.850,3414,103431957
"benchmark-example:english-extra-8-gpu","bd/english.100MB",8,262144,1000000,3475,3475,0,0.000,63.858,0.012,63.870,64.850,3415,103452732
"benchmark-example:english-extra-8-gpu","bd/english.100MB",8,262144,1000000,3475,3475,0,0.000,63.858,0.012,63.870,64.850,3416,103462688
"benchmark-example:english-extra-8-gpu","bd/english.100MB",8,262144,1000000,3475,3475,0,0.000,63.858,0.012,63.870,64.850,3417,103476892
"benchmark-example:english-extra-8-gpu","bd/english.100MB",8,262144,1000000,3475,3475,0,0.000,63.858,0.012,63.870,64.850,3418,103491596
"benchmark-example:english-extra-8-gpu","bd/english.100MB",8,262144,1000000,3475,3475,0,0.000,63.858,0.012,63.870,64.850,3419,103497297
"benchmark-example:english-extra-8-gpu","bd/english.100MB",8,262144,1000000,3475,3475,0,0.000,63.858,0.012,63.870,64.850,3420,103525598
"benchmark-example:english-extra-8-gpu","bd/english.100MB",8,262144,1000000,3475,3475,0,0.000,63.858,0.012,63.870,64.850,3421,103532029
"benchmark-example:english-extra-8-gpu","bd/english.100MB",8,262144,1000000,3475,3475,0,0.000,63.858,0.012,63.870,64.850,3422,103534571
"benchmark-example:english-extra-8-gpu","bd/english.100MB",8,262144,1000000,3475,3475,0,0.000,63.858,0.012,63.870,64.850,3423,103545919
"benchmark-example:english-extra-8-gpu","bd/english.100MB",8,262144,1000000,3475,3475,0,0.000,63.858,0.012,63.870,64.850,3424,103550335
"benchmark-example:english-extra-8-gpu","bd/english.100MB",8,262144,1000000,3475,3475,0,0.000,63.858,0.012,63.870,64.850,3425,103577604
"benchmark-example:english-extra-8-gpu","bd/english.100MB",8,262144,1000000,3475,3475,0,0.000,63.858,0.012,63.870,64.850,3426,103583304
"benchmark-example:english-extra-8-gpu","bd/english.100MB",8,262144,1000000,3475,3475,0,0.000,63.858,0.012,63.870,64.850,3427,103611606
"benchmark-example:english-extra-8-gpu","bd/english.100MB",8,262144,1000000,3475,3475,0,0.000,63.858,0.012,63.870,64.850,3428,103618037
"benchmark-example:english-extra-8-gpu","bd/english.100MB",8,262144,1000000,3475,3475,0,0.000,63.858,0.012,63.870,64.850,3429,103620579
"benchmark-example:english-extra-8-gpu","bd/english.100MB",8,262144,1000000,3475,3475,0,0.000,63.858,0.012,63.870,64.850,3430,103631927
"benchmark-example:english-extra-8-gpu","bd/english.100MB",8,262144,1000000,3475,3475,0,0.000,63.858,0.012,63.870,64.850,3431,103636343
"benchmark-example:english-extra-8-gpu","bd/english.100MB",8,262144,1000000,3475,3475,0,0.000,63.858,0.012,63.870,64.850,3432,103661954
"benchmark-example:english-extra-8-gpu","bd/english.100MB",8,262144,1000000,3475,3475,0,0.000,63.858,0.012,63.870,64.850,3433,103690127
"benchmark-example:english-extra-8-gpu","bd/english.100MB",8,262144,1000000,3475,3475,0,0.000,63.858,0.012,63.870,64.850,3434,103690669
"benchmark-example:english-extra-8-gpu","bd/english.100MB",8,262144,1000000,3475,3475,0,0.000,63.858,0.012,63.870,64.850,3435,103703412
"benchmark-example:english-extra-8-gpu","bd/english.100MB",8,262144,1000000,3475,3475,0,0.000,63.858,0.012,63.870,64.850,3436,103727907
"benchmark-example:english-extra-8-gpu","bd/english.100MB",8,262144,1000000,3475,3475,0,0.000,63.858,0.012,63.870,64.850,3437,103731932
"benchmark-example:english-extra-8-gpu","bd/english.100MB",8,262144,1000000,3475,3475,0,0.000,63.858,0.012,63.870,64.850,3438,103749461
"benchmark-example:english-extra-8-gpu","bd/english.100MB",8,262144,1000000,3475,3475,0,0.000,63.858,0.012,63.870,64.850,3439,103770319
"benchmark-example:english-extra-8-gpu","bd/english.100MB",8,262144,1000000,3475,3475,0,0.000,63.858,0.012,63.870,64.850,3440,103775507
"benchmark-example:english-extra-8-gpu","bd/english.100MB",8,262144,1000000,3475,3475,0,0.000,63.858,0.012,63.870,64.850,3441,103803678
"benchmark-example:english-extra-8-gpu","bd/english.100MB",8,262144,1000000,3475,3475,0,0.000,63.858,0.012,63.870,64.850,3442,103804220
"benchmark-example:english-extra-8-gpu","bd/english.100MB",8,262144,1000000,3475,3475,0,0.000,63.858,0.012,63.870,64.850,3443,103816962
"benchmark-example:english-extra-8-gpu","bd/english.100MB",8,262144,1000000,3475,3475,0,0.000,63.858,0.012,63.870,64.850,3444,103841457
"benchmark-example:english-extra-8-gpu","bd/english.100MB",8,262144,1000000,3475,3475,0,0.000,63.858,0.012,63.870,64.850,3445,103845482
"benchmark-example:english-extra-8-gpu","bd/english.100MB",8,262144,1000000,3475,3475,0,0.000,63.858,0.012,63.870,64.850,3446,103863009
"benchmark-example:english-extra-8-gpu","bd/english.100MB",8,262144,1000000,3475,3475,0,0.000,63.858,0.012,63.870,64.850,3447,103883867
"benchmark-example:english-extra-8-gpu","bd/english.100MB",8,262144,1000000,3475,3475,0,0.000,63.858,0.012,63.870,64.850,3448,103923258
"benchmark-example:english-extra-8-gpu","bd/english.100MB",8,262144,1000000,3475,3475,0,0.000,63.858,0.012,63.870,64.850,3449,104038356
"benchmark-example:english-extra-8-gpu","bd/english.100MB",8,262144,1000000,3475,3475,0,0.000,63.858,0.012,63.870,64.850,3450,104210829
"benchmark-example:english-extra-8-gpu","bd/english.100MB",8,262144,1000000,3475,3475,0,0.000,63.858,0.012,63.870,64.850,3451,104397243
"benchmark-example:english-extra-8-gpu","bd/english.100MB",8,262144,1000000,3475,3475,0,0.000,63.858,0.012,63.870,64.850,3452,104444515
"benchmark-example:english-extra-8-gpu","bd/english.100MB",8,262144,1000000,3475,3475,0,0.000,63.858,0.012,63.870,64.850,3453,104445321
"benchmark-example:english-extra-8-gpu","bd/english.100MB",8,262144,1000000,3475,3475,0,0.000,63.858,0.012,63.870,64.850,3454,104446773
"benchmark-example:english-extra-8-gpu","bd/english.100MB",8,262144,1000000,3475,3475,0,0.000,63.858,0.012,63.870,64.850,3455,104457431
"benchmark-example:english-extra-8-gpu","bd/english.100MB",8,262144,1000000,3475,3475,0,0.000,63.858,0.012,63.870,64.850,3456,104474265
"benchmark-example:english-extra-8-gpu","bd/english.100MB",8,262144,1000000,3475,3475,0,0.000,63.858,0.012,63.870,64.850,3457,104572123
"benchmark-example:english-extra-8-gpu","bd/english.100MB",8,262144,1000000,3475,3475,0,0.000,63.858,0.012,63.870,64.850,3458,104602021
"benchmark-example:english-extra-8-gpu","bd/english.100MB",8,262144,1000000,3475,3475,0,0.000,63.858,0.012,63.870,64.850,3459,104602269
"benchmark-example:english-extra-8-gpu","bd/english.100MB",8,262144,1000000,3475,3475,0,0.000,63.858,0.012,63.870,64.850,3460,104620205
"benchmark-example:english-extra-8-gpu","bd/english.100MB",8,262144,1000000,3475,3475,0,0.000,63.858,0.012,63.870,64.850,3461,104629895
"benchmark-example:english-extra-8-gpu","bd/english.100MB",8,262144,1000000,3475,3475,0,0.000,63.858,0.012,63.870,64.850,3462,104633952
"benchmark-example:english-extra-8-gpu","bd/english.100MB",8,262144,1000000,3475,3475,0,0.000,63.858,0.012,63.870,64.850,3463,104704520
"benchmark-example:english-extra-8-gpu","bd/english.100MB",8,262144,1000000,3475,3475,0,0.000,63.858,0.012,63.870,64.850,3464,104734410
"benchmark-example:english-extra-8-gpu","bd/english.100MB",8,262144,1000000,3475,3475,0,0.000,63.858,0.012,63.870,64.850,3465,104734658
"benchmark-example:english-extra-8-gpu","bd/english.100MB",8,262144,1000000,3475,3475,0,0.000,63.858,0.012,63.870,64.850,3466,104752593
"benchmark-example:english-extra-8-gpu","bd/english.100MB",8,262144,1000000,3475,3475,0,0.000,63.858,0.012,63.870,64.850,3467,104762282
"benchmark-example:english-extra-8-gpu","bd/english.100MB",8,262144,1000000,3475,3475,0,0.000,63.858,0.012,63.870,64.850,3468,104766338
"benchmark-example:english-extra-8-gpu","bd/english.100MB",8,262144,1000000,3475,3475,0,0.000,63.858,0.012,63.870,64.850,3469,104787789
"benchmark-example:english-extra-8-gpu","bd/english.100MB",8,262144,1000000,3475,3475,0,0.000,63.858,0.012,63.870,64.850,3470,104804795
"benchmark-example:english-extra-8-gpu","bd/english.100MB",8,262144,1000000,3475,3475,0,0.000,63.858,0.012,63.870,64.850,3471,104810163
"benchmark-example:english-extra-8-gpu","bd/english.100MB",8,262144,1000000,3475,3475,0,0.000,63.858,0.012,63.870,64.850,3472,104841452
"benchmark-example:english-extra-8-gpu","bd/english.100MB",8,262144,1000000,3475,3475,0,0.000,63.858,0.012,63.870,64.850,3473,104850015
"benchmark-example:english-extra-8-gpu","bd/english.100MB",8,262144,1000000,3475,3475,0,0.000,63.858,0.012,63.870,64.850,3474,104854139
